config_id,pop_size,generations,mut_rate,elite,tour_k,board_size,num_colors,run_number,success,time,generations_executed,generations_to_solution,fitness_evals,final_fitness,fitness_improvement,diversity_loss
pop100_gen500_mut0.01_elite0_tour2,100,500,0.0100,0,2,5,2,1,True,0.0075,1,1,100,6293.20,0.00,0.0000
pop100_gen500_mut0.01_elite0_tour2,100,500,0.0100,0,2,5,2,2,True,0.0237,3,3,300,6302.00,4653.40,-0.0060
pop100_gen500_mut0.01_elite0_tour2,100,500,0.0100,0,2,5,2,3,True,0.0079,1,1,100,6292.80,0.00,0.0000
pop100_gen500_mut0.01_elite0_tour2,100,500,0.0100,0,2,5,2,4,True,0.0075,1,1,100,6293.60,0.00,0.0000
pop100_gen500_mut0.01_elite0_tour2,100,500,0.0100,0,2,5,2,5,True,0.0075,1,1,100,6293.20,0.00,0.0000
pop100_gen500_mut0.01_elite0_tour2,100,500,0.0100,0,2,5,2,6,True,0.0077,1,1,100,6300.80,0.00,0.0000
pop100_gen500_mut0.01_elite0_tour2,100,500,0.0100,0,2,5,2,7,True,0.0493,7,7,700,6300.40,4692.60,-0.0310
pop100_gen500_mut0.01_elite0_tour2,100,500,0.0100,0,2,5,2,8,True,0.1288,17,17,1700,6300.00,4787.00,-0.0740
pop100_gen500_mut0.01_elite0_tour2,100,500,0.0100,0,2,5,2,9,True,0.0079,1,1,100,6292.80,0.00,0.0000
pop100_gen500_mut0.01_elite0_tour2,100,500,0.0100,0,2,5,2,10,True,0.0076,1,1,100,6293.60,0.00,0.0000
pop100_gen500_mut0.01_elite0_tour3,100,500,0.0100,0,3,5,2,1,True,0.0239,3,3,300,6302.00,4653.40,-0.0060
pop100_gen500_mut0.01_elite0_tour3,100,500,0.0100,0,3,5,2,2,True,0.0074,1,1,100,6293.20,0.00,0.0000
pop100_gen500_mut0.01_elite0_tour3,100,500,0.0100,0,3,5,2,3,True,0.0226,3,3,300,6301.60,4710.40,-0.0020
pop100_gen500_mut0.01_elite0_tour3,100,500,0.0100,0,3,5,2,4,True,0.0077,1,1,100,6292.80,0.00,0.0000
pop100_gen500_mut0.01_elite0_tour3,100,500,0.0100,0,3,5,2,5,True,0.0073,1,1,100,6292.80,0.00,0.0000
pop100_gen500_mut0.01_elite0_tour3,100,500,0.0100,0,3,5,2,6,True,0.0237,3,3,300,6302.00,4653.40,-0.0090
pop100_gen500_mut0.01_elite0_tour3,100,500,0.0100,0,3,5,2,7,True,0.0075,1,1,100,6300.80,0.00,0.0000
pop100_gen500_mut0.01_elite0_tour3,100,500,0.0100,0,3,5,2,8,True,0.0075,1,1,100,6292.80,0.00,0.0000
pop100_gen500_mut0.01_elite0_tour3,100,500,0.0100,0,3,5,2,9,True,0.0077,1,1,100,6292.80,0.00,0.0000
pop100_gen500_mut0.01_elite0_tour3,100,500,0.0100,0,3,5,2,10,True,0.0079,1,1,100,6293.20,0.00,0.0000
pop100_gen500_mut0.01_elite0_tour5,100,500,0.0100,0,5,5,2,1,True,0.0243,3,3,300,6302.00,4653.40,-0.0240
pop100_gen500_mut0.01_elite0_tour5,100,500,0.0100,0,5,5,2,2,True,0.0151,2,2,200,6301.60,4710.40,-0.0040
pop100_gen500_mut0.01_elite0_tour5,100,500,0.0100,0,5,5,2,3,True,0.0074,1,1,100,6292.80,0.00,0.0000
pop100_gen500_mut0.01_elite0_tour5,100,500,0.0100,0,5,5,2,4,True,0.0075,1,1,100,6292.80,0.00,0.0000
pop100_gen500_mut0.01_elite0_tour5,100,500,0.0100,0,5,5,2,5,True,0.0073,1,1,100,6292.80,0.00,0.0000
pop100_gen500_mut0.01_elite0_tour5,100,500,0.0100,0,5,5,2,6,True,0.0083,1,1,100,6293.20,0.00,0.0000
pop100_gen500_mut0.01_elite0_tour5,100,500,0.0100,0,5,5,2,7,True,0.0230,3,3,300,6301.60,4710.40,-0.0060
pop100_gen500_mut0.01_elite0_tour5,100,500,0.0100,0,5,5,2,8,True,0.0083,1,1,100,6293.60,0.00,0.0000
pop100_gen500_mut0.01_elite0_tour5,100,500,0.0100,0,5,5,2,9,True,0.0077,1,1,100,6293.20,0.00,0.0000
pop100_gen500_mut0.01_elite0_tour5,100,500,0.0100,0,5,5,2,10,True,0.0079,1,1,100,6293.20,0.00,0.0000
pop200_gen500_mut0.01_elite0_tour2,200,500,0.0100,0,2,5,2,1,True,0.0224,1,1,200,6293.60,0.00,0.0000
pop200_gen500_mut0.01_elite0_tour2,200,500,0.0100,0,2,5,2,2,True,0.0440,2,2,400,6302.00,4764.40,-0.0050
pop200_gen500_mut0.01_elite0_tour2,200,500,0.0100,0,2,5,2,3,True,0.0225,1,1,200,6292.80,0.00,0.0000
pop200_gen500_mut0.01_elite0_tour2,200,500,0.0100,0,2,5,2,4,True,0.0434,2,2,400,6302.00,4907.40,-0.0040
pop200_gen500_mut0.01_elite0_tour2,200,500,0.0100,0,2,5,2,5,True,0.0227,1,1,200,6292.80,0.00,0.0000
pop200_gen500_mut0.01_elite0_tour2,200,500,0.0100,0,2,5,2,6,True,0.0224,1,1,200,6293.60,0.00,0.0000
pop200_gen500_mut0.01_elite0_tour2,200,500,0.0100,0,2,5,2,7,True,0.0223,1,1,200,6292.80,0.00,0.0000
pop200_gen500_mut0.01_elite0_tour2,200,500,0.0100,0,2,5,2,8,True,0.0446,2,2,400,6302.00,4907.40,-0.0040
pop200_gen500_mut0.01_elite0_tour2,200,500,0.0100,0,2,5,2,9,True,0.0229,1,1,200,6293.60,0.00,0.0000
pop200_gen500_mut0.01_elite0_tour2,200,500,0.0100,0,2,5,2,10,True,0.0229,1,1,200,6292.80,0.00,0.0000
pop200_gen500_mut0.01_elite0_tour3,200,500,0.0100,0,3,5,2,1,True,0.0233,1,1,200,6293.20,0.00,0.0000
pop200_gen500_mut0.01_elite0_tour3,200,500,0.0100,0,3,5,2,2,True,0.0227,1,1,200,6292.80,0.00,0.0000
pop200_gen500_mut0.01_elite0_tour3,200,500,0.0100,0,3,5,2,3,True,0.0220,1,1,200,6292.80,0.00,0.0000
pop200_gen500_mut0.01_elite0_tour3,200,500,0.0100,0,3,5,2,4,True,0.0223,1,1,200,6292.80,0.00,0.0000
pop200_gen500_mut0.01_elite0_tour3,200,500,0.0100,0,3,5,2,5,True,0.0222,1,1,200,6293.20,0.00,0.0000
pop200_gen500_mut0.01_elite0_tour3,200,500,0.0100,0,3,5,2,6,True,0.0229,1,1,200,6292.80,0.00,0.0000
pop200_gen500_mut0.01_elite0_tour3,200,500,0.0100,0,3,5,2,7,True,0.0232,1,1,200,6292.80,0.00,0.0000
pop200_gen500_mut0.01_elite0_tour3,200,500,0.0100,0,3,5,2,8,True,0.0227,1,1,200,6294.00,0.00,0.0000
pop200_gen500_mut0.01_elite0_tour3,200,500,0.0100,0,3,5,2,9,True,0.0452,2,2,400,6301.60,4710.40,-0.0070
pop200_gen500_mut0.01_elite0_tour3,200,500,0.0100,0,3,5,2,10,True,0.0226,1,1,200,6300.80,0.00,0.0000
pop200_gen500_mut0.01_elite0_tour5,200,500,0.0100,0,5,5,2,1,True,0.0238,1,1,200,6293.20,0.00,0.0000
pop200_gen500_mut0.01_elite0_tour5,200,500,0.0100,0,5,5,2,2,True,0.0237,1,1,200,6292.80,0.00,0.0000
pop200_gen500_mut0.01_elite0_tour5,200,500,0.0100,0,5,5,2,3,True,0.0469,2,2,400,6301.60,4710.40,-0.0060
pop200_gen500_mut0.01_elite0_tour5,200,500,0.0100,0,5,5,2,4,True,0.0435,2,2,400,6302.00,4764.40,-0.0040
pop200_gen500_mut0.01_elite0_tour5,200,500,0.0100,0,5,5,2,5,True,0.0234,1,1,200,6292.80,0.00,0.0000
pop200_gen500_mut0.01_elite0_tour5,200,500,0.0100,0,5,5,2,6,True,0.0428,2,2,400,6302.00,4907.40,-0.0050
pop200_gen500_mut0.01_elite0_tour5,200,500,0.0100,0,5,5,2,7,True,0.0228,1,1,200,6292.80,0.00,0.0000
pop200_gen500_mut0.01_elite0_tour5,200,500,0.0100,0,5,5,2,8,True,0.0221,1,1,200,6292.80,0.00,0.0000
pop200_gen500_mut0.01_elite0_tour5,200,500,0.0100,0,5,5,2,9,True,0.0225,1,1,200,6292.80,0.00,0.0000
pop200_gen500_mut0.01_elite0_tour5,200,500,0.0100,0,5,5,2,10,True,0.0434,2,2,400,6302.00,4907.40,-0.0040
pop300_gen500_mut0.01_elite0_tour2,300,500,0.0100,0,2,5,2,1,True,0.0454,1,1,300,6292.80,0.00,0.0000
pop300_gen500_mut0.01_elite0_tour2,300,500,0.0100,0,2,5,2,2,True,0.0862,2,2,600,6301.20,4693.40,-0.0040
pop300_gen500_mut0.01_elite0_tour2,300,500,0.0100,0,2,5,2,3,True,0.0456,1,1,300,6292.80,0.00,0.0000
pop300_gen500_mut0.01_elite0_tour2,300,500,0.0100,0,2,5,2,4,True,0.0450,1,1,300,6292.80,0.00,0.0000
pop300_gen500_mut0.01_elite0_tour2,300,500,0.0100,0,2,5,2,5,True,0.0445,1,1,300,6292.80,0.00,0.0000
pop300_gen500_mut0.01_elite0_tour2,300,500,0.0100,0,2,5,2,6,True,0.0446,1,1,300,6293.60,0.00,0.0000
pop300_gen500_mut0.01_elite0_tour2,300,500,0.0100,0,2,5,2,7,True,0.0443,1,1,300,6292.80,0.00,0.0000
pop300_gen500_mut0.01_elite0_tour2,300,500,0.0100,0,2,5,2,8,True,0.0471,1,1,300,6301.60,0.00,0.0000
pop300_gen500_mut0.01_elite0_tour2,300,500,0.0100,0,2,5,2,9,True,0.0448,1,1,300,6292.80,0.00,0.0000
pop300_gen500_mut0.01_elite0_tour2,300,500,0.0100,0,2,5,2,10,True,0.2278,5,5,1500,6302.00,4789.00,-0.0330
pop300_gen500_mut0.01_elite0_tour3,300,500,0.0100,0,3,5,2,1,True,0.0434,1,1,300,6292.80,0.00,0.0000
pop300_gen500_mut0.01_elite0_tour3,300,500,0.0100,0,3,5,2,2,True,0.0440,1,1,300,6293.60,0.00,0.0000
pop300_gen500_mut0.01_elite0_tour3,300,500,0.0100,0,3,5,2,3,True,0.0454,1,1,300,6294.00,0.00,0.0000
pop300_gen500_mut0.01_elite0_tour3,300,500,0.0100,0,3,5,2,4,True,0.2197,5,5,1500,6302.00,4789.00,-0.0520
pop300_gen500_mut0.01_elite0_tour3,300,500,0.0100,0,3,5,2,5,True,0.0871,2,2,600,6302.00,4764.40,-0.0050
pop300_gen500_mut0.01_elite0_tour3,300,500,0.0100,0,3,5,2,6,True,0.1865,4,4,1200,6301.60,4710.40,-0.0190
pop300_gen500_mut0.01_elite0_tour3,300,500,0.0100,0,3,5,2,7,True,0.0498,1,1,300,6292.80,0.00,0.0000
pop300_gen500_mut0.01_elite0_tour3,300,500,0.0100,0,3,5,2,8,True,0.0956,2,2,600,6302.00,4653.40,-0.0060
pop300_gen500_mut0.01_elite0_tour3,300,500,0.0100,0,3,5,2,9,True,0.0463,1,1,300,6293.60,0.00,0.0000
pop300_gen500_mut0.01_elite0_tour3,300,500,0.0100,0,3,5,2,10,True,0.0908,2,2,600,6301.60,4710.40,-0.0040
pop300_gen500_mut0.01_elite0_tour5,300,500,0.0100,0,5,5,2,1,True,0.0918,2,2,600,6302.00,4653.40,-0.0040
pop300_gen500_mut0.01_elite0_tour5,300,500,0.0100,0,5,5,2,2,True,0.0446,1,1,300,6300.80,0.00,0.0000
pop300_gen500_mut0.01_elite0_tour5,300,500,0.0100,0,5,5,2,3,True,0.0455,1,1,300,6293.60,0.00,0.0000
pop300_gen500_mut0.01_elite0_tour5,300,500,0.0100,0,5,5,2,4,True,0.0450,1,1,300,6292.80,0.00,0.0000
pop300_gen500_mut0.01_elite0_tour5,300,500,0.0100,0,5,5,2,5,True,0.0447,1,1,300,6292.80,0.00,0.0000
pop300_gen500_mut0.01_elite0_tour5,300,500,0.0100,0,5,5,2,6,True,0.0444,1,1,300,6292.80,0.00,0.0000
pop300_gen500_mut0.01_elite0_tour5,300,500,0.0100,0,5,5,2,7,True,0.0442,1,1,300,6293.20,0.00,0.0000
pop300_gen500_mut0.01_elite0_tour5,300,500,0.0100,0,5,5,2,8,True,0.0468,1,1,300,6292.80,0.00,0.0000
pop300_gen500_mut0.01_elite0_tour5,300,500,0.0100,0,5,5,2,9,True,0.0454,1,1,300,6293.60,0.00,0.0000
pop300_gen500_mut0.01_elite0_tour5,300,500,0.0100,0,5,5,2,10,True,0.0455,1,1,300,6300.80,0.00,0.0000
pop100_gen500_mut0.03_elite0_tour2,100,500,0.0300,0,2,5,2,1,True,0.0076,1,1,100,6294.00,0.00,0.0000
pop100_gen500_mut0.03_elite0_tour2,100,500,0.0300,0,2,5,2,2,True,0.0081,1,1,100,6301.60,0.00,0.0000
pop100_gen500_mut0.03_elite0_tour2,100,500,0.0300,0,2,5,2,3,True,0.0077,1,1,100,6293.20,0.00,0.0000
pop100_gen500_mut0.03_elite0_tour2,100,500,0.0300,0,2,5,2,4,True,0.0079,1,1,100,6293.20,0.00,0.0000
pop100_gen500_mut0.03_elite0_tour2,100,500,0.0300,0,2,5,2,5,True,0.0079,1,1,100,6292.80,0.00,0.0000
pop100_gen500_mut0.03_elite0_tour2,100,500,0.0300,0,2,5,2,6,True,0.0077,1,1,100,6292.80,0.00,0.0000
pop100_gen500_mut0.03_elite0_tour2,100,500,0.0300,0,2,5,2,7,True,0.0079,1,1,100,6301.60,0.00,0.0000
pop100_gen500_mut0.03_elite0_tour2,100,500,0.0300,0,2,5,2,8,True,0.0076,1,1,100,6293.60,0.00,0.0000
pop100_gen500_mut0.03_elite0_tour2,100,500,0.0300,0,2,5,2,9,True,0.0144,2,2,200,6301.20,4693.40,-0.0210
pop100_gen500_mut0.03_elite0_tour2,100,500,0.0300,0,2,5,2,10,True,0.0074,1,1,100,6292.80,0.00,0.0000
pop100_gen500_mut0.03_elite0_tour3,100,500,0.0300,0,3,5,2,1,True,0.0083,1,1,100,6292.80,0.00,0.0000
pop100_gen500_mut0.03_elite0_tour3,100,500,0.0300,0,3,5,2,2,True,0.0218,3,3,300,6302.00,4764.40,-0.0410
pop100_gen500_mut0.03_elite0_tour3,100,500,0.0300,0,3,5,2,3,True,0.0076,1,1,100,6292.80,0.00,0.0000
pop100_gen500_mut0.03_elite0_tour3,100,500,0.0300,0,3,5,2,4,True,0.0078,1,1,100,6301.60,0.00,0.0000
pop100_gen500_mut0.03_elite0_tour3,100,500,0.0300,0,3,5,2,5,True,0.0077,1,1,100,6293.20,0.00,0.0000
pop100_gen500_mut0.03_elite0_tour3,100,500,0.0300,0,3,5,2,6,True,0.0080,1,1,100,6292.80,0.00,0.0000
pop100_gen500_mut0.03_elite0_tour3,100,500,0.0300,0,3,5,2,7,True,0.0079,1,1,100,6300.80,0.00,0.0000
pop100_gen500_mut0.03_elite0_tour3,100,500,0.0300,0,3,5,2,8,True,0.0078,1,1,100,6293.60,0.00,0.0000
pop100_gen500_mut0.03_elite0_tour3,100,500,0.0300,0,3,5,2,9,True,0.0078,1,1,100,6293.20,0.00,0.0000
pop100_gen500_mut0.03_elite0_tour3,100,500,0.0300,0,3,5,2,10,True,0.0215,3,3,300,6301.20,4693.40,-0.0230
pop100_gen500_mut0.03_elite0_tour5,100,500,0.0300,0,5,5,2,1,True,0.0076,1,1,100,6293.60,0.00,0.0000
pop100_gen500_mut0.03_elite0_tour5,100,500,0.0300,0,5,5,2,2,True,0.0077,1,1,100,6292.80,0.00,0.0000
pop100_gen500_mut0.03_elite0_tour5,100,500,0.0300,0,5,5,2,3,True,0.0073,1,1,100,6292.80,0.00,0.0000
pop100_gen500_mut0.03_elite0_tour5,100,500,0.0300,0,5,5,2,4,True,0.0080,1,1,100,6292.80,0.00,0.0000
pop100_gen500_mut0.03_elite0_tour5,100,500,0.0300,0,5,5,2,5,True,0.0311,3,3,300,6302.40,4653.80,-0.0370
pop100_gen500_mut0.03_elite0_tour5,100,500,0.0300,0,5,5,2,6,True,0.0081,1,1,100,6292.80,0.00,0.0000
pop100_gen500_mut0.03_elite0_tour5,100,500,0.0300,0,5,5,2,7,True,0.0080,1,1,100,6292.80,0.00,0.0000
pop100_gen500_mut0.03_elite0_tour5,100,500,0.0300,0,5,5,2,8,True,0.0076,1,1,100,6293.20,0.00,0.0000
pop100_gen500_mut0.03_elite0_tour5,100,500,0.0300,0,5,5,2,9,True,0.0222,3,3,300,6302.40,4764.80,-0.0290
pop100_gen500_mut0.03_elite0_tour5,100,500,0.0300,0,5,5,2,10,True,0.0077,1,1,100,6292.80,0.00,0.0000
pop200_gen500_mut0.03_elite0_tour2,200,500,0.0300,0,2,5,2,1,True,0.0231,1,1,200,6293.60,0.00,0.0000
pop200_gen500_mut0.03_elite0_tour2,200,500,0.0300,0,2,5,2,2,True,0.0227,1,1,200,6293.60,0.00,0.0000
pop200_gen500_mut0.03_elite0_tour2,200,500,0.0300,0,2,5,2,3,True,0.0221,1,1,200,6292.80,0.00,0.0000
pop200_gen500_mut0.03_elite0_tour2,200,500,0.0300,0,2,5,2,4,True,0.0227,1,1,200,6300.80,0.00,0.0000
pop200_gen500_mut0.03_elite0_tour2,200,500,0.0300,0,2,5,2,5,True,0.0900,4,4,800,6302.00,4789.00,-0.0450
pop200_gen500_mut0.03_elite0_tour2,200,500,0.0300,0,2,5,2,6,True,0.0225,1,1,200,6300.80,0.00,0.0000
pop200_gen500_mut0.03_elite0_tour2,200,500,0.0300,0,2,5,2,7,True,0.0432,2,2,400,6302.40,4907.80,-0.0110
pop200_gen500_mut0.03_elite0_tour2,200,500,0.0300,0,2,5,2,8,True,0.0444,2,2,400,6302.00,4789.00,-0.0160
pop200_gen500_mut0.03_elite0_tour2,200,500,0.0300,0,2,5,2,9,True,0.0226,1,1,200,6292.80,0.00,0.0000
pop200_gen500_mut0.03_elite0_tour2,200,500,0.0300,0,2,5,2,10,True,0.0229,1,1,200,6292.80,0.00,0.0000
pop200_gen500_mut0.03_elite0_tour3,200,500,0.0300,0,3,5,2,1,True,0.0239,1,1,200,6293.20,0.00,0.0000
pop200_gen500_mut0.03_elite0_tour3,200,500,0.0300,0,3,5,2,2,True,0.0451,2,2,400,6302.00,4710.80,-0.0180
pop200_gen500_mut0.03_elite0_tour3,200,500,0.0300,0,3,5,2,3,True,0.0225,1,1,200,6293.20,0.00,0.0000
pop200_gen500_mut0.03_elite0_tour3,200,500,0.0300,0,3,5,2,4,True,0.0225,1,1,200,6293.20,0.00,0.0000
pop200_gen500_mut0.03_elite0_tour3,200,500,0.0300,0,3,5,2,5,True,0.0228,1,1,200,6293.20,0.00,0.0000
pop200_gen500_mut0.03_elite0_tour3,200,500,0.0300,0,3,5,2,6,True,0.0439,2,2,400,6302.00,4764.40,-0.0150
pop200_gen500_mut0.03_elite0_tour3,200,500,0.0300,0,3,5,2,7,True,0.0460,2,2,400,6302.00,4653.40,-0.0120
pop200_gen500_mut0.03_elite0_tour3,200,500,0.0300,0,3,5,2,8,True,0.0223,1,1,200,6292.80,0.00,0.0000
pop200_gen500_mut0.03_elite0_tour3,200,500,0.0300,0,3,5,2,9,True,0.0915,4,4,800,6302.00,4789.00,-0.0660
pop200_gen500_mut0.03_elite0_tour3,200,500,0.0300,0,3,5,2,10,True,0.0437,2,2,400,6302.00,4907.40,-0.0120
pop200_gen500_mut0.03_elite0_tour5,200,500,0.0300,0,5,5,2,1,True,0.0224,1,1,200,6293.20,0.00,0.0000
pop200_gen500_mut0.03_elite0_tour5,200,500,0.0300,0,5,5,2,2,True,0.0220,1,1,200,6292.80,0.00,0.0000
pop200_gen500_mut0.03_elite0_tour5,200,500,0.0300,0,5,5,2,3,True,0.0227,1,1,200,6292.80,0.00,0.0000
pop200_gen500_mut0.03_elite0_tour5,200,500,0.0300,0,5,5,2,4,True,0.0226,1,1,200,6292.80,0.00,0.0000
pop200_gen500_mut0.03_elite0_tour5,200,500,0.0300,0,5,5,2,5,True,0.0229,1,1,200,6294.00,0.00,0.0000
pop200_gen500_mut0.03_elite0_tour5,200,500,0.0300,0,5,5,2,6,True,0.0496,2,2,400,6302.00,4653.40,-0.0180
pop200_gen500_mut0.03_elite0_tour5,200,500,0.0300,0,5,5,2,7,True,0.0227,1,1,200,6293.60,0.00,0.0000
pop200_gen500_mut0.03_elite0_tour5,200,500,0.0300,0,5,5,2,8,True,0.0439,2,2,400,6301.20,4693.40,-0.0220
pop200_gen500_mut0.03_elite0_tour5,200,500,0.0300,0,5,5,2,9,True,0.0246,1,1,200,6294.00,0.00,0.0000
pop200_gen500_mut0.03_elite0_tour5,200,500,0.0300,0,5,5,2,10,True,0.0231,1,1,200,6300.80,0.00,0.0000
pop300_gen500_mut0.03_elite0_tour2,300,500,0.0300,0,2,5,2,1,True,0.0438,1,1,300,6300.80,0.00,0.0000
pop300_gen500_mut0.03_elite0_tour2,300,500,0.0300,0,2,5,2,2,True,0.0881,2,2,600,6302.00,4907.40,-0.0140
pop300_gen500_mut0.03_elite0_tour2,300,500,0.0300,0,2,5,2,3,True,0.0876,2,2,600,6301.20,4693.40,-0.0190
pop300_gen500_mut0.03_elite0_tour2,300,500,0.0300,0,2,5,2,4,True,0.0445,1,1,300,6293.60,0.00,0.0000
pop300_gen500_mut0.03_elite0_tour2,300,500,0.0300,0,2,5,2,5,True,0.0452,1,1,300,6292.80,0.00,0.0000
pop300_gen500_mut0.03_elite0_tour2,300,500,0.0300,0,2,5,2,6,True,0.0453,1,1,300,6292.80,0.00,0.0000
pop300_gen500_mut0.03_elite0_tour2,300,500,0.0300,0,2,5,2,7,True,0.0453,1,1,300,6293.20,0.00,0.0000
pop300_gen500_mut0.03_elite0_tour2,300,500,0.0300,0,2,5,2,8,True,0.0460,1,1,300,6293.20,0.00,0.0000
pop300_gen500_mut0.03_elite0_tour2,300,500,0.0300,0,2,5,2,9,True,0.0912,2,2,600,6301.60,4710.40,-0.0170
pop300_gen500_mut0.03_elite0_tour2,300,500,0.0300,0,2,5,2,10,True,0.0448,1,1,300,6292.80,0.00,0.0000
pop300_gen500_mut0.03_elite0_tour3,300,500,0.0300,0,3,5,2,1,True,0.0910,2,2,600,6302.00,4710.80,-0.0180
pop300_gen500_mut0.03_elite0_tour3,300,500,0.0300,0,3,5,2,2,True,0.0903,2,2,600,6302.00,4907.40,-0.0110
pop300_gen500_mut0.03_elite0_tour3,300,500,0.0300,0,3,5,2,3,True,0.0439,1,1,300,6292.80,0.00,0.0000
pop300_gen500_mut0.03_elite0_tour3,300,500,0.0300,0,3,5,2,4,True,0.0471,1,1,300,6293.20,0.00,0.0000
pop300_gen500_mut0.03_elite0_tour3,300,500,0.0300,0,3,5,2,5,True,0.0489,1,1,300,6293.20,0.00,0.0000
pop300_gen500_mut0.03_elite0_tour3,300,500,0.0300,0,3,5,2,6,True,0.0457,1,1,300,6292.80,0.00,0.0000
pop300_gen500_mut0.03_elite0_tour3,300,500,0.0300,0,3,5,2,7,True,0.0446,1,1,300,6293.60,0.00,0.0000
pop300_gen500_mut0.03_elite0_tour3,300,500,0.0300,0,3,5,2,8,True,0.0455,1,1,300,6292.80,0.00,0.0000
pop300_gen500_mut0.03_elite0_tour3,300,500,0.0300,0,3,5,2,9,True,0.0454,1,1,300,6292.80,0.00,0.0000
pop300_gen500_mut0.03_elite0_tour3,300,500,0.0300,0,3,5,2,10,True,0.0450,1,1,300,6293.20,0.00,0.0000
pop300_gen500_mut0.03_elite0_tour5,300,500,0.0300,0,5,5,2,1,True,0.0434,1,1,300,6293.20,0.00,0.0000
pop300_gen500_mut0.03_elite0_tour5,300,500,0.0300,0,5,5,2,2,True,0.0461,1,1,300,6301.60,0.00,0.0000
pop300_gen500_mut0.03_elite0_tour5,300,500,0.0300,0,5,5,2,3,True,0.0443,1,1,300,6300.80,0.00,0.0000
pop300_gen500_mut0.03_elite0_tour5,300,500,0.0300,0,5,5,2,4,True,0.0468,1,1,300,6292.80,0.00,0.0000
pop300_gen500_mut0.03_elite0_tour5,300,500,0.0300,0,5,5,2,5,True,0.0865,2,2,600,6301.20,4693.40,-0.0190
pop300_gen500_mut0.03_elite0_tour5,300,500,0.0300,0,5,5,2,6,True,0.0459,1,1,300,6293.20,0.00,0.0000
pop300_gen500_mut0.03_elite0_tour5,300,500,0.0300,0,5,5,2,7,True,0.0464,1,1,300,6301.60,0.00,0.0000
pop300_gen500_mut0.03_elite0_tour5,300,500,0.0300,0,5,5,2,8,True,0.0452,1,1,300,6292.80,0.00,0.0000
pop300_gen500_mut0.03_elite0_tour5,300,500,0.0300,0,5,5,2,9,True,0.0438,1,1,300,6293.20,0.00,0.0000
pop300_gen500_mut0.03_elite0_tour5,300,500,0.0300,0,5,5,2,10,True,0.0456,1,1,300,6294.00,0.00,0.0000
pop100_gen500_mut0.05_elite0_tour2,100,500,0.0500,0,2,5,2,1,True,0.0074,1,1,100,6293.20,0.00,0.0000
pop100_gen500_mut0.05_elite0_tour2,100,500,0.0500,0,2,5,2,2,True,0.0076,1,1,100,6294.00,0.00,0.0000
pop100_gen500_mut0.05_elite0_tour2,100,500,0.0500,0,2,5,2,3,True,0.0078,1,1,100,6294.00,0.00,0.0000
pop100_gen500_mut0.05_elite0_tour2,100,500,0.0500,0,2,5,2,4,True,0.0074,1,1,100,6292.80,0.00,0.0000
pop100_gen500_mut0.05_elite0_tour2,100,500,0.0500,0,2,5,2,5,True,0.0227,3,3,300,6302.00,4789.00,-0.0460
pop100_gen500_mut0.05_elite0_tour2,100,500,0.0500,0,2,5,2,6,True,0.0074,1,1,100,6293.20,0.00,0.0000
pop100_gen500_mut0.05_elite0_tour2,100,500,0.0500,0,2,5,2,7,True,0.0148,2,2,200,6302.40,4764.80,-0.0280
pop100_gen500_mut0.05_elite0_tour2,100,500,0.0500,0,2,5,2,8,True,0.0076,1,1,100,6293.20,0.00,0.0000
pop100_gen500_mut0.05_elite0_tour2,100,500,0.0500,0,2,5,2,9,True,0.0078,1,1,100,6293.20,0.00,0.0000
pop100_gen500_mut0.05_elite0_tour2,100,500,0.0500,0,2,5,2,10,True,0.0145,2,2,200,6302.00,4907.40,-0.0180
pop100_gen500_mut0.05_elite0_tour3,100,500,0.0500,0,3,5,2,1,True,0.0080,1,1,100,6292.80,0.00,0.0000
pop100_gen500_mut0.05_elite0_tour3,100,500,0.0500,0,3,5,2,2,True,0.0077,1,1,100,6292.80,0.00,0.0000
pop100_gen500_mut0.05_elite0_tour3,100,500,0.0500,0,3,5,2,3,True,0.0079,1,1,100,6301.60,0.00,0.0000
pop100_gen500_mut0.05_elite0_tour3,100,500,0.0500,0,3,5,2,4,True,0.0183,2,2,200,6302.00,4764.40,-0.0290
pop100_gen500_mut0.05_elite0_tour3,100,500,0.0500,0,3,5,2,5,True,0.0376,5,5,500,6302.00,4789.00,-0.0890
pop100_gen500_mut0.05_elite0_tour3,100,500,0.0500,0,3,5,2,6,True,0.0075,1,1,100,6300.80,0.00,0.0000
pop100_gen500_mut0.05_elite0_tour3,100,500,0.0500,0,3,5,2,7,True,0.0078,1,1,100,6293.20,0.00,0.0000
pop100_gen500_mut0.05_elite0_tour3,100,500,0.0500,0,3,5,2,8,True,0.0156,2,2,200,6302.00,4710.80,-0.0310
pop100_gen500_mut0.05_elite0_tour3,100,500,0.0500,0,3,5,2,9,True,0.0076,1,1,100,6293.60,0.00,0.0000
pop100_gen500_mut0.05_elite0_tour3,100,500,0.0500,0,3,5,2,10,True,0.0150,2,2,200,6302.40,4764.80,-0.0280
pop100_gen500_mut0.05_elite0_tour5,100,500,0.0500,0,5,5,2,1,True,0.0152,2,2,200,6302.00,4907.40,-0.0240
pop100_gen500_mut0.05_elite0_tour5,100,500,0.0500,0,5,5,2,2,True,0.0078,1,1,100,6293.20,0.00,0.0000
pop100_gen500_mut0.05_elite0_tour5,100,500,0.0500,0,5,5,2,3,True,0.0079,1,1,100,6293.20,0.00,0.0000
pop100_gen500_mut0.05_elite0_tour5,100,500,0.0500,0,5,5,2,4,True,0.0079,1,1,100,6292.80,0.00,0.0000
pop100_gen500_mut0.05_elite0_tour5,100,500,0.0500,0,5,5,2,5,True,0.0079,1,1,100,6293.60,0.00,0.0000
pop100_gen500_mut0.05_elite0_tour5,100,500,0.0500,0,5,5,2,6,True,0.0080,1,1,100,6292.80,0.00,0.0000
pop100_gen500_mut0.05_elite0_tour5,100,500,0.0500,0,5,5,2,7,True,0.0157,2,2,200,6302.40,4711.20,-0.0280
pop100_gen500_mut0.05_elite0_tour5,100,500,0.0500,0,5,5,2,8,True,0.0076,1,1,100,6293.60,0.00,0.0000
pop100_gen500_mut0.05_elite0_tour5,100,500,0.0500,0,5,5,2,9,True,0.0151,2,2,200,6301.60,4693.80,-0.0290
pop100_gen500_mut0.05_elite0_tour5,100,500,0.0500,0,5,5,2,10,True,0.0077,1,1,100,6300.80,0.00,0.0000
pop200_gen500_mut0.05_elite0_tour2,200,500,0.0500,0,2,5,2,1,True,0.0232,1,1,200,6293.20,0.00,0.0000
pop200_gen500_mut0.05_elite0_tour2,200,500,0.0500,0,2,5,2,2,True,0.0226,1,1,200,6292.80,0.00,0.0000
pop200_gen500_mut0.05_elite0_tour2,200,500,0.0500,0,2,5,2,3,True,0.0232,1,1,200,6293.60,0.00,0.0000
pop200_gen500_mut0.05_elite0_tour2,200,500,0.0500,0,2,5,2,4,True,0.0897,4,4,800,6302.00,4789.00,-0.0680
pop200_gen500_mut0.05_elite0_tour2,200,500,0.0500,0,2,5,2,5,True,0.0464,2,2,400,6302.40,4653.80,-0.0180
pop200_gen500_mut0.05_elite0_tour2,200,500,0.0500,0,2,5,2,6,True,0.0681,3,3,600,6302.00,4789.00,-0.0530
pop200_gen500_mut0.05_elite0_tour2,200,500,0.0500,0,2,5,2,7,True,0.0458,2,2,400,6301.60,4710.40,-0.0300
pop200_gen500_mut0.05_elite0_tour2,200,500,0.0500,0,2,5,2,8,True,0.0226,1,1,200,6292.80,0.00,0.0000
pop200_gen500_mut0.05_elite0_tour2,200,500,0.0500,0,2,5,2,9,True,0.0224,1,1,200,6294.00,0.00,0.0000
pop200_gen500_mut0.05_elite0_tour2,200,500,0.0500,0,2,5,2,10,True,0.0230,1,1,200,6292.80,0.00,0.0000
pop200_gen500_mut0.05_elite0_tour3,200,500,0.0500,0,3,5,2,1,True,0.0222,1,1,200,6300.80,0.00,0.0000
pop200_gen500_mut0.05_elite0_tour3,200,500,0.0500,0,3,5,2,2,True,0.0228,1,1,200,6300.80,0.00,0.0000
pop200_gen500_mut0.05_elite0_tour3,200,500,0.0500,0,3,5,2,3,True,0.0244,1,1,200,6292.80,0.00,0.0000
pop200_gen500_mut0.05_elite0_tour3,200,500,0.0500,0,3,5,2,4,True,0.0223,1,1,200,6292.80,0.00,0.0000
pop200_gen500_mut0.05_elite0_tour3,200,500,0.0500,0,3,5,2,5,True,0.0236,1,1,200,6294.00,0.00,0.0000
pop200_gen500_mut0.05_elite0_tour3,200,500,0.0500,0,3,5,2,6,True,0.0437,2,2,400,6302.00,4694.20,-0.0300
pop200_gen500_mut0.05_elite0_tour3,200,500,0.0500,0,3,5,2,7,True,0.0228,1,1,200,6293.20,0.00,0.0000
pop200_gen500_mut0.05_elite0_tour3,200,500,0.0500,0,3,5,2,8,True,0.0236,1,1,200,6293.20,0.00,0.0000
pop200_gen500_mut0.05_elite0_tour3,200,500,0.0500,0,3,5,2,9,True,0.0239,1,1,200,6292.80,0.00,0.0000
pop200_gen500_mut0.05_elite0_tour3,200,500,0.0500,0,3,5,2,10,True,0.0434,2,2,400,6301.20,4693.40,-0.0270
pop200_gen500_mut0.05_elite0_tour5,200,500,0.0500,0,5,5,2,1,True,0.0227,1,1,200,6293.60,0.00,0.0000
pop200_gen500_mut0.05_elite0_tour5,200,500,0.0500,0,5,5,2,2,True,0.0429,2,2,400,6301.20,4693.40,-0.0300
pop200_gen500_mut0.05_elite0_tour5,200,500,0.0500,0,5,5,2,3,True,0.0241,1,1,200,6292.80,0.00,0.0000
pop200_gen500_mut0.05_elite0_tour5,200,500,0.0500,0,5,5,2,4,True,0.0224,1,1,200,6293.20,0.00,0.0000
pop200_gen500_mut0.05_elite0_tour5,200,500,0.0500,0,5,5,2,5,True,0.0232,1,1,200,6293.20,0.00,0.0000
pop200_gen500_mut0.05_elite0_tour5,200,500,0.0500,0,5,5,2,6,True,0.0440,2,2,400,6301.20,4693.40,-0.0310
pop200_gen500_mut0.05_elite0_tour5,200,500,0.0500,0,5,5,2,7,True,0.0230,1,1,200,6293.20,0.00,0.0000
pop200_gen500_mut0.05_elite0_tour5,200,500,0.0500,0,5,5,2,8,True,0.0234,1,1,200,6293.60,0.00,0.0000
pop200_gen500_mut0.05_elite0_tour5,200,500,0.0500,0,5,5,2,9,True,0.0223,1,1,200,6293.60,0.00,0.0000
pop200_gen500_mut0.05_elite0_tour5,200,500,0.0500,0,5,5,2,10,True,0.0221,1,1,200,6293.60,0.00,0.0000
pop300_gen500_mut0.05_elite0_tour2,300,500,0.0500,0,2,5,2,1,True,0.0448,1,1,300,6293.60,0.00,0.0000
pop300_gen500_mut0.05_elite0_tour2,300,500,0.0500,0,2,5,2,2,True,0.0921,2,2,600,6302.00,4653.40,-0.0180
pop300_gen500_mut0.05_elite0_tour2,300,500,0.0500,0,2,5,2,3,True,0.2259,5,5,1500,6302.00,4789.00,-0.0860
pop300_gen500_mut0.05_elite0_tour2,300,500,0.0500,0,2,5,2,4,True,0.0913,2,2,600,6302.80,4654.20,-0.0200
pop300_gen500_mut0.05_elite0_tour2,300,500,0.0500,0,2,5,2,5,True,0.0453,1,1,300,6292.80,0.00,0.0000
pop300_gen500_mut0.05_elite0_tour2,300,500,0.0500,0,2,5,2,6,True,0.0446,1,1,300,6293.60,0.00,0.0000
pop300_gen500_mut0.05_elite0_tour2,300,500,0.0500,0,2,5,2,7,True,0.0472,1,1,300,6292.80,0.00,0.0000
pop300_gen500_mut0.05_elite0_tour2,300,500,0.0500,0,2,5,2,8,True,0.0932,2,2,600,6302.00,4710.80,-0.0270
pop300_gen500_mut0.05_elite0_tour2,300,500,0.0500,0,2,5,2,9,True,0.0884,2,2,600,6302.40,4764.80,-0.0220
pop300_gen500_mut0.05_elite0_tour2,300,500,0.0500,0,2,5,2,10,True,0.0872,2,2,600,6302.00,4764.40,-0.0270
pop300_gen500_mut0.05_elite0_tour3,300,500,0.0500,0,3,5,2,1,True,0.0460,1,1,300,6293.60,0.00,0.0000
pop300_gen500_mut0.05_elite0_tour3,300,500,0.0500,0,3,5,2,2,True,0.1371,3,3,900,6302.00,4789.00,-0.0440
pop300_gen500_mut0.05_elite0_tour3,300,500,0.0500,0,3,5,2,3,True,0.0460,1,1,300,6293.20,0.00,0.0000
pop300_gen500_mut0.05_elite0_tour3,300,500,0.0500,0,3,5,2,4,True,0.1822,4,4,1200,6302.40,4789.40,-0.0810
pop300_gen500_mut0.05_elite0_tour3,300,500,0.0500,0,3,5,2,5,True,0.0452,1,1,300,6292.80,0.00,0.0000
pop300_gen500_mut0.05_elite0_tour3,300,500,0.0500,0,3,5,2,6,True,0.0442,1,1,300,6292.80,0.00,0.0000
pop300_gen500_mut0.05_elite0_tour3,300,500,0.0500,0,3,5,2,7,True,0.0455,1,1,300,6292.80,0.00,0.0000
pop300_gen500_mut0.05_elite0_tour3,300,500,0.0500,0,3,5,2,8,True,0.1342,3,3,900,6302.00,4789.00,-0.0510
pop300_gen500_mut0.05_elite0_tour3,300,500,0.0500,0,3,5,2,9,True,0.0446,1,1,300,6292.80,0.00,0.0000
pop300_gen500_mut0.05_elite0_tour3,300,500,0.0500,0,3,5,2,10,True,0.0458,1,1,300,6293.20,0.00,0.0000
pop300_gen500_mut0.05_elite0_tour5,300,500,0.0500,0,5,5,2,1,True,0.0468,1,1,300,6301.60,0.00,0.0000
pop300_gen500_mut0.05_elite0_tour5,300,500,0.0500,0,5,5,2,2,True,0.0461,1,1,300,6292.80,0.00,0.0000
pop300_gen500_mut0.05_elite0_tour5,300,500,0.0500,0,5,5,2,3,True,0.0443,1,1,300,6293.60,0.00,0.0000
pop300_gen500_mut0.05_elite0_tour5,300,500,0.0500,0,5,5,2,4,True,0.0443,1,1,300,6293.20,0.00,0.0000
pop300_gen500_mut0.05_elite0_tour5,300,500,0.0500,0,5,5,2,5,True,0.0444,1,1,300,6293.60,0.00,0.0000
pop300_gen500_mut0.05_elite0_tour5,300,500,0.0500,0,5,5,2,6,True,0.0452,1,1,300,6293.20,0.00,0.0000
pop300_gen500_mut0.05_elite0_tour5,300,500,0.0500,0,5,5,2,7,True,0.0466,1,1,300,6293.20,0.00,0.0000
pop300_gen500_mut0.05_elite0_tour5,300,500,0.0500,0,5,5,2,8,True,0.0455,1,1,300,6301.60,0.00,0.0000
pop300_gen500_mut0.05_elite0_tour5,300,500,0.0500,0,5,5,2,9,True,0.0436,1,1,300,6292.80,0.00,0.0000
pop300_gen500_mut0.05_elite0_tour5,300,500,0.0500,0,5,5,2,10,True,0.0446,1,1,300,6293.60,0.00,0.0000
pop100_gen1000_mut0.01_elite0_tour2,100,1000,0.0100,0,2,5,2,1,True,0.0081,1,1,100,6293.20,0.00,0.0000
pop100_gen1000_mut0.01_elite0_tour2,100,1000,0.0100,0,2,5,2,2,True,0.0291,4,4,400,6302.00,4764.40,-0.0090
pop100_gen1000_mut0.01_elite0_tour2,100,1000,0.0100,0,2,5,2,3,True,0.0918,12,12,1200,6302.00,4789.00,-0.1080
pop100_gen1000_mut0.01_elite0_tour2,100,1000,0.0100,0,2,5,2,4,True,0.0089,1,1,100,6294.00,0.00,0.0000
pop100_gen1000_mut0.01_elite0_tour2,100,1000,0.0100,0,2,5,2,5,True,0.0076,1,1,100,6293.20,0.00,0.0000
pop100_gen1000_mut0.01_elite0_tour2,100,1000,0.0100,0,2,5,2,6,True,0.0079,1,1,100,6292.80,0.00,0.0000
pop100_gen1000_mut0.01_elite0_tour2,100,1000,0.0100,0,2,5,2,7,True,0.0146,2,2,200,6302.00,4764.40,-0.0050
pop100_gen1000_mut0.01_elite0_tour2,100,1000,0.0100,0,2,5,2,8,True,0.0079,1,1,100,6293.60,0.00,0.0000
pop100_gen1000_mut0.01_elite0_tour2,100,1000,0.0100,0,2,5,2,9,True,0.0696,9,9,900,6301.60,4710.40,-0.0470
pop100_gen1000_mut0.01_elite0_tour2,100,1000,0.0100,0,2,5,2,10,True,0.0082,1,1,100,6294.00,0.00,0.0000
pop100_gen1000_mut0.01_elite0_tour3,100,1000,0.0100,0,3,5,2,1,True,0.0526,7,7,700,6301.60,4788.60,-0.0650
pop100_gen1000_mut0.01_elite0_tour3,100,1000,0.0100,0,3,5,2,2,True,0.0076,1,1,100,6292.80,0.00,0.0000
pop100_gen1000_mut0.01_elite0_tour3,100,1000,0.0100,0,3,5,2,3,True,0.0077,1,1,100,6292.80,0.00,0.0000
pop100_gen1000_mut0.01_elite0_tour3,100,1000,0.0100,0,3,5,2,4,True,0.0078,1,1,100,6293.20,0.00,0.0000
pop100_gen1000_mut0.01_elite0_tour3,100,1000,0.0100,0,3,5,2,5,True,0.0545,7,7,700,6302.00,4789.00,-0.0470
pop100_gen1000_mut0.01_elite0_tour3,100,1000,0.0100,0,3,5,2,6,True,0.0077,1,1,100,6292.80,0.00,0.0000
pop100_gen1000_mut0.01_elite0_tour3,100,1000,0.0100,0,3,5,2,7,True,0.0078,1,1,100,6292.80,0.00,0.0000
pop100_gen1000_mut0.01_elite0_tour3,100,1000,0.0100,0,3,5,2,8,True,0.0081,1,1,100,6293.20,0.00,0.0000
pop100_gen1000_mut0.01_elite0_tour3,100,1000,0.0100,0,3,5,2,9,True,0.0501,7,7,700,6302.00,4907.40,-0.0290
pop100_gen1000_mut0.01_elite0_tour3,100,1000,0.0100,0,3,5,2,10,True,0.0682,9,9,900,6301.20,4788.20,-0.0610
pop100_gen1000_mut0.01_elite0_tour5,100,1000,0.0100,0,5,5,2,1,True,0.0080,1,1,100,6293.20,0.00,0.0000
pop100_gen1000_mut0.01_elite0_tour5,100,1000,0.0100,0,5,5,2,2,True,0.0214,3,3,300,6302.00,4907.40,-0.0180
pop100_gen1000_mut0.01_elite0_tour5,100,1000,0.0100,0,5,5,2,3,True,0.0078,1,1,100,6301.60,0.00,0.0000
pop100_gen1000_mut0.01_elite0_tour5,100,1000,0.0100,0,5,5,2,4,True,0.0075,1,1,100,6294.00,0.00,0.0000
pop100_gen1000_mut0.01_elite0_tour5,100,1000,0.0100,0,5,5,2,5,True,0.0156,2,2,200,6301.60,4710.40,-0.0030
pop100_gen1000_mut0.01_elite0_tour5,100,1000,0.0100,0,5,5,2,6,True,0.0083,1,1,100,6292.80,0.00,0.0000
pop100_gen1000_mut0.01_elite0_tour5,100,1000,0.0100,0,5,5,2,7,True,0.0076,1,1,100,6300.80,0.00,0.0000
pop100_gen1000_mut0.01_elite0_tour5,100,1000,0.0100,0,5,5,2,8,True,0.0079,1,1,100,6293.20,0.00,0.0000
pop100_gen1000_mut0.01_elite0_tour5,100,1000,0.0100,0,5,5,2,9,True,0.0153,2,2,200,5821.80,4214.00,-0.0060
pop100_gen1000_mut0.01_elite0_tour5,100,1000,0.0100,0,5,5,2,10,True,0.0077,1,1,100,6293.20,0.00,0.0000
pop200_gen1000_mut0.01_elite0_tour2,200,1000,0.0100,0,2,5,2,1,True,0.0237,1,1,200,6293.60,0.00,0.0000
pop200_gen1000_mut0.01_elite0_tour2,200,1000,0.0100,0,2,5,2,2,True,0.0229,1,1,200,6292.80,0.00,0.0000
pop200_gen1000_mut0.01_elite0_tour2,200,1000,0.0100,0,2,5,2,3,True,0.1828,8,8,1600,6300.80,4787.80,-0.0980
pop200_gen1000_mut0.01_elite0_tour2,200,1000,0.0100,0,2,5,2,4,True,0.0440,2,2,400,6302.00,4907.40,-0.0050
pop200_gen1000_mut0.01_elite0_tour2,200,1000,0.0100,0,2,5,2,5,True,0.0449,2,2,400,6301.60,4710.40,-0.0050
pop200_gen1000_mut0.01_elite0_tour2,200,1000,0.0100,0,2,5,2,6,True,0.0238,1,1,200,6293.60,0.00,0.0000
pop200_gen1000_mut0.01_elite0_tour2,200,1000,0.0100,0,2,5,2,7,True,0.0227,1,1,200,6293.60,0.00,0.0000
pop200_gen1000_mut0.01_elite0_tour2,200,1000,0.0100,0,2,5,2,8,True,0.0652,3,3,600,6302.00,4907.40,-0.0100
pop200_gen1000_mut0.01_elite0_tour2,200,1000,0.0100,0,2,5,2,9,True,0.0454,2,2,400,6301.60,4710.40,-0.0090
pop200_gen1000_mut0.01_elite0_tour2,200,1000,0.0100,0,2,5,2,10,True,0.0646,3,3,600,6301.20,4693.40,-0.0090
pop200_gen1000_mut0.01_elite0_tour3,200,1000,0.0100,0,3,5,2,1,True,0.0463,2,2,400,6301.20,4693.40,-0.0060
pop200_gen1000_mut0.01_elite0_tour3,200,1000,0.0100,0,3,5,2,2,True,0.0221,1,1,200,6300.80,0.00,0.0000
pop200_gen1000_mut0.01_elite0_tour3,200,1000,0.0100,0,3,5,2,3,True,0.0238,1,1,200,6301.60,0.00,0.0000
pop200_gen1000_mut0.01_elite0_tour3,200,1000,0.0100,0,3,5,2,4,True,0.0226,1,1,200,6300.80,0.00,0.0000
pop200_gen1000_mut0.01_elite0_tour3,200,1000,0.0100,0,3,5,2,5,True,0.0227,1,1,200,6293.60,0.00,0.0000
pop200_gen1000_mut0.01_elite0_tour3,200,1000,0.0100,0,3,5,2,6,True,0.1592,7,7,1400,6302.00,4789.00,-0.0960
pop200_gen1000_mut0.01_elite0_tour3,200,1000,0.0100,0,3,5,2,7,True,0.0436,2,2,400,6302.00,4907.40,-0.0040
pop200_gen1000_mut0.01_elite0_tour3,200,1000,0.0100,0,3,5,2,8,True,0.0434,2,2,400,6301.20,4693.40,-0.0060
pop200_gen1000_mut0.01_elite0_tour3,200,1000,0.0100,0,3,5,2,9,True,0.0465,2,2,400,6302.00,4653.40,-0.0050
pop200_gen1000_mut0.01_elite0_tour3,200,1000,0.0100,0,3,5,2,10,True,0.0223,1,1,200,6293.20,0.00,0.0000
pop200_gen1000_mut0.01_elite0_tour5,200,1000,0.0100,0,5,5,2,1,True,0.0226,1,1,200,6300.80,0.00,0.0000
pop200_gen1000_mut0.01_elite0_tour5,200,1000,0.0100,0,5,5,2,2,True,0.0228,1,1,200,6293.60,0.00,0.0000
pop200_gen1000_mut0.01_elite0_tour5,200,1000,0.0100,0,5,5,2,3,True,0.0227,1,1,200,6292.80,0.00,0.0000
pop200_gen1000_mut0.01_elite0_tour5,200,1000,0.0100,0,5,5,2,4,True,0.0920,4,4,800,6302.00,4789.00,-0.0490
pop200_gen1000_mut0.01_elite0_tour5,200,1000,0.0100,0,5,5,2,5,True,0.0230,1,1,200,6293.60,0.00,0.0000
pop200_gen1000_mut0.01_elite0_tour5,200,1000,0.0100,0,5,5,2,6,True,0.0239,1,1,200,6301.60,0.00,0.0000
pop200_gen1000_mut0.01_elite0_tour5,200,1000,0.0100,0,5,5,2,7,True,0.0224,1,1,200,6292.80,0.00,0.0000
pop200_gen1000_mut0.01_elite0_tour5,200,1000,0.0100,0,5,5,2,8,True,0.0224,1,1,200,6293.20,0.00,0.0000
pop200_gen1000_mut0.01_elite0_tour5,200,1000,0.0100,0,5,5,2,9,True,0.0228,1,1,200,6292.80,0.00,0.0000
pop200_gen1000_mut0.01_elite0_tour5,200,1000,0.0100,0,5,5,2,10,True,0.0228,1,1,200,6301.60,0.00,0.0000
pop300_gen1000_mut0.01_elite0_tour2,300,1000,0.0100,0,2,5,2,1,True,0.0442,1,1,300,6293.20,0.00,0.0000
pop300_gen1000_mut0.01_elite0_tour2,300,1000,0.0100,0,2,5,2,2,True,0.0446,1,1,300,6292.80,0.00,0.0000
pop300_gen1000_mut0.01_elite0_tour2,300,1000,0.0100,0,2,5,2,3,True,0.0451,1,1,300,6293.60,0.00,0.0000
pop300_gen1000_mut0.01_elite0_tour2,300,1000,0.0100,0,2,5,2,4,True,0.0445,1,1,300,6293.60,0.00,0.0000
pop300_gen1000_mut0.01_elite0_tour2,300,1000,0.0100,0,2,5,2,5,True,0.0447,1,1,300,6292.80,0.00,0.0000
pop300_gen1000_mut0.01_elite0_tour2,300,1000,0.0100,0,2,5,2,6,True,0.0461,1,1,300,6292.80,0.00,0.0000
pop300_gen1000_mut0.01_elite0_tour2,300,1000,0.0100,0,2,5,2,7,True,0.0443,1,1,300,6293.60,0.00,0.0000
pop300_gen1000_mut0.01_elite0_tour2,300,1000,0.0100,0,2,5,2,8,True,0.0454,1,1,300,6293.20,0.00,0.0000
pop300_gen1000_mut0.01_elite0_tour2,300,1000,0.0100,0,2,5,2,9,True,0.0448,1,1,300,6292.80,0.00,0.0000
pop300_gen1000_mut0.01_elite0_tour2,300,1000,0.0100,0,2,5,2,10,True,0.0863,2,2,600,6301.20,4693.40,-0.0060
pop300_gen1000_mut0.01_elite0_tour3,300,1000,0.0100,0,3,5,2,1,True,0.0449,1,1,300,6292.80,0.00,0.0000
pop300_gen1000_mut0.01_elite0_tour3,300,1000,0.0100,0,3,5,2,2,True,0.2235,5,5,1500,6302.00,4789.00,-0.0550
pop300_gen1000_mut0.01_elite0_tour3,300,1000,0.0100,0,3,5,2,3,True,0.0457,1,1,300,6294.00,0.00,0.0000
pop300_gen1000_mut0.01_elite0_tour3,300,1000,0.0100,0,3,5,2,4,True,0.0899,2,2,600,6302.00,4907.40,-0.0030
pop300_gen1000_mut0.01_elite0_tour3,300,1000,0.0100,0,3,5,2,5,True,0.0455,1,1,300,6294.00,0.00,0.0000
pop300_gen1000_mut0.01_elite0_tour3,300,1000,0.0100,0,3,5,2,6,True,0.0458,1,1,300,6293.20,0.00,0.0000
pop300_gen1000_mut0.01_elite0_tour3,300,1000,0.0100,0,3,5,2,7,True,0.0474,1,1,300,6293.20,0.00,0.0000
pop300_gen1000_mut0.01_elite0_tour3,300,1000,0.0100,0,3,5,2,8,True,0.1781,4,4,1200,6302.00,4789.00,-0.0270
pop300_gen1000_mut0.01_elite0_tour3,300,1000,0.0100,0,3,5,2,9,True,0.0441,1,1,300,6300.80,0.00,0.0000
pop300_gen1000_mut0.01_elite0_tour3,300,1000,0.0100,0,3,5,2,10,True,0.0443,1,1,300,6294.00,0.00,0.0000
pop300_gen1000_mut0.01_elite0_tour5,300,1000,0.0100,0,5,5,2,1,True,0.0453,1,1,300,6301.60,0.00,0.0000
pop300_gen1000_mut0.01_elite0_tour5,300,1000,0.0100,0,5,5,2,2,True,0.0443,1,1,300,6292.80,0.00,0.0000
pop300_gen1000_mut0.01_elite0_tour5,300,1000,0.0100,0,5,5,2,3,True,0.0928,2,2,600,6302.00,4653.40,-0.0050
pop300_gen1000_mut0.01_elite0_tour5,300,1000,0.0100,0,5,5,2,4,True,0.0878,2,2,600,6301.20,4693.40,-0.0070
pop300_gen1000_mut0.01_elite0_tour5,300,1000,0.0100,0,5,5,2,5,True,0.0441,1,1,300,6292.80,0.00,0.0000
pop300_gen1000_mut0.01_elite0_tour5,300,1000,0.0100,0,5,5,2,6,True,0.0447,1,1,300,6292.80,0.00,0.0000
pop300_gen1000_mut0.01_elite0_tour5,300,1000,0.0100,0,5,5,2,7,True,0.0921,2,2,600,6301.60,4710.40,-0.0080
pop300_gen1000_mut0.01_elite0_tour5,300,1000,0.0100,0,5,5,2,8,True,0.0459,1,1,300,6292.80,0.00,0.0000
pop300_gen1000_mut0.01_elite0_tour5,300,1000,0.0100,0,5,5,2,9,True,0.0903,2,2,600,6301.60,4710.40,-0.0070
pop300_gen1000_mut0.01_elite0_tour5,300,1000,0.0100,0,5,5,2,10,True,0.0453,1,1,300,6293.20,0.00,0.0000
pop100_gen1000_mut0.03_elite0_tour2,100,1000,0.0300,0,2,5,2,1,True,0.0076,1,1,100,6292.80,0.00,0.0000
pop100_gen1000_mut0.03_elite0_tour2,100,1000,0.0300,0,2,5,2,2,True,0.0245,3,3,300,6302.00,4653.40,-0.0310
pop100_gen1000_mut0.03_elite0_tour2,100,1000,0.0300,0,2,5,2,3,True,0.0141,2,2,200,6302.00,4907.40,-0.0160
pop100_gen1000_mut0.03_elite0_tour2,100,1000,0.0300,0,2,5,2,4,True,0.0078,1,1,100,6292.80,0.00,0.0000
pop100_gen1000_mut0.03_elite0_tour2,100,1000,0.0300,0,2,5,2,5,True,0.0082,1,1,100,6294.00,0.00,0.0000
pop100_gen1000_mut0.03_elite0_tour2,100,1000,0.0300,0,2,5,2,6,True,0.0156,2,2,200,6302.40,4764.80,-0.0170
pop100_gen1000_mut0.03_elite0_tour2,100,1000,0.0300,0,2,5,2,7,True,0.0077,1,1,100,6294.00,0.00,0.0000
pop100_gen1000_mut0.03_elite0_tour2,100,1000,0.0300,0,2,5,2,8,True,0.0145,2,2,200,6301.20,4693.40,-0.0130
pop100_gen1000_mut0.03_elite0_tour2,100,1000,0.0300,0,2,5,2,9,True,0.0077,1,1,100,6292.80,0.00,0.0000
pop100_gen1000_mut0.03_elite0_tour2,100,1000,0.0300,0,2,5,2,10,True,0.0078,1,1,100,6301.60,0.00,0.0000
pop100_gen1000_mut0.03_elite0_tour3,100,1000,0.0300,0,3,5,2,1,True,0.0077,1,1,100,6292.80,0.00,0.0000
pop100_gen1000_mut0.03_elite0_tour3,100,1000,0.0300,0,3,5,2,2,True,0.0082,1,1,100,6301.60,0.00,0.0000
pop100_gen1000_mut0.03_elite0_tour3,100,1000,0.0300,0,3,5,2,3,True,0.0149,2,2,200,6302.00,4764.40,-0.0170
pop100_gen1000_mut0.03_elite0_tour3,100,1000,0.0300,0,3,5,2,4,True,0.0083,1,1,100,6300.80,0.00,0.0000
pop100_gen1000_mut0.03_elite0_tour3,100,1000,0.0300,0,3,5,2,5,True,0.0154,2,2,200,6301.60,4710.40,-0.0200
pop100_gen1000_mut0.03_elite0_tour3,100,1000,0.0300,0,3,5,2,6,True,0.0077,1,1,100,6292.80,0.00,0.0000
pop100_gen1000_mut0.03_elite0_tour3,100,1000,0.0300,0,3,5,2,7,True,0.0238,3,3,300,6302.00,4653.40,-0.0290
pop100_gen1000_mut0.03_elite0_tour3,100,1000,0.0300,0,3,5,2,8,True,0.0078,1,1,100,6292.80,0.00,0.0000
pop100_gen1000_mut0.03_elite0_tour3,100,1000,0.0300,0,3,5,2,9,True,0.0078,1,1,100,6292.80,0.00,0.0000
pop100_gen1000_mut0.03_elite0_tour3,100,1000,0.0300,0,3,5,2,10,True,0.0075,1,1,100,6293.60,0.00,0.0000
pop100_gen1000_mut0.03_elite0_tour5,100,1000,0.0300,0,5,5,2,1,True,0.0157,2,2,200,6302.00,4653.40,-0.0120
pop100_gen1000_mut0.03_elite0_tour5,100,1000,0.0300,0,5,5,2,2,True,0.0074,1,1,100,6292.80,0.00,0.0000
pop100_gen1000_mut0.03_elite0_tour5,100,1000,0.0300,0,5,5,2,3,True,0.0077,1,1,100,6293.20,0.00,0.0000
pop100_gen1000_mut0.03_elite0_tour5,100,1000,0.0300,0,5,5,2,4,True,0.0077,1,1,100,6293.60,0.00,0.0000
pop100_gen1000_mut0.03_elite0_tour5,100,1000,0.0300,0,5,5,2,5,True,0.0075,1,1,100,6293.60,0.00,0.0000
pop100_gen1000_mut0.03_elite0_tour5,100,1000,0.0300,0,5,5,2,6,True,0.0075,1,1,100,6293.20,0.00,0.0000
pop100_gen1000_mut0.03_elite0_tour5,100,1000,0.0300,0,5,5,2,7,True,0.0077,1,1,100,6293.60,0.00,0.0000
pop100_gen1000_mut0.03_elite0_tour5,100,1000,0.0300,0,5,5,2,8,True,0.0076,1,1,100,6293.60,0.00,0.0000
pop100_gen1000_mut0.03_elite0_tour5,100,1000,0.0300,0,5,5,2,9,True,0.0081,1,1,100,6292.80,0.00,0.0000
pop100_gen1000_mut0.03_elite0_tour5,100,1000,0.0300,0,5,5,2,10,True,0.0080,1,1,100,6292.80,0.00,0.0000
pop200_gen1000_mut0.03_elite0_tour2,200,1000,0.0300,0,2,5,2,1,True,0.0225,1,1,200,6294.00,0.00,0.0000
pop200_gen1000_mut0.03_elite0_tour2,200,1000,0.0300,0,2,5,2,2,True,0.0237,1,1,200,6292.80,0.00,0.0000
pop200_gen1000_mut0.03_elite0_tour2,200,1000,0.0300,0,2,5,2,3,True,0.0684,3,3,600,6302.00,4789.00,-0.0220
pop200_gen1000_mut0.03_elite0_tour2,200,1000,0.0300,0,2,5,2,4,True,0.0225,1,1,200,6292.80,0.00,0.0000
pop200_gen1000_mut0.03_elite0_tour2,200,1000,0.0300,0,2,5,2,5,True,0.0224,1,1,200,6292.80,0.00,0.0000
pop200_gen1000_mut0.03_elite0_tour2,200,1000,0.0300,0,2,5,2,6,True,0.0441,2,2,400,6301.20,4693.40,-0.0140
pop200_gen1000_mut0.03_elite0_tour2,200,1000,0.0300,0,2,5,2,7,True,0.0223,1,1,200,6293.20,0.00,0.0000
pop200_gen1000_mut0.03_elite0_tour2,200,1000,0.0300,0,2,5,2,8,True,0.0236,1,1,200,6294.00,0.00,0.0000
pop200_gen1000_mut0.03_elite0_tour2,200,1000,0.0300,0,2,5,2,9,True,0.0226,1,1,200,6301.60,0.00,0.0000
pop200_gen1000_mut0.03_elite0_tour2,200,1000,0.0300,0,2,5,2,10,True,0.0229,1,1,200,6294.00,0.00,0.0000
pop200_gen1000_mut0.03_elite0_tour3,200,1000,0.0300,0,3,5,2,1,True,0.0230,1,1,200,6292.80,0.00,0.0000
pop200_gen1000_mut0.03_elite0_tour3,200,1000,0.0300,0,3,5,2,2,True,0.0663,3,3,600,6302.00,4789.00,-0.0290
pop200_gen1000_mut0.03_elite0_tour3,200,1000,0.0300,0,3,5,2,3,True,0.0225,1,1,200,6294.00,0.00,0.0000
pop200_gen1000_mut0.03_elite0_tour3,200,1000,0.0300,0,3,5,2,4,True,0.0224,1,1,200,6293.20,0.00,0.0000
pop200_gen1000_mut0.03_elite0_tour3,200,1000,0.0300,0,3,5,2,5,True,0.0225,1,1,200,6293.60,0.00,0.0000
pop200_gen1000_mut0.03_elite0_tour3,200,1000,0.0300,0,3,5,2,6,True,0.0232,1,1,200,6294.00,0.00,0.0000
pop200_gen1000_mut0.03_elite0_tour3,200,1000,0.0300,0,3,5,2,7,True,0.0233,1,1,200,6293.20,0.00,0.0000
pop200_gen1000_mut0.03_elite0_tour3,200,1000,0.0300,0,3,5,2,8,True,0.1155,5,5,1000,6302.00,4789.00,-0.0830
pop200_gen1000_mut0.03_elite0_tour3,200,1000,0.0300,0,3,5,2,9,True,0.0226,1,1,200,6292.80,0.00,0.0000
pop200_gen1000_mut0.03_elite0_tour3,200,1000,0.0300,0,3,5,2,10,True,0.0463,2,2,400,6302.00,4653.40,-0.0130
pop200_gen1000_mut0.03_elite0_tour5,200,1000,0.0300,0,5,5,2,1,True,0.0225,1,1,200,6293.20,0.00,0.0000
pop200_gen1000_mut0.03_elite0_tour5,200,1000,0.0300,0,5,5,2,2,True,0.0437,2,2,400,6301.20,4693.40,-0.0220
pop200_gen1000_mut0.03_elite0_tour5,200,1000,0.0300,0,5,5,2,3,True,0.0231,1,1,200,6292.80,0.00,0.0000
pop200_gen1000_mut0.03_elite0_tour5,200,1000,0.0300,0,5,5,2,4,True,0.0243,1,1,200,6292.80,0.00,0.0000
pop200_gen1000_mut0.03_elite0_tour5,200,1000,0.0300,0,5,5,2,5,True,0.0240,1,1,200,6294.00,0.00,0.0000
pop200_gen1000_mut0.03_elite0_tour5,200,1000,0.0300,0,5,5,2,6,True,0.0223,1,1,200,6293.60,0.00,0.0000
pop200_gen1000_mut0.03_elite0_tour5,200,1000,0.0300,0,5,5,2,7,True,0.0225,1,1,200,6292.80,0.00,0.0000
pop200_gen1000_mut0.03_elite0_tour5,200,1000,0.0300,0,5,5,2,8,True,0.0222,1,1,200,6293.20,0.00,0.0000
pop200_gen1000_mut0.03_elite0_tour5,200,1000,0.0300,0,5,5,2,9,True,0.0227,1,1,200,6293.20,0.00,0.0000
pop200_gen1000_mut0.03_elite0_tour5,200,1000,0.0300,0,5,5,2,10,True,0.0221,1,1,200,6293.60,0.00,0.0000
pop300_gen1000_mut0.03_elite0_tour2,300,1000,0.0300,0,2,5,2,1,True,0.0451,1,1,300,6293.60,0.00,0.0000
pop300_gen1000_mut0.03_elite0_tour2,300,1000,0.0300,0,2,5,2,2,True,0.0459,1,1,300,6292.80,0.00,0.0000
pop300_gen1000_mut0.03_elite0_tour2,300,1000,0.0300,0,2,5,2,3,True,0.0445,1,1,300,6293.60,0.00,0.0000
pop300_gen1000_mut0.03_elite0_tour2,300,1000,0.0300,0,2,5,2,4,True,0.0893,2,2,600,6302.40,4711.20,-0.0180
pop300_gen1000_mut0.03_elite0_tour2,300,1000,0.0300,0,2,5,2,5,True,0.1344,3,3,900,6302.00,4789.00,-0.0270
pop300_gen1000_mut0.03_elite0_tour2,300,1000,0.0300,0,2,5,2,6,True,0.0462,1,1,300,6292.80,0.00,0.0000
pop300_gen1000_mut0.03_elite0_tour2,300,1000,0.0300,0,2,5,2,7,True,0.0455,1,1,300,6301.60,0.00,0.0000
pop300_gen1000_mut0.03_elite0_tour2,300,1000,0.0300,0,2,5,2,8,True,0.0454,1,1,300,6292.80,0.00,0.0000
pop300_gen1000_mut0.03_elite0_tour2,300,1000,0.0300,0,2,5,2,9,True,0.0449,1,1,300,6293.60,0.00,0.0000
pop300_gen1000_mut0.03_elite0_tour2,300,1000,0.0300,0,2,5,2,10,True,0.0471,1,1,300,6301.60,0.00,0.0000
pop300_gen1000_mut0.03_elite0_tour3,300,1000,0.0300,0,3,5,2,1,True,0.0989,2,2,600,6302.00,4653.40,-0.0130
pop300_gen1000_mut0.03_elite0_tour3,300,1000,0.0300,0,3,5,2,2,True,0.0448,1,1,300,6293.20,0.00,0.0000
pop300_gen1000_mut0.03_elite0_tour3,300,1000,0.0300,0,3,5,2,3,True,0.0875,2,2,600,6301.20,4693.40,-0.0180
pop300_gen1000_mut0.03_elite0_tour3,300,1000,0.0300,0,3,5,2,4,True,0.0445,1,1,300,6292.80,0.00,0.0000
pop300_gen1000_mut0.03_elite0_tour3,300,1000,0.0300,0,3,5,2,5,True,0.0447,1,1,300,6293.60,0.00,0.0000
pop300_gen1000_mut0.03_elite0_tour3,300,1000,0.0300,0,3,5,2,6,True,0.0458,1,1,300,6301.60,0.00,0.0000
pop300_gen1000_mut0.03_elite0_tour3,300,1000,0.0300,0,3,5,2,7,True,0.0472,1,1,300,6293.20,0.00,0.0000
pop300_gen1000_mut0.03_elite0_tour3,300,1000,0.0300,0,3,5,2,8,True,0.0930,2,2,600,6302.00,4653.40,-0.0110
pop300_gen1000_mut0.03_elite0_tour3,300,1000,0.0300,0,3,5,2,9,True,0.0439,1,1,300,6292.80,0.00,0.0000
pop300_gen1000_mut0.03_elite0_tour3,300,1000,0.0300,0,3,5,2,10,True,0.0442,1,1,300,6293.60,0.00,0.0000
pop300_gen1000_mut0.03_elite0_tour5,300,1000,0.0300,0,5,5,2,1,True,0.0446,1,1,300,6292.80,0.00,0.0000
pop300_gen1000_mut0.03_elite0_tour5,300,1000,0.0300,0,5,5,2,2,True,0.0445,1,1,300,6292.80,0.00,0.0000
pop300_gen1000_mut0.03_elite0_tour5,300,1000,0.0300,0,5,5,2,3,True,0.0459,1,1,300,6293.20,0.00,0.0000
pop300_gen1000_mut0.03_elite0_tour5,300,1000,0.0300,0,5,5,2,4,True,0.0467,1,1,300,6292.80,0.00,0.0000
pop300_gen1000_mut0.03_elite0_tour5,300,1000,0.0300,0,5,5,2,5,True,0.0868,2,2,600,6302.00,4907.40,-0.0160
pop300_gen1000_mut0.03_elite0_tour5,300,1000,0.0300,0,5,5,2,6,True,0.0477,1,1,300,6293.60,0.00,0.0000
pop300_gen1000_mut0.03_elite0_tour5,300,1000,0.0300,0,5,5,2,7,True,0.0450,1,1,300,6292.80,0.00,0.0000
pop300_gen1000_mut0.03_elite0_tour5,300,1000,0.0300,0,5,5,2,8,True,0.0917,2,2,600,6301.60,4710.40,-0.0190
pop300_gen1000_mut0.03_elite0_tour5,300,1000,0.0300,0,5,5,2,9,True,0.0448,1,1,300,6292.80,0.00,0.0000
pop300_gen1000_mut0.03_elite0_tour5,300,1000,0.0300,0,5,5,2,10,True,0.0442,1,1,300,6292.80,0.00,0.0000
pop100_gen1000_mut0.05_elite0_tour2,100,1000,0.0500,0,2,5,2,1,True,0.0144,2,2,200,6302.00,4907.40,-0.0210
pop100_gen1000_mut0.05_elite0_tour2,100,1000,0.0500,0,2,5,2,2,True,0.0079,1,1,100,6293.60,0.00,0.0000
pop100_gen1000_mut0.05_elite0_tour2,100,1000,0.0500,0,2,5,2,3,True,0.0145,2,2,200,6302.00,4907.40,-0.0230
pop100_gen1000_mut0.05_elite0_tour2,100,1000,0.0500,0,2,5,2,4,True,0.0147,2,2,200,6302.00,4764.40,-0.0130
pop100_gen1000_mut0.05_elite0_tour2,100,1000,0.0500,0,2,5,2,5,True,0.0079,1,1,100,6293.20,0.00,0.0000
pop100_gen1000_mut0.05_elite0_tour2,100,1000,0.0500,0,2,5,2,6,True,0.0079,1,1,100,6301.60,0.00,0.0000
pop100_gen1000_mut0.05_elite0_tour2,100,1000,0.0500,0,2,5,2,7,True,0.0076,1,1,100,6300.80,0.00,0.0000
pop100_gen1000_mut0.05_elite0_tour2,100,1000,0.0500,0,2,5,2,8,True,0.0147,2,2,200,6302.40,4907.80,-0.0310
pop100_gen1000_mut0.05_elite0_tour2,100,1000,0.0500,0,2,5,2,9,True,0.0078,1,1,100,6301.60,0.00,0.0000
pop100_gen1000_mut0.05_elite0_tour2,100,1000,0.0500,0,2,5,2,10,True,0.0077,1,1,100,6293.60,0.00,0.0000
pop100_gen1000_mut0.05_elite0_tour3,100,1000,0.0500,0,3,5,2,1,True,0.0077,1,1,100,6292.80,0.00,0.0000
pop100_gen1000_mut0.05_elite0_tour3,100,1000,0.0500,0,3,5,2,2,True,0.0148,2,2,200,6302.00,4764.40,-0.0240
pop100_gen1000_mut0.05_elite0_tour3,100,1000,0.0500,0,3,5,2,3,True,0.0078,1,1,100,6292.80,0.00,0.0000
pop100_gen1000_mut0.05_elite0_tour3,100,1000,0.0500,0,3,5,2,4,True,0.0077,1,1,100,6293.20,0.00,0.0000
pop100_gen1000_mut0.05_elite0_tour3,100,1000,0.0500,0,3,5,2,5,True,0.0081,1,1,100,6292.80,0.00,0.0000
pop100_gen1000_mut0.05_elite0_tour3,100,1000,0.0500,0,3,5,2,6,True,0.0074,1,1,100,6293.20,0.00,0.0000
pop100_gen1000_mut0.05_elite0_tour3,100,1000,0.0500,0,3,5,2,7,True,0.0144,2,2,200,6302.00,4907.40,-0.0140
pop100_gen1000_mut0.05_elite0_tour3,100,1000,0.0500,0,3,5,2,8,True,0.0077,1,1,100,6293.20,0.00,0.0000
pop100_gen1000_mut0.05_elite0_tour3,100,1000,0.0500,0,3,5,2,9,True,0.0143,2,2,200,6301.20,4693.40,-0.0250
pop100_gen1000_mut0.05_elite0_tour3,100,1000,0.0500,0,3,5,2,10,True,0.0078,1,1,100,6301.60,0.00,0.0000
pop100_gen1000_mut0.05_elite0_tour5,100,1000,0.0500,0,5,5,2,1,True,0.0083,1,1,100,6292.80,0.00,0.0000
pop100_gen1000_mut0.05_elite0_tour5,100,1000,0.0500,0,5,5,2,2,True,0.0150,2,2,200,6302.40,4907.80,-0.0250
pop100_gen1000_mut0.05_elite0_tour5,100,1000,0.0500,0,5,5,2,3,True,0.0078,1,1,100,6292.80,0.00,0.0000
pop100_gen1000_mut0.05_elite0_tour5,100,1000,0.0500,0,5,5,2,4,True,0.0075,1,1,100,6293.20,0.00,0.0000
pop100_gen1000_mut0.05_elite0_tour5,100,1000,0.0500,0,5,5,2,5,True,0.0076,1,1,100,6293.60,0.00,0.0000
pop100_gen1000_mut0.05_elite0_tour5,100,1000,0.0500,0,5,5,2,6,True,0.0144,2,2,200,6301.20,4693.40,-0.0280
pop100_gen1000_mut0.05_elite0_tour5,100,1000,0.0500,0,5,5,2,7,True,0.0079,1,1,100,6294.00,0.00,0.0000
pop100_gen1000_mut0.05_elite0_tour5,100,1000,0.0500,0,5,5,2,8,True,0.0075,1,1,100,6292.80,0.00,0.0000
pop100_gen1000_mut0.05_elite0_tour5,100,1000,0.0500,0,5,5,2,9,True,0.0073,1,1,100,6292.80,0.00,0.0000
pop100_gen1000_mut0.05_elite0_tour5,100,1000,0.0500,0,5,5,2,10,True,0.0079,1,1,100,6292.80,0.00,0.0000
pop200_gen1000_mut0.05_elite0_tour2,200,1000,0.0500,0,2,5,2,1,True,0.0446,2,2,400,6302.00,4907.40,-0.0190
pop200_gen1000_mut0.05_elite0_tour2,200,1000,0.0500,0,2,5,2,2,True,0.0226,1,1,200,6294.00,0.00,0.0000
pop200_gen1000_mut0.05_elite0_tour2,200,1000,0.0500,0,2,5,2,3,True,0.0444,2,2,400,6302.00,4764.40,-0.0270
pop200_gen1000_mut0.05_elite0_tour2,200,1000,0.0500,0,2,5,2,4,True,0.0239,1,1,200,6292.80,0.00,0.0000
pop200_gen1000_mut0.05_elite0_tour2,200,1000,0.0500,0,2,5,2,5,True,0.0233,1,1,200,6292.80,0.00,0.0000
pop200_gen1000_mut0.05_elite0_tour2,200,1000,0.0500,0,2,5,2,6,True,0.0667,3,3,600,6302.00,4789.00,-0.0400
pop200_gen1000_mut0.05_elite0_tour2,200,1000,0.0500,0,2,5,2,7,True,0.0226,1,1,200,6293.20,0.00,0.0000
pop200_gen1000_mut0.05_elite0_tour2,200,1000,0.0500,0,2,5,2,8,True,0.0229,1,1,200,6292.80,0.00,0.0000
pop200_gen1000_mut0.05_elite0_tour2,200,1000,0.0500,0,2,5,2,9,True,0.0230,1,1,200,6293.60,0.00,0.0000
pop200_gen1000_mut0.05_elite0_tour2,200,1000,0.0500,0,2,5,2,10,True,0.0447,2,2,400,6301.20,4693.40,-0.0310
pop200_gen1000_mut0.05_elite0_tour3,200,1000,0.0500,0,3,5,2,1,True,0.0222,1,1,200,6292.80,0.00,0.0000
pop200_gen1000_mut0.05_elite0_tour3,200,1000,0.0500,0,3,5,2,2,True,0.0228,1,1,200,6292.80,0.00,0.0000
pop200_gen1000_mut0.05_elite0_tour3,200,1000,0.0500,0,3,5,2,3,True,0.0442,2,2,400,6302.00,4764.40,-0.0240
pop200_gen1000_mut0.05_elite0_tour3,200,1000,0.0500,0,3,5,2,4,True,0.0224,1,1,200,6293.60,0.00,0.0000
pop200_gen1000_mut0.05_elite0_tour3,200,1000,0.0500,0,3,5,2,5,True,0.0456,2,2,400,6302.00,4764.40,-0.0260
pop200_gen1000_mut0.05_elite0_tour3,200,1000,0.0500,0,3,5,2,6,True,0.0226,1,1,200,6292.80,0.00,0.0000
pop200_gen1000_mut0.05_elite0_tour3,200,1000,0.0500,0,3,5,2,7,True,0.0693,3,3,600,6302.00,4789.00,-0.0540
pop200_gen1000_mut0.05_elite0_tour3,200,1000,0.0500,0,3,5,2,8,True,0.0225,1,1,200,6293.60,0.00,0.0000
pop200_gen1000_mut0.05_elite0_tour3,200,1000,0.0500,0,3,5,2,9,True,0.0225,1,1,200,6301.60,0.00,0.0000
pop200_gen1000_mut0.05_elite0_tour3,200,1000,0.0500,0,3,5,2,10,True,0.0231,1,1,200,6292.80,0.00,0.0000
pop200_gen1000_mut0.05_elite0_tour5,200,1000,0.0500,0,5,5,2,1,True,0.0458,2,2,400,6301.20,4693.40,-0.0320
pop200_gen1000_mut0.05_elite0_tour5,200,1000,0.0500,0,5,5,2,2,True,0.0432,2,2,400,6301.20,4693.40,-0.0330
pop200_gen1000_mut0.05_elite0_tour5,200,1000,0.0500,0,5,5,2,3,True,0.0448,2,2,400,6301.60,4710.40,-0.0240
pop200_gen1000_mut0.05_elite0_tour5,200,1000,0.0500,0,5,5,2,4,True,0.0225,1,1,200,6293.20,0.00,0.0000
pop200_gen1000_mut0.05_elite0_tour5,200,1000,0.0500,0,5,5,2,5,True,0.0426,2,2,400,6301.20,4693.40,-0.0330
pop200_gen1000_mut0.05_elite0_tour5,200,1000,0.0500,0,5,5,2,6,True,0.0224,1,1,200,6293.20,0.00,0.0000
pop200_gen1000_mut0.05_elite0_tour5,200,1000,0.0500,0,5,5,2,7,True,0.0222,1,1,200,6292.80,0.00,0.0000
pop200_gen1000_mut0.05_elite0_tour5,200,1000,0.0500,0,5,5,2,8,True,0.0230,1,1,200,6294.00,0.00,0.0000
pop200_gen1000_mut0.05_elite0_tour5,200,1000,0.0500,0,5,5,2,9,True,0.0227,1,1,200,6300.80,0.00,0.0000
pop200_gen1000_mut0.05_elite0_tour5,200,1000,0.0500,0,5,5,2,10,True,0.0234,1,1,200,6292.80,0.00,0.0000
pop300_gen1000_mut0.05_elite0_tour2,300,1000,0.0500,0,2,5,2,1,True,0.0439,1,1,300,6300.80,0.00,0.0000
pop300_gen1000_mut0.05_elite0_tour2,300,1000,0.0500,0,2,5,2,2,True,0.0464,1,1,300,6292.80,0.00,0.0000
pop300_gen1000_mut0.05_elite0_tour2,300,1000,0.0500,0,2,5,2,3,True,0.0453,1,1,300,6293.20,0.00,0.0000
pop300_gen1000_mut0.05_elite0_tour2,300,1000,0.0500,0,2,5,2,4,True,0.0857,2,2,600,6302.00,4694.20,-0.0260
pop300_gen1000_mut0.05_elite0_tour2,300,1000,0.0500,0,2,5,2,5,True,0.0458,1,1,300,6292.80,0.00,0.0000
pop300_gen1000_mut0.05_elite0_tour2,300,1000,0.0500,0,2,5,2,6,True,0.0452,1,1,300,6292.80,0.00,0.0000
pop300_gen1000_mut0.05_elite0_tour2,300,1000,0.0500,0,2,5,2,7,True,0.0467,1,1,300,6294.00,0.00,0.0000
pop300_gen1000_mut0.05_elite0_tour2,300,1000,0.0500,0,2,5,2,8,True,0.0921,2,2,600,6302.40,4653.80,-0.0200
pop300_gen1000_mut0.05_elite0_tour2,300,1000,0.0500,0,2,5,2,9,True,0.0440,1,1,300,6293.20,0.00,0.0000
pop300_gen1000_mut0.05_elite0_tour2,300,1000,0.0500,0,2,5,2,10,True,0.0459,1,1,300,6293.20,0.00,0.0000
pop300_gen1000_mut0.05_elite0_tour3,300,1000,0.0500,0,3,5,2,1,True,0.0450,1,1,300,6293.20,0.00,0.0000
pop300_gen1000_mut0.05_elite0_tour3,300,1000,0.0500,0,3,5,2,2,True,0.0911,2,2,600,6302.00,4710.80,-0.0280
pop300_gen1000_mut0.05_elite0_tour3,300,1000,0.0500,0,3,5,2,3,True,0.0443,1,1,300,6292.80,0.00,0.0000
pop300_gen1000_mut0.05_elite0_tour3,300,1000,0.0500,0,3,5,2,4,True,0.0453,1,1,300,6300.80,0.00,0.0000
pop300_gen1000_mut0.05_elite0_tour3,300,1000,0.0500,0,3,5,2,5,True,0.0912,2,2,600,6301.60,4710.40,-0.0200
pop300_gen1000_mut0.05_elite0_tour3,300,1000,0.0500,0,3,5,2,6,True,0.0923,2,2,600,6302.80,4654.20,-0.0180
pop300_gen1000_mut0.05_elite0_tour3,300,1000,0.0500,0,3,5,2,7,True,0.0448,1,1,300,6293.60,0.00,0.0000
pop300_gen1000_mut0.05_elite0_tour3,300,1000,0.0500,0,3,5,2,8,True,0.0465,1,1,300,6292.80,0.00,0.0000
pop300_gen1000_mut0.05_elite0_tour3,300,1000,0.0500,0,3,5,2,9,True,0.0458,1,1,300,6293.20,0.00,0.0000
pop300_gen1000_mut0.05_elite0_tour3,300,1000,0.0500,0,3,5,2,10,True,0.0863,2,2,600,6302.00,4694.20,-0.0290
pop300_gen1000_mut0.05_elite0_tour5,300,1000,0.0500,0,5,5,2,1,True,0.0916,2,2,600,6302.00,4653.40,-0.0180
pop300_gen1000_mut0.05_elite0_tour5,300,1000,0.0500,0,5,5,2,2,True,0.0459,1,1,300,6293.60,0.00,0.0000
pop300_gen1000_mut0.05_elite0_tour5,300,1000,0.0500,0,5,5,2,3,True,0.0476,1,1,300,6293.60,0.00,0.0000
pop300_gen1000_mut0.05_elite0_tour5,300,1000,0.0500,0,5,5,2,4,True,0.0443,1,1,300,6293.60,0.00,0.0000
pop300_gen1000_mut0.05_elite0_tour5,300,1000,0.0500,0,5,5,2,5,True,0.0446,1,1,300,6293.60,0.00,0.0000
pop300_gen1000_mut0.05_elite0_tour5,300,1000,0.0500,0,5,5,2,6,True,0.0895,2,2,600,6302.00,4764.40,-0.0230
pop300_gen1000_mut0.05_elite0_tour5,300,1000,0.0500,0,5,5,2,7,True,0.0446,1,1,300,6293.20,0.00,0.0000
pop300_gen1000_mut0.05_elite0_tour5,300,1000,0.0500,0,5,5,2,8,True,0.0446,1,1,300,6300.80,0.00,0.0000
pop300_gen1000_mut0.05_elite0_tour5,300,1000,0.0500,0,5,5,2,9,True,0.0939,2,2,600,6302.80,4654.20,-0.0190
pop300_gen1000_mut0.05_elite0_tour5,300,1000,0.0500,0,5,5,2,10,True,0.0912,2,2,600,6302.00,4710.80,-0.0240
pop100_gen500_mut0.01_elite2_tour2,100,500,0.0100,2,2,5,2,1,True,0.0752,10,10,1000,6301.20,4788.20,-0.1000
pop100_gen500_mut0.01_elite2_tour2,100,500,0.0100,2,2,5,2,2,True,0.0078,1,1,100,6292.80,0.00,0.0000
pop100_gen500_mut0.01_elite2_tour2,100,500,0.0100,2,2,5,2,3,True,0.0080,1,1,100,6301.60,0.00,0.0000
pop100_gen500_mut0.01_elite2_tour2,100,500,0.0100,2,2,5,2,4,True,0.0077,1,1,100,6292.80,0.00,0.0000
pop100_gen500_mut0.01_elite2_tour2,100,500,0.0100,2,2,5,2,5,True,0.0074,1,1,100,6293.20,0.00,0.0000
pop100_gen500_mut0.01_elite2_tour2,100,500,0.0100,2,2,5,2,6,True,0.0076,1,1,100,6294.00,0.00,0.0000
pop100_gen500_mut0.01_elite2_tour2,100,500,0.0100,2,2,5,2,7,True,0.0075,1,1,100,6292.80,0.00,0.0000
pop100_gen500_mut0.01_elite2_tour2,100,500,0.0100,2,2,5,2,8,True,0.0154,2,2,200,6301.60,4710.40,-0.0060
pop100_gen500_mut0.01_elite2_tour2,100,500,0.0100,2,2,5,2,9,True,0.0078,1,1,100,6292.80,0.00,0.0000
pop100_gen500_mut0.01_elite2_tour2,100,500,0.0100,2,2,5,2,10,True,0.0073,1,1,100,6292.80,0.00,0.0000
pop100_gen500_mut0.01_elite2_tour3,100,500,0.0100,2,3,5,2,1,True,0.0160,2,2,200,6302.00,4653.40,-0.0010
pop100_gen500_mut0.01_elite2_tour3,100,500,0.0100,2,3,5,2,2,True,0.0219,3,3,300,6302.00,4764.40,-0.0080
pop100_gen500_mut0.01_elite2_tour3,100,500,0.0100,2,3,5,2,3,True,0.0076,1,1,100,6292.80,0.00,0.0000
pop100_gen500_mut0.01_elite2_tour3,100,500,0.0100,2,3,5,2,4,True,0.0078,1,1,100,6294.00,0.00,0.0000
pop100_gen500_mut0.01_elite2_tour3,100,500,0.0100,2,3,5,2,5,True,0.0078,1,1,100,6293.60,0.00,0.0000
pop100_gen500_mut0.01_elite2_tour3,100,500,0.0100,2,3,5,2,6,True,0.0370,5,5,500,6302.00,4789.00,-0.0340
pop100_gen500_mut0.01_elite2_tour3,100,500,0.0100,2,3,5,2,7,True,0.0075,1,1,100,6293.20,0.00,0.0000
pop100_gen500_mut0.01_elite2_tour3,100,500,0.0100,2,3,5,2,8,True,0.0076,1,1,100,6294.00,0.00,0.0000
pop100_gen500_mut0.01_elite2_tour3,100,500,0.0100,2,3,5,2,9,True,0.0212,3,3,300,6302.00,4907.40,-0.0060
pop100_gen500_mut0.01_elite2_tour3,100,500,0.0100,2,3,5,2,10,True,0.0296,4,4,400,6301.20,4693.40,-0.0180
pop100_gen500_mut0.01_elite2_tour5,100,500,0.0100,2,5,5,2,1,True,0.0082,1,1,100,6293.60,0.00,0.0000
pop100_gen500_mut0.01_elite2_tour5,100,500,0.0100,2,5,5,2,2,True,0.0149,2,2,200,6302.00,4907.40,-0.0060
pop100_gen500_mut0.01_elite2_tour5,100,500,0.0100,2,5,5,2,3,True,0.0078,1,1,100,6292.80,0.00,0.0000
pop100_gen500_mut0.01_elite2_tour5,100,500,0.0100,2,5,5,2,4,True,0.0473,6,6,600,6301.60,4788.60,-0.0910
pop100_gen500_mut0.01_elite2_tour5,100,500,0.0100,2,5,5,2,5,True,0.0074,1,1,100,6292.80,0.00,0.0000
pop100_gen500_mut0.01_elite2_tour5,100,500,0.0100,2,5,5,2,6,True,0.0083,1,1,100,6301.60,0.00,0.0000
pop100_gen500_mut0.01_elite2_tour5,100,500,0.0100,2,5,5,2,7,True,0.0075,1,1,100,6292.80,0.00,0.0000
pop100_gen500_mut0.01_elite2_tour5,100,500,0.0100,2,5,5,2,8,True,0.0082,1,1,100,6292.80,0.00,0.0000
pop100_gen500_mut0.01_elite2_tour5,100,500,0.0100,2,5,5,2,9,True,0.0079,1,1,100,6293.20,0.00,0.0000
pop100_gen500_mut0.01_elite2_tour5,100,500,0.0100,2,5,5,2,10,True,0.0078,1,1,100,6292.80,0.00,0.0000
pop200_gen500_mut0.01_elite2_tour2,200,500,0.0100,2,2,5,2,1,True,0.0242,1,1,200,6292.80,0.00,0.0000
pop200_gen500_mut0.01_elite2_tour2,200,500,0.0100,2,2,5,2,2,True,0.0239,1,1,200,6300.80,0.00,0.0000
pop200_gen500_mut0.01_elite2_tour2,200,500,0.0100,2,2,5,2,3,True,0.0230,1,1,200,6300.80,0.00,0.0000
pop200_gen500_mut0.01_elite2_tour2,200,500,0.0100,2,2,5,2,4,True,0.0225,1,1,200,6293.60,0.00,0.0000
pop200_gen500_mut0.01_elite2_tour2,200,500,0.0100,2,2,5,2,5,True,0.1325,6,6,1200,6302.00,4789.00,-0.0720
pop200_gen500_mut0.01_elite2_tour2,200,500,0.0100,2,2,5,2,6,True,0.0459,2,2,400,6302.00,4653.40,-0.0030
pop200_gen500_mut0.01_elite2_tour2,200,500,0.0100,2,2,5,2,7,True,0.0233,1,1,200,6301.60,0.00,0.0000
pop200_gen500_mut0.01_elite2_tour2,200,500,0.0100,2,2,5,2,8,True,0.0456,2,2,400,6302.00,4653.40,-0.0040
pop200_gen500_mut0.01_elite2_tour2,200,500,0.0100,2,2,5,2,9,True,0.0222,1,1,200,6292.80,0.00,0.0000
pop200_gen500_mut0.01_elite2_tour2,200,500,0.0100,2,2,5,2,10,True,0.0464,2,2,400,6302.00,4653.40,-0.0020
pop200_gen500_mut0.01_elite2_tour3,200,500,0.0100,2,3,5,2,1,True,0.0231,1,1,200,6293.20,0.00,0.0000
pop200_gen500_mut0.01_elite2_tour3,200,500,0.0100,2,3,5,2,2,True,0.0461,2,2,400,6301.60,4710.40,-0.0040
pop200_gen500_mut0.01_elite2_tour3,200,500,0.0100,2,3,5,2,3,True,0.1771,8,8,1600,6301.60,4788.60,-0.0810
pop200_gen500_mut0.01_elite2_tour3,200,500,0.0100,2,3,5,2,4,True,0.0224,1,1,200,6293.20,0.00,0.0000
pop200_gen500_mut0.01_elite2_tour3,200,500,0.0100,2,3,5,2,5,True,0.0225,1,1,200,6292.80,0.00,0.0000
pop200_gen500_mut0.01_elite2_tour3,200,500,0.0100,2,3,5,2,6,True,0.0226,1,1,200,6292.80,0.00,0.0000
pop200_gen500_mut0.01_elite2_tour3,200,500,0.0100,2,3,5,2,7,True,0.0237,1,1,200,6292.80,0.00,0.0000
pop200_gen500_mut0.01_elite2_tour3,200,500,0.0100,2,3,5,2,8,True,0.0223,1,1,200,6293.60,0.00,0.0000
pop200_gen500_mut0.01_elite2_tour3,200,500,0.0100,2,3,5,2,9,True,0.0225,1,1,200,6293.20,0.00,0.0000
pop200_gen500_mut0.01_elite2_tour3,200,500,0.0100,2,3,5,2,10,True,0.0885,4,4,800,6302.00,4789.00,-0.0270
pop200_gen500_mut0.01_elite2_tour5,200,500,0.0100,2,5,5,2,1,True,0.0224,1,1,200,6293.60,0.00,0.0000
pop200_gen500_mut0.01_elite2_tour5,200,500,0.0100,2,5,5,2,2,True,0.0430,2,2,400,6302.00,4907.40,-0.0030
pop200_gen500_mut0.01_elite2_tour5,200,500,0.0100,2,5,5,2,3,True,0.0245,1,1,200,6294.00,0.00,0.0000
pop200_gen500_mut0.01_elite2_tour5,200,500,0.0100,2,5,5,2,4,True,0.0234,1,1,200,6292.80,0.00,0.0000
pop200_gen500_mut0.01_elite2_tour5,200,500,0.0100,2,5,5,2,5,True,0.0709,3,3,600,6301.60,4710.40,-0.0160
pop200_gen500_mut0.01_elite2_tour5,200,500,0.0100,2,5,5,2,6,True,0.0228,1,1,200,6294.00,0.00,0.0000
pop200_gen500_mut0.01_elite2_tour5,200,500,0.0100,2,5,5,2,7,True,0.0455,2,2,400,6302.00,4653.40,-0.0040
pop200_gen500_mut0.01_elite2_tour5,200,500,0.0100,2,5,5,2,8,True,0.0216,1,1,200,6292.80,0.00,0.0000
pop200_gen500_mut0.01_elite2_tour5,200,500,0.0100,2,5,5,2,9,True,0.0249,1,1,200,6292.80,0.00,0.0000
pop200_gen500_mut0.01_elite2_tour5,200,500,0.0100,2,5,5,2,10,True,0.1121,5,5,1000,6302.00,4789.00,-0.0760
pop300_gen500_mut0.01_elite2_tour2,300,500,0.0100,2,2,5,2,1,True,0.0441,1,1,300,6293.60,0.00,0.0000
pop300_gen500_mut0.01_elite2_tour2,300,500,0.0100,2,2,5,2,2,True,0.0454,1,1,300,6300.80,0.00,0.0000
pop300_gen500_mut0.01_elite2_tour2,300,500,0.0100,2,2,5,2,3,True,0.0907,2,2,600,6301.60,4710.40,-0.0060
pop300_gen500_mut0.01_elite2_tour2,300,500,0.0100,2,2,5,2,4,True,0.0443,1,1,300,6293.20,0.00,0.0000
pop300_gen500_mut0.01_elite2_tour2,300,500,0.0100,2,2,5,2,5,True,0.0859,2,2,600,6302.00,4907.40,-0.0050
pop300_gen500_mut0.01_elite2_tour2,300,500,0.0100,2,2,5,2,6,True,0.0443,1,1,300,6293.20,0.00,0.0000
pop300_gen500_mut0.01_elite2_tour2,300,500,0.0100,2,2,5,2,7,True,0.0451,1,1,300,6293.60,0.00,0.0000
pop300_gen500_mut0.01_elite2_tour2,300,500,0.0100,2,2,5,2,8,True,0.0448,1,1,300,6292.80,0.00,0.0000
pop300_gen500_mut0.01_elite2_tour2,300,500,0.0100,2,2,5,2,9,True,0.0445,1,1,300,6293.60,0.00,0.0000
pop300_gen500_mut0.01_elite2_tour2,300,500,0.0100,2,2,5,2,10,True,0.0446,1,1,300,6294.00,0.00,0.0000
pop300_gen500_mut0.01_elite2_tour3,300,500,0.0100,2,3,5,2,1,True,0.0439,1,1,300,6292.80,0.00,0.0000
pop300_gen500_mut0.01_elite2_tour3,300,500,0.0100,2,3,5,2,2,True,0.0459,1,1,300,6293.60,0.00,0.0000
pop300_gen500_mut0.01_elite2_tour3,300,500,0.0100,2,3,5,2,3,True,0.0446,1,1,300,6292.80,0.00,0.0000
pop300_gen500_mut0.01_elite2_tour3,300,500,0.0100,2,3,5,2,4,True,0.0465,1,1,300,6294.00,0.00,0.0000
pop300_gen500_mut0.01_elite2_tour3,300,500,0.0100,2,3,5,2,5,True,0.0891,2,2,600,6301.20,4693.40,-0.0060
pop300_gen500_mut0.01_elite2_tour3,300,500,0.0100,2,3,5,2,6,True,0.0433,1,1,300,6293.20,0.00,0.0000
pop300_gen500_mut0.01_elite2_tour3,300,500,0.0100,2,3,5,2,7,True,0.0448,1,1,300,6292.80,0.00,0.0000
pop300_gen500_mut0.01_elite2_tour3,300,500,0.0100,2,3,5,2,8,True,0.0455,1,1,300,6301.60,0.00,0.0000
pop300_gen500_mut0.01_elite2_tour3,300,500,0.0100,2,3,5,2,9,True,0.0446,1,1,300,6292.80,0.00,0.0000
pop300_gen500_mut0.01_elite2_tour3,300,500,0.0100,2,3,5,2,10,True,0.0439,1,1,300,6293.60,0.00,0.0000
pop300_gen500_mut0.01_elite2_tour5,300,500,0.0100,2,5,5,2,1,True,0.0438,1,1,300,6292.80,0.00,0.0000
pop300_gen500_mut0.01_elite2_tour5,300,500,0.0100,2,5,5,2,2,True,0.0460,1,1,300,6292.80,0.00,0.0000
pop300_gen500_mut0.01_elite2_tour5,300,500,0.0100,2,5,5,2,3,True,0.0456,1,1,300,6292.80,0.00,0.0000
pop300_gen500_mut0.01_elite2_tour5,300,500,0.0100,2,5,5,2,4,True,0.0894,2,2,600,6302.00,4764.40,-0.0060
pop300_gen500_mut0.01_elite2_tour5,300,500,0.0100,2,5,5,2,5,True,0.0450,1,1,300,6292.80,0.00,0.0000
pop300_gen500_mut0.01_elite2_tour5,300,500,0.0100,2,5,5,2,6,True,0.0440,1,1,300,6300.80,0.00,0.0000
pop300_gen500_mut0.01_elite2_tour5,300,500,0.0100,2,5,5,2,7,True,0.0445,1,1,300,6292.80,0.00,0.0000
pop300_gen500_mut0.01_elite2_tour5,300,500,0.0100,2,5,5,2,8,True,0.1371,3,3,900,6302.00,4764.40,-0.0160
pop300_gen500_mut0.01_elite2_tour5,300,500,0.0100,2,5,5,2,9,True,0.0506,1,1,300,6292.80,0.00,0.0000
pop300_gen500_mut0.01_elite2_tour5,300,500,0.0100,2,5,5,2,10,True,0.0453,1,1,300,6293.60,0.00,0.0000
pop100_gen500_mut0.03_elite2_tour2,100,500,0.0300,2,2,5,2,1,True,0.0457,6,6,600,6302.40,4789.40,-0.0920
pop100_gen500_mut0.03_elite2_tour2,100,500,0.0300,2,2,5,2,2,True,0.0075,1,1,100,6293.60,0.00,0.0000
pop100_gen500_mut0.03_elite2_tour2,100,500,0.0300,2,2,5,2,3,True,0.0077,1,1,100,6292.80,0.00,0.0000
pop100_gen500_mut0.03_elite2_tour2,100,500,0.0300,2,2,5,2,4,True,0.0084,1,1,100,6293.60,0.00,0.0000
pop100_gen500_mut0.03_elite2_tour2,100,500,0.0300,2,2,5,2,5,True,0.0078,1,1,100,6301.60,0.00,0.0000
pop100_gen500_mut0.03_elite2_tour2,100,500,0.0300,2,2,5,2,6,True,0.0078,1,1,100,6292.80,0.00,0.0000
pop100_gen500_mut0.03_elite2_tour2,100,500,0.0300,2,2,5,2,7,True,0.0078,1,1,100,6293.20,0.00,0.0000
pop100_gen500_mut0.03_elite2_tour2,100,500,0.0300,2,2,5,2,8,True,0.0076,1,1,100,6300.80,0.00,0.0000
pop100_gen500_mut0.03_elite2_tour2,100,500,0.0300,2,2,5,2,9,True,0.0075,1,1,100,6293.20,0.00,0.0000
pop100_gen500_mut0.03_elite2_tour2,100,500,0.0300,2,2,5,2,10,True,0.0074,1,1,100,6292.80,0.00,0.0000
pop100_gen500_mut0.03_elite2_tour3,100,500,0.0300,2,3,5,2,1,True,0.0077,1,1,100,6293.60,0.00,0.0000
pop100_gen500_mut0.03_elite2_tour3,100,500,0.0300,2,3,5,2,2,True,0.0076,1,1,100,6292.80,0.00,0.0000
pop100_gen500_mut0.03_elite2_tour3,100,500,0.0300,2,3,5,2,3,True,0.0079,1,1,100,6293.60,0.00,0.0000
pop100_gen500_mut0.03_elite2_tour3,100,500,0.0300,2,3,5,2,4,True,0.0081,1,1,100,6292.80,0.00,0.0000
pop100_gen500_mut0.03_elite2_tour3,100,500,0.0300,2,3,5,2,5,True,0.0077,1,1,100,6292.80,0.00,0.0000
pop100_gen500_mut0.03_elite2_tour3,100,500,0.0300,2,3,5,2,6,True,0.0081,1,1,100,6292.80,0.00,0.0000
pop100_gen500_mut0.03_elite2_tour3,100,500,0.0300,2,3,5,2,7,True,0.0080,1,1,100,6292.80,0.00,0.0000
pop100_gen500_mut0.03_elite2_tour3,100,500,0.0300,2,3,5,2,8,True,0.0076,1,1,100,6293.60,0.00,0.0000
pop100_gen500_mut0.03_elite2_tour3,100,500,0.0300,2,3,5,2,9,True,0.0078,1,1,100,6293.20,0.00,0.0000
pop100_gen500_mut0.03_elite2_tour3,100,500,0.0300,2,3,5,2,10,True,0.0079,1,1,100,6292.80,0.00,0.0000
pop100_gen500_mut0.03_elite2_tour5,100,500,0.0300,2,5,5,2,1,True,0.0160,2,2,200,6302.00,4653.40,-0.0110
pop100_gen500_mut0.03_elite2_tour5,100,500,0.0300,2,5,5,2,2,True,0.0077,1,1,100,6293.60,0.00,0.0000
pop100_gen500_mut0.03_elite2_tour5,100,500,0.0300,2,5,5,2,3,True,0.0076,1,1,100,6293.60,0.00,0.0000
pop100_gen500_mut0.03_elite2_tour5,100,500,0.0300,2,5,5,2,4,True,0.0075,1,1,100,6293.60,0.00,0.0000
pop100_gen500_mut0.03_elite2_tour5,100,500,0.0300,2,5,5,2,5,True,0.0143,2,2,200,6301.20,4693.40,-0.0190
pop100_gen500_mut0.03_elite2_tour5,100,500,0.0300,2,5,5,2,6,True,0.0080,1,1,100,6301.60,0.00,0.0000
pop100_gen500_mut0.03_elite2_tour5,100,500,0.0300,2,5,5,2,7,True,0.0217,3,3,300,6302.00,4907.40,-0.0290
pop100_gen500_mut0.03_elite2_tour5,100,500,0.0300,2,5,5,2,8,True,0.0077,1,1,100,6293.60,0.00,0.0000
pop100_gen500_mut0.03_elite2_tour5,100,500,0.0300,2,5,5,2,9,True,0.0078,1,1,100,6292.80,0.00,0.0000
pop100_gen500_mut0.03_elite2_tour5,100,500,0.0300,2,5,5,2,10,True,0.0075,1,1,100,6293.60,0.00,0.0000
pop200_gen500_mut0.03_elite2_tour2,200,500,0.0300,2,2,5,2,1,True,0.0670,3,3,600,6302.00,4789.00,-0.0230
pop200_gen500_mut0.03_elite2_tour2,200,500,0.0300,2,2,5,2,2,True,0.0227,1,1,200,6293.60,0.00,0.0000
pop200_gen500_mut0.03_elite2_tour2,200,500,0.0300,2,2,5,2,3,True,0.0224,1,1,200,6293.60,0.00,0.0000
pop200_gen500_mut0.03_elite2_tour2,200,500,0.0300,2,2,5,2,4,True,0.0226,1,1,200,6293.20,0.00,0.0000
pop200_gen500_mut0.03_elite2_tour2,200,500,0.0300,2,2,5,2,5,True,0.0224,1,1,200,6292.80,0.00,0.0000
pop200_gen500_mut0.03_elite2_tour2,200,500,0.0300,2,2,5,2,6,True,0.0219,1,1,200,6293.20,0.00,0.0000
pop200_gen500_mut0.03_elite2_tour2,200,500,0.0300,2,2,5,2,7,True,0.0228,1,1,200,6292.80,0.00,0.0000
pop200_gen500_mut0.03_elite2_tour2,200,500,0.0300,2,2,5,2,8,True,0.0233,1,1,200,6292.80,0.00,0.0000
pop200_gen500_mut0.03_elite2_tour2,200,500,0.0300,2,2,5,2,9,True,0.0231,1,1,200,6301.60,0.00,0.0000
pop200_gen500_mut0.03_elite2_tour2,200,500,0.0300,2,2,5,2,10,True,0.0228,1,1,200,6292.80,0.00,0.0000
pop200_gen500_mut0.03_elite2_tour3,200,500,0.0300,2,3,5,2,1,True,0.0222,1,1,200,6293.20,0.00,0.0000
pop200_gen500_mut0.03_elite2_tour3,200,500,0.0300,2,3,5,2,2,True,0.0223,1,1,200,6293.20,0.00,0.0000
pop200_gen500_mut0.03_elite2_tour3,200,500,0.0300,2,3,5,2,3,True,0.0232,1,1,200,6293.60,0.00,0.0000
pop200_gen500_mut0.03_elite2_tour3,200,500,0.0300,2,3,5,2,4,True,0.0233,1,1,200,6294.00,0.00,0.0000
pop200_gen500_mut0.03_elite2_tour3,200,500,0.0300,2,3,5,2,5,True,0.0453,2,2,400,6301.20,4693.40,-0.0190
pop200_gen500_mut0.03_elite2_tour3,200,500,0.0300,2,3,5,2,6,True,0.0224,1,1,200,6292.80,0.00,0.0000
pop200_gen500_mut0.03_elite2_tour3,200,500,0.0300,2,3,5,2,7,True,0.0226,1,1,200,6292.80,0.00,0.0000
pop200_gen500_mut0.03_elite2_tour3,200,500,0.0300,2,3,5,2,8,True,0.0225,1,1,200,6293.20,0.00,0.0000
pop200_gen500_mut0.03_elite2_tour3,200,500,0.0300,2,3,5,2,9,True,0.0655,3,3,600,6302.00,4907.40,-0.0190
pop200_gen500_mut0.03_elite2_tour3,200,500,0.0300,2,3,5,2,10,True,0.0452,2,2,400,6302.00,4764.40,-0.0160
pop200_gen500_mut0.03_elite2_tour5,200,500,0.0300,2,5,5,2,1,True,0.0252,1,1,200,6292.80,0.00,0.0000
pop200_gen500_mut0.03_elite2_tour5,200,500,0.0300,2,5,5,2,2,True,0.0480,2,2,400,6302.00,4653.40,-0.0130
pop200_gen500_mut0.03_elite2_tour5,200,500,0.0300,2,5,5,2,3,True,0.0229,1,1,200,6292.80,0.00,0.0000
pop200_gen500_mut0.03_elite2_tour5,200,500,0.0300,2,5,5,2,4,True,0.0231,1,1,200,6292.80,0.00,0.0000
pop200_gen500_mut0.03_elite2_tour5,200,500,0.0300,2,5,5,2,5,True,0.0220,1,1,200,6293.20,0.00,0.0000
pop200_gen500_mut0.03_elite2_tour5,200,500,0.0300,2,5,5,2,6,True,0.0227,1,1,200,6293.60,0.00,0.0000
pop200_gen500_mut0.03_elite2_tour5,200,500,0.0300,2,5,5,2,7,True,0.0227,1,1,200,6293.20,0.00,0.0000
pop200_gen500_mut0.03_elite2_tour5,200,500,0.0300,2,5,5,2,8,True,0.0232,1,1,200,6293.60,0.00,0.0000
pop200_gen500_mut0.03_elite2_tour5,200,500,0.0300,2,5,5,2,9,True,0.0234,1,1,200,6294.00,0.00,0.0000
pop200_gen500_mut0.03_elite2_tour5,200,500,0.0300,2,5,5,2,10,True,0.0443,2,2,400,6302.40,4907.80,-0.0140
pop300_gen500_mut0.03_elite2_tour2,300,500,0.0300,2,2,5,2,1,True,0.0445,1,1,300,6292.80,0.00,0.0000
pop300_gen500_mut0.03_elite2_tour2,300,500,0.0300,2,2,5,2,2,True,0.0444,1,1,300,6292.80,0.00,0.0000
pop300_gen500_mut0.03_elite2_tour2,300,500,0.0300,2,2,5,2,3,True,0.1785,4,4,1200,6302.00,4789.00,-0.0490
pop300_gen500_mut0.03_elite2_tour2,300,500,0.0300,2,2,5,2,4,True,0.0465,1,1,300,6301.60,0.00,0.0000
pop300_gen500_mut0.03_elite2_tour2,300,500,0.0300,2,2,5,2,5,True,0.0870,2,2,600,6302.00,4907.40,-0.0100
pop300_gen500_mut0.03_elite2_tour2,300,500,0.0300,2,2,5,2,6,True,0.0907,2,2,600,6301.60,4710.40,-0.0130
pop300_gen500_mut0.03_elite2_tour2,300,500,0.0300,2,2,5,2,7,True,0.0530,1,1,300,6292.80,0.00,0.0000
pop300_gen500_mut0.03_elite2_tour2,300,500,0.0300,2,2,5,2,8,True,0.0892,2,2,600,6302.00,4789.00,-0.0140
pop300_gen500_mut0.03_elite2_tour2,300,500,0.0300,2,2,5,2,9,True,0.0923,2,2,600,6302.00,4653.40,-0.0110
pop300_gen500_mut0.03_elite2_tour2,300,500,0.0300,2,2,5,2,10,True,0.0470,1,1,300,6292.80,0.00,0.0000
pop300_gen500_mut0.03_elite2_tour3,300,500,0.0300,2,3,5,2,1,True,0.0471,1,1,300,6301.60,0.00,0.0000
pop300_gen500_mut0.03_elite2_tour3,300,500,0.0300,2,3,5,2,2,True,0.0451,1,1,300,6292.80,0.00,0.0000
pop300_gen500_mut0.03_elite2_tour3,300,500,0.0300,2,3,5,2,3,True,0.0893,2,2,600,6302.00,4764.40,-0.0140
pop300_gen500_mut0.03_elite2_tour3,300,500,0.0300,2,3,5,2,4,True,0.0447,1,1,300,6293.60,0.00,0.0000
pop300_gen500_mut0.03_elite2_tour3,300,500,0.0300,2,3,5,2,5,True,0.0449,1,1,300,6292.80,0.00,0.0000
pop300_gen500_mut0.03_elite2_tour3,300,500,0.0300,2,3,5,2,6,True,0.0443,1,1,300,6293.60,0.00,0.0000
pop300_gen500_mut0.03_elite2_tour3,300,500,0.0300,2,3,5,2,7,True,0.0456,1,1,300,6292.80,0.00,0.0000
pop300_gen500_mut0.03_elite2_tour3,300,500,0.0300,2,3,5,2,8,True,0.0449,1,1,300,6293.20,0.00,0.0000
pop300_gen500_mut0.03_elite2_tour3,300,500,0.0300,2,3,5,2,9,True,0.0434,1,1,300,6293.20,0.00,0.0000
pop300_gen500_mut0.03_elite2_tour3,300,500,0.0300,2,3,5,2,10,True,0.0452,1,1,300,6301.60,0.00,0.0000
pop300_gen500_mut0.03_elite2_tour5,300,500,0.0300,2,5,5,2,1,True,0.0450,1,1,300,6301.60,0.00,0.0000
pop300_gen500_mut0.03_elite2_tour5,300,500,0.0300,2,5,5,2,2,True,0.0866,2,2,600,6301.20,4693.40,-0.0160
pop300_gen500_mut0.03_elite2_tour5,300,500,0.0300,2,5,5,2,3,True,0.0450,1,1,300,6293.20,0.00,0.0000
pop300_gen500_mut0.03_elite2_tour5,300,500,0.0300,2,5,5,2,4,True,0.0448,1,1,300,6293.60,0.00,0.0000
pop300_gen500_mut0.03_elite2_tour5,300,500,0.0300,2,5,5,2,5,True,0.0896,2,2,600,6301.20,4693.40,-0.0170
pop300_gen500_mut0.03_elite2_tour5,300,500,0.0300,2,5,5,2,6,True,0.0475,1,1,300,6294.00,0.00,0.0000
pop300_gen500_mut0.03_elite2_tour5,300,500,0.0300,2,5,5,2,7,True,0.0454,1,1,300,6292.80,0.00,0.0000
pop300_gen500_mut0.03_elite2_tour5,300,500,0.0300,2,5,5,2,8,True,0.0446,1,1,300,6293.60,0.00,0.0000
pop300_gen500_mut0.03_elite2_tour5,300,500,0.0300,2,5,5,2,9,True,0.0911,2,2,600,6302.80,4654.20,-0.0120
pop300_gen500_mut0.03_elite2_tour5,300,500,0.0300,2,5,5,2,10,True,0.0862,2,2,600,6302.00,4907.40,-0.0110
pop100_gen500_mut0.05_elite2_tour2,100,500,0.0500,2,2,5,2,1,True,0.0079,1,1,100,6293.60,0.00,0.0000
pop100_gen500_mut0.05_elite2_tour2,100,500,0.0500,2,2,5,2,2,True,0.0075,1,1,100,6292.80,0.00,0.0000
pop100_gen500_mut0.05_elite2_tour2,100,500,0.0500,2,2,5,2,3,True,0.0076,1,1,100,6293.20,0.00,0.0000
pop100_gen500_mut0.05_elite2_tour2,100,500,0.0500,2,2,5,2,4,True,0.0074,1,1,100,6292.80,0.00,0.0000
pop100_gen500_mut0.05_elite2_tour2,100,500,0.0500,2,2,5,2,5,True,0.0083,1,1,100,6292.80,0.00,0.0000
pop100_gen500_mut0.05_elite2_tour2,100,500,0.0500,2,2,5,2,6,True,0.0144,2,2,200,6301.60,4693.80,-0.0370
pop100_gen500_mut0.05_elite2_tour2,100,500,0.0500,2,2,5,2,7,True,0.0081,1,1,100,6292.80,0.00,0.0000
pop100_gen500_mut0.05_elite2_tour2,100,500,0.0500,2,2,5,2,8,True,0.0076,1,1,100,6293.20,0.00,0.0000
pop100_gen500_mut0.05_elite2_tour2,100,500,0.0500,2,2,5,2,9,True,0.0075,1,1,100,6292.80,0.00,0.0000
pop100_gen500_mut0.05_elite2_tour2,100,500,0.0500,2,2,5,2,10,True,0.0076,1,1,100,6293.60,0.00,0.0000
pop100_gen500_mut0.05_elite2_tour3,100,500,0.0500,2,3,5,2,1,True,0.0074,1,1,100,6293.20,0.00,0.0000
pop100_gen500_mut0.05_elite2_tour3,100,500,0.0500,2,3,5,2,2,True,0.0076,1,1,100,6292.80,0.00,0.0000
pop100_gen500_mut0.05_elite2_tour3,100,500,0.0500,2,3,5,2,3,True,0.0083,1,1,100,6292.80,0.00,0.0000
pop100_gen500_mut0.05_elite2_tour3,100,500,0.0500,2,3,5,2,4,True,0.0077,1,1,100,6292.80,0.00,0.0000
pop100_gen500_mut0.05_elite2_tour3,100,500,0.0500,2,3,5,2,5,True,0.0079,1,1,100,6293.20,0.00,0.0000
pop100_gen500_mut0.05_elite2_tour3,100,500,0.0500,2,3,5,2,6,True,0.0155,2,2,200,6301.60,4710.40,-0.0220
pop100_gen500_mut0.05_elite2_tour3,100,500,0.0500,2,3,5,2,7,True,0.0154,2,2,200,6302.00,4907.40,-0.0270
pop100_gen500_mut0.05_elite2_tour3,100,500,0.0500,2,3,5,2,8,True,0.0078,1,1,100,6292.80,0.00,0.0000
pop100_gen500_mut0.05_elite2_tour3,100,500,0.0500,2,3,5,2,9,True,0.0158,2,2,200,6301.20,4693.40,-0.0260
pop100_gen500_mut0.05_elite2_tour3,100,500,0.0500,2,3,5,2,10,True,0.0076,1,1,100,6292.80,0.00,0.0000
pop100_gen500_mut0.05_elite2_tour5,100,500,0.0500,2,5,5,2,1,True,0.0224,3,3,300,6301.60,4693.80,-0.0520
pop100_gen500_mut0.05_elite2_tour5,100,500,0.0500,2,5,5,2,2,True,0.0076,1,1,100,6293.60,0.00,0.0000
pop100_gen500_mut0.05_elite2_tour5,100,500,0.0500,2,5,5,2,3,True,0.0083,1,1,100,6294.00,0.00,0.0000
pop100_gen500_mut0.05_elite2_tour5,100,500,0.0500,2,5,5,2,4,True,0.0156,2,2,200,6302.00,4653.40,-0.0180
pop100_gen500_mut0.05_elite2_tour5,100,500,0.0500,2,5,5,2,5,True,0.0073,1,1,100,6292.80,0.00,0.0000
pop100_gen500_mut0.05_elite2_tour5,100,500,0.0500,2,5,5,2,6,True,0.0077,1,1,100,6292.80,0.00,0.0000
pop100_gen500_mut0.05_elite2_tour5,100,500,0.0500,2,5,5,2,7,True,0.0162,2,2,200,6302.00,4653.40,-0.0210
pop100_gen500_mut0.05_elite2_tour5,100,500,0.0500,2,5,5,2,8,True,0.0081,1,1,100,6292.80,0.00,0.0000
pop100_gen500_mut0.05_elite2_tour5,100,500,0.0500,2,5,5,2,9,True,0.0150,2,2,200,6302.80,4765.20,-0.0270
pop100_gen500_mut0.05_elite2_tour5,100,500,0.0500,2,5,5,2,10,True,0.0144,2,2,200,6301.20,4693.40,-0.0300
pop200_gen500_mut0.05_elite2_tour2,200,500,0.0500,2,2,5,2,1,True,0.0231,1,1,200,6300.80,0.00,0.0000
pop200_gen500_mut0.05_elite2_tour2,200,500,0.0500,2,2,5,2,2,True,0.0225,1,1,200,6293.20,0.00,0.0000
pop200_gen500_mut0.05_elite2_tour2,200,500,0.0500,2,2,5,2,3,True,0.0219,1,1,200,6292.80,0.00,0.0000
pop200_gen500_mut0.05_elite2_tour2,200,500,0.0500,2,2,5,2,4,True,0.0227,1,1,200,6293.60,0.00,0.0000
pop200_gen500_mut0.05_elite2_tour2,200,500,0.0500,2,2,5,2,5,True,0.0225,1,1,200,6293.20,0.00,0.0000
pop200_gen500_mut0.05_elite2_tour2,200,500,0.0500,2,2,5,2,6,True,0.0235,1,1,200,6293.20,0.00,0.0000
pop200_gen500_mut0.05_elite2_tour2,200,500,0.0500,2,2,5,2,7,True,0.0221,1,1,200,6293.20,0.00,0.0000
pop200_gen500_mut0.05_elite2_tour2,200,500,0.0500,2,2,5,2,8,True,0.0437,2,2,400,6302.00,4764.40,-0.0240
pop200_gen500_mut0.05_elite2_tour2,200,500,0.0500,2,2,5,2,9,True,0.0229,1,1,200,6292.80,0.00,0.0000
pop200_gen500_mut0.05_elite2_tour2,200,500,0.0500,2,2,5,2,10,True,0.0936,4,4,800,5814.80,4301.80,-0.0760
pop200_gen500_mut0.05_elite2_tour3,200,500,0.0500,2,3,5,2,1,True,0.0449,2,2,400,6302.00,4764.40,-0.0280
pop200_gen500_mut0.05_elite2_tour3,200,500,0.0500,2,3,5,2,2,True,0.0227,1,1,200,6300.80,0.00,0.0000
pop200_gen500_mut0.05_elite2_tour3,200,500,0.0500,2,3,5,2,3,True,0.1141,5,5,1000,6301.60,4788.60,-0.1200
pop200_gen500_mut0.05_elite2_tour3,200,500,0.0500,2,3,5,2,4,True,0.0248,1,1,200,6293.20,0.00,0.0000
pop200_gen500_mut0.05_elite2_tour3,200,500,0.0500,2,3,5,2,5,True,0.0439,2,2,400,6302.00,4789.00,-0.0290
pop200_gen500_mut0.05_elite2_tour3,200,500,0.0500,2,3,5,2,6,True,0.0232,1,1,200,6292.80,0.00,0.0000
pop200_gen500_mut0.05_elite2_tour3,200,500,0.0500,2,3,5,2,7,True,0.0231,1,1,200,6293.20,0.00,0.0000
pop200_gen500_mut0.05_elite2_tour3,200,500,0.0500,2,3,5,2,8,True,0.0225,1,1,200,6293.20,0.00,0.0000
pop200_gen500_mut0.05_elite2_tour3,200,500,0.0500,2,3,5,2,9,True,0.0228,1,1,200,6292.80,0.00,0.0000
pop200_gen500_mut0.05_elite2_tour3,200,500,0.0500,2,3,5,2,10,True,0.0236,1,1,200,6293.20,0.00,0.0000
pop200_gen500_mut0.05_elite2_tour5,200,500,0.0500,2,5,5,2,1,True,0.0231,1,1,200,6293.60,0.00,0.0000
pop200_gen500_mut0.05_elite2_tour5,200,500,0.0500,2,5,5,2,2,True,0.0445,2,2,400,6301.20,4693.40,-0.0270
pop200_gen500_mut0.05_elite2_tour5,200,500,0.0500,2,5,5,2,3,True,0.0226,1,1,200,6293.60,0.00,0.0000
pop200_gen500_mut0.05_elite2_tour5,200,500,0.0500,2,5,5,2,4,True,0.0684,3,3,600,6301.20,4788.20,-0.0570
pop200_gen500_mut0.05_elite2_tour5,200,500,0.0500,2,5,5,2,5,True,0.0221,1,1,200,6300.80,0.00,0.0000
pop200_gen500_mut0.05_elite2_tour5,200,500,0.0500,2,5,5,2,6,True,0.0226,1,1,200,6293.20,0.00,0.0000
pop200_gen500_mut0.05_elite2_tour5,200,500,0.0500,2,5,5,2,7,True,0.0464,2,2,400,6301.60,4710.40,-0.0270
pop200_gen500_mut0.05_elite2_tour5,200,500,0.0500,2,5,5,2,8,True,0.0224,1,1,200,6292.80,0.00,0.0000
pop200_gen500_mut0.05_elite2_tour5,200,500,0.0500,2,5,5,2,9,True,0.0226,1,1,200,6292.80,0.00,0.0000
pop200_gen500_mut0.05_elite2_tour5,200,500,0.0500,2,5,5,2,10,True,0.0229,1,1,200,6293.20,0.00,0.0000
pop300_gen500_mut0.05_elite2_tour2,300,500,0.0500,2,2,5,2,1,True,0.0453,1,1,300,6292.80,0.00,0.0000
pop300_gen500_mut0.05_elite2_tour2,300,500,0.0500,2,2,5,2,2,True,0.0570,1,1,300,6293.60,0.00,0.0000
pop300_gen500_mut0.05_elite2_tour2,300,500,0.0500,2,2,5,2,3,True,0.0451,1,1,300,6292.80,0.00,0.0000
pop300_gen500_mut0.05_elite2_tour2,300,500,0.0500,2,2,5,2,4,True,0.0929,2,2,600,6302.40,4711.20,-0.0250
pop300_gen500_mut0.05_elite2_tour2,300,500,0.0500,2,2,5,2,5,True,0.0453,1,1,300,6292.80,0.00,0.0000
pop300_gen500_mut0.05_elite2_tour2,300,500,0.0500,2,2,5,2,6,True,0.0469,1,1,300,6301.60,0.00,0.0000
pop300_gen500_mut0.05_elite2_tour2,300,500,0.0500,2,2,5,2,7,True,0.0447,1,1,300,6293.60,0.00,0.0000
pop300_gen500_mut0.05_elite2_tour2,300,500,0.0500,2,2,5,2,8,True,0.0480,1,1,300,6301.60,0.00,0.0000
pop300_gen500_mut0.05_elite2_tour2,300,500,0.0500,2,2,5,2,9,True,0.0441,1,1,300,6293.60,0.00,0.0000
pop300_gen500_mut0.05_elite2_tour2,300,500,0.0500,2,2,5,2,10,True,0.0872,2,2,600,6302.40,4907.80,-0.0190
pop300_gen500_mut0.05_elite2_tour3,300,500,0.0500,2,3,5,2,1,True,0.0443,1,1,300,6300.80,0.00,0.0000
pop300_gen500_mut0.05_elite2_tour3,300,500,0.0500,2,3,5,2,2,True,0.0924,2,2,600,6302.40,4653.80,-0.0170
pop300_gen500_mut0.05_elite2_tour3,300,500,0.0500,2,3,5,2,3,True,0.0893,2,2,600,6302.00,4764.40,-0.0300
pop300_gen500_mut0.05_elite2_tour3,300,500,0.0500,2,3,5,2,4,True,0.0470,1,1,300,6293.20,0.00,0.0000
pop300_gen500_mut0.05_elite2_tour3,300,500,0.0500,2,3,5,2,5,True,0.0914,2,2,600,6302.00,4710.80,-0.0270
pop300_gen500_mut0.05_elite2_tour3,300,500,0.0500,2,3,5,2,6,True,0.0879,2,2,600,6302.40,4907.80,-0.0190
pop300_gen500_mut0.05_elite2_tour3,300,500,0.0500,2,3,5,2,7,True,0.0435,1,1,300,6292.80,0.00,0.0000
pop300_gen500_mut0.05_elite2_tour3,300,500,0.0500,2,3,5,2,8,True,0.0910,2,2,600,6302.00,4653.40,-0.0230
pop300_gen500_mut0.05_elite2_tour3,300,500,0.0500,2,3,5,2,9,True,0.0453,1,1,300,6292.80,0.00,0.0000
pop300_gen500_mut0.05_elite2_tour3,300,500,0.0500,2,3,5,2,10,True,0.0447,1,1,300,6292.80,0.00,0.0000
pop300_gen500_mut0.05_elite2_tour5,300,500,0.0500,2,5,5,2,1,True,0.1347,3,3,900,6302.40,4789.40,-0.0570
pop300_gen500_mut0.05_elite2_tour5,300,500,0.0500,2,5,5,2,2,True,0.0446,1,1,300,6292.80,0.00,0.0000
pop300_gen500_mut0.05_elite2_tour5,300,500,0.0500,2,5,5,2,3,True,0.0460,1,1,300,6294.00,0.00,0.0000
pop300_gen500_mut0.05_elite2_tour5,300,500,0.0500,2,5,5,2,4,True,0.0446,1,1,300,6293.60,0.00,0.0000
pop300_gen500_mut0.05_elite2_tour5,300,500,0.0500,2,5,5,2,5,True,0.0878,2,2,600,6302.00,4907.40,-0.0220
pop300_gen500_mut0.05_elite2_tour5,300,500,0.0500,2,5,5,2,6,True,0.0451,1,1,300,6293.60,0.00,0.0000
pop300_gen500_mut0.05_elite2_tour5,300,500,0.0500,2,5,5,2,7,True,0.0464,1,1,300,6301.60,0.00,0.0000
pop300_gen500_mut0.05_elite2_tour5,300,500,0.0500,2,5,5,2,8,True,0.0459,1,1,300,6301.60,0.00,0.0000
pop300_gen500_mut0.05_elite2_tour5,300,500,0.0500,2,5,5,2,9,True,0.0457,1,1,300,6293.20,0.00,0.0000
pop300_gen500_mut0.05_elite2_tour5,300,500,0.0500,2,5,5,2,10,True,0.0885,2,2,600,6302.00,4764.40,-0.0220
pop100_gen1000_mut0.01_elite2_tour2,100,1000,0.0100,2,2,5,2,1,True,0.0076,1,1,100,6294.00,0.00,0.0000
pop100_gen1000_mut0.01_elite2_tour2,100,1000,0.0100,2,2,5,2,2,True,0.0313,4,4,400,6301.60,4710.40,-0.0180
pop100_gen1000_mut0.01_elite2_tour2,100,1000,0.0100,2,2,5,2,3,True,0.0078,1,1,100,6300.80,0.00,0.0000
pop100_gen1000_mut0.01_elite2_tour2,100,1000,0.0100,2,2,5,2,4,True,0.0219,3,3,300,6302.00,4764.40,-0.0070
pop100_gen1000_mut0.01_elite2_tour2,100,1000,0.0100,2,2,5,2,5,True,0.0077,1,1,100,6292.80,0.00,0.0000
pop100_gen1000_mut0.01_elite2_tour2,100,1000,0.0100,2,2,5,2,6,True,0.0077,1,1,100,6294.00,0.00,0.0000
pop100_gen1000_mut0.01_elite2_tour2,100,1000,0.0100,2,2,5,2,7,True,0.0078,1,1,100,6301.60,0.00,0.0000
pop100_gen1000_mut0.01_elite2_tour2,100,1000,0.0100,2,2,5,2,8,True,0.0075,1,1,100,6300.80,0.00,0.0000
pop100_gen1000_mut0.01_elite2_tour2,100,1000,0.0100,2,2,5,2,9,True,0.0078,1,1,100,6294.00,0.00,0.0000
pop100_gen1000_mut0.01_elite2_tour2,100,1000,0.0100,2,2,5,2,10,True,0.0237,3,3,300,6301.60,4710.40,-0.0130
pop100_gen1000_mut0.01_elite2_tour3,100,1000,0.0100,2,3,5,2,1,True,0.0439,6,6,600,6302.00,4764.40,-0.0540
pop100_gen1000_mut0.01_elite2_tour3,100,1000,0.0100,2,3,5,2,2,True,0.0081,1,1,100,6293.60,0.00,0.0000
pop100_gen1000_mut0.01_elite2_tour3,100,1000,0.0100,2,3,5,2,3,True,0.0081,1,1,100,6293.20,0.00,0.0000
pop100_gen1000_mut0.01_elite2_tour3,100,1000,0.0100,2,3,5,2,4,True,0.0079,1,1,100,6301.60,0.00,0.0000
pop100_gen1000_mut0.01_elite2_tour3,100,1000,0.0100,2,3,5,2,5,True,0.0077,1,1,100,6293.20,0.00,0.0000
pop100_gen1000_mut0.01_elite2_tour3,100,1000,0.0100,2,3,5,2,6,True,0.0289,4,4,400,6301.60,4693.80,-0.0270
pop100_gen1000_mut0.01_elite2_tour3,100,1000,0.0100,2,3,5,2,7,True,0.0221,3,3,300,6302.00,4907.40,-0.0040
pop100_gen1000_mut0.01_elite2_tour3,100,1000,0.0100,2,3,5,2,8,True,0.0290,4,4,400,6302.00,4764.40,-0.0200
pop100_gen1000_mut0.01_elite2_tour3,100,1000,0.0100,2,3,5,2,9,True,0.0083,1,1,100,6301.60,0.00,0.0000
pop100_gen1000_mut0.01_elite2_tour3,100,1000,0.0100,2,3,5,2,10,True,0.0143,2,2,200,6301.20,4693.40,-0.0050
pop100_gen1000_mut0.01_elite2_tour5,100,1000,0.0100,2,5,5,2,1,True,0.0074,1,1,100,6292.80,0.00,0.0000
pop100_gen1000_mut0.01_elite2_tour5,100,1000,0.0100,2,5,5,2,2,True,0.0078,1,1,100,6293.20,0.00,0.0000
pop100_gen1000_mut0.01_elite2_tour5,100,1000,0.0100,2,5,5,2,3,True,0.0079,1,1,100,6293.60,0.00,0.0000
pop100_gen1000_mut0.01_elite2_tour5,100,1000,0.0100,2,5,5,2,4,True,0.0076,1,1,100,6292.80,0.00,0.0000
pop100_gen1000_mut0.01_elite2_tour5,100,1000,0.0100,2,5,5,2,5,True,0.0237,3,3,300,6302.00,4653.40,-0.0140
pop100_gen1000_mut0.01_elite2_tour5,100,1000,0.0100,2,5,5,2,6,True,0.0075,1,1,100,6292.80,0.00,0.0000
pop100_gen1000_mut0.01_elite2_tour5,100,1000,0.0100,2,5,5,2,7,True,0.0074,1,1,100,6293.20,0.00,0.0000
pop100_gen1000_mut0.01_elite2_tour5,100,1000,0.0100,2,5,5,2,8,True,0.0077,1,1,100,6292.80,0.00,0.0000
pop100_gen1000_mut0.01_elite2_tour5,100,1000,0.0100,2,5,5,2,9,True,0.0080,1,1,100,6293.20,0.00,0.0000
pop100_gen1000_mut0.01_elite2_tour5,100,1000,0.0100,2,5,5,2,10,True,0.0076,1,1,100,6293.20,0.00,0.0000
pop200_gen1000_mut0.01_elite2_tour2,200,1000,0.0100,2,2,5,2,1,True,0.0227,1,1,200,6292.80,0.00,0.0000
pop200_gen1000_mut0.01_elite2_tour2,200,1000,0.0100,2,2,5,2,2,True,0.0229,1,1,200,6292.80,0.00,0.0000
pop200_gen1000_mut0.01_elite2_tour2,200,1000,0.0100,2,2,5,2,3,True,0.0235,1,1,200,6292.80,0.00,0.0000
pop200_gen1000_mut0.01_elite2_tour2,200,1000,0.0100,2,2,5,2,4,True,0.0224,1,1,200,6294.00,0.00,0.0000
pop200_gen1000_mut0.01_elite2_tour2,200,1000,0.0100,2,2,5,2,5,True,0.0239,1,1,200,6292.80,0.00,0.0000
pop200_gen1000_mut0.01_elite2_tour2,200,1000,0.0100,2,2,5,2,6,True,0.0227,1,1,200,6300.80,0.00,0.0000
pop200_gen1000_mut0.01_elite2_tour2,200,1000,0.0100,2,2,5,2,7,True,0.0226,1,1,200,6292.80,0.00,0.0000
pop200_gen1000_mut0.01_elite2_tour2,200,1000,0.0100,2,2,5,2,8,True,0.0225,1,1,200,6293.60,0.00,0.0000
pop200_gen1000_mut0.01_elite2_tour2,200,1000,0.0100,2,2,5,2,9,True,0.0652,3,3,600,6301.20,4693.40,-0.0080
pop200_gen1000_mut0.01_elite2_tour2,200,1000,0.0100,2,2,5,2,10,True,0.0228,1,1,200,6292.80,0.00,0.0000
pop200_gen1000_mut0.01_elite2_tour3,200,1000,0.0100,2,3,5,2,1,True,0.0227,1,1,200,6294.00,0.00,0.0000
pop200_gen1000_mut0.01_elite2_tour3,200,1000,0.0100,2,3,5,2,2,True,0.0235,1,1,200,6293.60,0.00,0.0000
pop200_gen1000_mut0.01_elite2_tour3,200,1000,0.0100,2,3,5,2,3,True,0.0228,1,1,200,6293.60,0.00,0.0000
pop200_gen1000_mut0.01_elite2_tour3,200,1000,0.0100,2,3,5,2,4,True,0.0323,1,1,200,6293.60,0.00,0.0000
pop200_gen1000_mut0.01_elite2_tour3,200,1000,0.0100,2,3,5,2,5,True,0.0226,1,1,200,6293.20,0.00,0.0000
pop200_gen1000_mut0.01_elite2_tour3,200,1000,0.0100,2,3,5,2,6,True,0.0462,2,2,400,6301.60,4710.40,-0.0050
pop200_gen1000_mut0.01_elite2_tour3,200,1000,0.0100,2,3,5,2,7,True,0.0233,1,1,200,6301.60,0.00,0.0000
pop200_gen1000_mut0.01_elite2_tour3,200,1000,0.0100,2,3,5,2,8,True,0.0223,1,1,200,6292.80,0.00,0.0000
pop200_gen1000_mut0.01_elite2_tour3,200,1000,0.0100,2,3,5,2,9,True,0.0445,2,2,400,6301.20,4693.40,-0.0030
pop200_gen1000_mut0.01_elite2_tour3,200,1000,0.0100,2,3,5,2,10,True,0.0233,1,1,200,6293.60,0.00,0.0000
pop200_gen1000_mut0.01_elite2_tour5,200,1000,0.0100,2,5,5,2,1,True,0.0707,3,3,600,6302.00,4653.40,-0.0160
pop200_gen1000_mut0.01_elite2_tour5,200,1000,0.0100,2,5,5,2,2,True,0.0882,4,4,800,6302.00,4907.40,-0.0350
pop200_gen1000_mut0.01_elite2_tour5,200,1000,0.0100,2,5,5,2,3,True,0.0241,1,1,200,6301.60,0.00,0.0000
pop200_gen1000_mut0.01_elite2_tour5,200,1000,0.0100,2,5,5,2,4,True,0.0230,1,1,200,6293.60,0.00,0.0000
pop200_gen1000_mut0.01_elite2_tour5,200,1000,0.0100,2,5,5,2,5,True,0.0220,1,1,200,6293.20,0.00,0.0000
pop200_gen1000_mut0.01_elite2_tour5,200,1000,0.0100,2,5,5,2,6,True,0.0224,1,1,200,6293.20,0.00,0.0000
pop200_gen1000_mut0.01_elite2_tour5,200,1000,0.0100,2,5,5,2,7,True,0.0224,1,1,200,6293.60,0.00,0.0000
pop200_gen1000_mut0.01_elite2_tour5,200,1000,0.0100,2,5,5,2,8,True,0.0232,1,1,200,6292.80,0.00,0.0000
pop200_gen1000_mut0.01_elite2_tour5,200,1000,0.0100,2,5,5,2,9,True,0.0910,4,4,800,6302.00,4789.00,-0.0540
pop200_gen1000_mut0.01_elite2_tour5,200,1000,0.0100,2,5,5,2,10,True,0.0684,3,3,600,6301.60,4710.40,-0.0140
pop300_gen1000_mut0.01_elite2_tour2,300,1000,0.0100,2,2,5,2,1,True,0.0936,2,2,600,6301.60,4710.40,-0.0060
pop300_gen1000_mut0.01_elite2_tour2,300,1000,0.0100,2,2,5,2,2,True,0.0873,2,2,600,6302.00,4764.40,-0.0050
pop300_gen1000_mut0.01_elite2_tour2,300,1000,0.0100,2,2,5,2,3,True,0.0464,1,1,300,6292.80,0.00,0.0000
pop300_gen1000_mut0.01_elite2_tour2,300,1000,0.0100,2,2,5,2,4,True,0.0452,1,1,300,6293.60,0.00,0.0000
pop300_gen1000_mut0.01_elite2_tour2,300,1000,0.0100,2,2,5,2,5,True,0.0873,2,2,600,6302.00,4764.40,-0.0060
pop300_gen1000_mut0.01_elite2_tour2,300,1000,0.0100,2,2,5,2,6,True,0.0450,1,1,300,6292.80,0.00,0.0000
pop300_gen1000_mut0.01_elite2_tour2,300,1000,0.0100,2,2,5,2,7,True,0.2662,6,6,1800,6302.00,4789.00,-0.0440
pop300_gen1000_mut0.01_elite2_tour2,300,1000,0.0100,2,2,5,2,8,True,0.0461,1,1,300,6301.60,0.00,0.0000
pop300_gen1000_mut0.01_elite2_tour2,300,1000,0.0100,2,2,5,2,9,True,0.0459,1,1,300,6293.20,0.00,0.0000
pop300_gen1000_mut0.01_elite2_tour2,300,1000,0.0100,2,2,5,2,10,True,0.0450,1,1,300,6300.80,0.00,0.0000
pop300_gen1000_mut0.01_elite2_tour3,300,1000,0.0100,2,3,5,2,1,True,0.0444,1,1,300,6292.80,0.00,0.0000
pop300_gen1000_mut0.01_elite2_tour3,300,1000,0.0100,2,3,5,2,2,True,0.0438,1,1,300,6292.80,0.00,0.0000
pop300_gen1000_mut0.01_elite2_tour3,300,1000,0.0100,2,3,5,2,3,True,0.2660,6,6,1800,6302.00,4789.00,-0.0760
pop300_gen1000_mut0.01_elite2_tour3,300,1000,0.0100,2,3,5,2,4,True,0.0446,1,1,300,6292.80,0.00,0.0000
pop300_gen1000_mut0.01_elite2_tour3,300,1000,0.0100,2,3,5,2,5,True,0.0436,1,1,300,6300.80,0.00,0.0000
pop300_gen1000_mut0.01_elite2_tour3,300,1000,0.0100,2,3,5,2,6,True,0.0454,1,1,300,6292.80,0.00,0.0000
pop300_gen1000_mut0.01_elite2_tour3,300,1000,0.0100,2,3,5,2,7,True,0.0449,1,1,300,6293.20,0.00,0.0000
pop300_gen1000_mut0.01_elite2_tour3,300,1000,0.0100,2,3,5,2,8,True,0.0452,1,1,300,6293.60,0.00,0.0000
pop300_gen1000_mut0.01_elite2_tour3,300,1000,0.0100,2,3,5,2,9,True,0.0450,1,1,300,6293.20,0.00,0.0000
pop300_gen1000_mut0.01_elite2_tour3,300,1000,0.0100,2,3,5,2,10,True,0.0858,2,2,600,6301.20,4693.40,-0.0060
pop300_gen1000_mut0.01_elite2_tour5,300,1000,0.0100,2,5,5,2,1,True,0.0451,1,1,300,6292.80,0.00,0.0000
pop300_gen1000_mut0.01_elite2_tour5,300,1000,0.0100,2,5,5,2,2,True,0.0473,1,1,300,6292.80,0.00,0.0000
pop300_gen1000_mut0.01_elite2_tour5,300,1000,0.0100,2,5,5,2,3,True,0.0477,1,1,300,6293.60,0.00,0.0000
pop300_gen1000_mut0.01_elite2_tour5,300,1000,0.0100,2,5,5,2,4,True,0.0446,1,1,300,6292.80,0.00,0.0000
pop300_gen1000_mut0.01_elite2_tour5,300,1000,0.0100,2,5,5,2,5,True,0.0446,1,1,300,6292.80,0.00,0.0000
pop300_gen1000_mut0.01_elite2_tour5,300,1000,0.0100,2,5,5,2,6,True,0.0442,1,1,300,6292.80,0.00,0.0000
pop300_gen1000_mut0.01_elite2_tour5,300,1000,0.0100,2,5,5,2,7,True,0.0457,1,1,300,6293.20,0.00,0.0000
pop300_gen1000_mut0.01_elite2_tour5,300,1000,0.0100,2,5,5,2,8,True,0.0448,1,1,300,6293.20,0.00,0.0000
pop300_gen1000_mut0.01_elite2_tour5,300,1000,0.0100,2,5,5,2,9,True,0.0450,1,1,300,6293.20,0.00,0.0000
pop300_gen1000_mut0.01_elite2_tour5,300,1000,0.0100,2,5,5,2,10,True,0.0490,1,1,300,6292.80,0.00,0.0000
pop100_gen1000_mut0.03_elite2_tour2,100,1000,0.0300,2,2,5,2,1,True,0.0079,1,1,100,6293.60,0.00,0.0000
pop100_gen1000_mut0.03_elite2_tour2,100,1000,0.0300,2,2,5,2,2,True,0.0079,1,1,100,6293.60,0.00,0.0000
pop100_gen1000_mut0.03_elite2_tour2,100,1000,0.0300,2,2,5,2,3,True,0.0166,2,2,200,6301.60,4710.40,-0.0170
pop100_gen1000_mut0.03_elite2_tour2,100,1000,0.0300,2,2,5,2,4,True,0.0077,1,1,100,6292.80,0.00,0.0000
pop100_gen1000_mut0.03_elite2_tour2,100,1000,0.0300,2,2,5,2,5,True,0.0310,4,4,400,6302.00,4710.80,-0.0310
pop100_gen1000_mut0.03_elite2_tour2,100,1000,0.0300,2,2,5,2,6,True,0.0078,1,1,100,6293.60,0.00,0.0000
pop100_gen1000_mut0.03_elite2_tour2,100,1000,0.0300,2,2,5,2,7,True,0.0147,2,2,200,6302.00,4764.40,-0.0140
pop100_gen1000_mut0.03_elite2_tour2,100,1000,0.0300,2,2,5,2,8,True,0.0078,1,1,100,6292.80,0.00,0.0000
pop100_gen1000_mut0.03_elite2_tour2,100,1000,0.0300,2,2,5,2,9,True,0.0157,2,2,200,6302.40,4711.20,-0.0130
pop100_gen1000_mut0.03_elite2_tour2,100,1000,0.0300,2,2,5,2,10,True,0.0142,2,2,200,6302.00,4694.20,-0.0120
pop100_gen1000_mut0.03_elite2_tour3,100,1000,0.0300,2,3,5,2,1,True,0.0080,1,1,100,6301.60,0.00,0.0000
pop100_gen1000_mut0.03_elite2_tour3,100,1000,0.0300,2,3,5,2,2,True,0.0076,1,1,100,6293.60,0.00,0.0000
pop100_gen1000_mut0.03_elite2_tour3,100,1000,0.0300,2,3,5,2,3,True,0.0075,1,1,100,6293.20,0.00,0.0000
pop100_gen1000_mut0.03_elite2_tour3,100,1000,0.0300,2,3,5,2,4,True,0.0077,1,1,100,6293.60,0.00,0.0000
pop100_gen1000_mut0.03_elite2_tour3,100,1000,0.0300,2,3,5,2,5,True,0.0080,1,1,100,6301.60,0.00,0.0000
pop100_gen1000_mut0.03_elite2_tour3,100,1000,0.0300,2,3,5,2,6,True,0.0077,1,1,100,6293.60,0.00,0.0000
pop100_gen1000_mut0.03_elite2_tour3,100,1000,0.0300,2,3,5,2,7,True,0.0154,2,2,200,6301.60,4710.40,-0.0170
pop100_gen1000_mut0.03_elite2_tour3,100,1000,0.0300,2,3,5,2,8,True,0.0078,1,1,100,6293.60,0.00,0.0000
pop100_gen1000_mut0.03_elite2_tour3,100,1000,0.0300,2,3,5,2,9,True,0.0081,1,1,100,6292.80,0.00,0.0000
pop100_gen1000_mut0.03_elite2_tour3,100,1000,0.0300,2,3,5,2,10,True,0.0155,2,2,200,6302.00,4764.40,-0.0140
pop100_gen1000_mut0.03_elite2_tour5,100,1000,0.0300,2,5,5,2,1,True,0.0142,2,2,200,6301.20,4693.40,-0.0150
pop100_gen1000_mut0.03_elite2_tour5,100,1000,0.0300,2,5,5,2,2,True,0.0079,1,1,100,6292.80,0.00,0.0000
pop100_gen1000_mut0.03_elite2_tour5,100,1000,0.0300,2,5,5,2,3,True,0.0077,1,1,100,6292.80,0.00,0.0000
pop100_gen1000_mut0.03_elite2_tour5,100,1000,0.0300,2,5,5,2,4,True,0.0081,1,1,100,6301.60,0.00,0.0000
pop100_gen1000_mut0.03_elite2_tour5,100,1000,0.0300,2,5,5,2,5,True,0.0074,1,1,100,6292.80,0.00,0.0000
pop100_gen1000_mut0.03_elite2_tour5,100,1000,0.0300,2,5,5,2,6,True,0.0076,1,1,100,6292.80,0.00,0.0000
pop100_gen1000_mut0.03_elite2_tour5,100,1000,0.0300,2,5,5,2,7,True,0.0077,1,1,100,6293.60,0.00,0.0000
pop100_gen1000_mut0.03_elite2_tour5,100,1000,0.0300,2,5,5,2,8,True,0.0077,1,1,100,6293.20,0.00,0.0000
pop100_gen1000_mut0.03_elite2_tour5,100,1000,0.0300,2,5,5,2,9,True,0.0076,1,1,100,6293.60,0.00,0.0000
pop100_gen1000_mut0.03_elite2_tour5,100,1000,0.0300,2,5,5,2,10,True,0.0075,1,1,100,6293.20,0.00,0.0000
pop200_gen1000_mut0.03_elite2_tour2,200,1000,0.0300,2,2,5,2,1,True,0.0222,1,1,200,6300.80,0.00,0.0000
pop200_gen1000_mut0.03_elite2_tour2,200,1000,0.0300,2,2,5,2,2,True,0.0227,1,1,200,6292.80,0.00,0.0000
pop200_gen1000_mut0.03_elite2_tour2,200,1000,0.0300,2,2,5,2,3,True,0.0220,1,1,200,6292.80,0.00,0.0000
pop200_gen1000_mut0.03_elite2_tour2,200,1000,0.0300,2,2,5,2,4,True,0.0433,2,2,400,6301.20,4693.40,-0.0170
pop200_gen1000_mut0.03_elite2_tour2,200,1000,0.0300,2,2,5,2,5,True,0.0437,2,2,400,6301.20,4693.40,-0.0150
pop200_gen1000_mut0.03_elite2_tour2,200,1000,0.0300,2,2,5,2,6,True,0.0224,1,1,200,6292.80,0.00,0.0000
pop200_gen1000_mut0.03_elite2_tour2,200,1000,0.0300,2,2,5,2,7,True,0.0222,1,1,200,6293.20,0.00,0.0000
pop200_gen1000_mut0.03_elite2_tour2,200,1000,0.0300,2,2,5,2,8,True,0.0225,1,1,200,6293.20,0.00,0.0000
pop200_gen1000_mut0.03_elite2_tour2,200,1000,0.0300,2,2,5,2,9,True,0.0227,1,1,200,6292.80,0.00,0.0000
pop200_gen1000_mut0.03_elite2_tour2,200,1000,0.0300,2,2,5,2,10,True,0.0230,1,1,200,6292.80,0.00,0.0000
pop200_gen1000_mut0.03_elite2_tour3,200,1000,0.0300,2,3,5,2,1,True,0.0462,2,2,400,6302.00,4653.40,-0.0100
pop200_gen1000_mut0.03_elite2_tour3,200,1000,0.0300,2,3,5,2,2,True,0.0465,2,2,400,6301.60,4710.40,-0.0110
pop200_gen1000_mut0.03_elite2_tour3,200,1000,0.0300,2,3,5,2,3,True,0.0239,1,1,200,6292.80,0.00,0.0000
pop200_gen1000_mut0.03_elite2_tour3,200,1000,0.0300,2,3,5,2,4,True,0.0232,1,1,200,6292.80,0.00,0.0000
pop200_gen1000_mut0.03_elite2_tour3,200,1000,0.0300,2,3,5,2,5,True,0.0227,1,1,200,6293.60,0.00,0.0000
pop200_gen1000_mut0.03_elite2_tour3,200,1000,0.0300,2,3,5,2,6,True,0.0436,2,2,400,6302.00,4764.40,-0.0150
pop200_gen1000_mut0.03_elite2_tour3,200,1000,0.0300,2,3,5,2,7,True,0.0227,1,1,200,6293.60,0.00,0.0000
pop200_gen1000_mut0.03_elite2_tour3,200,1000,0.0300,2,3,5,2,8,True,0.0231,1,1,200,6292.80,0.00,0.0000
pop200_gen1000_mut0.03_elite2_tour3,200,1000,0.0300,2,3,5,2,9,True,0.0226,1,1,200,6292.80,0.00,0.0000
pop200_gen1000_mut0.03_elite2_tour3,200,1000,0.0300,2,3,5,2,10,True,0.1129,5,5,1000,6302.00,4789.00,-0.1000
pop200_gen1000_mut0.03_elite2_tour5,200,1000,0.0300,2,5,5,2,1,True,0.0226,1,1,200,6292.80,0.00,0.0000
pop200_gen1000_mut0.03_elite2_tour5,200,1000,0.0300,2,5,5,2,2,True,0.0232,1,1,200,6292.80,0.00,0.0000
pop200_gen1000_mut0.03_elite2_tour5,200,1000,0.0300,2,5,5,2,3,True,0.0231,1,1,200,6301.60,0.00,0.0000
pop200_gen1000_mut0.03_elite2_tour5,200,1000,0.0300,2,5,5,2,4,True,0.0453,2,2,400,6302.00,4764.40,-0.0150
pop200_gen1000_mut0.03_elite2_tour5,200,1000,0.0300,2,5,5,2,5,True,0.0442,2,2,400,6302.00,4694.20,-0.0180
pop200_gen1000_mut0.03_elite2_tour5,200,1000,0.0300,2,5,5,2,6,True,0.0437,2,2,400,6302.00,4907.40,-0.0140
pop200_gen1000_mut0.03_elite2_tour5,200,1000,0.0300,2,5,5,2,7,True,0.0235,1,1,200,6293.20,0.00,0.0000
pop200_gen1000_mut0.03_elite2_tour5,200,1000,0.0300,2,5,5,2,8,True,0.0226,1,1,200,6294.00,0.00,0.0000
pop200_gen1000_mut0.03_elite2_tour5,200,1000,0.0300,2,5,5,2,9,True,0.0224,1,1,200,6293.60,0.00,0.0000
pop200_gen1000_mut0.03_elite2_tour5,200,1000,0.0300,2,5,5,2,10,True,0.0230,1,1,200,6301.60,0.00,0.0000
pop300_gen1000_mut0.03_elite2_tour2,300,1000,0.0300,2,2,5,2,1,True,0.0438,1,1,300,6293.20,0.00,0.0000
pop300_gen1000_mut0.03_elite2_tour2,300,1000,0.0300,2,2,5,2,2,True,0.0868,2,2,600,6301.20,4693.40,-0.0200
pop300_gen1000_mut0.03_elite2_tour2,300,1000,0.0300,2,2,5,2,3,True,0.0866,2,2,600,6301.20,4693.40,-0.0150
pop300_gen1000_mut0.03_elite2_tour2,300,1000,0.0300,2,2,5,2,4,True,0.0443,1,1,300,6293.60,0.00,0.0000
pop300_gen1000_mut0.03_elite2_tour2,300,1000,0.0300,2,2,5,2,5,True,0.0450,1,1,300,6293.20,0.00,0.0000
pop300_gen1000_mut0.03_elite2_tour2,300,1000,0.0300,2,2,5,2,6,True,0.0892,2,2,600,6302.00,4764.40,-0.0120
pop300_gen1000_mut0.03_elite2_tour2,300,1000,0.0300,2,2,5,2,7,True,0.0450,1,1,300,6293.20,0.00,0.0000
pop300_gen1000_mut0.03_elite2_tour2,300,1000,0.0300,2,2,5,2,8,True,0.0447,1,1,300,6292.80,0.00,0.0000
pop300_gen1000_mut0.03_elite2_tour2,300,1000,0.0300,2,2,5,2,9,True,0.2251,5,5,1500,6302.00,4789.00,-0.0690
pop300_gen1000_mut0.03_elite2_tour2,300,1000,0.0300,2,2,5,2,10,True,0.0868,2,2,600,6301.20,4693.40,-0.0200
pop300_gen1000_mut0.03_elite2_tour3,300,1000,0.0300,2,3,5,2,1,True,0.0447,1,1,300,6301.60,0.00,0.0000
pop300_gen1000_mut0.03_elite2_tour3,300,1000,0.0300,2,3,5,2,2,True,0.0866,2,2,600,6302.00,4907.40,-0.0160
pop300_gen1000_mut0.03_elite2_tour3,300,1000,0.0300,2,3,5,2,3,True,0.0447,1,1,300,6293.60,0.00,0.0000
pop300_gen1000_mut0.03_elite2_tour3,300,1000,0.0300,2,3,5,2,4,True,0.0452,1,1,300,6300.80,0.00,0.0000
pop300_gen1000_mut0.03_elite2_tour3,300,1000,0.0300,2,3,5,2,5,True,0.0445,1,1,300,6292.80,0.00,0.0000
pop300_gen1000_mut0.03_elite2_tour3,300,1000,0.0300,2,3,5,2,6,True,0.0899,2,2,600,6301.60,4710.40,-0.0170
pop300_gen1000_mut0.03_elite2_tour3,300,1000,0.0300,2,3,5,2,7,True,0.0439,1,1,300,6300.80,0.00,0.0000
pop300_gen1000_mut0.03_elite2_tour3,300,1000,0.0300,2,3,5,2,8,True,0.0451,1,1,300,6293.60,0.00,0.0000
pop300_gen1000_mut0.03_elite2_tour3,300,1000,0.0300,2,3,5,2,9,True,0.0439,1,1,300,6292.80,0.00,0.0000
pop300_gen1000_mut0.03_elite2_tour3,300,1000,0.0300,2,3,5,2,10,True,0.0443,1,1,300,6300.80,0.00,0.0000
pop300_gen1000_mut0.03_elite2_tour5,300,1000,0.0300,2,5,5,2,1,True,0.0448,1,1,300,6293.60,0.00,0.0000
pop300_gen1000_mut0.03_elite2_tour5,300,1000,0.0300,2,5,5,2,2,True,0.0461,1,1,300,6301.60,0.00,0.0000
pop300_gen1000_mut0.03_elite2_tour5,300,1000,0.0300,2,5,5,2,3,True,0.0447,1,1,300,6294.00,0.00,0.0000
pop300_gen1000_mut0.03_elite2_tour5,300,1000,0.0300,2,5,5,2,4,True,0.0447,1,1,300,6293.60,0.00,0.0000
pop300_gen1000_mut0.03_elite2_tour5,300,1000,0.0300,2,5,5,2,5,True,0.0460,1,1,300,6293.60,0.00,0.0000
pop300_gen1000_mut0.03_elite2_tour5,300,1000,0.0300,2,5,5,2,6,True,0.0449,1,1,300,6292.80,0.00,0.0000
pop300_gen1000_mut0.03_elite2_tour5,300,1000,0.0300,2,5,5,2,7,True,0.0455,1,1,300,6292.80,0.00,0.0000
pop300_gen1000_mut0.03_elite2_tour5,300,1000,0.0300,2,5,5,2,8,True,0.0491,1,1,300,6293.20,0.00,0.0000
pop300_gen1000_mut0.03_elite2_tour5,300,1000,0.0300,2,5,5,2,9,True,0.0901,2,2,600,6301.20,4693.40,-0.0160
pop300_gen1000_mut0.03_elite2_tour5,300,1000,0.0300,2,5,5,2,10,True,0.0465,1,1,300,6292.80,0.00,0.0000
pop100_gen1000_mut0.05_elite2_tour2,100,1000,0.0500,2,2,5,2,1,True,0.0080,1,1,100,6292.80,0.00,0.0000
pop100_gen1000_mut0.05_elite2_tour2,100,1000,0.0500,2,2,5,2,2,True,0.0078,1,1,100,6292.80,0.00,0.0000
pop100_gen1000_mut0.05_elite2_tour2,100,1000,0.0500,2,2,5,2,3,True,0.0146,2,2,200,6302.00,4764.40,-0.0210
pop100_gen1000_mut0.05_elite2_tour2,100,1000,0.0500,2,2,5,2,4,True,0.0080,1,1,100,6301.60,0.00,0.0000
pop100_gen1000_mut0.05_elite2_tour2,100,1000,0.0500,2,2,5,2,5,True,0.0312,4,4,400,6302.00,4789.00,-0.0740
pop100_gen1000_mut0.05_elite2_tour2,100,1000,0.0500,2,2,5,2,6,True,0.0159,2,2,200,6301.20,4693.40,-0.0280
pop100_gen1000_mut0.05_elite2_tour2,100,1000,0.0500,2,2,5,2,7,True,0.0077,1,1,100,6293.60,0.00,0.0000
pop100_gen1000_mut0.05_elite2_tour2,100,1000,0.0500,2,2,5,2,8,True,0.0074,1,1,100,6300.80,0.00,0.0000
pop100_gen1000_mut0.05_elite2_tour2,100,1000,0.0500,2,2,5,2,9,True,0.0293,4,4,400,6302.00,4789.00,-0.0620
pop100_gen1000_mut0.05_elite2_tour2,100,1000,0.0500,2,2,5,2,10,True,0.0079,1,1,100,6293.60,0.00,0.0000
pop100_gen1000_mut0.05_elite2_tour3,100,1000,0.0500,2,3,5,2,1,True,0.0127,1,1,100,6293.60,0.00,0.0000
pop100_gen1000_mut0.05_elite2_tour3,100,1000,0.0500,2,3,5,2,2,True,0.0164,2,2,200,6302.00,4653.40,-0.0130
pop100_gen1000_mut0.05_elite2_tour3,100,1000,0.0500,2,3,5,2,3,True,0.0227,3,3,300,6302.00,4789.00,-0.0370
pop100_gen1000_mut0.05_elite2_tour3,100,1000,0.0500,2,3,5,2,4,True,0.0157,2,2,200,6302.80,4654.20,-0.0230
pop100_gen1000_mut0.05_elite2_tour3,100,1000,0.0500,2,3,5,2,5,True,0.0144,2,2,200,6301.20,4693.40,-0.0280
pop100_gen1000_mut0.05_elite2_tour3,100,1000,0.0500,2,3,5,2,6,True,0.0079,1,1,100,6301.60,0.00,0.0000
pop100_gen1000_mut0.05_elite2_tour3,100,1000,0.0500,2,3,5,2,7,True,0.0078,1,1,100,6294.00,0.00,0.0000
pop100_gen1000_mut0.05_elite2_tour3,100,1000,0.0500,2,3,5,2,8,True,0.0078,1,1,100,6292.80,0.00,0.0000
pop100_gen1000_mut0.05_elite2_tour3,100,1000,0.0500,2,3,5,2,9,True,0.0077,1,1,100,6292.80,0.00,0.0000
pop100_gen1000_mut0.05_elite2_tour3,100,1000,0.0500,2,3,5,2,10,True,0.0077,1,1,100,6293.60,0.00,0.0000
pop100_gen1000_mut0.05_elite2_tour5,100,1000,0.0500,2,5,5,2,1,True,0.0078,1,1,100,6293.20,0.00,0.0000
pop100_gen1000_mut0.05_elite2_tour5,100,1000,0.0500,2,5,5,2,2,True,0.0143,2,2,200,6302.00,4907.40,-0.0160
pop100_gen1000_mut0.05_elite2_tour5,100,1000,0.0500,2,5,5,2,3,True,0.0079,1,1,100,6293.60,0.00,0.0000
pop100_gen1000_mut0.05_elite2_tour5,100,1000,0.0500,2,5,5,2,4,True,0.0077,1,1,100,6294.00,0.00,0.0000
pop100_gen1000_mut0.05_elite2_tour5,100,1000,0.0500,2,5,5,2,5,True,0.0146,2,2,200,6302.00,4907.40,-0.0200
pop100_gen1000_mut0.05_elite2_tour5,100,1000,0.0500,2,5,5,2,6,True,0.0077,1,1,100,6292.80,0.00,0.0000
pop100_gen1000_mut0.05_elite2_tour5,100,1000,0.0500,2,5,5,2,7,True,0.0083,1,1,100,6292.80,0.00,0.0000
pop100_gen1000_mut0.05_elite2_tour5,100,1000,0.0500,2,5,5,2,8,True,0.0073,1,1,100,6292.80,0.00,0.0000
pop100_gen1000_mut0.05_elite2_tour5,100,1000,0.0500,2,5,5,2,9,True,0.0149,2,2,200,6302.40,4764.80,-0.0300
pop100_gen1000_mut0.05_elite2_tour5,100,1000,0.0500,2,5,5,2,10,True,0.0080,1,1,100,6293.60,0.00,0.0000
pop200_gen1000_mut0.05_elite2_tour2,200,1000,0.0500,2,2,5,2,1,True,0.0221,1,1,200,6292.80,0.00,0.0000
pop200_gen1000_mut0.05_elite2_tour2,200,1000,0.0500,2,2,5,2,2,True,0.0917,4,4,800,6302.00,4789.00,-0.0650
pop200_gen1000_mut0.05_elite2_tour2,200,1000,0.0500,2,2,5,2,3,True,0.0223,1,1,200,6293.20,0.00,0.0000
pop200_gen1000_mut0.05_elite2_tour2,200,1000,0.0500,2,2,5,2,4,True,0.0224,1,1,200,6293.60,0.00,0.0000
pop200_gen1000_mut0.05_elite2_tour2,200,1000,0.0500,2,2,5,2,5,True,0.0236,1,1,200,6292.80,0.00,0.0000
pop200_gen1000_mut0.05_elite2_tour2,200,1000,0.0500,2,2,5,2,6,True,0.0234,1,1,200,6293.60,0.00,0.0000
pop200_gen1000_mut0.05_elite2_tour2,200,1000,0.0500,2,2,5,2,7,True,0.0222,1,1,200,6292.80,0.00,0.0000
pop200_gen1000_mut0.05_elite2_tour2,200,1000,0.0500,2,2,5,2,8,True,0.0223,1,1,200,6292.80,0.00,0.0000
pop200_gen1000_mut0.05_elite2_tour2,200,1000,0.0500,2,2,5,2,9,True,0.0224,1,1,200,6293.20,0.00,0.0000
pop200_gen1000_mut0.05_elite2_tour2,200,1000,0.0500,2,2,5,2,10,True,0.0901,4,4,800,6302.00,4789.00,-0.0650
pop200_gen1000_mut0.05_elite2_tour3,200,1000,0.0500,2,3,5,2,1,True,0.0220,1,1,200,6293.20,0.00,0.0000
pop200_gen1000_mut0.05_elite2_tour3,200,1000,0.0500,2,3,5,2,2,True,0.0224,1,1,200,6293.60,0.00,0.0000
pop200_gen1000_mut0.05_elite2_tour3,200,1000,0.0500,2,3,5,2,3,True,0.0232,1,1,200,6292.80,0.00,0.0000
pop200_gen1000_mut0.05_elite2_tour3,200,1000,0.0500,2,3,5,2,4,True,0.0226,1,1,200,6293.20,0.00,0.0000
pop200_gen1000_mut0.05_elite2_tour3,200,1000,0.0500,2,3,5,2,5,True,0.0224,1,1,200,6300.80,0.00,0.0000
pop200_gen1000_mut0.05_elite2_tour3,200,1000,0.0500,2,3,5,2,6,True,0.0449,2,2,400,6301.60,4710.40,-0.0250
pop200_gen1000_mut0.05_elite2_tour3,200,1000,0.0500,2,3,5,2,7,True,0.0219,1,1,200,6292.80,0.00,0.0000
pop200_gen1000_mut0.05_elite2_tour3,200,1000,0.0500,2,3,5,2,8,True,0.0479,2,2,400,6302.00,4653.40,-0.0220
pop200_gen1000_mut0.05_elite2_tour3,200,1000,0.0500,2,3,5,2,9,True,0.0230,1,1,200,6292.80,0.00,0.0000
pop200_gen1000_mut0.05_elite2_tour3,200,1000,0.0500,2,3,5,2,10,True,0.0223,1,1,200,6293.60,0.00,0.0000
pop200_gen1000_mut0.05_elite2_tour5,200,1000,0.0500,2,5,5,2,1,True,0.0230,1,1,200,6300.80,0.00,0.0000
pop200_gen1000_mut0.05_elite2_tour5,200,1000,0.0500,2,5,5,2,2,True,0.0229,1,1,200,6292.80,0.00,0.0000
pop200_gen1000_mut0.05_elite2_tour5,200,1000,0.0500,2,5,5,2,3,True,0.0454,2,2,400,6301.20,4693.40,-0.0280
pop200_gen1000_mut0.05_elite2_tour5,200,1000,0.0500,2,5,5,2,4,True,0.0251,1,1,200,6294.00,0.00,0.0000
pop200_gen1000_mut0.05_elite2_tour5,200,1000,0.0500,2,5,5,2,5,True,0.0229,1,1,200,6292.80,0.00,0.0000
pop200_gen1000_mut0.05_elite2_tour5,200,1000,0.0500,2,5,5,2,6,True,0.0226,1,1,200,6293.60,0.00,0.0000
pop200_gen1000_mut0.05_elite2_tour5,200,1000,0.0500,2,5,5,2,7,True,0.0438,2,2,400,6301.20,4693.40,-0.0300
pop200_gen1000_mut0.05_elite2_tour5,200,1000,0.0500,2,5,5,2,8,True,0.0224,1,1,200,6292.80,0.00,0.0000
pop200_gen1000_mut0.05_elite2_tour5,200,1000,0.0500,2,5,5,2,9,True,0.0466,2,2,400,6301.60,4710.40,-0.0260
pop200_gen1000_mut0.05_elite2_tour5,200,1000,0.0500,2,5,5,2,10,True,0.0225,1,1,200,6293.60,0.00,0.0000
pop300_gen1000_mut0.05_elite2_tour2,300,1000,0.0500,2,2,5,2,1,True,0.0446,1,1,300,6292.80,0.00,0.0000
pop300_gen1000_mut0.05_elite2_tour2,300,1000,0.0500,2,2,5,2,2,True,0.0872,2,2,600,6302.00,4764.40,-0.0280
pop300_gen1000_mut0.05_elite2_tour2,300,1000,0.0500,2,2,5,2,3,True,0.0448,1,1,300,6293.60,0.00,0.0000
pop300_gen1000_mut0.05_elite2_tour2,300,1000,0.0500,2,2,5,2,4,True,0.0440,1,1,300,6292.80,0.00,0.0000
pop300_gen1000_mut0.05_elite2_tour2,300,1000,0.0500,2,2,5,2,5,True,0.0444,1,1,300,6293.60,0.00,0.0000
pop300_gen1000_mut0.05_elite2_tour2,300,1000,0.0500,2,2,5,2,6,True,0.1808,4,4,1200,6302.00,4789.00,-0.0660
pop300_gen1000_mut0.05_elite2_tour2,300,1000,0.0500,2,2,5,2,7,True,0.0454,1,1,300,6293.60,0.00,0.0000
pop300_gen1000_mut0.05_elite2_tour2,300,1000,0.0500,2,2,5,2,8,True,0.0453,1,1,300,6292.80,0.00,0.0000
pop300_gen1000_mut0.05_elite2_tour2,300,1000,0.0500,2,2,5,2,9,True,0.1359,3,3,900,6302.00,4789.00,-0.0440
pop300_gen1000_mut0.05_elite2_tour2,300,1000,0.0500,2,2,5,2,10,True,0.0442,1,1,300,6293.60,0.00,0.0000
pop300_gen1000_mut0.05_elite2_tour3,300,1000,0.0500,2,3,5,2,1,True,0.0458,1,1,300,6301.60,0.00,0.0000
pop300_gen1000_mut0.05_elite2_tour3,300,1000,0.0500,2,3,5,2,2,True,0.0447,1,1,300,6292.80,0.00,0.0000
pop300_gen1000_mut0.05_elite2_tour3,300,1000,0.0500,2,3,5,2,3,True,0.0877,2,2,600,6301.20,4693.40,-0.0270
pop300_gen1000_mut0.05_elite2_tour3,300,1000,0.0500,2,3,5,2,4,True,0.0458,1,1,300,6300.80,0.00,0.0000
pop300_gen1000_mut0.05_elite2_tour3,300,1000,0.0500,2,3,5,2,5,True,0.0458,1,1,300,6293.60,0.00,0.0000
pop300_gen1000_mut0.05_elite2_tour3,300,1000,0.0500,2,3,5,2,6,True,0.0924,2,2,600,6302.80,4654.20,-0.0200
pop300_gen1000_mut0.05_elite2_tour3,300,1000,0.0500,2,3,5,2,7,True,0.0448,1,1,300,6301.60,0.00,0.0000
pop300_gen1000_mut0.05_elite2_tour3,300,1000,0.0500,2,3,5,2,8,True,0.0459,1,1,300,6292.80,0.00,0.0000
pop300_gen1000_mut0.05_elite2_tour3,300,1000,0.0500,2,3,5,2,9,True,0.0883,2,2,600,6302.00,4764.40,-0.0260
pop300_gen1000_mut0.05_elite2_tour3,300,1000,0.0500,2,3,5,2,10,True,0.0449,1,1,300,6292.80,0.00,0.0000
pop300_gen1000_mut0.05_elite2_tour5,300,1000,0.0500,2,5,5,2,1,True,0.0448,1,1,300,6293.60,0.00,0.0000
pop300_gen1000_mut0.05_elite2_tour5,300,1000,0.0500,2,5,5,2,2,True,0.0448,1,1,300,6294.00,0.00,0.0000
pop300_gen1000_mut0.05_elite2_tour5,300,1000,0.0500,2,5,5,2,3,True,0.0440,1,1,300,6293.60,0.00,0.0000
pop300_gen1000_mut0.05_elite2_tour5,300,1000,0.0500,2,5,5,2,4,True,0.0455,1,1,300,6292.80,0.00,0.0000
pop300_gen1000_mut0.05_elite2_tour5,300,1000,0.0500,2,5,5,2,5,True,0.0459,1,1,300,6301.60,0.00,0.0000
pop300_gen1000_mut0.05_elite2_tour5,300,1000,0.0500,2,5,5,2,6,True,0.0450,1,1,300,6293.60,0.00,0.0000
pop300_gen1000_mut0.05_elite2_tour5,300,1000,0.0500,2,5,5,2,7,True,0.0442,1,1,300,6300.80,0.00,0.0000
pop300_gen1000_mut0.05_elite2_tour5,300,1000,0.0500,2,5,5,2,8,True,0.0454,1,1,300,6293.20,0.00,0.0000
pop300_gen1000_mut0.05_elite2_tour5,300,1000,0.0500,2,5,5,2,9,True,0.0446,1,1,300,6292.80,0.00,0.0000
pop300_gen1000_mut0.05_elite2_tour5,300,1000,0.0500,2,5,5,2,10,True,0.0448,1,1,300,6292.80,0.00,0.0000
pop100_gen500_mut0.01_elite5_tour2,100,500,0.0100,5,2,5,2,1,True,0.0078,1,1,100,6293.20,0.00,0.0000
pop100_gen500_mut0.01_elite5_tour2,100,500,0.0100,5,2,5,2,2,True,0.0075,1,1,100,6292.80,0.00,0.0000
pop100_gen500_mut0.01_elite5_tour2,100,500,0.0100,5,2,5,2,3,True,0.0076,1,1,100,6292.80,0.00,0.0000
pop100_gen500_mut0.01_elite5_tour2,100,500,0.0100,5,2,5,2,4,True,0.0145,2,2,200,6301.20,4693.40,-0.0060
pop100_gen500_mut0.01_elite5_tour2,100,500,0.0100,5,2,5,2,5,True,0.0081,1,1,100,6300.80,0.00,0.0000
pop100_gen500_mut0.01_elite5_tour2,100,500,0.0100,5,2,5,2,6,True,0.0158,2,2,200,6302.00,4653.40,-0.0060
pop100_gen500_mut0.01_elite5_tour2,100,500,0.0100,5,2,5,2,7,True,0.0076,1,1,100,6292.80,0.00,0.0000
pop100_gen500_mut0.01_elite5_tour2,100,500,0.0100,5,2,5,2,8,True,0.0075,1,1,100,6292.80,0.00,0.0000
pop100_gen500_mut0.01_elite5_tour2,100,500,0.0100,5,2,5,2,9,True,0.0076,1,1,100,6293.60,0.00,0.0000
pop100_gen500_mut0.01_elite5_tour2,100,500,0.0100,5,2,5,2,10,True,0.0605,8,8,800,6301.60,4788.60,-0.0550
pop100_gen500_mut0.01_elite5_tour3,100,500,0.0100,5,3,5,2,1,True,0.0078,1,1,100,6292.80,0.00,0.0000
pop100_gen500_mut0.01_elite5_tour3,100,500,0.0100,5,3,5,2,2,True,0.0155,2,2,200,6302.00,4653.40,-0.0020
pop100_gen500_mut0.01_elite5_tour3,100,500,0.0100,5,3,5,2,3,True,0.0082,1,1,100,6300.80,0.00,0.0000
pop100_gen500_mut0.01_elite5_tour3,100,500,0.0100,5,3,5,2,4,True,0.0078,1,1,100,6293.20,0.00,0.0000
pop100_gen500_mut0.01_elite5_tour3,100,500,0.0100,5,3,5,2,5,True,0.0079,1,1,100,6293.20,0.00,0.0000
pop100_gen500_mut0.01_elite5_tour3,100,500,0.0100,5,3,5,2,6,True,0.0076,1,1,100,6293.60,0.00,0.0000
pop100_gen500_mut0.01_elite5_tour3,100,500,0.0100,5,3,5,2,7,True,0.0146,2,2,200,6302.00,4907.40,-0.0030
pop100_gen500_mut0.01_elite5_tour3,100,500,0.0100,5,3,5,2,8,True,0.0405,5,5,500,6301.60,4653.00,-0.0280
pop100_gen500_mut0.01_elite5_tour3,100,500,0.0100,5,3,5,2,9,True,0.0077,1,1,100,6292.80,0.00,0.0000
pop100_gen500_mut0.01_elite5_tour3,100,500,0.0100,5,3,5,2,10,True,0.0076,1,1,100,6292.80,0.00,0.0000
pop100_gen500_mut0.01_elite5_tour5,100,500,0.0100,5,5,5,2,1,True,0.0077,1,1,100,6292.80,0.00,0.0000
pop100_gen500_mut0.01_elite5_tour5,100,500,0.0100,5,5,5,2,2,True,0.0073,1,1,100,6293.20,0.00,0.0000
pop100_gen500_mut0.01_elite5_tour5,100,500,0.0100,5,5,5,2,3,True,0.0075,1,1,100,6292.80,0.00,0.0000
pop100_gen500_mut0.01_elite5_tour5,100,500,0.0100,5,5,5,2,4,True,0.0076,1,1,100,6293.60,0.00,0.0000
pop100_gen500_mut0.01_elite5_tour5,100,500,0.0100,5,5,5,2,5,True,0.0083,1,1,100,6293.20,0.00,0.0000
pop100_gen500_mut0.01_elite5_tour5,100,500,0.0100,5,5,5,2,6,True,0.0076,1,1,100,6293.20,0.00,0.0000
pop100_gen500_mut0.01_elite5_tour5,100,500,0.0100,5,5,5,2,7,True,0.0077,1,1,100,6294.00,0.00,0.0000
pop100_gen500_mut0.01_elite5_tour5,100,500,0.0100,5,5,5,2,8,True,0.0079,1,1,100,6292.80,0.00,0.0000
pop100_gen500_mut0.01_elite5_tour5,100,500,0.0100,5,5,5,2,9,True,0.0076,1,1,100,6294.00,0.00,0.0000
pop100_gen500_mut0.01_elite5_tour5,100,500,0.0100,5,5,5,2,10,True,0.0082,1,1,100,6292.80,0.00,0.0000
pop200_gen500_mut0.01_elite5_tour2,200,500,0.0100,5,2,5,2,1,True,0.0230,1,1,200,6293.20,0.00,0.0000
pop200_gen500_mut0.01_elite5_tour2,200,500,0.0100,5,2,5,2,2,True,0.0230,1,1,200,6292.80,0.00,0.0000
pop200_gen500_mut0.01_elite5_tour2,200,500,0.0100,5,2,5,2,3,True,0.0226,1,1,200,6292.80,0.00,0.0000
pop200_gen500_mut0.01_elite5_tour2,200,500,0.0100,5,2,5,2,4,True,0.0239,1,1,200,6293.20,0.00,0.0000
pop200_gen500_mut0.01_elite5_tour2,200,500,0.0100,5,2,5,2,5,True,0.0459,2,2,400,6302.00,4653.40,-0.0030
pop200_gen500_mut0.01_elite5_tour2,200,500,0.0100,5,2,5,2,6,True,0.0225,1,1,200,6292.80,0.00,0.0000
pop200_gen500_mut0.01_elite5_tour2,200,500,0.0100,5,2,5,2,7,True,0.0430,2,2,400,6302.00,4907.40,-0.0040
pop200_gen500_mut0.01_elite5_tour2,200,500,0.0100,5,2,5,2,8,True,0.0245,1,1,200,6292.80,0.00,0.0000
pop200_gen500_mut0.01_elite5_tour2,200,500,0.0100,5,2,5,2,9,True,0.0230,1,1,200,6292.80,0.00,0.0000
pop200_gen500_mut0.01_elite5_tour2,200,500,0.0100,5,2,5,2,10,True,0.0227,1,1,200,6292.80,0.00,0.0000
pop200_gen500_mut0.01_elite5_tour3,200,500,0.0100,5,3,5,2,1,True,0.0274,1,1,200,6293.20,0.00,0.0000
pop200_gen500_mut0.01_elite5_tour3,200,500,0.0100,5,3,5,2,2,True,0.0443,2,2,400,6302.00,4907.40,-0.0040
pop200_gen500_mut0.01_elite5_tour3,200,500,0.0100,5,3,5,2,3,True,0.0246,1,1,200,6294.00,0.00,0.0000
pop200_gen500_mut0.01_elite5_tour3,200,500,0.0100,5,3,5,2,4,True,0.0221,1,1,200,6293.60,0.00,0.0000
pop200_gen500_mut0.01_elite5_tour3,200,500,0.0100,5,3,5,2,5,True,0.0224,1,1,200,6294.00,0.00,0.0000
pop200_gen500_mut0.01_elite5_tour3,200,500,0.0100,5,3,5,2,6,True,0.0228,1,1,200,6292.80,0.00,0.0000
pop200_gen500_mut0.01_elite5_tour3,200,500,0.0100,5,3,5,2,7,True,0.0436,2,2,400,6302.00,4764.40,-0.0050
pop200_gen500_mut0.01_elite5_tour3,200,500,0.0100,5,3,5,2,8,True,0.0231,1,1,200,6293.60,0.00,0.0000
pop200_gen500_mut0.01_elite5_tour3,200,500,0.0100,5,3,5,2,9,True,0.1829,8,8,1600,6300.40,4787.40,-0.0880
pop200_gen500_mut0.01_elite5_tour3,200,500,0.0100,5,3,5,2,10,True,0.0227,1,1,200,6293.60,0.00,0.0000
pop200_gen500_mut0.01_elite5_tour5,200,500,0.0100,5,5,5,2,1,True,0.2007,9,9,1800,6301.60,4788.60,-0.0660
pop200_gen500_mut0.01_elite5_tour5,200,500,0.0100,5,5,5,2,2,True,0.0674,3,3,600,6302.00,4764.40,-0.0080
pop200_gen500_mut0.01_elite5_tour5,200,500,0.0100,5,5,5,2,3,True,0.0697,3,3,600,6302.00,4653.40,-0.0060
pop200_gen500_mut0.01_elite5_tour5,200,500,0.0100,5,5,5,2,4,True,0.0228,1,1,200,6294.00,0.00,0.0000
pop200_gen500_mut0.01_elite5_tour5,200,500,0.0100,5,5,5,2,5,True,0.0228,1,1,200,6292.80,0.00,0.0000
pop200_gen500_mut0.01_elite5_tour5,200,500,0.0100,5,5,5,2,6,True,0.0463,2,2,400,6301.20,4693.40,-0.0040
pop200_gen500_mut0.01_elite5_tour5,200,500,0.0100,5,5,5,2,7,True,0.0229,1,1,200,6301.60,0.00,0.0000
pop200_gen500_mut0.01_elite5_tour5,200,500,0.0100,5,5,5,2,8,True,0.0671,3,3,600,6301.60,4710.40,-0.0230
pop200_gen500_mut0.01_elite5_tour5,200,500,0.0100,5,5,5,2,9,True,0.0225,1,1,200,6293.20,0.00,0.0000
pop200_gen500_mut0.01_elite5_tour5,200,500,0.0100,5,5,5,2,10,True,0.0230,1,1,200,6293.60,0.00,0.0000
pop300_gen500_mut0.01_elite5_tour2,300,500,0.0100,5,2,5,2,1,True,0.0916,2,2,600,6301.60,4710.40,-0.0040
pop300_gen500_mut0.01_elite5_tour2,300,500,0.0100,5,2,5,2,2,True,0.1298,3,3,900,6301.20,4693.40,-0.0110
pop300_gen500_mut0.01_elite5_tour2,300,500,0.0100,5,2,5,2,3,True,0.0899,2,2,600,6301.60,4710.40,-0.0070
pop300_gen500_mut0.01_elite5_tour2,300,500,0.0100,5,2,5,2,4,True,0.0869,2,2,600,6301.20,4693.40,-0.0080
pop300_gen500_mut0.01_elite5_tour2,300,500,0.0100,5,2,5,2,5,True,0.0455,1,1,300,6292.80,0.00,0.0000
pop300_gen500_mut0.01_elite5_tour2,300,500,0.0100,5,2,5,2,6,True,0.0460,1,1,300,6292.80,0.00,0.0000
pop300_gen500_mut0.01_elite5_tour2,300,500,0.0100,5,2,5,2,7,True,0.0459,1,1,300,6294.00,0.00,0.0000
pop300_gen500_mut0.01_elite5_tour2,300,500,0.0100,5,2,5,2,8,True,0.0443,1,1,300,6293.60,0.00,0.0000
pop300_gen500_mut0.01_elite5_tour2,300,500,0.0100,5,2,5,2,9,True,0.0438,1,1,300,6292.80,0.00,0.0000
pop300_gen500_mut0.01_elite5_tour2,300,500,0.0100,5,2,5,2,10,True,0.1418,3,3,900,6301.60,4710.40,-0.0100
pop300_gen500_mut0.01_elite5_tour3,300,500,0.0100,5,3,5,2,1,True,0.0883,2,2,600,6302.00,4907.40,-0.0040
pop300_gen500_mut0.01_elite5_tour3,300,500,0.0100,5,3,5,2,2,True,0.0444,1,1,300,6292.80,0.00,0.0000
pop300_gen500_mut0.01_elite5_tour3,300,500,0.0100,5,3,5,2,3,True,0.0447,1,1,300,6292.80,0.00,0.0000
pop300_gen500_mut0.01_elite5_tour3,300,500,0.0100,5,3,5,2,4,True,0.0916,2,2,600,6301.60,4710.40,-0.0060
pop300_gen500_mut0.01_elite5_tour3,300,500,0.0100,5,3,5,2,5,True,0.0896,2,2,600,6302.00,4764.40,-0.0060
pop300_gen500_mut0.01_elite5_tour3,300,500,0.0100,5,3,5,2,6,True,0.0462,1,1,300,6292.80,0.00,0.0000
pop300_gen500_mut0.01_elite5_tour3,300,500,0.0100,5,3,5,2,7,True,0.0445,1,1,300,6293.60,0.00,0.0000
pop300_gen500_mut0.01_elite5_tour3,300,500,0.0100,5,3,5,2,8,True,0.0561,1,1,300,6301.60,0.00,0.0000
pop300_gen500_mut0.01_elite5_tour3,300,500,0.0100,5,3,5,2,9,True,0.0481,1,1,300,6293.20,0.00,0.0000
pop300_gen500_mut0.01_elite5_tour3,300,500,0.0100,5,3,5,2,10,True,0.0891,2,2,600,6301.20,4693.40,-0.0070
pop300_gen500_mut0.01_elite5_tour5,300,500,0.0100,5,5,5,2,1,True,0.0871,2,2,600,6301.20,4693.40,-0.0060
pop300_gen500_mut0.01_elite5_tour5,300,500,0.0100,5,5,5,2,2,True,0.0447,1,1,300,6292.80,0.00,0.0000
pop300_gen500_mut0.01_elite5_tour5,300,500,0.0100,5,5,5,2,3,True,0.0447,1,1,300,6293.20,0.00,0.0000
pop300_gen500_mut0.01_elite5_tour5,300,500,0.0100,5,5,5,2,4,True,0.0455,1,1,300,6292.80,0.00,0.0000
pop300_gen500_mut0.01_elite5_tour5,300,500,0.0100,5,5,5,2,5,True,0.0879,2,2,600,6301.20,4693.40,-0.0070
pop300_gen500_mut0.01_elite5_tour5,300,500,0.0100,5,5,5,2,6,True,0.0448,1,1,300,6294.00,0.00,0.0000
pop300_gen500_mut0.01_elite5_tour5,300,500,0.0100,5,5,5,2,7,True,0.0453,1,1,300,6293.20,0.00,0.0000
pop300_gen500_mut0.01_elite5_tour5,300,500,0.0100,5,5,5,2,8,True,0.2259,5,5,1500,6302.00,4789.00,-0.0570
pop300_gen500_mut0.01_elite5_tour5,300,500,0.0100,5,5,5,2,9,True,0.1787,4,4,1200,6302.00,4789.00,-0.0540
pop300_gen500_mut0.01_elite5_tour5,300,500,0.0100,5,5,5,2,10,True,0.0443,1,1,300,6293.60,0.00,0.0000
pop100_gen500_mut0.03_elite5_tour2,100,500,0.0300,5,2,5,2,1,True,0.0076,1,1,100,6293.20,0.00,0.0000
pop100_gen500_mut0.03_elite5_tour2,100,500,0.0300,5,2,5,2,2,True,0.0145,2,2,200,6302.00,4907.40,-0.0200
pop100_gen500_mut0.03_elite5_tour2,100,500,0.0300,5,2,5,2,3,True,0.0152,2,2,200,6301.60,4710.40,-0.0090
pop100_gen500_mut0.03_elite5_tour2,100,500,0.0300,5,2,5,2,4,True,0.0312,4,4,400,6302.00,4789.00,-0.0520
pop100_gen500_mut0.03_elite5_tour2,100,500,0.0300,5,2,5,2,5,True,0.0234,3,3,300,6302.00,4653.40,-0.0260
pop100_gen500_mut0.03_elite5_tour2,100,500,0.0300,5,2,5,2,6,True,0.0081,1,1,100,6292.80,0.00,0.0000
pop100_gen500_mut0.03_elite5_tour2,100,500,0.0300,5,2,5,2,7,True,0.0077,1,1,100,6293.20,0.00,0.0000
pop100_gen500_mut0.03_elite5_tour2,100,500,0.0300,5,2,5,2,8,True,0.0227,3,3,300,6302.00,4789.00,-0.0340
pop100_gen500_mut0.03_elite5_tour2,100,500,0.0300,5,2,5,2,9,True,0.0076,1,1,100,6293.60,0.00,0.0000
pop100_gen500_mut0.03_elite5_tour2,100,500,0.0300,5,2,5,2,10,True,0.0079,1,1,100,6292.80,0.00,0.0000
pop100_gen500_mut0.03_elite5_tour3,100,500,0.0300,5,3,5,2,1,True,0.0077,1,1,100,6293.60,0.00,0.0000
pop100_gen500_mut0.03_elite5_tour3,100,500,0.0300,5,3,5,2,2,True,0.0078,1,1,100,6292.80,0.00,0.0000
pop100_gen500_mut0.03_elite5_tour3,100,500,0.0300,5,3,5,2,3,True,0.0074,1,1,100,6293.20,0.00,0.0000
pop100_gen500_mut0.03_elite5_tour3,100,500,0.0300,5,3,5,2,4,True,0.0147,2,2,200,6302.00,4907.40,-0.0120
pop100_gen500_mut0.03_elite5_tour3,100,500,0.0300,5,3,5,2,5,True,0.0142,2,2,200,6302.00,4907.40,-0.0120
pop100_gen500_mut0.03_elite5_tour3,100,500,0.0300,5,3,5,2,6,True,0.0079,1,1,100,6294.00,0.00,0.0000
pop100_gen500_mut0.03_elite5_tour3,100,500,0.0300,5,3,5,2,7,True,0.0077,1,1,100,6293.20,0.00,0.0000
pop100_gen500_mut0.03_elite5_tour3,100,500,0.0300,5,3,5,2,8,True,0.0078,1,1,100,6293.60,0.00,0.0000
pop100_gen500_mut0.03_elite5_tour3,100,500,0.0300,5,3,5,2,9,True,0.0145,2,2,200,6301.20,4693.40,-0.0210
pop100_gen500_mut0.03_elite5_tour3,100,500,0.0300,5,3,5,2,10,True,0.0077,1,1,100,6293.60,0.00,0.0000
pop100_gen500_mut0.03_elite5_tour5,100,500,0.0300,5,5,5,2,1,True,0.0075,1,1,100,6293.60,0.00,0.0000
pop100_gen500_mut0.03_elite5_tour5,100,500,0.0300,5,5,5,2,2,True,0.0078,1,1,100,6292.80,0.00,0.0000
pop100_gen500_mut0.03_elite5_tour5,100,500,0.0300,5,5,5,2,3,True,0.0165,2,2,200,6302.00,4653.40,-0.0130
pop100_gen500_mut0.03_elite5_tour5,100,500,0.0300,5,5,5,2,4,True,0.0082,1,1,100,6292.80,0.00,0.0000
pop100_gen500_mut0.03_elite5_tour5,100,500,0.0300,5,5,5,2,5,True,0.0078,1,1,100,6293.20,0.00,0.0000
pop100_gen500_mut0.03_elite5_tour5,100,500,0.0300,5,5,5,2,6,True,0.0073,1,1,100,6292.80,0.00,0.0000
pop100_gen500_mut0.03_elite5_tour5,100,500,0.0300,5,5,5,2,7,True,0.0075,1,1,100,6292.80,0.00,0.0000
pop100_gen500_mut0.03_elite5_tour5,100,500,0.0300,5,5,5,2,8,True,0.0079,1,1,100,6294.00,0.00,0.0000
pop100_gen500_mut0.03_elite5_tour5,100,500,0.0300,5,5,5,2,9,True,0.0079,1,1,100,6293.20,0.00,0.0000
pop100_gen500_mut0.03_elite5_tour5,100,500,0.0300,5,5,5,2,10,True,0.0077,1,1,100,6292.80,0.00,0.0000
pop200_gen500_mut0.03_elite5_tour2,200,500,0.0300,5,2,5,2,1,True,0.0443,2,2,400,6301.20,4693.40,-0.0180
pop200_gen500_mut0.03_elite5_tour2,200,500,0.0300,5,2,5,2,2,True,0.0229,1,1,200,6292.80,0.00,0.0000
pop200_gen500_mut0.03_elite5_tour2,200,500,0.0300,5,2,5,2,3,True,0.0227,1,1,200,6293.20,0.00,0.0000
pop200_gen500_mut0.03_elite5_tour2,200,500,0.0300,5,2,5,2,4,True,0.0225,1,1,200,6292.80,0.00,0.0000
pop200_gen500_mut0.03_elite5_tour2,200,500,0.0300,5,2,5,2,5,True,0.0228,1,1,200,6292.80,0.00,0.0000
pop200_gen500_mut0.03_elite5_tour2,200,500,0.0300,5,2,5,2,6,True,0.0228,1,1,200,6292.80,0.00,0.0000
pop200_gen500_mut0.03_elite5_tour2,200,500,0.0300,5,2,5,2,7,True,0.0220,1,1,200,6293.20,0.00,0.0000
pop200_gen500_mut0.03_elite5_tour2,200,500,0.0300,5,2,5,2,8,True,0.0228,1,1,200,6292.80,0.00,0.0000
pop200_gen500_mut0.03_elite5_tour2,200,500,0.0300,5,2,5,2,9,True,0.0225,1,1,200,6293.60,0.00,0.0000
pop200_gen500_mut0.03_elite5_tour2,200,500,0.0300,5,2,5,2,10,True,0.0232,1,1,200,6293.60,0.00,0.0000
pop200_gen500_mut0.03_elite5_tour3,200,500,0.0300,5,3,5,2,1,True,0.0227,1,1,200,6292.80,0.00,0.0000
pop200_gen500_mut0.03_elite5_tour3,200,500,0.0300,5,3,5,2,2,True,0.0469,2,2,400,6302.00,4653.40,-0.0110
pop200_gen500_mut0.03_elite5_tour3,200,500,0.0300,5,3,5,2,3,True,0.0491,2,2,400,6302.00,4710.80,-0.0150
pop200_gen500_mut0.03_elite5_tour3,200,500,0.0300,5,3,5,2,4,True,0.0445,2,2,400,6302.00,4789.00,-0.0150
pop200_gen500_mut0.03_elite5_tour3,200,500,0.0300,5,3,5,2,5,True,0.0240,1,1,200,6293.20,0.00,0.0000
pop200_gen500_mut0.03_elite5_tour3,200,500,0.0300,5,3,5,2,6,True,0.0223,1,1,200,6293.60,0.00,0.0000
pop200_gen500_mut0.03_elite5_tour3,200,500,0.0300,5,3,5,2,7,True,0.0452,2,2,400,6301.60,4710.40,-0.0140
pop200_gen500_mut0.03_elite5_tour3,200,500,0.0300,5,3,5,2,8,True,0.0234,1,1,200,6293.20,0.00,0.0000
pop200_gen500_mut0.03_elite5_tour3,200,500,0.0300,5,3,5,2,9,True,0.0433,2,2,400,6302.00,4907.40,-0.0130
pop200_gen500_mut0.03_elite5_tour3,200,500,0.0300,5,3,5,2,10,True,0.0233,1,1,200,6292.80,0.00,0.0000
pop200_gen500_mut0.03_elite5_tour5,200,500,0.0300,5,5,5,2,1,True,0.0223,1,1,200,6293.20,0.00,0.0000
pop200_gen500_mut0.03_elite5_tour5,200,500,0.0300,5,5,5,2,2,True,0.0437,2,2,400,6302.00,4907.40,-0.0130
pop200_gen500_mut0.03_elite5_tour5,200,500,0.0300,5,5,5,2,3,True,0.0445,2,2,400,6302.00,4907.40,-0.0110
pop200_gen500_mut0.03_elite5_tour5,200,500,0.0300,5,5,5,2,4,True,0.0231,1,1,200,6293.60,0.00,0.0000
pop200_gen500_mut0.03_elite5_tour5,200,500,0.0300,5,5,5,2,5,True,0.0224,1,1,200,6292.80,0.00,0.0000
pop200_gen500_mut0.03_elite5_tour5,200,500,0.0300,5,5,5,2,6,True,0.0472,2,2,400,6302.00,4653.40,-0.0120
pop200_gen500_mut0.03_elite5_tour5,200,500,0.0300,5,5,5,2,7,True,0.0226,1,1,200,6293.20,0.00,0.0000
pop200_gen500_mut0.03_elite5_tour5,200,500,0.0300,5,5,5,2,8,True,0.0225,1,1,200,6293.20,0.00,0.0000
pop200_gen500_mut0.03_elite5_tour5,200,500,0.0300,5,5,5,2,9,True,0.0227,1,1,200,6292.80,0.00,0.0000
pop200_gen500_mut0.03_elite5_tour5,200,500,0.0300,5,5,5,2,10,True,0.0229,1,1,200,6292.80,0.00,0.0000
pop300_gen500_mut0.03_elite5_tour2,300,500,0.0300,5,2,5,2,1,True,0.0868,2,2,600,6301.20,4693.40,-0.0150
pop300_gen500_mut0.03_elite5_tour2,300,500,0.0300,5,2,5,2,2,True,0.0874,2,2,600,6302.40,4764.80,-0.0140
pop300_gen500_mut0.03_elite5_tour2,300,500,0.0300,5,2,5,2,3,True,0.0449,1,1,300,6292.80,0.00,0.0000
pop300_gen500_mut0.03_elite5_tour2,300,500,0.0300,5,2,5,2,4,True,0.0447,1,1,300,6300.80,0.00,0.0000
pop300_gen500_mut0.03_elite5_tour2,300,500,0.0300,5,2,5,2,5,True,0.0450,1,1,300,6293.60,0.00,0.0000
pop300_gen500_mut0.03_elite5_tour2,300,500,0.0300,5,2,5,2,6,True,0.0444,1,1,300,6293.60,0.00,0.0000
pop300_gen500_mut0.03_elite5_tour2,300,500,0.0300,5,2,5,2,7,True,0.0484,1,1,300,6292.80,0.00,0.0000
pop300_gen500_mut0.03_elite5_tour2,300,500,0.0300,5,2,5,2,8,True,0.0447,1,1,300,6292.80,0.00,0.0000
pop300_gen500_mut0.03_elite5_tour2,300,500,0.0300,5,2,5,2,9,True,0.0453,1,1,300,6301.60,0.00,0.0000
pop300_gen500_mut0.03_elite5_tour2,300,500,0.0300,5,2,5,2,10,True,0.0919,2,2,600,6302.00,4653.40,-0.0110
pop300_gen500_mut0.03_elite5_tour3,300,500,0.0300,5,3,5,2,1,True,0.0467,1,1,300,6292.80,0.00,0.0000
pop300_gen500_mut0.03_elite5_tour3,300,500,0.0300,5,3,5,2,2,True,0.0463,1,1,300,6292.80,0.00,0.0000
pop300_gen500_mut0.03_elite5_tour3,300,500,0.0300,5,3,5,2,3,True,0.0452,1,1,300,6293.60,0.00,0.0000
pop300_gen500_mut0.03_elite5_tour3,300,500,0.0300,5,3,5,2,4,True,0.0448,1,1,300,6292.80,0.00,0.0000
pop300_gen500_mut0.03_elite5_tour3,300,500,0.0300,5,3,5,2,5,True,0.0447,1,1,300,6293.20,0.00,0.0000
pop300_gen500_mut0.03_elite5_tour3,300,500,0.0300,5,3,5,2,6,True,0.0459,1,1,300,6292.80,0.00,0.0000
pop300_gen500_mut0.03_elite5_tour3,300,500,0.0300,5,3,5,2,7,True,0.0447,1,1,300,6294.00,0.00,0.0000
pop300_gen500_mut0.03_elite5_tour3,300,500,0.0300,5,3,5,2,8,True,0.0933,2,2,600,6302.40,4711.20,-0.0160
pop300_gen500_mut0.03_elite5_tour3,300,500,0.0300,5,3,5,2,9,True,0.0440,1,1,300,6293.60,0.00,0.0000
pop300_gen500_mut0.03_elite5_tour3,300,500,0.0300,5,3,5,2,10,True,0.0884,2,2,600,6302.40,4764.80,-0.0140
pop300_gen500_mut0.03_elite5_tour5,300,500,0.0300,5,5,5,2,1,True,0.0446,1,1,300,6292.80,0.00,0.0000
pop300_gen500_mut0.03_elite5_tour5,300,500,0.0300,5,5,5,2,2,True,0.0443,1,1,300,6293.60,0.00,0.0000
pop300_gen500_mut0.03_elite5_tour5,300,500,0.0300,5,5,5,2,3,True,0.0437,1,1,300,6292.80,0.00,0.0000
pop300_gen500_mut0.03_elite5_tour5,300,500,0.0300,5,5,5,2,4,True,0.0903,2,2,600,6302.40,4711.20,-0.0160
pop300_gen500_mut0.03_elite5_tour5,300,500,0.0300,5,5,5,2,5,True,0.0896,2,2,600,6302.00,4907.40,-0.0160
pop300_gen500_mut0.03_elite5_tour5,300,500,0.0300,5,5,5,2,6,True,0.0447,1,1,300,6292.80,0.00,0.0000
pop300_gen500_mut0.03_elite5_tour5,300,500,0.0300,5,5,5,2,7,True,0.0451,1,1,300,6293.60,0.00,0.0000
pop300_gen500_mut0.03_elite5_tour5,300,500,0.0300,5,5,5,2,8,True,0.0468,1,1,300,6293.20,0.00,0.0000
pop300_gen500_mut0.03_elite5_tour5,300,500,0.0300,5,5,5,2,9,True,0.0894,2,2,600,6302.40,4907.80,-0.0130
pop300_gen500_mut0.03_elite5_tour5,300,500,0.0300,5,5,5,2,10,True,0.0910,2,2,600,6302.40,4653.80,-0.0150
pop100_gen500_mut0.05_elite5_tour2,100,500,0.0500,5,2,5,2,1,True,0.0076,1,1,100,6292.80,0.00,0.0000
pop100_gen500_mut0.05_elite5_tour2,100,500,0.0500,5,2,5,2,2,True,0.0079,1,1,100,6301.60,0.00,0.0000
pop100_gen500_mut0.05_elite5_tour2,100,500,0.0500,5,2,5,2,3,True,0.0151,2,2,200,6302.00,4764.40,-0.0250
pop100_gen500_mut0.05_elite5_tour2,100,500,0.0500,5,2,5,2,4,True,0.0227,3,3,300,6302.00,4789.00,-0.0430
pop100_gen500_mut0.05_elite5_tour2,100,500,0.0500,5,2,5,2,5,True,0.0075,1,1,100,6293.20,0.00,0.0000
pop100_gen500_mut0.05_elite5_tour2,100,500,0.0500,5,2,5,2,6,True,0.0077,1,1,100,6294.00,0.00,0.0000
pop100_gen500_mut0.05_elite5_tour2,100,500,0.0500,5,2,5,2,7,True,0.0078,1,1,100,6292.80,0.00,0.0000
pop100_gen500_mut0.05_elite5_tour2,100,500,0.0500,5,2,5,2,8,True,0.0155,2,2,200,6301.60,4710.40,-0.0210
pop100_gen500_mut0.05_elite5_tour2,100,500,0.0500,5,2,5,2,9,True,0.0145,2,2,200,6302.00,4694.20,-0.0240
pop100_gen500_mut0.05_elite5_tour2,100,500,0.0500,5,2,5,2,10,True,0.0076,1,1,100,6293.20,0.00,0.0000
pop100_gen500_mut0.05_elite5_tour3,100,500,0.0500,5,3,5,2,1,True,0.0149,2,2,200,6302.00,4764.40,-0.0190
pop100_gen500_mut0.05_elite5_tour3,100,500,0.0500,5,3,5,2,2,True,0.0168,2,2,200,6302.00,4653.40,-0.0180
pop100_gen500_mut0.05_elite5_tour3,100,500,0.0500,5,3,5,2,3,True,0.0077,1,1,100,6294.00,0.00,0.0000
pop100_gen500_mut0.05_elite5_tour3,100,500,0.0500,5,3,5,2,4,True,0.0074,1,1,100,6292.80,0.00,0.0000
pop100_gen500_mut0.05_elite5_tour3,100,500,0.0500,5,3,5,2,5,True,0.0084,1,1,100,6300.80,0.00,0.0000
pop100_gen500_mut0.05_elite5_tour3,100,500,0.0500,5,3,5,2,6,True,0.0078,1,1,100,6293.20,0.00,0.0000
pop100_gen500_mut0.05_elite5_tour3,100,500,0.0500,5,3,5,2,7,True,0.0074,1,1,100,6300.80,0.00,0.0000
pop100_gen500_mut0.05_elite5_tour3,100,500,0.0500,5,3,5,2,8,True,0.0077,1,1,100,6293.60,0.00,0.0000
pop100_gen500_mut0.05_elite5_tour3,100,500,0.0500,5,3,5,2,9,True,0.0084,1,1,100,6292.80,0.00,0.0000
pop100_gen500_mut0.05_elite5_tour3,100,500,0.0500,5,3,5,2,10,True,0.0156,2,2,200,6301.60,4710.40,-0.0270
pop100_gen500_mut0.05_elite5_tour5,100,500,0.0500,5,5,5,2,1,True,0.0147,2,2,200,6302.00,4764.40,-0.0230
pop100_gen500_mut0.05_elite5_tour5,100,500,0.0500,5,5,5,2,2,True,0.0083,1,1,100,6294.00,0.00,0.0000
pop100_gen500_mut0.05_elite5_tour5,100,500,0.0500,5,5,5,2,3,True,0.0077,1,1,100,6293.20,0.00,0.0000
pop100_gen500_mut0.05_elite5_tour5,100,500,0.0500,5,5,5,2,4,True,0.0076,1,1,100,6293.60,0.00,0.0000
pop100_gen500_mut0.05_elite5_tour5,100,500,0.0500,5,5,5,2,5,True,0.0076,1,1,100,6292.80,0.00,0.0000
pop100_gen500_mut0.05_elite5_tour5,100,500,0.0500,5,5,5,2,6,True,0.0077,1,1,100,6293.20,0.00,0.0000
pop100_gen500_mut0.05_elite5_tour5,100,500,0.0500,5,5,5,2,7,True,0.0073,1,1,100,6293.20,0.00,0.0000
pop100_gen500_mut0.05_elite5_tour5,100,500,0.0500,5,5,5,2,8,True,0.0144,2,2,200,6302.00,4907.40,-0.0260
pop100_gen500_mut0.05_elite5_tour5,100,500,0.0500,5,5,5,2,9,True,0.0147,2,2,200,6302.00,4764.40,-0.0230
pop100_gen500_mut0.05_elite5_tour5,100,500,0.0500,5,5,5,2,10,True,0.0147,2,2,200,6302.00,4764.40,-0.0200
pop200_gen500_mut0.05_elite5_tour2,200,500,0.0500,5,2,5,2,1,True,0.0230,1,1,200,6293.20,0.00,0.0000
pop200_gen500_mut0.05_elite5_tour2,200,500,0.0500,5,2,5,2,2,True,0.0460,2,2,400,6302.80,4654.20,-0.0210
pop200_gen500_mut0.05_elite5_tour2,200,500,0.0500,5,2,5,2,3,True,0.0229,1,1,200,6294.00,0.00,0.0000
pop200_gen500_mut0.05_elite5_tour2,200,500,0.0500,5,2,5,2,4,True,0.0225,1,1,200,6294.00,0.00,0.0000
pop200_gen500_mut0.05_elite5_tour2,200,500,0.0500,5,2,5,2,5,True,0.0225,1,1,200,6300.80,0.00,0.0000
pop200_gen500_mut0.05_elite5_tour2,200,500,0.0500,5,2,5,2,6,True,0.0452,2,2,400,6302.00,4653.40,-0.0160
pop200_gen500_mut0.05_elite5_tour2,200,500,0.0500,5,2,5,2,7,True,0.0222,1,1,200,6300.80,0.00,0.0000
pop200_gen500_mut0.05_elite5_tour2,200,500,0.0500,5,2,5,2,8,True,0.0223,1,1,200,6300.80,0.00,0.0000
pop200_gen500_mut0.05_elite5_tour2,200,500,0.0500,5,2,5,2,9,True,0.0222,1,1,200,6294.00,0.00,0.0000
pop200_gen500_mut0.05_elite5_tour2,200,500,0.0500,5,2,5,2,10,True,0.0231,1,1,200,6293.60,0.00,0.0000
pop200_gen500_mut0.05_elite5_tour3,200,500,0.0500,5,3,5,2,1,True,0.0238,1,1,200,6293.20,0.00,0.0000
pop200_gen500_mut0.05_elite5_tour3,200,500,0.0500,5,3,5,2,2,True,0.0235,1,1,200,6292.80,0.00,0.0000
pop200_gen500_mut0.05_elite5_tour3,200,500,0.0500,5,3,5,2,3,True,0.0440,2,2,400,6302.00,4907.40,-0.0210
pop200_gen500_mut0.05_elite5_tour3,200,500,0.0500,5,3,5,2,4,True,0.0447,2,2,400,6302.00,4764.40,-0.0230
pop200_gen500_mut0.05_elite5_tour3,200,500,0.0500,5,3,5,2,5,True,0.0226,1,1,200,6292.80,0.00,0.0000
pop200_gen500_mut0.05_elite5_tour3,200,500,0.0500,5,3,5,2,6,True,0.0221,1,1,200,6292.80,0.00,0.0000
pop200_gen500_mut0.05_elite5_tour3,200,500,0.0500,5,3,5,2,7,True,0.0227,1,1,200,6292.80,0.00,0.0000
pop200_gen500_mut0.05_elite5_tour3,200,500,0.0500,5,3,5,2,8,True,0.0470,2,2,400,6302.40,4653.80,-0.0150
pop200_gen500_mut0.05_elite5_tour3,200,500,0.0500,5,3,5,2,9,True,0.0222,1,1,200,6292.80,0.00,0.0000
pop200_gen500_mut0.05_elite5_tour3,200,500,0.0500,5,3,5,2,10,True,0.0912,4,4,800,6302.00,4789.00,-0.0900
pop200_gen500_mut0.05_elite5_tour5,200,500,0.0500,5,5,5,2,1,True,0.0222,1,1,200,6300.80,0.00,0.0000
pop200_gen500_mut0.05_elite5_tour5,200,500,0.0500,5,5,5,2,2,True,0.0224,1,1,200,6293.60,0.00,0.0000
pop200_gen500_mut0.05_elite5_tour5,200,500,0.0500,5,5,5,2,3,True,0.0227,1,1,200,6292.80,0.00,0.0000
pop200_gen500_mut0.05_elite5_tour5,200,500,0.0500,5,5,5,2,4,True,0.0225,1,1,200,6293.60,0.00,0.0000
pop200_gen500_mut0.05_elite5_tour5,200,500,0.0500,5,5,5,2,5,True,0.0231,1,1,200,6292.80,0.00,0.0000
pop200_gen500_mut0.05_elite5_tour5,200,500,0.0500,5,5,5,2,6,True,0.0225,1,1,200,6292.80,0.00,0.0000
pop200_gen500_mut0.05_elite5_tour5,200,500,0.0500,5,5,5,2,7,True,0.0437,2,2,400,6302.00,4907.40,-0.0150
pop200_gen500_mut0.05_elite5_tour5,200,500,0.0500,5,5,5,2,8,True,0.0229,1,1,200,6293.60,0.00,0.0000
pop200_gen500_mut0.05_elite5_tour5,200,500,0.0500,5,5,5,2,9,True,0.0228,1,1,200,6293.60,0.00,0.0000
pop200_gen500_mut0.05_elite5_tour5,200,500,0.0500,5,5,5,2,10,True,0.0464,2,2,400,6301.60,4710.40,-0.0230
pop300_gen500_mut0.05_elite5_tour2,300,500,0.0500,5,2,5,2,1,True,0.0460,1,1,300,6292.80,0.00,0.0000
pop300_gen500_mut0.05_elite5_tour2,300,500,0.0500,5,2,5,2,2,True,0.0919,2,2,600,6302.40,4764.80,-0.0260
pop300_gen500_mut0.05_elite5_tour2,300,500,0.0500,5,2,5,2,3,True,0.0464,1,1,300,6301.60,0.00,0.0000
pop300_gen500_mut0.05_elite5_tour2,300,500,0.0500,5,2,5,2,4,True,0.0448,1,1,300,6293.60,0.00,0.0000
pop300_gen500_mut0.05_elite5_tour2,300,500,0.0500,5,2,5,2,5,True,0.0443,1,1,300,6293.60,0.00,0.0000
pop300_gen500_mut0.05_elite5_tour2,300,500,0.0500,5,2,5,2,6,True,0.0467,1,1,300,6300.80,0.00,0.0000
pop300_gen500_mut0.05_elite5_tour2,300,500,0.0500,5,2,5,2,7,True,0.0452,1,1,300,6292.80,0.00,0.0000
pop300_gen500_mut0.05_elite5_tour2,300,500,0.0500,5,2,5,2,8,True,0.0445,1,1,300,6294.00,0.00,0.0000
pop300_gen500_mut0.05_elite5_tour2,300,500,0.0500,5,2,5,2,9,True,0.0454,1,1,300,6293.60,0.00,0.0000
pop300_gen500_mut0.05_elite5_tour2,300,500,0.0500,5,2,5,2,10,True,0.0443,1,1,300,6292.80,0.00,0.0000
pop300_gen500_mut0.05_elite5_tour3,300,500,0.0500,5,3,5,2,1,True,0.0451,1,1,300,6292.80,0.00,0.0000
pop300_gen500_mut0.05_elite5_tour3,300,500,0.0500,5,3,5,2,2,True,0.1394,3,3,900,6302.00,4789.00,-0.0420
pop300_gen500_mut0.05_elite5_tour3,300,500,0.0500,5,3,5,2,3,True,0.0436,1,1,300,6292.80,0.00,0.0000
pop300_gen500_mut0.05_elite5_tour3,300,500,0.0500,5,3,5,2,4,True,0.0450,1,1,300,6293.20,0.00,0.0000
pop300_gen500_mut0.05_elite5_tour3,300,500,0.0500,5,3,5,2,5,True,0.0908,2,2,600,6302.00,4710.80,-0.0220
pop300_gen500_mut0.05_elite5_tour3,300,500,0.0500,5,3,5,2,6,True,0.0451,1,1,300,6293.20,0.00,0.0000
pop300_gen500_mut0.05_elite5_tour3,300,500,0.0500,5,3,5,2,7,True,0.0469,1,1,300,6292.80,0.00,0.0000
pop300_gen500_mut0.05_elite5_tour3,300,500,0.0500,5,3,5,2,8,True,0.0874,2,2,600,6302.00,4907.40,-0.0230
pop300_gen500_mut0.05_elite5_tour3,300,500,0.0500,5,3,5,2,9,True,0.1334,3,3,900,6302.00,4789.00,-0.0380
pop300_gen500_mut0.05_elite5_tour3,300,500,0.0500,5,3,5,2,10,True,0.0450,1,1,300,6292.80,0.00,0.0000
pop300_gen500_mut0.05_elite5_tour5,300,500,0.0500,5,5,5,2,1,True,0.0459,1,1,300,6293.20,0.00,0.0000
pop300_gen500_mut0.05_elite5_tour5,300,500,0.0500,5,5,5,2,2,True,0.0915,2,2,600,6302.00,4710.80,-0.0260
pop300_gen500_mut0.05_elite5_tour5,300,500,0.0500,5,5,5,2,3,True,0.0453,1,1,300,6293.20,0.00,0.0000
pop300_gen500_mut0.05_elite5_tour5,300,500,0.0500,5,5,5,2,4,True,0.0940,2,2,600,6302.80,4654.20,-0.0230
pop300_gen500_mut0.05_elite5_tour5,300,500,0.0500,5,5,5,2,5,True,0.0442,1,1,300,6292.80,0.00,0.0000
pop300_gen500_mut0.05_elite5_tour5,300,500,0.0500,5,5,5,2,6,True,0.0466,1,1,300,6293.20,0.00,0.0000
pop300_gen500_mut0.05_elite5_tour5,300,500,0.0500,5,5,5,2,7,True,0.0461,1,1,300,6292.80,0.00,0.0000
pop300_gen500_mut0.05_elite5_tour5,300,500,0.0500,5,5,5,2,8,True,0.0874,2,2,600,6302.40,4907.80,-0.0170
pop300_gen500_mut0.05_elite5_tour5,300,500,0.0500,5,5,5,2,9,True,0.0447,1,1,300,6300.80,0.00,0.0000
pop300_gen500_mut0.05_elite5_tour5,300,500,0.0500,5,5,5,2,10,True,0.1350,3,3,900,6302.00,4789.00,-0.0500
pop100_gen1000_mut0.01_elite5_tour2,100,1000,0.0100,5,2,5,2,1,True,0.0083,1,1,100,6293.60,0.00,0.0000
pop100_gen1000_mut0.01_elite5_tour2,100,1000,0.0100,5,2,5,2,2,True,0.0152,2,2,200,6301.60,4710.40,-0.0050
pop100_gen1000_mut0.01_elite5_tour2,100,1000,0.0100,5,2,5,2,3,True,0.0076,1,1,100,6293.60,0.00,0.0000
pop100_gen1000_mut0.01_elite5_tour2,100,1000,0.0100,5,2,5,2,4,True,0.0076,1,1,100,6293.60,0.00,0.0000
pop100_gen1000_mut0.01_elite5_tour2,100,1000,0.0100,5,2,5,2,5,True,0.0074,1,1,100,6293.20,0.00,0.0000
pop100_gen1000_mut0.01_elite5_tour2,100,1000,0.0100,5,2,5,2,6,True,0.0076,1,1,100,6293.60,0.00,0.0000
pop100_gen1000_mut0.01_elite5_tour2,100,1000,0.0100,5,2,5,2,7,True,0.0225,3,3,300,6301.60,4710.40,-0.0100
pop100_gen1000_mut0.01_elite5_tour2,100,1000,0.0100,5,2,5,2,8,True,0.0080,1,1,100,6301.60,0.00,0.0000
pop100_gen1000_mut0.01_elite5_tour2,100,1000,0.0100,5,2,5,2,9,True,0.0149,2,2,200,6302.00,4907.40,-0.0050
pop100_gen1000_mut0.01_elite5_tour2,100,1000,0.0100,5,2,5,2,10,True,0.0074,1,1,100,6292.80,0.00,0.0000
pop100_gen1000_mut0.01_elite5_tour3,100,1000,0.0100,5,3,5,2,1,True,0.0818,11,11,1100,6301.60,4788.60,-0.0590
pop100_gen1000_mut0.01_elite5_tour3,100,1000,0.0100,5,3,5,2,2,True,0.0219,3,3,300,6302.00,4764.40,-0.0130
pop100_gen1000_mut0.01_elite5_tour3,100,1000,0.0100,5,3,5,2,3,True,0.0076,1,1,100,6293.60,0.00,0.0000
pop100_gen1000_mut0.01_elite5_tour3,100,1000,0.0100,5,3,5,2,4,True,0.0236,3,3,300,6302.00,4653.40,-0.0120
pop100_gen1000_mut0.01_elite5_tour3,100,1000,0.0100,5,3,5,2,5,True,0.0238,3,3,300,6302.00,4653.40,-0.0060
pop100_gen1000_mut0.01_elite5_tour3,100,1000,0.0100,5,3,5,2,6,True,0.0077,1,1,100,6301.60,0.00,0.0000
pop100_gen1000_mut0.01_elite5_tour3,100,1000,0.0100,5,3,5,2,7,True,0.0077,1,1,100,6293.20,0.00,0.0000
pop100_gen1000_mut0.01_elite5_tour3,100,1000,0.0100,5,3,5,2,8,True,0.0218,3,3,300,6302.00,4764.40,-0.0080
pop100_gen1000_mut0.01_elite5_tour3,100,1000,0.0100,5,3,5,2,9,True,0.0074,1,1,100,6292.80,0.00,0.0000
pop100_gen1000_mut0.01_elite5_tour3,100,1000,0.0100,5,3,5,2,10,True,0.0270,3,3,300,6302.00,4710.80,-0.0200
pop100_gen1000_mut0.01_elite5_tour5,100,1000,0.0100,5,5,5,2,1,True,0.0078,1,1,100,6292.80,0.00,0.0000
pop100_gen1000_mut0.01_elite5_tour5,100,1000,0.0100,5,5,5,2,2,True,0.0077,1,1,100,6294.00,0.00,0.0000
pop100_gen1000_mut0.01_elite5_tour5,100,1000,0.0100,5,5,5,2,3,True,0.0527,7,7,700,6302.00,4907.40,-0.0380
pop100_gen1000_mut0.01_elite5_tour5,100,1000,0.0100,5,5,5,2,4,True,0.0079,1,1,100,6292.80,0.00,0.0000
pop100_gen1000_mut0.01_elite5_tour5,100,1000,0.0100,5,5,5,2,5,True,0.0159,2,2,200,6302.00,4653.40,-0.0080
pop100_gen1000_mut0.01_elite5_tour5,100,1000,0.0100,5,5,5,2,6,True,0.0077,1,1,100,6293.60,0.00,0.0000
pop100_gen1000_mut0.01_elite5_tour5,100,1000,0.0100,5,5,5,2,7,True,0.0077,1,1,100,6292.80,0.00,0.0000
pop100_gen1000_mut0.01_elite5_tour5,100,1000,0.0100,5,5,5,2,8,True,0.0077,1,1,100,6292.80,0.00,0.0000
pop100_gen1000_mut0.01_elite5_tour5,100,1000,0.0100,5,5,5,2,9,True,0.0075,1,1,100,6292.80,0.00,0.0000
pop100_gen1000_mut0.01_elite5_tour5,100,1000,0.0100,5,5,5,2,10,True,0.0082,1,1,100,6294.00,0.00,0.0000
pop200_gen1000_mut0.01_elite5_tour2,200,1000,0.0100,5,2,5,2,1,True,0.0231,1,1,200,6293.60,0.00,0.0000
pop200_gen1000_mut0.01_elite5_tour2,200,1000,0.0100,5,2,5,2,2,True,0.0229,1,1,200,6292.80,0.00,0.0000
pop200_gen1000_mut0.01_elite5_tour2,200,1000,0.0100,5,2,5,2,3,True,0.0232,1,1,200,6293.60,0.00,0.0000
pop200_gen1000_mut0.01_elite5_tour2,200,1000,0.0100,5,2,5,2,4,True,0.0226,1,1,200,6293.60,0.00,0.0000
pop200_gen1000_mut0.01_elite5_tour2,200,1000,0.0100,5,2,5,2,5,True,0.0225,1,1,200,6293.60,0.00,0.0000
pop200_gen1000_mut0.01_elite5_tour2,200,1000,0.0100,5,2,5,2,6,True,0.0226,1,1,200,6293.60,0.00,0.0000
pop200_gen1000_mut0.01_elite5_tour2,200,1000,0.0100,5,2,5,2,7,True,0.0230,1,1,200,6292.80,0.00,0.0000
pop200_gen1000_mut0.01_elite5_tour2,200,1000,0.0100,5,2,5,2,8,True,0.0229,1,1,200,6301.60,0.00,0.0000
pop200_gen1000_mut0.01_elite5_tour2,200,1000,0.0100,5,2,5,2,9,True,0.0227,1,1,200,6294.00,0.00,0.0000
pop200_gen1000_mut0.01_elite5_tour2,200,1000,0.0100,5,2,5,2,10,True,0.0227,1,1,200,6293.60,0.00,0.0000
pop200_gen1000_mut0.01_elite5_tour3,200,1000,0.0100,5,3,5,2,1,True,0.0468,2,2,400,6302.00,4764.40,-0.0050
pop200_gen1000_mut0.01_elite5_tour3,200,1000,0.0100,5,3,5,2,2,True,0.0229,1,1,200,6301.60,0.00,0.0000
pop200_gen1000_mut0.01_elite5_tour3,200,1000,0.0100,5,3,5,2,3,True,0.0234,1,1,200,6301.60,0.00,0.0000
pop200_gen1000_mut0.01_elite5_tour3,200,1000,0.0100,5,3,5,2,4,True,0.0914,4,4,800,6301.60,4710.40,-0.0260
pop200_gen1000_mut0.01_elite5_tour3,200,1000,0.0100,5,3,5,2,5,True,0.0227,1,1,200,6293.20,0.00,0.0000
pop200_gen1000_mut0.01_elite5_tour3,200,1000,0.0100,5,3,5,2,6,True,0.0436,2,2,400,6302.00,4764.40,-0.0050
pop200_gen1000_mut0.01_elite5_tour3,200,1000,0.0100,5,3,5,2,7,True,0.0229,1,1,200,6294.00,0.00,0.0000
pop200_gen1000_mut0.01_elite5_tour3,200,1000,0.0100,5,3,5,2,8,True,0.0223,1,1,200,6292.80,0.00,0.0000
pop200_gen1000_mut0.01_elite5_tour3,200,1000,0.0100,5,3,5,2,9,True,0.0224,1,1,200,6293.20,0.00,0.0000
pop200_gen1000_mut0.01_elite5_tour3,200,1000,0.0100,5,3,5,2,10,True,0.0894,4,4,800,6302.00,4789.00,-0.0170
pop200_gen1000_mut0.01_elite5_tour5,200,1000,0.0100,5,5,5,2,1,True,0.0227,1,1,200,6292.80,0.00,0.0000
pop200_gen1000_mut0.01_elite5_tour5,200,1000,0.0100,5,5,5,2,2,True,0.0219,1,1,200,6292.80,0.00,0.0000
pop200_gen1000_mut0.01_elite5_tour5,200,1000,0.0100,5,5,5,2,3,True,0.0235,1,1,200,6293.20,0.00,0.0000
pop200_gen1000_mut0.01_elite5_tour5,200,1000,0.0100,5,5,5,2,4,True,0.0230,1,1,200,6293.60,0.00,0.0000
pop200_gen1000_mut0.01_elite5_tour5,200,1000,0.0100,5,5,5,2,5,True,0.0653,3,3,600,6302.00,4907.40,-0.0160
pop200_gen1000_mut0.01_elite5_tour5,200,1000,0.0100,5,5,5,2,6,True,0.0230,1,1,200,6292.80,0.00,0.0000
pop200_gen1000_mut0.01_elite5_tour5,200,1000,0.0100,5,5,5,2,7,True,0.0226,1,1,200,6292.80,0.00,0.0000
pop200_gen1000_mut0.01_elite5_tour5,200,1000,0.0100,5,5,5,2,8,True,0.0232,1,1,200,6292.80,0.00,0.0000
pop200_gen1000_mut0.01_elite5_tour5,200,1000,0.0100,5,5,5,2,9,True,0.0230,1,1,200,6292.80,0.00,0.0000
pop200_gen1000_mut0.01_elite5_tour5,200,1000,0.0100,5,5,5,2,10,True,0.0241,1,1,200,6293.60,0.00,0.0000
pop300_gen1000_mut0.01_elite5_tour2,300,1000,0.0100,5,2,5,2,1,True,0.1798,4,4,1200,6302.00,4789.00,-0.0260
pop300_gen1000_mut0.01_elite5_tour2,300,1000,0.0100,5,2,5,2,2,True,0.0463,1,1,300,6292.80,0.00,0.0000
pop300_gen1000_mut0.01_elite5_tour2,300,1000,0.0100,5,2,5,2,3,True,0.0454,1,1,300,6292.80,0.00,0.0000
pop300_gen1000_mut0.01_elite5_tour2,300,1000,0.0100,5,2,5,2,4,True,0.0432,1,1,300,6292.80,0.00,0.0000
pop300_gen1000_mut0.01_elite5_tour2,300,1000,0.0100,5,2,5,2,5,True,0.0452,1,1,300,6292.80,0.00,0.0000
pop300_gen1000_mut0.01_elite5_tour2,300,1000,0.0100,5,2,5,2,6,True,0.0454,1,1,300,6293.60,0.00,0.0000
pop300_gen1000_mut0.01_elite5_tour2,300,1000,0.0100,5,2,5,2,7,True,0.0441,1,1,300,6300.80,0.00,0.0000
pop300_gen1000_mut0.01_elite5_tour2,300,1000,0.0100,5,2,5,2,8,True,0.0442,1,1,300,6293.20,0.00,0.0000
pop300_gen1000_mut0.01_elite5_tour2,300,1000,0.0100,5,2,5,2,9,True,0.0460,1,1,300,6293.20,0.00,0.0000
pop300_gen1000_mut0.01_elite5_tour2,300,1000,0.0100,5,2,5,2,10,True,0.0916,2,2,600,6302.00,4653.40,-0.0040
pop300_gen1000_mut0.01_elite5_tour3,300,1000,0.0100,5,3,5,2,1,True,0.0456,1,1,300,6292.80,0.00,0.0000
pop300_gen1000_mut0.01_elite5_tour3,300,1000,0.0100,5,3,5,2,2,True,0.0447,1,1,300,6293.60,0.00,0.0000
pop300_gen1000_mut0.01_elite5_tour3,300,1000,0.0100,5,3,5,2,3,True,0.0445,1,1,300,6292.80,0.00,0.0000
pop300_gen1000_mut0.01_elite5_tour3,300,1000,0.0100,5,3,5,2,4,True,0.0459,1,1,300,6293.20,0.00,0.0000
pop300_gen1000_mut0.01_elite5_tour3,300,1000,0.0100,5,3,5,2,5,True,0.0913,2,2,600,6302.80,4654.20,-0.0030
pop300_gen1000_mut0.01_elite5_tour3,300,1000,0.0100,5,3,5,2,6,True,0.0463,1,1,300,6292.80,0.00,0.0000
pop300_gen1000_mut0.01_elite5_tour3,300,1000,0.0100,5,3,5,2,7,True,0.0452,1,1,300,6293.20,0.00,0.0000
pop300_gen1000_mut0.01_elite5_tour3,300,1000,0.0100,5,3,5,2,8,True,0.0554,1,1,300,6294.00,0.00,0.0000
pop300_gen1000_mut0.01_elite5_tour3,300,1000,0.0100,5,3,5,2,9,True,0.0888,2,2,600,6302.00,4907.40,-0.0040
pop300_gen1000_mut0.01_elite5_tour3,300,1000,0.0100,5,3,5,2,10,True,0.0443,1,1,300,6292.80,0.00,0.0000
pop300_gen1000_mut0.01_elite5_tour5,300,1000,0.0100,5,5,5,2,1,True,0.0909,2,2,600,6301.60,4710.40,-0.0050
pop300_gen1000_mut0.01_elite5_tour5,300,1000,0.0100,5,5,5,2,2,True,0.0471,1,1,300,6300.80,0.00,0.0000
pop300_gen1000_mut0.01_elite5_tour5,300,1000,0.0100,5,5,5,2,3,True,0.0462,1,1,300,6293.20,0.00,0.0000
pop300_gen1000_mut0.01_elite5_tour5,300,1000,0.0100,5,5,5,2,4,True,0.0445,1,1,300,6293.60,0.00,0.0000
pop300_gen1000_mut0.01_elite5_tour5,300,1000,0.0100,5,5,5,2,5,True,0.0864,2,2,600,6302.00,4907.40,-0.0040
pop300_gen1000_mut0.01_elite5_tour5,300,1000,0.0100,5,5,5,2,6,True,0.0448,1,1,300,6292.80,0.00,0.0000
pop300_gen1000_mut0.01_elite5_tour5,300,1000,0.0100,5,5,5,2,7,True,0.0891,2,2,600,6301.20,4693.40,-0.0060
pop300_gen1000_mut0.01_elite5_tour5,300,1000,0.0100,5,5,5,2,8,True,0.0447,1,1,300,6293.20,0.00,0.0000
pop300_gen1000_mut0.01_elite5_tour5,300,1000,0.0100,5,5,5,2,9,True,0.0482,1,1,300,6301.60,0.00,0.0000
pop300_gen1000_mut0.01_elite5_tour5,300,1000,0.0100,5,5,5,2,10,True,0.0461,1,1,300,6293.60,0.00,0.0000
pop100_gen1000_mut0.03_elite5_tour2,100,1000,0.0300,5,2,5,2,1,True,0.0077,1,1,100,6293.20,0.00,0.0000
pop100_gen1000_mut0.03_elite5_tour2,100,1000,0.0300,5,2,5,2,2,True,0.0523,7,7,700,6301.20,4788.20,-0.1190
pop100_gen1000_mut0.03_elite5_tour2,100,1000,0.0300,5,2,5,2,3,True,0.0079,1,1,100,6293.20,0.00,0.0000
pop100_gen1000_mut0.03_elite5_tour2,100,1000,0.0300,5,2,5,2,4,True,0.0078,1,1,100,6292.80,0.00,0.0000
pop100_gen1000_mut0.03_elite5_tour2,100,1000,0.0300,5,2,5,2,5,True,0.0077,1,1,100,6292.80,0.00,0.0000
pop100_gen1000_mut0.03_elite5_tour2,100,1000,0.0300,5,2,5,2,6,True,0.0549,7,7,700,6302.00,4789.00,-0.1190
pop100_gen1000_mut0.03_elite5_tour2,100,1000,0.0300,5,2,5,2,7,True,0.0152,2,2,200,6301.60,4710.40,-0.0200
pop100_gen1000_mut0.03_elite5_tour2,100,1000,0.0300,5,2,5,2,8,True,0.0081,1,1,100,6293.60,0.00,0.0000
pop100_gen1000_mut0.03_elite5_tour2,100,1000,0.0300,5,2,5,2,9,True,0.0153,2,2,200,6301.60,4710.40,-0.0170
pop100_gen1000_mut0.03_elite5_tour2,100,1000,0.0300,5,2,5,2,10,True,0.0091,1,1,100,6292.80,0.00,0.0000
pop100_gen1000_mut0.03_elite5_tour3,100,1000,0.0300,5,3,5,2,1,True,0.0161,2,2,200,6302.00,4653.40,-0.0130
pop100_gen1000_mut0.03_elite5_tour3,100,1000,0.0300,5,3,5,2,2,True,0.0144,2,2,200,6302.00,4907.40,-0.0160
pop100_gen1000_mut0.03_elite5_tour3,100,1000,0.0300,5,3,5,2,3,True,0.0078,1,1,100,6293.20,0.00,0.0000
pop100_gen1000_mut0.03_elite5_tour3,100,1000,0.0300,5,3,5,2,4,True,0.0076,1,1,100,6292.80,0.00,0.0000
pop100_gen1000_mut0.03_elite5_tour3,100,1000,0.0300,5,3,5,2,5,True,0.0074,1,1,100,6293.60,0.00,0.0000
pop100_gen1000_mut0.03_elite5_tour3,100,1000,0.0300,5,3,5,2,6,True,0.0079,1,1,100,6292.80,0.00,0.0000
pop100_gen1000_mut0.03_elite5_tour3,100,1000,0.0300,5,3,5,2,7,True,0.0078,1,1,100,6292.80,0.00,0.0000
pop100_gen1000_mut0.03_elite5_tour3,100,1000,0.0300,5,3,5,2,8,True,0.0078,1,1,100,6293.60,0.00,0.0000
pop100_gen1000_mut0.03_elite5_tour3,100,1000,0.0300,5,3,5,2,9,True,0.0077,1,1,100,6293.20,0.00,0.0000
pop100_gen1000_mut0.03_elite5_tour3,100,1000,0.0300,5,3,5,2,10,True,0.0077,1,1,100,6294.00,0.00,0.0000
pop100_gen1000_mut0.03_elite5_tour5,100,1000,0.0300,5,5,5,2,1,True,0.0147,2,2,200,6301.20,4693.40,-0.0170
pop100_gen1000_mut0.03_elite5_tour5,100,1000,0.0300,5,5,5,2,2,True,0.0077,1,1,100,6293.60,0.00,0.0000
pop100_gen1000_mut0.03_elite5_tour5,100,1000,0.0300,5,5,5,2,3,True,0.0076,1,1,100,6294.00,0.00,0.0000
pop100_gen1000_mut0.03_elite5_tour5,100,1000,0.0300,5,5,5,2,4,True,0.0147,2,2,200,6302.00,4764.40,-0.0140
pop100_gen1000_mut0.03_elite5_tour5,100,1000,0.0300,5,5,5,2,5,True,0.0075,1,1,100,6292.80,0.00,0.0000
pop100_gen1000_mut0.03_elite5_tour5,100,1000,0.0300,5,5,5,2,6,True,0.0076,1,1,100,6292.80,0.00,0.0000
pop100_gen1000_mut0.03_elite5_tour5,100,1000,0.0300,5,5,5,2,7,True,0.0076,1,1,100,6293.60,0.00,0.0000
pop100_gen1000_mut0.03_elite5_tour5,100,1000,0.0300,5,5,5,2,8,True,0.0305,4,4,400,6302.00,4789.00,-0.1010
pop100_gen1000_mut0.03_elite5_tour5,100,1000,0.0300,5,5,5,2,9,True,0.0076,1,1,100,6293.60,0.00,0.0000
pop100_gen1000_mut0.03_elite5_tour5,100,1000,0.0300,5,5,5,2,10,True,0.0075,1,1,100,6292.80,0.00,0.0000
pop200_gen1000_mut0.03_elite5_tour2,200,1000,0.0300,5,2,5,2,1,True,0.0222,1,1,200,6300.80,0.00,0.0000
pop200_gen1000_mut0.03_elite5_tour2,200,1000,0.0300,5,2,5,2,2,True,0.0452,2,2,400,6301.60,4710.40,-0.0130
pop200_gen1000_mut0.03_elite5_tour2,200,1000,0.0300,5,2,5,2,3,True,0.0223,1,1,200,6294.00,0.00,0.0000
pop200_gen1000_mut0.03_elite5_tour2,200,1000,0.0300,5,2,5,2,4,True,0.0219,1,1,200,6292.80,0.00,0.0000
pop200_gen1000_mut0.03_elite5_tour2,200,1000,0.0300,5,2,5,2,5,True,0.0234,1,1,200,6292.80,0.00,0.0000
pop200_gen1000_mut0.03_elite5_tour2,200,1000,0.0300,5,2,5,2,6,True,0.0235,1,1,200,6293.60,0.00,0.0000
pop200_gen1000_mut0.03_elite5_tour2,200,1000,0.0300,5,2,5,2,7,True,0.0241,1,1,200,6292.80,0.00,0.0000
pop200_gen1000_mut0.03_elite5_tour2,200,1000,0.0300,5,2,5,2,8,True,0.0324,1,1,200,6292.80,0.00,0.0000
pop200_gen1000_mut0.03_elite5_tour2,200,1000,0.0300,5,2,5,2,9,True,0.0233,1,1,200,6293.20,0.00,0.0000
pop200_gen1000_mut0.03_elite5_tour2,200,1000,0.0300,5,2,5,2,10,True,0.0228,1,1,200,6292.80,0.00,0.0000
pop200_gen1000_mut0.03_elite5_tour3,200,1000,0.0300,5,3,5,2,1,True,0.0464,2,2,400,6302.00,4653.40,-0.0130
pop200_gen1000_mut0.03_elite5_tour3,200,1000,0.0300,5,3,5,2,2,True,0.0457,2,2,400,6301.60,4710.40,-0.0150
pop200_gen1000_mut0.03_elite5_tour3,200,1000,0.0300,5,3,5,2,3,True,0.0235,1,1,200,6294.00,0.00,0.0000
pop200_gen1000_mut0.03_elite5_tour3,200,1000,0.0300,5,3,5,2,4,True,0.0448,2,2,400,6302.00,4764.40,-0.0120
pop200_gen1000_mut0.03_elite5_tour3,200,1000,0.0300,5,3,5,2,5,True,0.0221,1,1,200,6292.80,0.00,0.0000
pop200_gen1000_mut0.03_elite5_tour3,200,1000,0.0300,5,3,5,2,6,True,0.0225,1,1,200,6293.20,0.00,0.0000
pop200_gen1000_mut0.03_elite5_tour3,200,1000,0.0300,5,3,5,2,7,True,0.0435,2,2,400,6302.00,4907.40,-0.0140
pop200_gen1000_mut0.03_elite5_tour3,200,1000,0.0300,5,3,5,2,8,True,0.0228,1,1,200,6293.60,0.00,0.0000
pop200_gen1000_mut0.03_elite5_tour3,200,1000,0.0300,5,3,5,2,9,True,0.0223,1,1,200,6294.00,0.00,0.0000
pop200_gen1000_mut0.03_elite5_tour3,200,1000,0.0300,5,3,5,2,10,True,0.0240,1,1,200,6292.80,0.00,0.0000
pop200_gen1000_mut0.03_elite5_tour5,200,1000,0.0300,5,5,5,2,1,True,0.0437,2,2,400,6302.00,4907.40,-0.0130
pop200_gen1000_mut0.03_elite5_tour5,200,1000,0.0300,5,5,5,2,2,True,0.0224,1,1,200,6293.60,0.00,0.0000
pop200_gen1000_mut0.03_elite5_tour5,200,1000,0.0300,5,5,5,2,3,True,0.0463,2,2,400,6301.60,4710.40,-0.0190
pop200_gen1000_mut0.03_elite5_tour5,200,1000,0.0300,5,5,5,2,4,True,0.0229,1,1,200,6293.60,0.00,0.0000
pop200_gen1000_mut0.03_elite5_tour5,200,1000,0.0300,5,5,5,2,5,True,0.0227,1,1,200,6301.60,0.00,0.0000
pop200_gen1000_mut0.03_elite5_tour5,200,1000,0.0300,5,5,5,2,6,True,0.0222,1,1,200,6293.20,0.00,0.0000
pop200_gen1000_mut0.03_elite5_tour5,200,1000,0.0300,5,5,5,2,7,True,0.0233,1,1,200,6292.80,0.00,0.0000
pop200_gen1000_mut0.03_elite5_tour5,200,1000,0.0300,5,5,5,2,8,True,0.0233,1,1,200,6292.80,0.00,0.0000
pop200_gen1000_mut0.03_elite5_tour5,200,1000,0.0300,5,5,5,2,9,True,0.0222,1,1,200,6293.20,0.00,0.0000
pop200_gen1000_mut0.03_elite5_tour5,200,1000,0.0300,5,5,5,2,10,True,0.0228,1,1,200,6294.00,0.00,0.0000
pop300_gen1000_mut0.03_elite5_tour2,300,1000,0.0300,5,2,5,2,1,True,0.0465,1,1,300,6292.80,0.00,0.0000
pop300_gen1000_mut0.03_elite5_tour2,300,1000,0.0300,5,2,5,2,2,True,0.0443,1,1,300,6292.80,0.00,0.0000
pop300_gen1000_mut0.03_elite5_tour2,300,1000,0.0300,5,2,5,2,3,True,0.0454,1,1,300,6292.80,0.00,0.0000
pop300_gen1000_mut0.03_elite5_tour2,300,1000,0.0300,5,2,5,2,4,True,0.0453,1,1,300,6293.60,0.00,0.0000
pop300_gen1000_mut0.03_elite5_tour2,300,1000,0.0300,5,2,5,2,5,True,0.0459,1,1,300,6293.60,0.00,0.0000
pop300_gen1000_mut0.03_elite5_tour2,300,1000,0.0300,5,2,5,2,6,True,0.0455,1,1,300,6293.60,0.00,0.0000
pop300_gen1000_mut0.03_elite5_tour2,300,1000,0.0300,5,2,5,2,7,True,0.0470,1,1,300,6293.60,0.00,0.0000
pop300_gen1000_mut0.03_elite5_tour2,300,1000,0.0300,5,2,5,2,8,True,0.0448,1,1,300,6293.20,0.00,0.0000
pop300_gen1000_mut0.03_elite5_tour2,300,1000,0.0300,5,2,5,2,9,True,0.0438,1,1,300,6293.20,0.00,0.0000
pop300_gen1000_mut0.03_elite5_tour2,300,1000,0.0300,5,2,5,2,10,True,0.0914,2,2,600,6302.00,4653.40,-0.0140
pop300_gen1000_mut0.03_elite5_tour3,300,1000,0.0300,5,3,5,2,1,True,0.0455,1,1,300,6293.60,0.00,0.0000
pop300_gen1000_mut0.03_elite5_tour3,300,1000,0.0300,5,3,5,2,2,True,0.0446,1,1,300,6293.60,0.00,0.0000
pop300_gen1000_mut0.03_elite5_tour3,300,1000,0.0300,5,3,5,2,3,True,0.0463,1,1,300,6292.80,0.00,0.0000
pop300_gen1000_mut0.03_elite5_tour3,300,1000,0.0300,5,3,5,2,4,True,0.0936,2,2,600,6302.00,4653.40,-0.0120
pop300_gen1000_mut0.03_elite5_tour3,300,1000,0.0300,5,3,5,2,5,True,0.0446,1,1,300,6292.80,0.00,0.0000
pop300_gen1000_mut0.03_elite5_tour3,300,1000,0.0300,5,3,5,2,6,True,0.0450,1,1,300,6292.80,0.00,0.0000
pop300_gen1000_mut0.03_elite5_tour3,300,1000,0.0300,5,3,5,2,7,True,0.0450,1,1,300,6292.80,0.00,0.0000
pop300_gen1000_mut0.03_elite5_tour3,300,1000,0.0300,5,3,5,2,8,True,0.0450,1,1,300,6293.60,0.00,0.0000
pop300_gen1000_mut0.03_elite5_tour3,300,1000,0.0300,5,3,5,2,9,True,0.0448,1,1,300,6293.60,0.00,0.0000
pop300_gen1000_mut0.03_elite5_tour3,300,1000,0.0300,5,3,5,2,10,True,0.0465,1,1,300,6292.80,0.00,0.0000
pop300_gen1000_mut0.03_elite5_tour5,300,1000,0.0300,5,5,5,2,1,True,0.0451,1,1,300,6292.80,0.00,0.0000
pop300_gen1000_mut0.03_elite5_tour5,300,1000,0.0300,5,5,5,2,2,True,0.0869,2,2,600,6301.20,4693.40,-0.0150
pop300_gen1000_mut0.03_elite5_tour5,300,1000,0.0300,5,5,5,2,3,True,0.0445,1,1,300,6292.80,0.00,0.0000
pop300_gen1000_mut0.03_elite5_tour5,300,1000,0.0300,5,5,5,2,4,True,0.0890,2,2,600,6301.60,4710.40,-0.0180
pop300_gen1000_mut0.03_elite5_tour5,300,1000,0.0300,5,5,5,2,5,True,0.0441,1,1,300,6300.80,0.00,0.0000
pop300_gen1000_mut0.03_elite5_tour5,300,1000,0.0300,5,5,5,2,6,True,0.0448,1,1,300,6292.80,0.00,0.0000
pop300_gen1000_mut0.03_elite5_tour5,300,1000,0.0300,5,5,5,2,7,True,0.0451,1,1,300,6293.60,0.00,0.0000
pop300_gen1000_mut0.03_elite5_tour5,300,1000,0.0300,5,5,5,2,8,True,0.0453,1,1,300,6292.80,0.00,0.0000
pop300_gen1000_mut0.03_elite5_tour5,300,1000,0.0300,5,5,5,2,9,True,0.0447,1,1,300,6294.00,0.00,0.0000
pop300_gen1000_mut0.03_elite5_tour5,300,1000,0.0300,5,5,5,2,10,True,0.0908,2,2,600,6302.00,4653.40,-0.0130
pop100_gen1000_mut0.05_elite5_tour2,100,1000,0.0500,5,2,5,2,1,True,0.0079,1,1,100,6292.80,0.00,0.0000
pop100_gen1000_mut0.05_elite5_tour2,100,1000,0.0500,5,2,5,2,2,True,0.0077,1,1,100,6292.80,0.00,0.0000
pop100_gen1000_mut0.05_elite5_tour2,100,1000,0.0500,5,2,5,2,3,True,0.0074,1,1,100,6292.80,0.00,0.0000
pop100_gen1000_mut0.05_elite5_tour2,100,1000,0.0500,5,2,5,2,4,True,0.0155,2,2,200,6302.00,4653.40,-0.0150
pop100_gen1000_mut0.05_elite5_tour2,100,1000,0.0500,5,2,5,2,5,True,0.0077,1,1,100,6301.60,0.00,0.0000
pop100_gen1000_mut0.05_elite5_tour2,100,1000,0.0500,5,2,5,2,6,True,0.0156,2,2,200,6302.00,4653.40,-0.0160
pop100_gen1000_mut0.05_elite5_tour2,100,1000,0.0500,5,2,5,2,7,True,0.0076,1,1,100,6293.60,0.00,0.0000
pop100_gen1000_mut0.05_elite5_tour2,100,1000,0.0500,5,2,5,2,8,True,0.0077,1,1,100,6293.20,0.00,0.0000
pop100_gen1000_mut0.05_elite5_tour2,100,1000,0.0500,5,2,5,2,9,True,0.0076,1,1,100,6293.60,0.00,0.0000
pop100_gen1000_mut0.05_elite5_tour2,100,1000,0.0500,5,2,5,2,10,True,0.0075,1,1,100,6292.80,0.00,0.0000
pop100_gen1000_mut0.05_elite5_tour3,100,1000,0.0500,5,3,5,2,1,True,0.0078,1,1,100,6292.80,0.00,0.0000
pop100_gen1000_mut0.05_elite5_tour3,100,1000,0.0500,5,3,5,2,2,True,0.0076,1,1,100,6293.60,0.00,0.0000
pop100_gen1000_mut0.05_elite5_tour3,100,1000,0.0500,5,3,5,2,3,True,0.0153,2,2,200,6301.60,4710.40,-0.0270
pop100_gen1000_mut0.05_elite5_tour3,100,1000,0.0500,5,3,5,2,4,True,0.0079,1,1,100,6301.60,0.00,0.0000
pop100_gen1000_mut0.05_elite5_tour3,100,1000,0.0500,5,3,5,2,5,True,0.0078,1,1,100,6292.80,0.00,0.0000
pop100_gen1000_mut0.05_elite5_tour3,100,1000,0.0500,5,3,5,2,6,True,0.0076,1,1,100,6294.00,0.00,0.0000
pop100_gen1000_mut0.05_elite5_tour3,100,1000,0.0500,5,3,5,2,7,True,0.0075,1,1,100,6293.60,0.00,0.0000
pop100_gen1000_mut0.05_elite5_tour3,100,1000,0.0500,5,3,5,2,8,True,0.0078,1,1,100,6293.20,0.00,0.0000
pop100_gen1000_mut0.05_elite5_tour3,100,1000,0.0500,5,3,5,2,9,True,0.0074,1,1,100,6292.80,0.00,0.0000
pop100_gen1000_mut0.05_elite5_tour3,100,1000,0.0500,5,3,5,2,10,True,0.0076,1,1,100,6293.60,0.00,0.0000
pop100_gen1000_mut0.05_elite5_tour5,100,1000,0.0500,5,5,5,2,1,True,0.0078,1,1,100,6292.80,0.00,0.0000
pop100_gen1000_mut0.05_elite5_tour5,100,1000,0.0500,5,5,5,2,2,True,0.0095,1,1,100,6301.60,0.00,0.0000
pop100_gen1000_mut0.05_elite5_tour5,100,1000,0.0500,5,5,5,2,3,True,0.0391,5,5,500,5808.20,4295.20,-0.1150
pop100_gen1000_mut0.05_elite5_tour5,100,1000,0.0500,5,5,5,2,4,True,0.0082,1,1,100,6293.20,0.00,0.0000
pop100_gen1000_mut0.05_elite5_tour5,100,1000,0.0500,5,5,5,2,5,True,0.0075,1,1,100,6293.20,0.00,0.0000
pop100_gen1000_mut0.05_elite5_tour5,100,1000,0.0500,5,5,5,2,6,True,0.0145,2,2,200,6302.00,4907.40,-0.0150
pop100_gen1000_mut0.05_elite5_tour5,100,1000,0.0500,5,5,5,2,7,True,0.0077,1,1,100,6292.80,0.00,0.0000
pop100_gen1000_mut0.05_elite5_tour5,100,1000,0.0500,5,5,5,2,8,True,0.0079,1,1,100,6294.00,0.00,0.0000
pop100_gen1000_mut0.05_elite5_tour5,100,1000,0.0500,5,5,5,2,9,True,0.0076,1,1,100,6293.20,0.00,0.0000
pop100_gen1000_mut0.05_elite5_tour5,100,1000,0.0500,5,5,5,2,10,True,0.0078,1,1,100,6293.20,0.00,0.0000
pop200_gen1000_mut0.05_elite5_tour2,200,1000,0.0500,5,2,5,2,1,True,0.0227,1,1,200,6292.80,0.00,0.0000
pop200_gen1000_mut0.05_elite5_tour2,200,1000,0.0500,5,2,5,2,2,True,0.0219,1,1,200,6292.80,0.00,0.0000
pop200_gen1000_mut0.05_elite5_tour2,200,1000,0.0500,5,2,5,2,3,True,0.0225,1,1,200,6300.80,0.00,0.0000
pop200_gen1000_mut0.05_elite5_tour2,200,1000,0.0500,5,2,5,2,4,True,0.0230,1,1,200,6293.60,0.00,0.0000
pop200_gen1000_mut0.05_elite5_tour2,200,1000,0.0500,5,2,5,2,5,True,0.0232,1,1,200,6293.60,0.00,0.0000
pop200_gen1000_mut0.05_elite5_tour2,200,1000,0.0500,5,2,5,2,6,True,0.0462,2,2,400,6301.60,4710.40,-0.0260
pop200_gen1000_mut0.05_elite5_tour2,200,1000,0.0500,5,2,5,2,7,True,0.0226,1,1,200,6292.80,0.00,0.0000
pop200_gen1000_mut0.05_elite5_tour2,200,1000,0.0500,5,2,5,2,8,True,0.0232,1,1,200,6301.60,0.00,0.0000
pop200_gen1000_mut0.05_elite5_tour2,200,1000,0.0500,5,2,5,2,9,True,0.0230,1,1,200,6292.80,0.00,0.0000
pop200_gen1000_mut0.05_elite5_tour2,200,1000,0.0500,5,2,5,2,10,True,0.0227,1,1,200,6293.20,0.00,0.0000
pop200_gen1000_mut0.05_elite5_tour3,200,1000,0.0500,5,3,5,2,1,True,0.0441,2,2,400,6302.40,4764.80,-0.0220
pop200_gen1000_mut0.05_elite5_tour3,200,1000,0.0500,5,3,5,2,2,True,0.0229,1,1,200,6292.80,0.00,0.0000
pop200_gen1000_mut0.05_elite5_tour3,200,1000,0.0500,5,3,5,2,3,True,0.0225,1,1,200,6293.60,0.00,0.0000
pop200_gen1000_mut0.05_elite5_tour3,200,1000,0.0500,5,3,5,2,4,True,0.0231,1,1,200,6293.20,0.00,0.0000
pop200_gen1000_mut0.05_elite5_tour3,200,1000,0.0500,5,3,5,2,5,True,0.0227,1,1,200,6292.80,0.00,0.0000
pop200_gen1000_mut0.05_elite5_tour3,200,1000,0.0500,5,3,5,2,6,True,0.0445,2,2,400,6302.40,4764.80,-0.0210
pop200_gen1000_mut0.05_elite5_tour3,200,1000,0.0500,5,3,5,2,7,True,0.0445,2,2,400,6302.40,4764.80,-0.0270
pop200_gen1000_mut0.05_elite5_tour3,200,1000,0.0500,5,3,5,2,8,True,0.0229,1,1,200,6293.60,0.00,0.0000
pop200_gen1000_mut0.05_elite5_tour3,200,1000,0.0500,5,3,5,2,9,True,0.0231,1,1,200,6301.60,0.00,0.0000
pop200_gen1000_mut0.05_elite5_tour3,200,1000,0.0500,5,3,5,2,10,True,0.0233,1,1,200,6292.80,0.00,0.0000
pop200_gen1000_mut0.05_elite5_tour5,200,1000,0.0500,5,5,5,2,1,True,0.0696,3,3,600,6302.00,4653.40,-0.0380
pop200_gen1000_mut0.05_elite5_tour5,200,1000,0.0500,5,5,5,2,2,True,0.0225,1,1,200,6293.60,0.00,0.0000
pop200_gen1000_mut0.05_elite5_tour5,200,1000,0.0500,5,5,5,2,3,True,0.0225,1,1,200,6292.80,0.00,0.0000
pop200_gen1000_mut0.05_elite5_tour5,200,1000,0.0500,5,5,5,2,4,True,0.0454,2,2,400,6301.60,4710.40,-0.0270
pop200_gen1000_mut0.05_elite5_tour5,200,1000,0.0500,5,5,5,2,5,True,0.0233,1,1,200,6300.80,0.00,0.0000
pop200_gen1000_mut0.05_elite5_tour5,200,1000,0.0500,5,5,5,2,6,True,0.0230,1,1,200,6293.60,0.00,0.0000
pop200_gen1000_mut0.05_elite5_tour5,200,1000,0.0500,5,5,5,2,7,True,0.0223,1,1,200,6292.80,0.00,0.0000
pop200_gen1000_mut0.05_elite5_tour5,200,1000,0.0500,5,5,5,2,8,True,0.0457,2,2,400,6301.20,4693.40,-0.0260
pop200_gen1000_mut0.05_elite5_tour5,200,1000,0.0500,5,5,5,2,9,True,0.0237,1,1,200,6292.80,0.00,0.0000
pop200_gen1000_mut0.05_elite5_tour5,200,1000,0.0500,5,5,5,2,10,True,0.0231,1,1,200,6293.20,0.00,0.0000
pop300_gen1000_mut0.05_elite5_tour2,300,1000,0.0500,5,2,5,2,1,True,0.0866,2,2,600,6302.00,4907.40,-0.0170
pop300_gen1000_mut0.05_elite5_tour2,300,1000,0.0500,5,2,5,2,2,True,0.0454,1,1,300,6294.00,0.00,0.0000
pop300_gen1000_mut0.05_elite5_tour2,300,1000,0.0500,5,2,5,2,3,True,0.0468,1,1,300,6292.80,0.00,0.0000
pop300_gen1000_mut0.05_elite5_tour2,300,1000,0.0500,5,2,5,2,4,True,0.0875,2,2,600,6302.00,4907.40,-0.0220
pop300_gen1000_mut0.05_elite5_tour2,300,1000,0.0500,5,2,5,2,5,True,0.0451,1,1,300,6292.80,0.00,0.0000
pop300_gen1000_mut0.05_elite5_tour2,300,1000,0.0500,5,2,5,2,6,True,0.0903,2,2,600,6302.40,4711.20,-0.0270
pop300_gen1000_mut0.05_elite5_tour2,300,1000,0.0500,5,2,5,2,7,True,0.0868,2,2,600,6301.20,4693.40,-0.0260
pop300_gen1000_mut0.05_elite5_tour2,300,1000,0.0500,5,2,5,2,8,True,0.0906,2,2,600,6302.40,4711.20,-0.0250
pop300_gen1000_mut0.05_elite5_tour2,300,1000,0.0500,5,2,5,2,9,True,0.0448,1,1,300,6293.20,0.00,0.0000
pop300_gen1000_mut0.05_elite5_tour2,300,1000,0.0500,5,2,5,2,10,True,0.0870,2,2,600,6302.00,4694.20,-0.0330
pop300_gen1000_mut0.05_elite5_tour3,300,1000,0.0500,5,3,5,2,1,True,0.0444,1,1,300,6293.20,0.00,0.0000
pop300_gen1000_mut0.05_elite5_tour3,300,1000,0.0500,5,3,5,2,2,True,0.0931,2,2,600,6302.00,4710.80,-0.0240
pop300_gen1000_mut0.05_elite5_tour3,300,1000,0.0500,5,3,5,2,3,True,0.0885,2,2,600,6301.20,4693.40,-0.0270
pop300_gen1000_mut0.05_elite5_tour3,300,1000,0.0500,5,3,5,2,4,True,0.0447,1,1,300,6293.60,0.00,0.0000
pop300_gen1000_mut0.05_elite5_tour3,300,1000,0.0500,5,3,5,2,5,True,0.0446,1,1,300,6292.80,0.00,0.0000
pop300_gen1000_mut0.05_elite5_tour3,300,1000,0.0500,5,3,5,2,6,True,0.0439,1,1,300,6292.80,0.00,0.0000
pop300_gen1000_mut0.05_elite5_tour3,300,1000,0.0500,5,3,5,2,7,True,0.1328,3,3,900,6302.00,4789.00,-0.0450
pop300_gen1000_mut0.05_elite5_tour3,300,1000,0.0500,5,3,5,2,8,True,0.0445,1,1,300,6292.80,0.00,0.0000
pop300_gen1000_mut0.05_elite5_tour3,300,1000,0.0500,5,3,5,2,9,True,0.0453,1,1,300,6292.80,0.00,0.0000
pop300_gen1000_mut0.05_elite5_tour3,300,1000,0.0500,5,3,5,2,10,True,0.0447,1,1,300,6292.80,0.00,0.0000
pop300_gen1000_mut0.05_elite5_tour5,300,1000,0.0500,5,5,5,2,1,True,0.0863,2,2,600,6301.60,4693.80,-0.0240
pop300_gen1000_mut0.05_elite5_tour5,300,1000,0.0500,5,5,5,2,2,True,0.1798,4,4,1200,6302.40,4789.40,-0.0990
pop300_gen1000_mut0.05_elite5_tour5,300,1000,0.0500,5,5,5,2,3,True,0.0445,1,1,300,6292.80,0.00,0.0000
pop300_gen1000_mut0.05_elite5_tour5,300,1000,0.0500,5,5,5,2,4,True,0.0452,1,1,300,6293.20,0.00,0.0000
pop300_gen1000_mut0.05_elite5_tour5,300,1000,0.0500,5,5,5,2,5,True,0.0450,1,1,300,6293.60,0.00,0.0000
pop300_gen1000_mut0.05_elite5_tour5,300,1000,0.0500,5,5,5,2,6,True,0.0444,1,1,300,6294.00,0.00,0.0000
pop300_gen1000_mut0.05_elite5_tour5,300,1000,0.0500,5,5,5,2,7,True,0.0444,1,1,300,6300.80,0.00,0.0000
pop300_gen1000_mut0.05_elite5_tour5,300,1000,0.0500,5,5,5,2,8,True,0.0473,1,1,300,6301.60,0.00,0.0000
pop300_gen1000_mut0.05_elite5_tour5,300,1000,0.0500,5,5,5,2,9,True,0.0455,1,1,300,6293.60,0.00,0.0000
pop300_gen1000_mut0.05_elite5_tour5,300,1000,0.0500,5,5,5,2,10,True,0.0912,2,2,600,6302.00,4789.00,-0.0210
