config_id,pop_size,generations,mut_rate,elite,tour_k,board_size,num_colors,run_number,success,time,generations_executed,generations_to_solution,fitness_evals,final_fitness,fitness_improvement,diversity_loss
pop100_gen500_mut0.01_elite0_tour2,100,500,0.0100,0,2,6,5,1,True,0.2359,23,23,2300,15897.00,9544.00,-0.0570
pop100_gen500_mut0.01_elite0_tour2,100,500,0.0100,0,2,6,5,2,True,0.0905,9,9,900,15873.20,14029.20,-0.0670
pop100_gen500_mut0.01_elite0_tour2,100,500,0.0100,0,2,6,5,3,True,0.0730,7,7,700,15872.00,4796.00,-0.0450
pop100_gen500_mut0.01_elite0_tour2,100,500,0.0100,0,2,6,5,4,True,0.1315,12,12,1200,15881.60,9349.00,-0.0800
pop100_gen500_mut0.01_elite0_tour2,100,500,0.0100,0,2,6,5,5,True,0.3123,29,29,2900,15921.20,14325.60,-0.0530
pop100_gen500_mut0.01_elite0_tour2,100,500,0.0100,0,2,6,5,6,True,0.1101,10,10,1000,15877.80,9306.80,-0.0380
pop100_gen500_mut0.01_elite0_tour2,100,500,0.0100,0,2,6,5,7,True,0.0658,6,6,600,15882.40,9349.80,-0.0410
pop100_gen500_mut0.01_elite0_tour2,100,500,0.0100,0,2,6,5,8,True,0.4200,37,37,3700,15898.60,9424.80,-0.0270
pop100_gen500_mut0.01_elite0_tour2,100,500,0.0100,0,2,6,5,9,True,0.1816,16,16,1600,15405.20,18309.80,-0.1030
pop100_gen500_mut0.01_elite0_tour2,100,500,0.0100,0,2,6,5,10,True,0.1387,12,12,1200,15406.40,8980.60,-0.0580
pop100_gen500_mut0.01_elite0_tour3,100,500,0.0100,0,3,6,5,1,True,0.1309,10,10,1000,15878.20,9459.40,-0.0380
pop100_gen500_mut0.01_elite0_tour3,100,500,0.0100,0,3,6,5,2,True,0.2054,17,17,1700,15902.40,9501.00,-0.0410
pop100_gen500_mut0.01_elite0_tour3,100,500,0.0100,0,3,6,5,3,True,0.0641,6,6,600,15863.60,4748.00,-0.0190
pop100_gen500_mut0.01_elite0_tour3,100,500,0.0100,0,3,6,5,4,True,0.1900,18,18,1800,15901.20,14359.60,-0.0130
pop100_gen500_mut0.01_elite0_tour3,100,500,0.0100,0,3,6,5,5,True,0.0710,6,6,600,15873.20,4688.40,-0.0240
pop100_gen500_mut0.01_elite0_tour3,100,500,0.0100,0,3,6,5,6,True,0.0235,2,2,200,15868.60,4658.40,-0.0040
pop100_gen500_mut0.01_elite0_tour3,100,500,0.0100,0,3,6,5,7,True,0.0120,1,1,100,15873.60,0.00,0.0000
pop100_gen500_mut0.01_elite0_tour3,100,500,0.0100,0,3,6,5,8,True,0.2348,21,21,2100,15888.20,9464.20,-0.0480
pop100_gen500_mut0.01_elite0_tour3,100,500,0.0100,0,3,6,5,9,True,0.0234,2,2,200,15892.80,4731.40,-0.0040
pop100_gen500_mut0.01_elite0_tour3,100,500,0.0100,0,3,6,5,10,True,0.1332,12,12,1200,15908.20,4871.00,-0.0330
pop100_gen500_mut0.01_elite0_tour5,100,500,0.0100,0,5,6,5,1,True,0.0563,5,5,500,15862.00,4688.40,-0.0310
pop100_gen500_mut0.01_elite0_tour5,100,500,0.0100,0,5,6,5,2,True,0.0438,4,4,400,15873.20,4664.00,-0.0340
pop100_gen500_mut0.01_elite0_tour5,100,500,0.0100,0,5,6,5,3,True,0.2448,22,22,2200,15908.20,9664.40,-0.0240
pop100_gen500_mut0.01_elite0_tour5,100,500,0.0100,0,5,6,5,4,True,0.1842,16,16,1600,15903.60,9495.20,-0.0050
pop100_gen500_mut0.01_elite0_tour5,100,500,0.0100,0,5,6,5,5,True,0.1048,9,9,900,15873.60,4688.80,-0.0370
pop100_gen500_mut0.01_elite0_tour5,100,500,0.0100,0,5,6,5,6,True,0.0907,8,8,800,15877.80,14118.80,-0.0620
pop100_gen500_mut0.01_elite0_tour5,100,500,0.0100,0,5,6,5,7,True,0.1526,13,13,1300,15899.00,14102.00,-0.0060
pop100_gen500_mut0.01_elite0_tour5,100,500,0.0100,0,5,6,5,8,True,0.0124,1,1,100,15904.00,0.00,0.0000
pop100_gen500_mut0.01_elite0_tour5,100,500,0.0100,0,5,6,5,9,True,0.1871,17,17,1700,15887.80,14246.60,-0.0460
pop100_gen500_mut0.01_elite0_tour5,100,500,0.0100,0,5,6,5,10,True,0.0546,5,5,500,15863.60,4748.00,-0.0180
pop200_gen500_mut0.01_elite0_tour2,200,500,0.0100,0,2,6,5,1,True,1.0839,34,34,6800,15920.80,14444.00,-0.0500
pop200_gen500_mut0.01_elite0_tour2,200,500,0.0100,0,2,6,5,2,True,0.2481,8,8,1600,15902.80,14417.60,-0.0670
pop200_gen500_mut0.01_elite0_tour2,200,500,0.0100,0,2,6,5,3,True,0.2233,7,7,1400,15887.40,9417.00,-0.0650
pop200_gen500_mut0.01_elite0_tour2,200,500,0.0100,0,2,6,5,4,True,1.3137,40,40,8000,15892.80,9549.40,-0.0450
pop200_gen500_mut0.01_elite0_tour2,200,500,0.0100,0,2,6,5,5,True,0.3449,11,11,2200,15897.80,14344.60,-0.0860
pop200_gen500_mut0.01_elite0_tour2,200,500,0.0100,0,2,6,5,6,True,0.1882,6,6,1200,15882.40,9349.80,-0.0490
pop200_gen500_mut0.01_elite0_tour2,200,500,0.0100,0,2,6,5,7,True,0.6115,19,19,3800,15903.20,4870.20,-0.0710
pop200_gen500_mut0.01_elite0_tour2,200,500,0.0100,0,2,6,5,8,True,0.0649,2,2,400,15879.40,4683.40,-0.0040
pop200_gen500_mut0.01_elite0_tour2,200,500,0.0100,0,2,6,5,9,True,0.3196,10,10,2000,15908.20,9586.80,-0.0540
pop200_gen500_mut0.01_elite0_tour2,200,500,0.0100,0,2,6,5,10,True,0.1872,6,6,1200,15892.00,4752.60,-0.0430
pop200_gen500_mut0.01_elite0_tour3,200,500,0.0100,0,3,6,5,1,True,0.2873,9,9,1800,15901.60,9535.00,-0.0540
pop200_gen500_mut0.01_elite0_tour3,200,500,0.0100,0,3,6,5,2,True,0.2567,8,8,1600,15889.00,9448.80,-0.0960
pop200_gen500_mut0.01_elite0_tour3,200,500,0.0100,0,3,6,5,3,True,0.0991,3,3,600,15873.20,4688.40,-0.0100
pop200_gen500_mut0.01_elite0_tour3,200,500,0.0100,0,3,6,5,4,True,0.3073,10,10,2000,15887.80,14168.80,-0.0340
pop200_gen500_mut0.01_elite0_tour3,200,500,0.0100,0,3,6,5,5,True,0.2885,9,9,1800,15899.00,14102.00,-0.0360
pop200_gen500_mut0.01_elite0_tour3,200,500,0.0100,0,3,6,5,6,True,0.0330,1,1,200,15870.20,0.00,0.0000
pop200_gen500_mut0.01_elite0_tour3,200,500,0.0100,0,3,6,5,7,True,0.2044,6,6,1200,15882.40,9349.80,-0.0480
pop200_gen500_mut0.01_elite0_tour3,200,500,0.0100,0,3,6,5,8,True,0.5805,18,18,3600,15883.60,9414.00,-0.0330
pop200_gen500_mut0.01_elite0_tour3,200,500,0.0100,0,3,6,5,9,True,0.1591,5,5,1000,15879.40,4683.40,-0.0200
pop200_gen500_mut0.01_elite0_tour3,200,500,0.0100,0,3,6,5,10,True,0.2476,8,8,1600,15888.20,18783.60,-0.0730
pop200_gen500_mut0.01_elite0_tour5,200,500,0.0100,0,5,6,5,1,True,0.1548,5,5,1000,15882.80,14107.20,-0.0550
pop200_gen500_mut0.01_elite0_tour5,200,500,0.0100,0,5,6,5,2,True,0.1520,5,5,1000,15878.60,14046.20,-0.0350
pop200_gen500_mut0.01_elite0_tour5,200,500,0.0100,0,5,6,5,3,True,0.2759,9,9,1800,15912.00,14306.80,-0.0560
pop200_gen500_mut0.01_elite0_tour5,200,500,0.0100,0,5,6,5,4,True,0.1853,6,6,1200,15892.80,14173.00,-0.0730
pop200_gen500_mut0.01_elite0_tour5,200,500,0.0100,0,5,6,5,5,True,0.2961,9,9,1800,15892.00,9439.60,-0.0510
pop200_gen500_mut0.01_elite0_tour5,200,500,0.0100,0,5,6,5,6,True,0.1879,6,6,1200,15409.00,13923.80,-0.0490
pop200_gen500_mut0.01_elite0_tour5,200,500,0.0100,0,5,6,5,7,True,0.1579,5,5,1000,15878.20,9424.80,-0.0430
pop200_gen500_mut0.01_elite0_tour5,200,500,0.0100,0,5,6,5,8,True,0.2523,8,8,1600,15884.00,9599.80,-0.0840
pop200_gen500_mut0.01_elite0_tour5,200,500,0.0100,0,5,6,5,9,True,0.1591,5,5,1000,15409.00,13923.80,-0.0580
pop200_gen500_mut0.01_elite0_tour5,200,500,0.0100,0,5,6,5,10,True,0.1232,4,4,800,15881.20,9383.40,-0.0470
pop300_gen500_mut0.01_elite0_tour2,300,500,0.0100,0,2,6,5,1,True,1.3213,21,21,6300,15889.40,9370.60,-0.0390
pop300_gen500_mut0.01_elite0_tour2,300,500,0.0100,0,2,6,5,2,True,0.8099,13,13,3900,15889.00,9374.00,-0.0790
pop300_gen500_mut0.01_elite0_tour2,300,500,0.0100,0,2,6,5,3,True,0.5016,8,8,2400,15898.20,9477.40,-0.0610
pop300_gen500_mut0.01_elite0_tour2,300,500,0.0100,0,2,6,5,4,True,0.5613,9,9,2700,15400.20,13683.80,-0.0840
pop300_gen500_mut0.01_elite0_tour2,300,500,0.0100,0,2,6,5,5,True,0.3765,6,6,1800,15872.80,4688.40,-0.0300
pop300_gen500_mut0.01_elite0_tour2,300,500,0.0100,0,2,6,5,6,True,0.6677,11,11,3300,15893.60,9452.80,-0.0650
pop300_gen500_mut0.01_elite0_tour2,300,500,0.0100,0,2,6,5,7,True,0.7055,11,11,3300,15908.20,9614.40,-0.0470
pop300_gen500_mut0.01_elite0_tour2,300,500,0.0100,0,2,6,5,8,True,0.1228,2,2,600,15877.40,4734.40,-0.0050
pop300_gen500_mut0.01_elite0_tour2,300,500,0.0100,0,2,6,5,9,True,1.4912,24,24,7200,15897.80,14230.60,-0.0470
pop300_gen500_mut0.01_elite0_tour2,300,500,0.0100,0,2,6,5,10,True,0.2512,4,4,1200,15873.20,4653.40,-0.0110
pop300_gen500_mut0.01_elite0_tour3,300,500,0.0100,0,3,6,5,1,True,0.3167,5,5,1500,15873.20,4688.40,-0.0260
pop300_gen500_mut0.01_elite0_tour3,300,500,0.0100,0,3,6,5,2,True,0.3725,6,6,1800,15873.20,4688.40,-0.0280
pop300_gen500_mut0.01_elite0_tour3,300,500,0.0100,0,3,6,5,3,True,0.3098,5,5,1500,15873.60,4688.40,-0.0320
pop300_gen500_mut0.01_elite0_tour3,300,500,0.0100,0,3,6,5,4,True,0.3184,5,5,1500,15883.60,9306.80,-0.0460
pop300_gen500_mut0.01_elite0_tour3,300,500,0.0100,0,3,6,5,5,True,0.2487,4,4,1200,15893.20,9443.40,-0.0180
pop300_gen500_mut0.01_elite0_tour3,300,500,0.0100,0,3,6,5,6,True,1.2410,20,20,6000,15896.20,9607.00,-0.0470
pop300_gen500_mut0.01_elite0_tour3,300,500,0.0100,0,3,6,5,7,True,0.1265,2,2,600,15897.80,4678.40,-0.0040
pop300_gen500_mut0.01_elite0_tour3,300,500,0.0100,0,3,6,5,8,True,1.4820,24,24,7200,15911.20,19032.20,-0.0450
pop300_gen500_mut0.01_elite0_tour3,300,500,0.0100,0,3,6,5,9,True,0.1922,3,3,900,15391.00,8770.00,-0.0120
pop300_gen500_mut0.01_elite0_tour3,300,500,0.0100,0,3,6,5,10,True,0.5626,9,9,2700,15884.40,9444.20,-0.0880
pop300_gen500_mut0.01_elite0_tour5,300,500,0.0100,0,5,6,5,1,True,0.7506,12,12,3600,15916.60,14599.20,-0.1200
pop300_gen500_mut0.01_elite0_tour5,300,500,0.0100,0,5,6,5,2,True,0.2545,4,4,1200,15888.60,9301.40,-0.0250
pop300_gen500_mut0.01_elite0_tour5,300,500,0.0100,0,5,6,5,3,True,0.3738,6,6,1800,15902.00,9524.20,-0.0860
pop300_gen500_mut0.01_elite0_tour5,300,500,0.0100,0,5,6,5,4,True,0.4403,7,7,2100,15884.00,9373.80,-0.0360
pop300_gen500_mut0.01_elite0_tour5,300,500,0.0100,0,5,6,5,5,True,0.3059,5,5,1500,15882.80,14167.80,-0.0630
pop300_gen500_mut0.01_elite0_tour5,300,500,0.0100,0,5,6,5,6,True,1.3047,21,21,6300,15897.80,14331.20,-0.0320
pop300_gen500_mut0.01_elite0_tour5,300,500,0.0100,0,5,6,5,7,True,0.3620,6,6,1800,15887.40,9462.80,-0.0480
pop300_gen500_mut0.01_elite0_tour5,300,500,0.0100,0,5,6,5,8,True,0.0641,1,1,300,15869.80,0.00,0.0000
pop300_gen500_mut0.01_elite0_tour5,300,500,0.0100,0,5,6,5,9,True,0.5708,9,9,2700,15899.00,9375.20,-0.0620
pop300_gen500_mut0.01_elite0_tour5,300,500,0.0100,0,5,6,5,10,True,0.4970,8,8,2400,15867.80,9424.80,-0.0230
pop100_gen500_mut0.03_elite0_tour2,100,500,0.0300,0,2,6,5,1,True,0.0225,2,2,200,15854.40,4683.80,-0.0170
pop100_gen500_mut0.03_elite0_tour2,100,500,0.0300,0,2,6,5,2,True,0.1188,11,11,1100,15893.20,14254.00,-0.1310
pop100_gen500_mut0.03_elite0_tour2,100,500,0.0300,0,2,6,5,3,True,0.1381,12,12,1200,15902.80,4877.60,-0.0990
pop100_gen500_mut0.03_elite0_tour2,100,500,0.0300,0,2,6,5,4,True,0.1247,11,11,1100,15902.80,14105.80,-0.1170
pop100_gen500_mut0.03_elite0_tour2,100,500,0.0300,0,2,6,5,5,True,0.1771,16,16,1600,15902.40,4853.20,-0.0910
pop100_gen500_mut0.03_elite0_tour2,100,500,0.0300,0,2,6,5,6,True,0.2366,21,21,2100,15902.40,9608.60,-0.0890
pop100_gen500_mut0.03_elite0_tour2,100,500,0.0300,0,2,6,5,7,True,0.0326,3,3,300,15883.20,9506.80,-0.0350
pop100_gen500_mut0.03_elite0_tour2,100,500,0.0300,0,2,6,5,8,True,0.1346,12,12,1200,15884.00,9433.20,-0.0540
pop100_gen500_mut0.03_elite0_tour2,100,500,0.0300,0,2,6,5,9,True,0.2250,21,21,2100,15912.40,14506.00,-0.1110
pop100_gen500_mut0.03_elite0_tour2,100,500,0.0300,0,2,6,5,10,True,0.0121,1,1,100,15872.00,0.00,0.0000
pop100_gen500_mut0.03_elite0_tour3,100,500,0.0300,0,3,6,5,1,True,0.0989,9,9,900,15872.40,4791.00,-0.0700
pop100_gen500_mut0.03_elite0_tour3,100,500,0.0300,0,3,6,5,2,True,0.0775,7,7,700,15902.40,19003.60,-0.1050
pop100_gen500_mut0.03_elite0_tour3,100,500,0.0300,0,3,6,5,3,True,0.0658,6,6,600,15879.40,9449.80,-0.0550
pop100_gen500_mut0.03_elite0_tour3,100,500,0.0300,0,3,6,5,4,True,0.0330,3,3,300,15902.00,9564.40,-0.0420
pop100_gen500_mut0.03_elite0_tour3,100,500,0.0300,0,3,6,5,5,True,0.0123,1,1,100,15904.00,0.00,0.0000
pop100_gen500_mut0.03_elite0_tour3,100,500,0.0300,0,3,6,5,6,True,0.0576,5,5,500,15862.40,4688.80,-0.0810
pop100_gen500_mut0.03_elite0_tour3,100,500,0.0300,0,3,6,5,7,True,0.0890,8,8,800,15863.60,4688.40,-0.0370
pop100_gen500_mut0.03_elite0_tour3,100,500,0.0300,0,3,6,5,8,True,0.0440,4,4,400,15882.80,9350.20,-0.0650
pop100_gen500_mut0.03_elite0_tour3,100,500,0.0300,0,3,6,5,9,True,0.0227,2,2,200,15887.40,4683.40,-0.0210
pop100_gen500_mut0.03_elite0_tour3,100,500,0.0300,0,3,6,5,10,True,0.0664,6,6,600,15888.60,9538.20,-0.0740
pop100_gen500_mut0.03_elite0_tour5,100,500,0.0300,0,5,6,5,1,True,0.0133,1,1,100,15913.20,0.00,0.0000
pop100_gen500_mut0.03_elite0_tour5,100,500,0.0300,0,5,6,5,2,True,0.0781,7,7,700,15892.80,14207.60,-0.0670
pop100_gen500_mut0.03_elite0_tour5,100,500,0.0300,0,5,6,5,3,True,0.0797,7,7,700,15897.80,9483.20,-0.0600
pop100_gen500_mut0.03_elite0_tour5,100,500,0.0300,0,5,6,5,4,True,0.0902,8,8,800,15903.20,14285.00,-0.0540
pop100_gen500_mut0.03_elite0_tour5,100,500,0.0300,0,5,6,5,5,True,0.0559,5,5,500,15887.40,9366.80,-0.0690
pop100_gen500_mut0.03_elite0_tour5,100,500,0.0300,0,5,6,5,6,True,0.0967,9,9,900,15901.60,14364.40,-0.0940
pop100_gen500_mut0.03_elite0_tour5,100,500,0.0300,0,5,6,5,7,True,0.0553,5,5,500,15878.20,4693.40,-0.0670
pop100_gen500_mut0.03_elite0_tour5,100,500,0.0300,0,5,6,5,8,True,0.0451,4,4,400,15873.20,4688.40,-0.0510
pop100_gen500_mut0.03_elite0_tour5,100,500,0.0300,0,5,6,5,9,True,0.2392,22,22,2200,15906.60,14470.40,-0.0980
pop100_gen500_mut0.03_elite0_tour5,100,500,0.0300,0,5,6,5,10,True,0.0225,2,2,200,15879.00,4669.40,-0.0170
pop200_gen500_mut0.03_elite0_tour2,200,500,0.0300,0,2,6,5,1,True,0.1842,6,6,1200,15421.00,4372.20,-0.0410
pop200_gen500_mut0.03_elite0_tour2,200,500,0.0300,0,2,6,5,2,True,0.0346,1,1,200,15889.00,0.00,0.0000
pop200_gen500_mut0.03_elite0_tour2,200,500,0.0300,0,2,6,5,3,True,0.2559,8,8,1600,15399.40,13602.40,-0.1070
pop200_gen500_mut0.03_elite0_tour2,200,500,0.0300,0,2,6,5,4,True,0.0986,3,3,600,15873.20,4688.40,-0.0210
pop200_gen500_mut0.03_elite0_tour2,200,500,0.0300,0,2,6,5,5,True,0.0660,2,2,400,15872.40,4664.00,-0.0160
pop200_gen500_mut0.03_elite0_tour2,200,500,0.0300,0,2,6,5,6,True,0.2590,8,8,1600,15887.80,4748.40,-0.0820
pop200_gen500_mut0.03_elite0_tour2,200,500,0.0300,0,2,6,5,7,True,0.1682,5,5,1000,15893.60,4743.00,-0.0370
pop200_gen500_mut0.03_elite0_tour2,200,500,0.0300,0,2,6,5,8,True,0.2916,9,9,1800,15897.40,9520.80,-0.1080
pop200_gen500_mut0.03_elite0_tour2,200,500,0.0300,0,2,6,5,9,True,0.1613,5,5,1000,15878.20,4693.80,-0.0630
pop200_gen500_mut0.03_elite0_tour2,200,500,0.0300,0,2,6,5,10,True,0.2875,9,9,1800,15902.00,14348.80,-0.0860
pop200_gen500_mut0.03_elite0_tour3,200,500,0.0300,0,3,6,5,1,True,0.1643,5,5,1000,15878.60,9307.60,-0.0810
pop200_gen500_mut0.03_elite0_tour3,200,500,0.0300,0,3,6,5,2,True,0.0635,2,2,400,15893.20,4830.80,-0.0150
pop200_gen500_mut0.03_elite0_tour3,200,500,0.0300,0,3,6,5,3,True,0.0932,3,3,600,15886.60,9405.40,-0.0390
pop200_gen500_mut0.03_elite0_tour3,200,500,0.0300,0,3,6,5,4,True,0.5279,16,16,3200,15888.60,9538.20,-0.1010
pop200_gen500_mut0.03_elite0_tour3,200,500,0.0300,0,3,6,5,5,True,0.3178,10,10,2000,15916.20,18989.60,-0.1040
pop200_gen500_mut0.03_elite0_tour3,200,500,0.0300,0,3,6,5,6,True,0.0967,3,3,600,15872.80,4688.40,-0.0260
pop200_gen500_mut0.03_elite0_tour3,200,500,0.0300,0,3,6,5,7,True,0.1265,4,4,800,15882.40,9399.80,-0.0490
pop200_gen500_mut0.03_elite0_tour3,200,500,0.0300,0,3,6,5,8,True,0.1244,4,4,800,15873.20,9424.80,-0.0570
pop200_gen500_mut0.03_elite0_tour3,200,500,0.0300,0,3,6,5,9,True,0.1850,6,6,1200,15873.20,9508.40,-0.1100
pop200_gen500_mut0.03_elite0_tour3,200,500,0.0300,0,3,6,5,10,True,0.1641,5,5,1000,15893.60,4748.00,-0.0700
pop200_gen500_mut0.03_elite0_tour5,200,500,0.0300,0,5,6,5,1,True,0.0925,3,3,600,15887.00,9405.80,-0.0490
pop200_gen500_mut0.03_elite0_tour5,200,500,0.0300,0,5,6,5,2,True,0.1979,6,6,1200,15908.60,18822.60,-0.0960
pop200_gen500_mut0.03_elite0_tour5,200,500,0.0300,0,5,6,5,3,True,0.1931,6,6,1200,15897.80,14100.80,-0.0620
pop200_gen500_mut0.03_elite0_tour5,200,500,0.0300,0,5,6,5,4,True,0.1292,4,4,800,15873.20,4688.40,-0.0440
pop200_gen500_mut0.03_elite0_tour5,200,500,0.0300,0,5,6,5,5,True,0.3166,10,10,2000,15883.20,4860.20,-0.0910
pop200_gen500_mut0.03_elite0_tour5,200,500,0.0300,0,5,6,5,6,True,0.0938,3,3,600,15892.00,9447.80,-0.0400
pop200_gen500_mut0.03_elite0_tour5,200,500,0.0300,0,5,6,5,7,True,0.2837,9,9,1800,15893.60,14168.60,-0.0650
pop200_gen500_mut0.03_elite0_tour5,200,500,0.0300,0,5,6,5,8,True,0.1239,4,4,800,15902.80,14417.60,-0.0800
pop200_gen500_mut0.03_elite0_tour5,200,500,0.0300,0,5,6,5,9,True,0.1655,5,5,1000,15888.20,9311.40,-0.0790
pop200_gen500_mut0.03_elite0_tour5,200,500,0.0300,0,5,6,5,10,True,0.0959,3,3,600,15873.20,4688.40,-0.0310
pop300_gen500_mut0.03_elite0_tour2,300,500,0.0300,0,2,6,5,1,True,0.3052,5,5,1500,15913.20,4979.00,-0.0510
pop300_gen500_mut0.03_elite0_tour2,300,500,0.0300,0,2,6,5,2,True,0.7722,12,12,3600,15912.00,9611.60,-0.0980
pop300_gen500_mut0.03_elite0_tour2,300,500,0.0300,0,2,6,5,3,True,0.5067,8,8,2400,15897.40,9484.00,-0.1080
pop300_gen500_mut0.03_elite0_tour2,300,500,0.0300,0,2,6,5,4,True,1.0179,16,16,4800,15403.40,9046.20,-0.1070
pop300_gen500_mut0.03_elite0_tour2,300,500,0.0300,0,2,6,5,5,True,0.8711,14,14,4200,15893.20,4989.40,-0.0950
pop300_gen500_mut0.03_elite0_tour2,300,500,0.0300,0,2,6,5,6,True,0.3722,6,6,1800,15896.20,14201.80,-0.1030
pop300_gen500_mut0.03_elite0_tour2,300,500,0.0300,0,2,6,5,7,True,0.0654,1,1,300,15889.00,0.00,0.0000
pop300_gen500_mut0.03_elite0_tour2,300,500,0.0300,0,2,6,5,8,True,0.1891,3,3,900,15888.20,9329.40,-0.0320
pop300_gen500_mut0.03_elite0_tour2,300,500,0.0300,0,2,6,5,9,True,0.1256,2,2,600,15892.80,4658.80,-0.0150
pop300_gen500_mut0.03_elite0_tour2,300,500,0.0300,0,2,6,5,10,True,0.6123,10,10,3000,15902.80,14361.20,-0.1160
pop300_gen500_mut0.03_elite0_tour3,300,500,0.0300,0,3,6,5,1,True,0.5654,9,9,2700,15888.20,9448.00,-0.1260
pop300_gen500_mut0.03_elite0_tour3,300,500,0.0300,0,3,6,5,2,True,0.6793,11,11,3300,15892.80,9506.20,-0.0900
pop300_gen500_mut0.03_elite0_tour3,300,500,0.0300,0,3,6,5,3,True,0.4907,8,8,2400,15878.20,18792.60,-0.0850
pop300_gen500_mut0.03_elite0_tour3,300,500,0.0300,0,3,6,5,4,True,0.2504,4,4,1200,15399.40,13584.80,-0.0700
pop300_gen500_mut0.03_elite0_tour3,300,500,0.0300,0,3,6,5,5,True,0.0648,1,1,300,15845.60,0.00,0.0000
pop300_gen500_mut0.03_elite0_tour3,300,500,0.0300,0,3,6,5,6,True,0.1865,3,3,900,15877.80,9395.20,-0.0240
pop300_gen500_mut0.03_elite0_tour3,300,500,0.0300,0,3,6,5,7,True,0.4421,7,7,2100,15878.20,9307.20,-0.0850
pop300_gen500_mut0.03_elite0_tour3,300,500,0.0300,0,3,6,5,8,True,0.1879,3,3,900,15869.00,9301.80,-0.0240
pop300_gen500_mut0.03_elite0_tour3,300,500,0.0300,0,3,6,5,9,True,0.4362,7,7,2100,15897.00,14312.80,-0.0930
pop300_gen500_mut0.03_elite0_tour3,300,500,0.0300,0,3,6,5,10,True,0.2460,4,4,1200,15888.60,4749.20,-0.0550
pop300_gen500_mut0.03_elite0_tour5,300,500,0.0300,0,5,6,5,1,True,0.3058,5,5,1500,15888.60,14164.20,-0.0630
pop300_gen500_mut0.03_elite0_tour5,300,500,0.0300,0,5,6,5,2,True,0.3691,6,6,1800,15917.40,9728.40,-0.1050
pop300_gen500_mut0.03_elite0_tour5,300,500,0.0300,0,5,6,5,3,True,0.4429,7,7,2100,15884.40,9600.20,-0.0930
pop300_gen500_mut0.03_elite0_tour5,300,500,0.0300,0,5,6,5,4,True,0.4281,7,7,2100,15911.60,14442.60,-0.1190
pop300_gen500_mut0.03_elite0_tour5,300,500,0.0300,0,5,6,5,5,True,0.2448,4,4,1200,15902.80,9386.80,-0.0700
pop300_gen500_mut0.03_elite0_tour5,300,500,0.0300,0,5,6,5,6,True,0.1250,2,2,600,15863.60,4678.40,-0.0130
pop300_gen500_mut0.03_elite0_tour5,300,500,0.0300,0,5,6,5,7,True,0.1941,3,3,900,15388.40,4204.00,-0.0380
pop300_gen500_mut0.03_elite0_tour5,300,500,0.0300,0,5,6,5,8,True,0.3748,6,6,1800,15912.80,14443.80,-0.1190
pop300_gen500_mut0.03_elite0_tour5,300,500,0.0300,0,5,6,5,9,True,0.3161,5,5,1500,15872.80,4813.00,-0.0650
pop300_gen500_mut0.03_elite0_tour5,300,500,0.0300,0,5,6,5,10,True,0.1793,3,3,900,15882.80,9424.80,-0.0360
pop100_gen500_mut0.05_elite0_tour2,100,500,0.0500,0,2,6,5,1,True,0.0654,5,5,500,15893.60,4748.00,-0.0640
pop100_gen500_mut0.05_elite0_tour2,100,500,0.0500,0,2,6,5,2,True,0.0345,3,3,300,15863.20,9341.80,-0.0420
pop100_gen500_mut0.05_elite0_tour2,100,500,0.0500,0,2,6,5,3,True,0.0539,4,4,400,15873.20,4688.40,-0.0450
pop100_gen500_mut0.05_elite0_tour2,100,500,0.0500,0,2,6,5,4,True,0.1257,11,11,1100,15893.20,14152.00,-0.1330
pop100_gen500_mut0.05_elite0_tour2,100,500,0.0500,0,2,6,5,5,True,0.2889,26,26,2600,15892.40,9524.60,-0.1120
pop100_gen500_mut0.05_elite0_tour2,100,500,0.0500,0,2,6,5,6,True,0.0748,7,7,700,15896.60,9515.00,-0.1490
pop100_gen500_mut0.05_elite0_tour2,100,500,0.0500,0,2,6,5,7,True,0.0699,6,6,600,15887.40,9366.80,-0.1100
pop100_gen500_mut0.05_elite0_tour2,100,500,0.0500,0,2,6,5,8,True,0.0451,4,4,400,15889.00,4752.60,-0.0520
pop100_gen500_mut0.05_elite0_tour2,100,500,0.0500,0,2,6,5,9,True,0.0226,2,2,200,15893.60,4741.40,-0.0250
pop100_gen500_mut0.05_elite0_tour2,100,500,0.0500,0,2,6,5,10,True,0.0433,4,4,400,15878.60,9442.80,-0.0450
pop100_gen500_mut0.05_elite0_tour3,100,500,0.0500,0,3,6,5,1,True,0.0894,8,8,800,15887.40,9599.00,-0.1320
pop100_gen500_mut0.05_elite0_tour3,100,500,0.0500,0,3,6,5,2,True,0.0435,4,4,400,15879.00,9453.80,-0.0810
pop100_gen500_mut0.05_elite0_tour3,100,500,0.0500,0,3,6,5,3,True,0.1301,12,12,1200,15426.40,9048.60,-0.1470
pop100_gen500_mut0.05_elite0_tour3,100,500,0.0500,0,3,6,5,4,True,0.0856,8,8,800,15882.80,9489.40,-0.1070
pop100_gen500_mut0.05_elite0_tour3,100,500,0.0500,0,3,6,5,5,True,0.0655,6,6,600,15902.00,14167.20,-0.1090
pop100_gen500_mut0.05_elite0_tour3,100,500,0.0500,0,3,6,5,6,True,0.0775,7,7,700,15882.00,14081.80,-0.1180
pop100_gen500_mut0.05_elite0_tour3,100,500,0.0500,0,3,6,5,7,True,0.0454,4,4,400,15893.60,4748.00,-0.0540
pop100_gen500_mut0.05_elite0_tour3,100,500,0.0500,0,3,6,5,8,True,0.0680,6,6,600,15882.80,9401.40,-0.0960
pop100_gen500_mut0.05_elite0_tour3,100,500,0.0500,0,3,6,5,9,True,0.0449,4,4,400,15380.20,4250.00,-0.0570
pop100_gen500_mut0.05_elite0_tour3,100,500,0.0500,0,3,6,5,10,True,0.0450,4,4,400,15872.40,4806.40,-0.0560
pop100_gen500_mut0.05_elite0_tour5,100,500,0.0500,0,5,6,5,1,True,0.0879,8,8,800,15877.00,14102.00,-0.1080
pop100_gen500_mut0.05_elite0_tour5,100,500,0.0500,0,5,6,5,2,True,0.0455,4,4,400,15877.80,4693.40,-0.0820
pop100_gen500_mut0.05_elite0_tour5,100,500,0.0500,0,5,6,5,3,True,0.0543,5,5,500,15388.20,8973.20,-0.0770
pop100_gen500_mut0.05_elite0_tour5,100,500,0.0500,0,5,6,5,4,True,0.0117,1,1,100,15874.40,0.00,0.0000
pop100_gen500_mut0.05_elite0_tour5,100,500,0.0500,0,5,6,5,5,True,0.0237,2,2,200,15869.40,4654.40,-0.0140
pop100_gen500_mut0.05_elite0_tour5,100,500,0.0500,0,5,6,5,6,True,0.0906,8,8,800,15882.80,9311.80,-0.1150
pop100_gen500_mut0.05_elite0_tour5,100,500,0.0500,0,5,6,5,7,True,0.0456,4,4,400,15892.80,4801.80,-0.0830
pop100_gen500_mut0.05_elite0_tour5,100,500,0.0500,0,5,6,5,8,True,0.0869,8,8,800,15902.00,19067.20,-0.1190
pop100_gen500_mut0.05_elite0_tour5,100,500,0.0500,0,5,6,5,9,True,0.1369,12,12,1200,15892.00,9542.80,-0.1060
pop100_gen500_mut0.05_elite0_tour5,100,500,0.0500,0,5,6,5,10,True,0.0431,4,4,400,15883.20,9515.80,-0.0910
pop200_gen500_mut0.05_elite0_tour2,200,500,0.0500,0,2,6,5,1,True,0.2497,8,8,1600,15892.80,18805.20,-0.1350
pop200_gen500_mut0.05_elite0_tour2,200,500,0.0500,0,2,6,5,2,True,0.7103,22,22,4400,15403.20,18548.00,-0.1550
pop200_gen500_mut0.05_elite0_tour2,200,500,0.0500,0,2,6,5,3,True,0.1864,6,6,1200,15893.20,14248.60,-0.1170
pop200_gen500_mut0.05_elite0_tour2,200,500,0.0500,0,2,6,5,4,True,0.0950,3,3,600,15404.80,8979.00,-0.0380
pop200_gen500_mut0.05_elite0_tour2,200,500,0.0500,0,2,6,5,5,True,0.1256,4,4,800,15898.20,4779.00,-0.0560
pop200_gen500_mut0.05_elite0_tour2,200,500,0.0500,0,2,6,5,6,True,0.0989,3,3,600,15908.20,4861.00,-0.0330
pop200_gen500_mut0.05_elite0_tour2,200,500,0.0500,0,2,6,5,7,True,0.0662,2,2,400,15877.40,9394.80,-0.0330
pop200_gen500_mut0.05_elite0_tour2,200,500,0.0500,0,2,6,5,8,True,0.2186,7,7,1400,15401.00,13780.80,-0.1340
pop200_gen500_mut0.05_elite0_tour2,200,500,0.0500,0,2,6,5,9,True,0.1607,5,5,1000,15877.40,4693.00,-0.0980
pop200_gen500_mut0.05_elite0_tour2,200,500,0.0500,0,2,6,5,10,True,0.1956,6,6,1200,15889.00,9312.20,-0.1050
pop200_gen500_mut0.05_elite0_tour3,200,500,0.0500,0,3,6,5,1,True,0.2626,8,8,1600,15911.60,14492.80,-0.1620
pop200_gen500_mut0.05_elite0_tour3,200,500,0.0500,0,3,6,5,2,True,0.2583,8,8,1600,15872.40,9410.60,-0.0910
pop200_gen500_mut0.05_elite0_tour3,200,500,0.0500,0,3,6,5,3,True,0.0984,3,3,600,15873.20,4688.40,-0.0370
pop200_gen500_mut0.05_elite0_tour3,200,500,0.0500,0,3,6,5,4,True,0.0338,1,1,200,15878.20,0.00,0.0000
pop200_gen500_mut0.05_elite0_tour3,200,500,0.0500,0,3,6,5,5,True,0.3617,11,11,2200,15902.00,18978.20,-0.1870
pop200_gen500_mut0.05_elite0_tour3,200,500,0.0500,0,3,6,5,6,True,0.1282,4,4,800,15872.40,4687.60,-0.0620
pop200_gen500_mut0.05_elite0_tour3,200,500,0.0500,0,3,6,5,7,True,0.4515,14,14,2800,15911.60,19109.20,-0.1620
pop200_gen500_mut0.05_elite0_tour3,200,500,0.0500,0,3,6,5,8,True,0.2593,8,8,1600,15894.00,14275.80,-0.1000
pop200_gen500_mut0.05_elite0_tour3,200,500,0.0500,0,3,6,5,9,True,0.0346,1,1,200,15904.00,0.00,0.0000
pop200_gen500_mut0.05_elite0_tour3,200,500,0.0500,0,3,6,5,10,True,0.0638,2,2,400,15872.40,4687.20,-0.0240
pop200_gen500_mut0.05_elite0_tour5,200,500,0.0500,0,5,6,5,1,True,0.1249,4,4,800,15878.20,9470.40,-0.0790
pop200_gen500_mut0.05_elite0_tour5,200,500,0.0500,0,5,6,5,2,True,0.0990,3,3,600,15874.40,4748.00,-0.0500
pop200_gen500_mut0.05_elite0_tour5,200,500,0.0500,0,5,6,5,3,True,0.1271,4,4,800,15399.00,13845.80,-0.0940
pop200_gen500_mut0.05_elite0_tour5,200,500,0.0500,0,5,6,5,4,True,0.2294,7,7,1400,15898.20,14452.60,-0.1260
pop200_gen500_mut0.05_elite0_tour5,200,500,0.0500,0,5,6,5,5,True,0.1641,5,5,1000,15894.00,9421.00,-0.1050
pop200_gen500_mut0.05_elite0_tour5,200,500,0.0500,0,5,6,5,6,True,0.3591,11,11,2200,15891.60,9647.60,-0.1240
pop200_gen500_mut0.05_elite0_tour5,200,500,0.0500,0,5,6,5,7,True,0.1603,5,5,1000,15893.20,9401.80,-0.1140
pop200_gen500_mut0.05_elite0_tour5,200,500,0.0500,0,5,6,5,8,True,0.2350,7,7,1400,15907.80,14266.20,-0.1270
pop200_gen500_mut0.05_elite0_tour5,200,500,0.0500,0,5,6,5,9,True,0.2926,9,9,1800,15897.80,4865.20,-0.1100
pop200_gen500_mut0.05_elite0_tour5,200,500,0.0500,0,5,6,5,10,True,0.2584,8,8,1600,15893.60,9487.40,-0.0850
pop300_gen500_mut0.05_elite0_tour2,300,500,0.0500,0,2,6,5,1,True,0.7072,11,11,3300,15421.80,13882.00,-0.1680
pop300_gen500_mut0.05_elite0_tour2,300,500,0.0500,0,2,6,5,2,True,0.3167,5,5,1500,15877.80,9306.80,-0.0840
pop300_gen500_mut0.05_elite0_tour2,300,500,0.0500,0,2,6,5,3,True,0.1290,2,2,600,15879.40,4678.40,-0.0180
pop300_gen500_mut0.05_elite0_tour2,300,500,0.0500,0,2,6,5,4,True,0.5553,9,9,2700,15884.40,9600.20,-0.1130
pop300_gen500_mut0.05_elite0_tour2,300,500,0.0500,0,2,6,5,5,True,0.4437,7,7,2100,15405.20,9051.00,-0.0720
pop300_gen500_mut0.05_elite0_tour2,300,500,0.0500,0,2,6,5,6,True,0.6731,11,11,3300,15415.20,9246.40,-0.1330
pop300_gen500_mut0.05_elite0_tour2,300,500,0.0500,0,2,6,5,7,True,0.5683,9,9,2700,15893.60,14245.60,-0.1290
pop300_gen500_mut0.05_elite0_tour2,300,500,0.0500,0,2,6,5,8,True,0.6949,11,11,3300,15907.40,9587.60,-0.1730
pop300_gen500_mut0.05_elite0_tour2,300,500,0.0500,0,2,6,5,9,False,16.6110,266,,80100,11212.00,9482.60,-0.0810
pop300_gen500_mut0.05_elite0_tour2,300,500,0.0500,0,2,6,5,10,True,0.3866,6,6,1800,15897.00,14255.20,-0.1390
pop300_gen500_mut0.05_elite0_tour3,300,500,0.0500,0,3,6,5,1,True,0.1299,2,2,600,15858.20,4687.60,-0.0230
pop300_gen500_mut0.05_elite0_tour3,300,500,0.0500,0,3,6,5,2,True,0.3095,5,5,1500,15897.80,9642.60,-0.0890
pop300_gen500_mut0.05_elite0_tour3,300,500,0.0500,0,3,6,5,3,True,0.3045,5,5,1500,15887.00,9462.40,-0.1060
pop300_gen500_mut0.05_elite0_tour3,300,500,0.0500,0,3,6,5,4,True,0.4325,7,7,2100,15907.00,14365.40,-0.1280
pop300_gen500_mut0.05_elite0_tour3,300,500,0.0500,0,3,6,5,5,True,0.1882,3,3,900,15388.80,4204.00,-0.0430
pop300_gen500_mut0.05_elite0_tour3,300,500,0.0500,0,3,6,5,6,True,0.4450,7,7,2100,15413.20,9222.00,-0.0990
pop300_gen500_mut0.05_elite0_tour3,300,500,0.0500,0,3,6,5,7,True,0.2464,4,4,1200,15881.60,9499.40,-0.0820
pop300_gen500_mut0.05_elite0_tour3,300,500,0.0500,0,3,6,5,8,True,0.4345,7,7,2100,15897.00,9532.80,-0.1750
pop300_gen500_mut0.05_elite0_tour3,300,500,0.0500,0,3,6,5,9,True,0.2537,4,4,1200,15400.20,13585.60,-0.0860
pop300_gen500_mut0.05_elite0_tour3,300,500,0.0500,0,3,6,5,10,True,0.3792,6,6,1800,15903.60,9582.20,-0.0860
pop300_gen500_mut0.05_elite0_tour5,300,500,0.0500,0,5,6,5,1,True,0.2531,4,4,1200,15883.60,9365.60,-0.0680
pop300_gen500_mut0.05_elite0_tour5,300,500,0.0500,0,5,6,5,2,True,0.3779,6,6,1800,15893.20,14155.40,-0.1170
pop300_gen500_mut0.05_elite0_tour5,300,500,0.0500,0,5,6,5,3,True,0.3098,5,5,1500,15887.80,18712.20,-0.1020
pop300_gen500_mut0.05_elite0_tour5,300,500,0.0500,0,5,6,5,4,True,0.2549,4,4,1200,15888.60,4802.20,-0.0640
pop300_gen500_mut0.05_elite0_tour5,300,500,0.0500,0,5,6,5,5,True,0.4504,7,7,2100,15886.20,9508.40,-0.1520
pop300_gen500_mut0.05_elite0_tour5,300,500,0.0500,0,5,6,5,6,True,0.3157,5,5,1500,15907.40,14206.80,-0.1010
pop300_gen500_mut0.05_elite0_tour5,300,500,0.0500,0,5,6,5,7,True,0.3227,5,5,1500,15893.60,9419.80,-0.0500
pop300_gen500_mut0.05_elite0_tour5,300,500,0.0500,0,5,6,5,8,True,0.1268,2,2,600,15887.40,4741.80,-0.0310
pop300_gen500_mut0.05_elite0_tour5,300,500,0.0500,0,5,6,5,9,True,0.1897,3,3,900,15873.60,4688.40,-0.0470
pop300_gen500_mut0.05_elite0_tour5,300,500,0.0500,0,5,6,5,10,True,0.1279,2,2,600,15873.20,4688.40,-0.0250
pop100_gen1000_mut0.01_elite0_tour2,100,1000,0.0100,0,2,6,5,1,True,0.2131,20,20,2000,15907.00,18983.60,-0.0490
pop100_gen1000_mut0.01_elite0_tour2,100,1000,0.0100,0,2,6,5,2,True,0.2047,19,19,1900,15892.80,9577.00,-0.0570
pop100_gen1000_mut0.01_elite0_tour2,100,1000,0.0100,0,2,6,5,3,True,0.3300,31,31,3100,15420.20,13708.80,-0.0500
pop100_gen1000_mut0.01_elite0_tour2,100,1000,0.0100,0,2,6,5,4,True,0.3623,33,33,3300,15892.80,9553.20,-0.0710
pop100_gen1000_mut0.01_elite0_tour2,100,1000,0.0100,0,2,6,5,5,True,0.1270,12,12,1200,15901.60,18962.60,-0.0840
pop100_gen1000_mut0.01_elite0_tour2,100,1000,0.0100,0,2,6,5,6,True,0.2590,23,23,2300,15889.40,9370.60,-0.0440
pop100_gen1000_mut0.01_elite0_tour2,100,1000,0.0100,0,2,6,5,7,True,0.0740,7,7,700,15897.40,9514.60,-0.0530
pop100_gen1000_mut0.01_elite0_tour2,100,1000,0.0100,0,2,6,5,8,True,0.1426,13,13,1300,15893.20,9467.40,-0.0500
pop100_gen1000_mut0.01_elite0_tour2,100,1000,0.0100,0,2,6,5,9,True,0.0878,8,8,800,15893.20,9440.80,-0.0520
pop100_gen1000_mut0.01_elite0_tour2,100,1000,0.0100,0,2,6,5,10,True,0.2939,28,28,2800,15897.80,9640.80,-0.0530
pop100_gen1000_mut0.01_elite0_tour3,100,1000,0.0100,0,3,6,5,1,True,0.1845,17,17,1700,15902.80,9678.20,-0.0240
pop100_gen1000_mut0.01_elite0_tour3,100,1000,0.0100,0,3,6,5,2,True,0.4261,39,39,3900,15890.80,14278.40,-0.0250
pop100_gen1000_mut0.01_elite0_tour3,100,1000,0.0100,0,3,6,5,3,True,0.0515,5,5,500,15882.40,9424.40,-0.0330
pop100_gen1000_mut0.01_elite0_tour3,100,1000,0.0100,0,3,6,5,4,True,0.1498,13,13,1300,15878.60,9531.20,-0.0670
pop100_gen1000_mut0.01_elite0_tour3,100,1000,0.0100,0,3,6,5,5,True,0.1736,16,16,1600,15912.00,14367.80,-0.0380
pop100_gen1000_mut0.01_elite0_tour3,100,1000,0.0100,0,3,6,5,6,True,0.0435,4,4,400,15882.40,9349.80,-0.0270
pop100_gen1000_mut0.01_elite0_tour3,100,1000,0.0100,0,3,6,5,7,True,0.2793,26,26,2600,15916.60,19204.20,-0.0340
pop100_gen1000_mut0.01_elite0_tour3,100,1000,0.0100,0,3,6,5,8,True,0.1471,14,14,1400,15887.80,14183.00,-0.0710
pop100_gen1000_mut0.01_elite0_tour3,100,1000,0.0100,0,3,6,5,9,True,0.0547,5,5,500,15882.80,9401.40,-0.0470
pop100_gen1000_mut0.01_elite0_tour3,100,1000,0.0100,0,3,6,5,10,True,0.0227,2,2,200,15879.00,4699.40,-0.0040
pop100_gen1000_mut0.01_elite0_tour5,100,1000,0.0100,0,5,6,5,1,True,0.1131,10,10,1000,15898.20,9665.20,-0.0690
pop100_gen1000_mut0.01_elite0_tour5,100,1000,0.0100,0,5,6,5,2,True,0.0122,1,1,100,15883.60,0.00,0.0000
pop100_gen1000_mut0.01_elite0_tour5,100,1000,0.0100,0,5,6,5,3,True,0.0334,3,3,300,15882.40,9349.80,-0.0190
pop100_gen1000_mut0.01_elite0_tour5,100,1000,0.0100,0,5,6,5,4,True,0.1437,13,13,1300,15892.40,9520.00,-0.0460
pop100_gen1000_mut0.01_elite0_tour5,100,1000,0.0100,0,5,6,5,5,True,0.0429,4,4,400,15878.20,9424.80,-0.0300
pop100_gen1000_mut0.01_elite0_tour5,100,1000,0.0100,0,5,6,5,6,True,0.1302,12,12,1200,15892.80,14253.80,-0.0340
pop100_gen1000_mut0.01_elite0_tour5,100,1000,0.0100,0,5,6,5,7,True,0.1125,10,10,1000,15898.60,9549.00,-0.0680
pop100_gen1000_mut0.01_elite0_tour5,100,1000,0.0100,0,5,6,5,8,True,0.0216,2,2,200,15872.40,4688.40,-0.0060
pop100_gen1000_mut0.01_elite0_tour5,100,1000,0.0100,0,5,6,5,9,True,0.0623,6,6,600,15882.40,9484.40,-0.0480
pop100_gen1000_mut0.01_elite0_tour5,100,1000,0.0100,0,5,6,5,10,True,0.0217,2,2,200,15884.00,4830.80,-0.0040
pop200_gen1000_mut0.01_elite0_tour2,200,1000,0.0100,0,2,6,5,1,True,0.0637,2,2,400,15893.20,4830.80,-0.0050
pop200_gen1000_mut0.01_elite0_tour2,200,1000,0.0100,0,2,6,5,2,True,0.6075,19,19,3800,15872.80,4858.40,-0.0370
pop200_gen1000_mut0.01_elite0_tour2,200,1000,0.0100,0,2,6,5,3,True,0.2475,8,8,1600,15881.20,9383.40,-0.0590
pop200_gen1000_mut0.01_elite0_tour2,200,1000,0.0100,0,2,6,5,4,True,0.3866,12,12,2400,15877.80,9306.80,-0.0560
pop200_gen1000_mut0.01_elite0_tour2,200,1000,0.0100,0,2,6,5,5,True,0.6640,21,21,4200,15893.20,9655.60,-0.0620
pop200_gen1000_mut0.01_elite0_tour2,200,1000,0.0100,0,2,6,5,6,True,0.2121,7,7,1400,15887.40,14217.80,-0.0500
pop200_gen1000_mut0.01_elite0_tour2,200,1000,0.0100,0,2,6,5,7,True,0.1874,6,6,1200,15903.20,4847.00,-0.0300
pop200_gen1000_mut0.01_elite0_tour2,200,1000,0.0100,0,2,6,5,8,True,0.7107,23,23,4600,15916.60,19186.00,-0.0760
pop200_gen1000_mut0.01_elite0_tour2,200,1000,0.0100,0,2,6,5,9,True,0.2630,8,8,1600,15883.60,9306.80,-0.0720
pop200_gen1000_mut0.01_elite0_tour2,200,1000,0.0100,0,2,6,5,10,True,0.3194,10,10,2000,15889.00,13968.20,-0.0680
pop200_gen1000_mut0.01_elite0_tour3,200,1000,0.0100,0,3,6,5,1,True,0.2246,7,7,1400,15873.60,4689.20,-0.0340
pop200_gen1000_mut0.01_elite0_tour3,200,1000,0.0100,0,3,6,5,2,True,0.2578,8,8,1600,15882.80,9311.80,-0.0440
pop200_gen1000_mut0.01_elite0_tour3,200,1000,0.0100,0,3,6,5,3,True,0.3545,11,11,2200,15887.40,9316.40,-0.0460
pop200_gen1000_mut0.01_elite0_tour3,200,1000,0.0100,0,3,6,5,4,True,0.1966,6,6,1200,15886.60,9409.40,-0.0650
pop200_gen1000_mut0.01_elite0_tour3,200,1000,0.0100,0,3,6,5,5,True,0.3770,12,12,2400,15902.00,9647.60,-0.0820
pop200_gen1000_mut0.01_elite0_tour3,200,1000,0.0100,0,3,6,5,6,True,0.5380,17,17,3400,15911.60,19106.20,-0.0590
pop200_gen1000_mut0.01_elite0_tour3,200,1000,0.0100,0,3,6,5,7,True,0.3546,11,11,2200,15892.40,9315.60,-0.0640
pop200_gen1000_mut0.01_elite0_tour3,200,1000,0.0100,0,3,6,5,8,True,0.3207,10,10,2000,15872.40,9332.40,-0.0450
pop200_gen1000_mut0.01_elite0_tour3,200,1000,0.0100,0,3,6,5,9,True,0.7781,24,24,4800,15911.60,23705.20,-0.0750
pop200_gen1000_mut0.01_elite0_tour3,200,1000,0.0100,0,3,6,5,10,True,0.4161,13,13,2600,15921.20,14320.20,-0.0870
pop200_gen1000_mut0.01_elite0_tour5,200,1000,0.0100,0,5,6,5,1,True,0.3806,12,12,2400,15892.40,14235.80,-0.0340
pop200_gen1000_mut0.01_elite0_tour5,200,1000,0.0100,0,5,6,5,2,True,0.1287,4,4,800,15901.60,9453.80,-0.0430
pop200_gen1000_mut0.01_elite0_tour5,200,1000,0.0100,0,5,6,5,3,True,0.1893,6,6,1200,15880.20,9346.80,-0.0490
pop200_gen1000_mut0.01_elite0_tour5,200,1000,0.0100,0,5,6,5,4,True,0.3948,12,12,2400,15903.60,9431.00,-0.0490
pop200_gen1000_mut0.01_elite0_tour5,200,1000,0.0100,0,5,6,5,5,True,0.0335,1,1,200,15874.40,0.00,0.0000
pop200_gen1000_mut0.01_elite0_tour5,200,1000,0.0100,0,5,6,5,6,True,0.1918,6,6,1200,15894.00,9639.20,-0.0790
pop200_gen1000_mut0.01_elite0_tour5,200,1000,0.0100,0,5,6,5,7,True,0.1270,4,4,800,15888.20,9347.80,-0.0430
pop200_gen1000_mut0.01_elite0_tour5,200,1000,0.0100,0,5,6,5,8,True,0.0635,2,2,400,15898.20,4960.40,-0.0040
pop200_gen1000_mut0.01_elite0_tour5,200,1000,0.0100,0,5,6,5,9,True,0.1519,5,5,1000,15892.40,14172.60,-0.0580
pop200_gen1000_mut0.01_elite0_tour5,200,1000,0.0100,0,5,6,5,10,True,0.1594,5,5,1000,15882.80,9350.20,-0.0460
pop300_gen1000_mut0.01_elite0_tour2,300,1000,0.0100,0,2,6,5,1,True,0.4945,8,8,2400,15873.60,14024.20,-0.0710
pop300_gen1000_mut0.01_elite0_tour2,300,1000,0.0100,0,2,6,5,2,True,0.4970,8,8,2400,15873.20,4688.80,-0.0620
pop300_gen1000_mut0.01_elite0_tour2,300,1000,0.0100,0,2,6,5,3,True,1.2569,20,20,6000,15883.60,14045.80,-0.0970
pop300_gen1000_mut0.01_elite0_tour2,300,1000,0.0100,0,2,6,5,4,True,0.4353,7,7,2100,15401.00,8880.40,-0.0530
pop300_gen1000_mut0.01_elite0_tour2,300,1000,0.0100,0,2,6,5,5,True,0.4306,7,7,2100,15892.80,4773.60,-0.0450
pop300_gen1000_mut0.01_elite0_tour2,300,1000,0.0100,0,2,6,5,6,True,0.6963,11,11,3300,15893.60,9454.80,-0.0630
pop300_gen1000_mut0.01_elite0_tour2,300,1000,0.0100,0,2,6,5,7,True,0.5659,9,9,2700,15877.80,4817.60,-0.0420
pop300_gen1000_mut0.01_elite0_tour2,300,1000,0.0100,0,2,6,5,8,True,0.5626,9,9,2700,15917.00,9515.80,-0.0480
pop300_gen1000_mut0.01_elite0_tour2,300,1000,0.0100,0,2,6,5,9,True,0.7998,13,13,3900,15902.40,18916.20,-0.0600
pop300_gen1000_mut0.01_elite0_tour2,300,1000,0.0100,0,2,6,5,10,True,1.6356,26,26,7800,15897.80,9530.00,-0.0810
pop300_gen1000_mut0.01_elite0_tour3,300,1000,0.0100,0,3,6,5,1,True,0.3120,5,5,1500,15882.40,9349.80,-0.0390
pop300_gen1000_mut0.01_elite0_tour3,300,1000,0.0100,0,3,6,5,2,True,0.1875,3,3,900,15384.80,4233.00,-0.0120
pop300_gen1000_mut0.01_elite0_tour3,300,1000,0.0100,0,3,6,5,3,True,0.1320,2,2,600,15897.00,4683.40,-0.0050
pop300_gen1000_mut0.01_elite0_tour3,300,1000,0.0100,0,3,6,5,4,True,0.8264,13,13,3900,15907.40,9612.00,-0.0970
pop300_gen1000_mut0.01_elite0_tour3,300,1000,0.0100,0,3,6,5,5,True,0.7328,12,12,3600,15906.20,19049.20,-0.0900
pop300_gen1000_mut0.01_elite0_tour3,300,1000,0.0100,0,3,6,5,6,True,0.3113,5,5,1500,15884.00,9424.80,-0.0430
pop300_gen1000_mut0.01_elite0_tour3,300,1000,0.0100,0,3,6,5,7,True,0.3156,5,5,1500,15877.80,9306.80,-0.0530
pop300_gen1000_mut0.01_elite0_tour3,300,1000,0.0100,0,3,6,5,8,True,1.0426,17,17,5100,15907.00,23707.00,-0.0660
pop300_gen1000_mut0.01_elite0_tour3,300,1000,0.0100,0,3,6,5,9,True,0.5558,9,9,2700,15903.20,14326.80,-0.0220
pop300_gen1000_mut0.01_elite0_tour3,300,1000,0.0100,0,3,6,5,10,True,0.2512,4,4,1200,15908.20,4861.00,-0.0090
pop300_gen1000_mut0.01_elite0_tour5,300,1000,0.0100,0,5,6,5,1,True,0.4359,7,7,2100,15906.60,14310.80,-0.0580
pop300_gen1000_mut0.01_elite0_tour5,300,1000,0.0100,0,5,6,5,2,True,0.9725,15,15,4500,15873.20,14120.80,-0.0730
pop300_gen1000_mut0.01_elite0_tour5,300,1000,0.0100,0,5,6,5,3,True,0.4307,7,7,2100,15901.60,14296.60,-0.0910
pop300_gen1000_mut0.01_elite0_tour5,300,1000,0.0100,0,5,6,5,4,True,0.1272,2,2,600,15873.20,4688.40,-0.0050
pop300_gen1000_mut0.01_elite0_tour5,300,1000,0.0100,0,5,6,5,5,True,0.1883,3,3,900,15874.00,9359.80,-0.0120
pop300_gen1000_mut0.01_elite0_tour5,300,1000,0.0100,0,5,6,5,6,True,0.4878,8,8,2400,15902.40,14363.20,-0.0800
pop300_gen1000_mut0.01_elite0_tour5,300,1000,0.0100,0,5,6,5,7,True,0.3167,5,5,1500,15867.00,4693.40,-0.0440
pop300_gen1000_mut0.01_elite0_tour5,300,1000,0.0100,0,5,6,5,8,True,0.4400,7,7,2100,15419.00,9175.20,-0.0650
pop300_gen1000_mut0.01_elite0_tour5,300,1000,0.0100,0,5,6,5,9,True,0.0746,1,1,300,15879.40,0.00,0.0000
pop300_gen1000_mut0.01_elite0_tour5,300,1000,0.0100,0,5,6,5,10,True,0.8904,14,14,4200,15903.60,9495.20,-0.0300
pop100_gen1000_mut0.03_elite0_tour2,100,1000,0.0300,0,2,6,5,1,True,0.2630,23,23,2300,15897.80,9484.00,-0.0960
pop100_gen1000_mut0.03_elite0_tour2,100,1000,0.0300,0,2,6,5,2,True,0.2009,18,18,1800,15879.00,9365.20,-0.0360
pop100_gen1000_mut0.03_elite0_tour2,100,1000,0.0300,0,2,6,5,3,True,0.4397,40,40,4000,15902.40,9677.80,-0.0780
pop100_gen1000_mut0.03_elite0_tour2,100,1000,0.0300,0,2,6,5,4,True,0.0659,6,6,600,15898.20,9576.80,-0.0770
pop100_gen1000_mut0.03_elite0_tour2,100,1000,0.0300,0,2,6,5,5,True,0.1922,18,18,1800,15906.20,18907.20,-0.1210
pop100_gen1000_mut0.03_elite0_tour2,100,1000,0.0300,0,2,6,5,6,True,0.0422,4,4,400,15404.00,13916.80,-0.0480
pop100_gen1000_mut0.03_elite0_tour2,100,1000,0.0300,0,2,6,5,7,True,0.0543,5,5,500,15863.20,9341.80,-0.0570
pop100_gen1000_mut0.03_elite0_tour2,100,1000,0.0300,0,2,6,5,8,True,0.0730,6,6,600,15873.20,4688.80,-0.0700
pop100_gen1000_mut0.03_elite0_tour2,100,1000,0.0300,0,2,6,5,9,True,0.1399,13,13,1300,15907.40,9663.60,-0.0740
pop100_gen1000_mut0.03_elite0_tour2,100,1000,0.0300,0,2,6,5,10,True,0.0952,9,9,900,14897.60,8534.00,-0.0890
pop100_gen1000_mut0.03_elite0_tour3,100,1000,0.0300,0,3,6,5,1,True,0.1116,10,10,1000,15882.00,9487.00,-0.0710
pop100_gen1000_mut0.03_elite0_tour3,100,1000,0.0300,0,3,6,5,2,True,0.0451,4,4,400,15872.40,4687.60,-0.0460
pop100_gen1000_mut0.03_elite0_tour3,100,1000,0.0300,0,3,6,5,3,True,0.1438,13,13,1300,14406.40,8106.80,-0.1320
pop100_gen1000_mut0.03_elite0_tour3,100,1000,0.0300,0,3,6,5,4,False,4.6172,411,,41200,11089.80,4777.80,-0.0240
pop100_gen1000_mut0.03_elite0_tour3,100,1000,0.0300,0,3,6,5,5,True,0.0225,2,2,200,15862.80,4683.40,-0.0180
pop100_gen1000_mut0.03_elite0_tour3,100,1000,0.0300,0,3,6,5,6,True,0.1035,10,10,1000,15897.00,14238.20,-0.0880
pop100_gen1000_mut0.03_elite0_tour3,100,1000,0.0300,0,3,6,5,7,True,0.0676,6,6,600,15893.60,9419.80,-0.0870
pop100_gen1000_mut0.03_elite0_tour3,100,1000,0.0300,0,3,6,5,8,True,0.2782,25,25,2500,15902.00,9735.80,-0.0530
pop100_gen1000_mut0.03_elite0_tour3,100,1000,0.0300,0,3,6,5,9,True,0.1784,17,17,1700,15891.60,14331.40,-0.1120
pop100_gen1000_mut0.03_elite0_tour3,100,1000,0.0300,0,3,6,5,10,True,0.0466,4,4,400,15873.20,4688.40,-0.0480
pop100_gen1000_mut0.03_elite0_tour5,100,1000,0.0300,0,5,6,5,1,True,0.0792,7,7,700,15894.00,14156.20,-0.0970
pop100_gen1000_mut0.03_elite0_tour5,100,1000,0.0300,0,5,6,5,2,True,0.1428,13,13,1300,15902.40,9608.60,-0.0620
pop100_gen1000_mut0.03_elite0_tour5,100,1000,0.0300,0,5,6,5,3,True,0.0675,6,6,600,15882.40,9311.40,-0.0460
pop100_gen1000_mut0.03_elite0_tour5,100,1000,0.0300,0,5,6,5,4,True,0.1326,12,12,1200,15902.40,9844.60,-0.0620
pop100_gen1000_mut0.03_elite0_tour5,100,1000,0.0300,0,5,6,5,5,True,0.0575,5,5,500,15873.60,4688.80,-0.0500
pop100_gen1000_mut0.03_elite0_tour5,100,1000,0.0300,0,5,6,5,6,True,0.0119,1,1,100,15872.00,0.00,0.0000
pop100_gen1000_mut0.03_elite0_tour5,100,1000,0.0300,0,5,6,5,7,True,0.1623,15,15,1500,15892.00,18911.80,-0.1140
pop100_gen1000_mut0.03_elite0_tour5,100,1000,0.0300,0,5,6,5,8,True,0.0657,6,6,600,15882.80,9479.40,-0.0440
pop100_gen1000_mut0.03_elite0_tour5,100,1000,0.0300,0,5,6,5,9,True,0.0228,2,2,200,15879.00,4699.40,-0.0160
pop100_gen1000_mut0.03_elite0_tour5,100,1000,0.0300,0,5,6,5,10,True,0.0461,4,4,400,15873.20,4688.80,-0.0540
pop200_gen1000_mut0.03_elite0_tour2,200,1000,0.0300,0,2,6,5,1,True,0.7625,24,24,4800,15903.20,9748.60,-0.0760
pop200_gen1000_mut0.03_elite0_tour2,200,1000,0.0300,0,2,6,5,2,True,0.0648,2,2,400,15869.40,4605.20,-0.0120
pop200_gen1000_mut0.03_elite0_tour2,200,1000,0.0300,0,2,6,5,3,True,0.5102,16,16,3200,15892.80,9612.00,-0.1270
pop200_gen1000_mut0.03_elite0_tour2,200,1000,0.0300,0,2,6,5,4,True,0.9549,30,30,6000,15892.40,14290.80,-0.1100
pop200_gen1000_mut0.03_elite0_tour2,200,1000,0.0300,0,2,6,5,5,True,0.4529,14,14,2800,15907.00,19067.80,-0.1170
pop200_gen1000_mut0.03_elite0_tour2,200,1000,0.0300,0,2,6,5,6,True,0.1288,4,4,800,15884.00,4738.40,-0.0270
pop200_gen1000_mut0.03_elite0_tour2,200,1000,0.0300,0,2,6,5,7,True,0.1840,6,6,1200,15882.40,9537.40,-0.0820
pop200_gen1000_mut0.03_elite0_tour2,200,1000,0.0300,0,2,6,5,8,True,0.0950,3,3,600,15397.60,8925.40,-0.0480
pop200_gen1000_mut0.03_elite0_tour2,200,1000,0.0300,0,2,6,5,9,True,0.9526,29,29,5800,15905.80,19055.20,-0.1190
pop200_gen1000_mut0.03_elite0_tour2,200,1000,0.0300,0,2,6,5,10,True,0.5395,17,17,3400,15902.80,9845.00,-0.0620
pop200_gen1000_mut0.03_elite0_tour3,200,1000,0.0300,0,3,6,5,1,True,0.1288,4,4,800,15873.20,4688.40,-0.0390
pop200_gen1000_mut0.03_elite0_tour3,200,1000,0.0300,0,3,6,5,2,True,0.3167,10,10,2000,15882.00,14107.00,-0.1170
pop200_gen1000_mut0.03_elite0_tour3,200,1000,0.0300,0,3,6,5,3,True,0.0966,3,3,600,15869.00,9301.80,-0.0250
pop200_gen1000_mut0.03_elite0_tour3,200,1000,0.0300,0,3,6,5,4,True,0.2553,8,8,1600,15913.20,9732.40,-0.1120
pop200_gen1000_mut0.03_elite0_tour3,200,1000,0.0300,0,3,6,5,5,True,0.1299,4,4,800,15883.20,9350.60,-0.0630
pop200_gen1000_mut0.03_elite0_tour3,200,1000,0.0300,0,3,6,5,6,True,0.1853,6,6,1200,15902.40,14303.20,-0.0820
pop200_gen1000_mut0.03_elite0_tour3,200,1000,0.0300,0,3,6,5,7,True,0.3956,12,12,2400,15902.80,9430.60,-0.0820
pop200_gen1000_mut0.03_elite0_tour3,200,1000,0.0300,0,3,6,5,8,True,0.2750,9,9,1800,15395.60,4351.40,-0.0930
pop200_gen1000_mut0.03_elite0_tour3,200,1000,0.0300,0,3,6,5,9,True,0.2233,7,7,1400,15884.00,9373.80,-0.0600
pop200_gen1000_mut0.03_elite0_tour3,200,1000,0.0300,0,3,6,5,10,True,0.1937,6,6,1200,15888.60,9429.40,-0.0770
pop200_gen1000_mut0.03_elite0_tour5,200,1000,0.0300,0,5,6,5,1,True,0.0916,3,3,600,15883.20,9527.00,-0.0350
pop200_gen1000_mut0.03_elite0_tour5,200,1000,0.0300,0,5,6,5,2,True,0.1263,4,4,800,15892.80,14163.20,-0.0680
pop200_gen1000_mut0.03_elite0_tour5,200,1000,0.0300,0,5,6,5,3,True,0.1838,6,6,1200,15916.60,9720.40,-0.1000
pop200_gen1000_mut0.03_elite0_tour5,200,1000,0.0300,0,5,6,5,4,True,0.2937,9,9,1800,15897.40,14065.60,-0.0950
pop200_gen1000_mut0.03_elite0_tour5,200,1000,0.0300,0,5,6,5,5,True,0.1337,4,4,800,15879.80,9302.60,-0.0530
pop200_gen1000_mut0.03_elite0_tour5,200,1000,0.0300,0,5,6,5,6,True,0.1276,4,4,800,15390.60,8896.40,-0.0840
pop200_gen1000_mut0.03_elite0_tour5,200,1000,0.0300,0,5,6,5,7,True,0.1610,5,5,1000,15903.60,9582.20,-0.0830
pop200_gen1000_mut0.03_elite0_tour5,200,1000,0.0300,0,5,6,5,8,True,0.1572,5,5,1000,15883.20,9527.80,-0.1000
pop200_gen1000_mut0.03_elite0_tour5,200,1000,0.0300,0,5,6,5,9,True,0.3881,12,12,2400,15893.20,18797.80,-0.0810
pop200_gen1000_mut0.03_elite0_tour5,200,1000,0.0300,0,5,6,5,10,True,0.1278,4,4,800,15873.20,4688.40,-0.0570
pop300_gen1000_mut0.03_elite0_tour2,300,1000,0.0300,0,2,6,5,1,True,0.6259,10,10,3000,15872.80,9411.00,-0.0800
pop300_gen1000_mut0.03_elite0_tour2,300,1000,0.0300,0,2,6,5,2,True,1.2278,20,20,6000,15912.40,14530.00,-0.0960
pop300_gen1000_mut0.03_elite0_tour2,300,1000,0.0300,0,2,6,5,3,True,0.3756,6,6,1800,15878.20,4743.00,-0.0650
pop300_gen1000_mut0.03_elite0_tour2,300,1000,0.0300,0,2,6,5,4,True,0.8221,13,13,3900,15893.20,9525.40,-0.1360
pop300_gen1000_mut0.03_elite0_tour2,300,1000,0.0300,0,2,6,5,5,True,0.1885,3,3,900,15873.60,4688.40,-0.0270
pop300_gen1000_mut0.03_elite0_tour2,300,1000,0.0300,0,2,6,5,6,True,0.4366,7,7,2100,15882.40,4782.80,-0.0890
pop300_gen1000_mut0.03_elite0_tour2,300,1000,0.0300,0,2,6,5,7,True,0.4998,8,8,2400,15405.20,9051.00,-0.0610
pop300_gen1000_mut0.03_elite0_tour2,300,1000,0.0300,0,2,6,5,8,True,0.3861,6,6,1800,15379.80,4195.00,-0.0610
pop300_gen1000_mut0.03_elite0_tour2,300,1000,0.0300,0,2,6,5,9,True,0.3174,5,5,1500,15863.20,4688.40,-0.0540
pop300_gen1000_mut0.03_elite0_tour2,300,1000,0.0300,0,2,6,5,10,True,0.1225,2,2,600,15884.00,4830.80,-0.0110
pop300_gen1000_mut0.03_elite0_tour3,300,1000,0.0300,0,3,6,5,1,True,0.1367,2,2,600,15862.80,4683.40,-0.0160
pop300_gen1000_mut0.03_elite0_tour3,300,1000,0.0300,0,3,6,5,2,True,0.2467,4,4,1200,15878.20,14004.20,-0.0570
pop300_gen1000_mut0.03_elite0_tour3,300,1000,0.0300,0,3,6,5,3,True,0.9619,15,15,4500,15912.00,4942.20,-0.1090
pop300_gen1000_mut0.03_elite0_tour3,300,1000,0.0300,0,3,6,5,4,True,0.5579,9,9,2700,15902.00,14316.40,-0.0880
pop300_gen1000_mut0.03_elite0_tour3,300,1000,0.0300,0,3,6,5,5,True,0.5672,9,9,2700,15906.60,14311.00,-0.1260
pop300_gen1000_mut0.03_elite0_tour3,300,1000,0.0300,0,3,6,5,6,True,0.5702,9,9,2700,15907.00,9665.80,-0.0940
pop300_gen1000_mut0.03_elite0_tour3,300,1000,0.0300,0,3,6,5,7,True,0.0644,1,1,300,15879.00,0.00,0.0000
pop300_gen1000_mut0.03_elite0_tour3,300,1000,0.0300,0,3,6,5,8,True,1.2824,20,20,6000,15901.60,14293.20,-0.0910
pop300_gen1000_mut0.03_elite0_tour3,300,1000,0.0300,0,3,6,5,9,True,0.0655,1,1,300,15874.80,0.00,0.0000
pop300_gen1000_mut0.03_elite0_tour3,300,1000,0.0300,0,3,6,5,10,True,0.9462,15,15,4500,15902.40,14369.80,-0.0690
pop300_gen1000_mut0.03_elite0_tour5,300,1000,0.0300,0,5,6,5,1,True,0.3115,5,5,1500,15409.80,4365.60,-0.0550
pop300_gen1000_mut0.03_elite0_tour5,300,1000,0.0300,0,5,6,5,2,True,0.2570,4,4,1200,15883.60,9306.80,-0.0700
pop300_gen1000_mut0.03_elite0_tour5,300,1000,0.0300,0,5,6,5,3,True,0.0652,1,1,300,15863.60,0.00,0.0000
pop300_gen1000_mut0.03_elite0_tour5,300,1000,0.0300,0,5,6,5,4,True,0.1950,3,3,900,15888.20,4806.40,-0.0330
pop300_gen1000_mut0.03_elite0_tour5,300,1000,0.0300,0,5,6,5,5,True,0.1267,2,2,600,15879.00,4678.80,-0.0150
pop300_gen1000_mut0.03_elite0_tour5,300,1000,0.0300,0,5,6,5,6,True,0.3739,6,6,1800,15888.20,18840.20,-0.0710
pop300_gen1000_mut0.03_elite0_tour5,300,1000,0.0300,0,5,6,5,7,True,0.5662,9,9,2700,15903.20,14377.40,-0.0800
pop300_gen1000_mut0.03_elite0_tour5,300,1000,0.0300,0,5,6,5,8,True,0.3797,6,6,1800,15414.40,13713.80,-0.1160
pop300_gen1000_mut0.03_elite0_tour5,300,1000,0.0300,0,5,6,5,9,True,0.1922,3,3,900,15878.60,9435.80,-0.0460
pop300_gen1000_mut0.03_elite0_tour5,300,1000,0.0300,0,5,6,5,10,True,0.8816,14,14,4200,15418.60,9323.60,-0.0860
pop100_gen1000_mut0.05_elite0_tour2,100,1000,0.0500,0,2,6,5,1,True,0.0776,7,7,700,15867.00,4693.40,-0.1000
pop100_gen1000_mut0.05_elite0_tour2,100,1000,0.0500,0,2,6,5,2,True,0.0674,6,6,600,15873.20,4688.40,-0.0740
pop100_gen1000_mut0.05_elite0_tour2,100,1000,0.0500,0,2,6,5,3,True,0.0747,7,7,700,15883.20,9498.00,-0.0920
pop100_gen1000_mut0.05_elite0_tour2,100,1000,0.0500,0,2,6,5,4,True,0.1271,12,12,1200,15882.80,9527.40,-0.1120
pop100_gen1000_mut0.05_elite0_tour2,100,1000,0.0500,0,2,6,5,5,True,0.0673,6,6,600,15887.80,4801.40,-0.0750
pop100_gen1000_mut0.05_elite0_tour2,100,1000,0.0500,0,2,6,5,6,True,0.0231,2,2,200,15899.00,4683.80,-0.0210
pop100_gen1000_mut0.05_elite0_tour2,100,1000,0.0500,0,2,6,5,7,True,0.0688,6,6,600,15887.00,9366.40,-0.1050
pop100_gen1000_mut0.05_elite0_tour2,100,1000,0.0500,0,2,6,5,8,True,0.1335,12,12,1200,15893.20,9483.60,-0.1530
pop100_gen1000_mut0.05_elite0_tour2,100,1000,0.0500,0,2,6,5,9,True,0.0446,4,4,400,15877.80,9306.80,-0.0840
pop100_gen1000_mut0.05_elite0_tour2,100,1000,0.0500,0,2,6,5,10,True,0.1095,10,10,1000,15892.00,14244.00,-0.0980
pop100_gen1000_mut0.05_elite0_tour3,100,1000,0.0500,0,3,6,5,1,True,0.0553,5,5,500,15394.40,9023.00,-0.0970
pop100_gen1000_mut0.05_elite0_tour3,100,1000,0.0500,0,3,6,5,2,True,0.0897,8,8,800,15897.00,9414.40,-0.1030
pop100_gen1000_mut0.05_elite0_tour3,100,1000,0.0500,0,3,6,5,3,True,0.1638,15,15,1500,15422.80,13811.00,-0.1660
pop100_gen1000_mut0.05_elite0_tour3,100,1000,0.0500,0,3,6,5,4,True,0.0311,3,3,300,15883.20,9485.80,-0.0460
pop100_gen1000_mut0.05_elite0_tour3,100,1000,0.0500,0,3,6,5,5,True,0.0674,6,6,600,15907.80,9586.40,-0.0950
pop100_gen1000_mut0.05_elite0_tour3,100,1000,0.0500,0,3,6,5,6,True,0.0456,4,4,400,15399.40,13584.80,-0.0900
pop100_gen1000_mut0.05_elite0_tour3,100,1000,0.0500,0,3,6,5,7,True,0.0787,7,7,700,15899.00,9478.20,-0.0660
pop100_gen1000_mut0.05_elite0_tour3,100,1000,0.0500,0,3,6,5,8,True,0.0338,3,3,300,15872.80,4688.40,-0.0470
pop100_gen1000_mut0.05_elite0_tour3,100,1000,0.0500,0,3,6,5,9,True,0.0663,6,6,600,15893.20,14340.00,-0.1090
pop100_gen1000_mut0.05_elite0_tour3,100,1000,0.0500,0,3,6,5,10,True,0.0885,8,8,800,15908.20,9674.40,-0.1120
pop100_gen1000_mut0.05_elite0_tour5,100,1000,0.0500,0,5,6,5,1,True,0.0228,2,2,200,15882.40,4724.00,-0.0210
pop100_gen1000_mut0.05_elite0_tour5,100,1000,0.0500,0,5,6,5,2,True,0.0658,6,6,600,15906.60,18868.60,-0.1480
pop100_gen1000_mut0.05_elite0_tour5,100,1000,0.0500,0,5,6,5,3,True,0.0214,2,2,200,15863.20,4741.40,-0.0250
pop100_gen1000_mut0.05_elite0_tour5,100,1000,0.0500,0,5,6,5,4,True,0.0468,4,4,400,15894.40,4743.80,-0.0630
pop100_gen1000_mut0.05_elite0_tour5,100,1000,0.0500,0,5,6,5,5,True,0.0473,4,4,400,15873.20,4688.40,-0.0570
pop100_gen1000_mut0.05_elite0_tour5,100,1000,0.0500,0,5,6,5,6,True,0.0347,3,3,300,15873.20,4688.80,-0.0540
pop100_gen1000_mut0.05_elite0_tour5,100,1000,0.0500,0,5,6,5,7,True,0.0218,2,2,200,15863.20,4683.40,-0.0240
pop100_gen1000_mut0.05_elite0_tour5,100,1000,0.0500,0,5,6,5,8,True,0.0926,8,8,800,15899.00,9375.20,-0.0930
pop100_gen1000_mut0.05_elite0_tour5,100,1000,0.0500,0,5,6,5,9,True,0.1536,14,14,1400,15897.80,14245.20,-0.0720
pop100_gen1000_mut0.05_elite0_tour5,100,1000,0.0500,0,5,6,5,10,True,0.0238,2,2,200,15874.00,4653.40,-0.0190
pop200_gen1000_mut0.05_elite0_tour2,200,1000,0.0500,0,2,6,5,1,True,0.2525,8,8,1600,15897.80,9511.40,-0.1500
pop200_gen1000_mut0.05_elite0_tour2,200,1000,0.0500,0,2,6,5,2,True,0.2460,8,8,1600,15911.20,14324.80,-0.1400
pop200_gen1000_mut0.05_elite0_tour2,200,1000,0.0500,0,2,6,5,3,True,0.1675,5,5,1000,15908.60,4806.00,-0.0670
pop200_gen1000_mut0.05_elite0_tour2,200,1000,0.0500,0,2,6,5,4,True,0.1316,4,4,800,15903.60,4688.40,-0.0560
pop200_gen1000_mut0.05_elite0_tour2,200,1000,0.0500,0,2,6,5,5,True,0.1942,6,6,1200,15894.00,9468.20,-0.0950
pop200_gen1000_mut0.05_elite0_tour2,200,1000,0.0500,0,2,6,5,6,True,0.2912,9,9,1800,15894.00,14270.80,-0.1060
pop200_gen1000_mut0.05_elite0_tour2,200,1000,0.0500,0,2,6,5,7,True,0.5693,17,17,3400,15901.60,14323.40,-0.2220
pop200_gen1000_mut0.05_elite0_tour2,200,1000,0.0500,0,2,6,5,8,True,0.2532,8,8,1600,15896.60,14343.40,-0.1240
pop200_gen1000_mut0.05_elite0_tour2,200,1000,0.0500,0,2,6,5,9,True,0.0970,3,3,600,15872.80,4748.00,-0.0370
pop200_gen1000_mut0.05_elite0_tour2,200,1000,0.0500,0,2,6,5,10,True,0.5168,16,16,3200,15913.20,9792.40,-0.1070
pop200_gen1000_mut0.05_elite0_tour3,200,1000,0.0500,0,3,6,5,1,True,0.1602,5,5,1000,15868.60,4683.40,-0.0530
pop200_gen1000_mut0.05_elite0_tour3,200,1000,0.0500,0,3,6,5,2,True,0.1232,4,4,800,15892.40,14172.60,-0.0930
pop200_gen1000_mut0.05_elite0_tour3,200,1000,0.0500,0,3,6,5,3,True,0.4182,13,13,2600,15902.80,14322.20,-0.1280
pop200_gen1000_mut0.05_elite0_tour3,200,1000,0.0500,0,3,6,5,4,True,2.3356,71,71,14200,15882.80,14206.60,-0.0510
pop200_gen1000_mut0.05_elite0_tour3,200,1000,0.0500,0,3,6,5,5,True,0.2836,9,9,1800,15892.00,14376.40,-0.1210
pop200_gen1000_mut0.05_elite0_tour3,200,1000,0.0500,0,3,6,5,6,True,0.2256,7,7,1400,15902.80,9506.40,-0.1080
pop200_gen1000_mut0.05_elite0_tour3,200,1000,0.0500,0,3,6,5,7,True,0.6737,21,21,4200,15916.20,14593.80,-0.1100
pop200_gen1000_mut0.05_elite0_tour3,200,1000,0.0500,0,3,6,5,8,True,0.1328,4,4,800,15877.80,4806.40,-0.0690
pop200_gen1000_mut0.05_elite0_tour3,200,1000,0.0500,0,3,6,5,9,True,0.7823,24,24,4800,15921.20,14452.20,-0.1090
pop200_gen1000_mut0.05_elite0_tour3,200,1000,0.0500,0,3,6,5,10,True,0.0987,3,3,600,15877.40,4693.00,-0.0440
pop200_gen1000_mut0.05_elite0_tour5,200,1000,0.0500,0,5,6,5,1,True,0.0985,3,3,600,15873.20,4688.40,-0.0500
pop200_gen1000_mut0.05_elite0_tour5,200,1000,0.0500,0,5,6,5,2,True,0.4223,13,13,2600,15902.40,9677.80,-0.1070
pop200_gen1000_mut0.05_elite0_tour5,200,1000,0.0500,0,5,6,5,3,True,0.3213,10,10,2000,15902.40,9598.60,-0.1490
pop200_gen1000_mut0.05_elite0_tour5,200,1000,0.0500,0,5,6,5,4,True,0.1584,5,5,1000,15867.80,4808.00,-0.0730
pop200_gen1000_mut0.05_elite0_tour5,200,1000,0.0500,0,5,6,5,5,True,0.1274,4,4,800,15874.00,9371.20,-0.0880
pop200_gen1000_mut0.05_elite0_tour5,200,1000,0.0500,0,5,6,5,6,True,0.2288,7,7,1400,15892.40,18837.60,-0.1010
pop200_gen1000_mut0.05_elite0_tour5,200,1000,0.0500,0,5,6,5,7,True,0.0337,1,1,200,15902.40,0.00,0.0000
pop200_gen1000_mut0.05_elite0_tour5,200,1000,0.0500,0,5,6,5,8,True,0.0973,3,3,600,15863.20,4688.40,-0.0510
pop200_gen1000_mut0.05_elite0_tour5,200,1000,0.0500,0,5,6,5,9,True,0.1020,3,3,600,15887.80,4801.40,-0.0410
pop200_gen1000_mut0.05_elite0_tour5,200,1000,0.0500,0,5,6,5,10,True,0.0641,2,2,400,15877.40,9424.80,-0.0280
pop300_gen1000_mut0.05_elite0_tour2,300,1000,0.0500,0,2,6,5,1,True,0.4949,8,8,2400,15897.40,18799.00,-0.1610
pop300_gen1000_mut0.05_elite0_tour2,300,1000,0.0500,0,2,6,5,2,True,0.0656,1,1,300,15872.00,0.00,0.0000
pop300_gen1000_mut0.05_elite0_tour2,300,1000,0.0500,0,2,6,5,3,True,1.0285,16,16,4800,15903.60,9603.20,-0.1320
pop300_gen1000_mut0.05_elite0_tour2,300,1000,0.0500,0,2,6,5,4,True,0.3716,6,6,1800,15902.40,9581.40,-0.1310
pop300_gen1000_mut0.05_elite0_tour2,300,1000,0.0500,0,2,6,5,5,True,0.3045,5,5,1500,15877.40,9525.80,-0.1080
pop300_gen1000_mut0.05_elite0_tour2,300,1000,0.0500,0,2,6,5,6,True,1.1953,19,19,5700,15906.60,18981.60,-0.1350
pop300_gen1000_mut0.05_elite0_tour2,300,1000,0.0500,0,2,6,5,7,True,0.6355,10,10,3000,15903.20,14326.80,-0.0980
pop300_gen1000_mut0.05_elite0_tour2,300,1000,0.0500,0,2,6,5,8,True,0.3158,5,5,1500,15877.80,9306.80,-0.0920
pop300_gen1000_mut0.05_elite0_tour2,300,1000,0.0500,0,2,6,5,9,True,0.5048,8,8,2400,15898.20,9525.80,-0.1250
pop300_gen1000_mut0.05_elite0_tour2,300,1000,0.0500,0,2,6,5,10,True,0.3174,5,5,1500,15887.40,9366.80,-0.0900
pop300_gen1000_mut0.05_elite0_tour3,300,1000,0.0500,0,3,6,5,1,True,0.1983,3,3,900,15873.20,4688.40,-0.0460
pop300_gen1000_mut0.05_elite0_tour3,300,1000,0.0500,0,3,6,5,2,True,0.3693,6,6,1800,15407.80,13762.60,-0.1030
pop300_gen1000_mut0.05_elite0_tour3,300,1000,0.0500,0,3,6,5,3,True,0.4425,7,7,2100,15884.00,14043.60,-0.1230
pop300_gen1000_mut0.05_elite0_tour3,300,1000,0.0500,0,3,6,5,4,True,0.3162,5,5,1500,15892.40,9440.00,-0.0980
pop300_gen1000_mut0.05_elite0_tour3,300,1000,0.0500,0,3,6,5,5,True,0.1268,2,2,600,15873.60,4688.80,-0.0250
pop300_gen1000_mut0.05_elite0_tour3,300,1000,0.0500,0,3,6,5,6,True,0.4442,7,7,2100,15907.80,9588.00,-0.1380
pop300_gen1000_mut0.05_elite0_tour3,300,1000,0.0500,0,3,6,5,7,True,0.1233,2,2,600,15877.00,4676.40,-0.0230
pop300_gen1000_mut0.05_elite0_tour3,300,1000,0.0500,0,3,6,5,8,True,0.0635,1,1,300,15870.20,0.00,0.0000
pop300_gen1000_mut0.05_elite0_tour3,300,1000,0.0500,0,3,6,5,9,True,0.5107,8,8,2400,15908.20,9614.40,-0.0930
pop300_gen1000_mut0.05_elite0_tour3,300,1000,0.0500,0,3,6,5,10,True,0.5837,9,9,2700,15883.60,9369.80,-0.0900
pop300_gen1000_mut0.05_elite0_tour5,300,1000,0.0500,0,5,6,5,1,True,0.1259,2,2,600,15868.60,4689.20,-0.0280
pop300_gen1000_mut0.05_elite0_tour5,300,1000,0.0500,0,5,6,5,2,True,0.2536,4,4,1200,15374.40,8931.40,-0.1040
pop300_gen1000_mut0.05_elite0_tour5,300,1000,0.0500,0,5,6,5,3,True,0.1217,2,2,600,15873.20,9412.40,-0.0220
pop300_gen1000_mut0.05_elite0_tour5,300,1000,0.0500,0,5,6,5,4,True,0.1877,3,3,900,15892.00,14172.20,-0.0740
pop300_gen1000_mut0.05_elite0_tour5,300,1000,0.0500,0,5,6,5,5,True,0.1885,3,3,900,15389.40,13618.40,-0.0750
pop300_gen1000_mut0.05_elite0_tour5,300,1000,0.0500,0,5,6,5,6,True,0.1859,3,3,900,15868.60,9427.80,-0.0430
pop300_gen1000_mut0.05_elite0_tour5,300,1000,0.0500,0,5,6,5,7,True,0.1907,3,3,900,15881.20,9398.60,-0.0620
pop300_gen1000_mut0.05_elite0_tour5,300,1000,0.0500,0,5,6,5,8,True,0.3076,5,5,1500,15887.80,14146.80,-0.1150
pop300_gen1000_mut0.05_elite0_tour5,300,1000,0.0500,0,5,6,5,9,True,0.3097,5,5,1500,15887.80,14109.80,-0.1080
pop300_gen1000_mut0.05_elite0_tour5,300,1000,0.0500,0,5,6,5,10,True,0.1828,3,3,900,15912.80,4854.00,-0.0530
pop100_gen500_mut0.01_elite2_tour2,100,500,0.0100,2,2,6,5,1,True,0.1160,11,11,1100,15873.20,9359.40,-0.0530
pop100_gen500_mut0.01_elite2_tour2,100,500,0.0100,2,2,6,5,2,True,0.1662,15,15,1500,15884.00,9373.80,-0.0300
pop100_gen500_mut0.01_elite2_tour2,100,500,0.0100,2,2,6,5,3,True,0.1020,9,9,900,15898.20,4812.60,-0.0640
pop100_gen500_mut0.01_elite2_tour2,100,500,0.0100,2,2,6,5,4,True,0.0567,5,5,500,15888.60,9301.40,-0.0150
pop100_gen500_mut0.01_elite2_tour2,100,500,0.0100,2,2,6,5,5,True,0.0723,7,7,700,15897.00,9570.80,-0.0820
pop100_gen500_mut0.01_elite2_tour2,100,500,0.0100,2,2,6,5,6,True,0.0531,5,5,500,15409.00,13923.80,-0.0380
pop100_gen500_mut0.01_elite2_tour2,100,500,0.0100,2,2,6,5,7,True,0.1217,11,11,1100,15884.40,4743.40,-0.0380
pop100_gen500_mut0.01_elite2_tour2,100,500,0.0100,2,2,6,5,8,True,0.0117,1,1,100,15877.80,0.00,0.0000
pop100_gen500_mut0.01_elite2_tour2,100,500,0.0100,2,2,6,5,9,True,0.0762,7,7,700,15390.20,8955.40,-0.0340
pop100_gen500_mut0.01_elite2_tour2,100,500,0.0100,2,2,6,5,10,True,0.2638,24,24,2400,15901.60,9476.20,-0.0940
pop100_gen500_mut0.01_elite2_tour3,100,500,0.0100,2,3,6,5,1,True,0.0117,1,1,100,15863.20,0.00,0.0000
pop100_gen500_mut0.01_elite2_tour3,100,500,0.0100,2,3,6,5,2,True,0.0998,9,9,900,15907.40,9773.00,-0.0430
pop100_gen500_mut0.01_elite2_tour3,100,500,0.0100,2,3,6,5,3,True,0.0575,5,5,500,15872.80,4688.40,-0.0390
pop100_gen500_mut0.01_elite2_tour3,100,500,0.0100,2,3,6,5,4,True,0.0865,8,8,800,15881.60,9349.00,-0.0470
pop100_gen500_mut0.01_elite2_tour3,100,500,0.0100,2,3,6,5,5,True,0.0914,8,8,800,15893.60,13983.20,-0.0530
pop100_gen500_mut0.01_elite2_tour3,100,500,0.0100,2,3,6,5,6,True,0.0767,6,6,600,15385.20,13469.80,-0.0490
pop100_gen500_mut0.01_elite2_tour3,100,500,0.0100,2,3,6,5,7,True,0.0674,6,6,600,15887.40,9366.80,-0.0490
pop100_gen500_mut0.01_elite2_tour3,100,500,0.0100,2,3,6,5,8,True,0.0662,6,6,600,15873.20,4688.40,-0.0370
pop100_gen500_mut0.01_elite2_tour3,100,500,0.0100,2,3,6,5,9,True,0.0119,1,1,100,15887.40,0.00,0.0000
pop100_gen500_mut0.01_elite2_tour3,100,500,0.0100,2,3,6,5,10,True,0.3929,35,35,3500,15892.00,18839.20,-0.0480
pop100_gen500_mut0.01_elite2_tour5,100,500,0.0100,2,5,6,5,1,True,0.0461,4,4,400,15873.60,4688.40,-0.0250
pop100_gen500_mut0.01_elite2_tour5,100,500,0.0100,2,5,6,5,2,True,0.0491,4,4,400,15907.80,4806.40,-0.0300
pop100_gen500_mut0.01_elite2_tour5,100,500,0.0100,2,5,6,5,3,True,0.0931,8,8,800,15894.00,9419.80,-0.0470
pop100_gen500_mut0.01_elite2_tour5,100,500,0.0100,2,5,6,5,4,True,0.1504,14,14,1400,15917.00,9741.20,-0.0260
pop100_gen500_mut0.01_elite2_tour5,100,500,0.0100,2,5,6,5,5,True,0.0124,1,1,100,15869.40,0.00,0.0000
pop100_gen500_mut0.01_elite2_tour5,100,500,0.0100,2,5,6,5,6,False,2.1468,185,,18600,10593.60,9022.80,-0.0110
pop100_gen500_mut0.01_elite2_tour5,100,500,0.0100,2,5,6,5,7,True,0.1125,10,10,1000,15901.60,14137.20,-0.0180
pop100_gen500_mut0.01_elite2_tour5,100,500,0.0100,2,5,6,5,8,True,0.0323,3,3,300,15872.00,9341.80,-0.0160
pop100_gen500_mut0.01_elite2_tour5,100,500,0.0100,2,5,6,5,9,True,0.0421,4,4,400,15409.40,8970.40,-0.0310
pop100_gen500_mut0.01_elite2_tour5,100,500,0.0100,2,5,6,5,10,True,0.0678,6,6,600,15894.00,9468.20,-0.0570
pop200_gen500_mut0.01_elite2_tour2,200,500,0.0100,2,2,6,5,1,True,0.2497,8,8,1600,15917.80,4864.00,-0.0360
pop200_gen500_mut0.01_elite2_tour2,200,500,0.0100,2,2,6,5,2,True,0.1936,6,6,1200,15872.80,4688.40,-0.0410
pop200_gen500_mut0.01_elite2_tour2,200,500,0.0100,2,2,6,5,3,True,0.4817,16,16,3200,15912.00,14509.40,-0.0700
pop200_gen500_mut0.01_elite2_tour2,200,500,0.0100,2,2,6,5,4,True,0.1820,6,6,1200,15886.60,14098.20,-0.0620
pop200_gen500_mut0.01_elite2_tour2,200,500,0.0100,2,2,6,5,5,True,0.1914,6,6,1200,15888.60,9301.80,-0.0340
pop200_gen500_mut0.01_elite2_tour2,200,500,0.0100,2,2,6,5,6,True,0.4477,14,14,2800,15888.20,9482.40,-0.1010
pop200_gen500_mut0.01_elite2_tour2,200,500,0.0100,2,2,6,5,7,True,0.2754,9,9,1800,15882.00,9385.40,-0.0720
pop200_gen500_mut0.01_elite2_tour2,200,500,0.0100,2,2,6,5,8,True,0.1616,5,5,1000,15884.00,4738.40,-0.0140
pop200_gen500_mut0.01_elite2_tour2,200,500,0.0100,2,2,6,5,9,True,0.5877,18,18,3600,15888.20,9448.00,-0.0710
pop200_gen500_mut0.01_elite2_tour2,200,500,0.0100,2,2,6,5,10,True,0.3220,10,10,2000,15889.00,9524.00,-0.0720
pop200_gen500_mut0.01_elite2_tour3,200,500,0.0100,2,3,6,5,1,True,0.2458,8,8,1600,15886.60,9462.00,-0.0860
pop200_gen500_mut0.01_elite2_tour3,200,500,0.0100,2,3,6,5,2,True,2.4834,76,76,15200,15892.00,9543.20,-0.0210
pop200_gen500_mut0.01_elite2_tour3,200,500,0.0100,2,3,6,5,3,True,0.1306,4,4,800,15897.00,4864.40,-0.0260
pop200_gen500_mut0.01_elite2_tour3,200,500,0.0100,2,3,6,5,4,True,0.5257,17,17,3400,15910.80,14391.80,-0.0630
pop200_gen500_mut0.01_elite2_tour3,200,500,0.0100,2,3,6,5,5,True,1.2274,39,39,7800,15912.40,9784.00,-0.0150
pop200_gen500_mut0.01_elite2_tour3,200,500,0.0100,2,3,6,5,6,True,0.9470,30,30,6000,15416.80,18565.40,-0.0470
pop200_gen500_mut0.01_elite2_tour3,200,500,0.0100,2,3,6,5,7,True,0.1548,5,5,1000,15897.40,9638.80,-0.0540
pop200_gen500_mut0.01_elite2_tour3,200,500,0.0100,2,3,6,5,8,True,0.4124,13,13,2600,15898.20,9593.80,-0.0710
pop200_gen500_mut0.01_elite2_tour3,200,500,0.0100,2,3,6,5,9,True,0.1540,5,5,1000,15869.80,9402.80,-0.0360
pop200_gen500_mut0.01_elite2_tour3,200,500,0.0100,2,3,6,5,10,True,0.3104,10,10,2000,15912.40,14439.80,-0.0500
pop200_gen500_mut0.01_elite2_tour5,200,500,0.0100,2,5,6,5,1,True,0.2176,7,7,1400,15406.00,13729.00,-0.0910
pop200_gen500_mut0.01_elite2_tour5,200,500,0.0100,2,5,6,5,2,True,0.2884,9,9,1800,15878.60,4856.80,-0.0920
pop200_gen500_mut0.01_elite2_tour5,200,500,0.0100,2,5,6,5,3,True,0.1282,4,4,800,15873.20,4688.40,-0.0340
pop200_gen500_mut0.01_elite2_tour5,200,500,0.0100,2,5,6,5,4,True,0.1594,5,5,1000,15873.20,4688.40,-0.0440
pop200_gen500_mut0.01_elite2_tour5,200,500,0.0100,2,5,6,5,5,True,0.1282,4,4,800,15873.20,4688.40,-0.0350
pop200_gen500_mut0.01_elite2_tour5,200,500,0.0100,2,5,6,5,6,True,0.3198,10,10,2000,15907.40,14206.80,-0.0810
pop200_gen500_mut0.01_elite2_tour5,200,500,0.0100,2,5,6,5,7,True,0.2849,9,9,1800,15874.00,4757.60,-0.0460
pop200_gen500_mut0.01_elite2_tour5,200,500,0.0100,2,5,6,5,8,True,0.1283,4,4,800,15883.60,4743.00,-0.0270
pop200_gen500_mut0.01_elite2_tour5,200,500,0.0100,2,5,6,5,9,True,0.6668,21,21,4200,15906.20,9737.80,-0.0600
pop200_gen500_mut0.01_elite2_tour5,200,500,0.0100,2,5,6,5,10,True,0.1646,5,5,1000,15872.40,4687.60,-0.0290
pop300_gen500_mut0.01_elite2_tour2,300,500,0.0100,2,2,6,5,1,True,0.3843,6,6,1800,15872.40,4748.40,-0.0270
pop300_gen500_mut0.01_elite2_tour2,300,500,0.0100,2,2,6,5,2,True,0.3054,5,5,1500,15892.40,14172.60,-0.0390
pop300_gen500_mut0.01_elite2_tour2,300,500,0.0100,2,2,6,5,3,True,0.6857,11,11,3300,15877.00,9434.20,-0.0550
pop300_gen500_mut0.01_elite2_tour2,300,500,0.0100,2,2,6,5,4,True,0.2527,4,4,1200,15882.00,9399.40,-0.0180
pop300_gen500_mut0.01_elite2_tour2,300,500,0.0100,2,2,6,5,5,True,0.4305,7,7,2100,15882.80,14182.20,-0.0660
pop300_gen500_mut0.01_elite2_tour2,300,500,0.0100,2,2,6,5,6,True,0.8621,14,14,4200,15907.40,14320.20,-0.0540
pop300_gen500_mut0.01_elite2_tour2,300,500,0.0100,2,2,6,5,7,True,0.3024,5,5,1500,15892.80,14178.20,-0.0350
pop300_gen500_mut0.01_elite2_tour2,300,500,0.0100,2,2,6,5,8,True,0.6192,10,10,3000,15887.80,9456.20,-0.0900
pop300_gen500_mut0.01_elite2_tour2,300,500,0.0100,2,2,6,5,9,True,1.0614,17,17,5100,15907.40,9733.20,-0.1030
pop300_gen500_mut0.01_elite2_tour2,300,500,0.0100,2,2,6,5,10,True,0.2989,5,5,1500,15902.80,9530.80,-0.0210
pop300_gen500_mut0.01_elite2_tour3,300,500,0.0100,2,3,6,5,1,True,0.3117,5,5,1500,15873.60,4688.80,-0.0390
pop300_gen500_mut0.01_elite2_tour3,300,500,0.0100,2,3,6,5,2,True,0.4271,7,7,2100,15902.00,9574.20,-0.0550
pop300_gen500_mut0.01_elite2_tour3,300,500,0.0100,2,3,6,5,3,True,0.9503,15,15,4500,15911.60,14388.40,-0.0720
pop300_gen500_mut0.01_elite2_tour3,300,500,0.0100,2,3,6,5,4,True,0.3687,6,6,1800,15887.40,14127.20,-0.0620
pop300_gen500_mut0.01_elite2_tour3,300,500,0.0100,2,3,6,5,5,True,0.4444,7,7,2100,15894.00,9494.40,-0.0570
pop300_gen500_mut0.01_elite2_tour3,300,500,0.0100,2,3,6,5,6,True,0.4424,7,7,2100,15892.80,9316.00,-0.0580
pop300_gen500_mut0.01_elite2_tour3,300,500,0.0100,2,3,6,5,7,True,0.6293,10,10,3000,15894.40,9539.80,-0.0650
pop300_gen500_mut0.01_elite2_tour3,300,500,0.0100,2,3,6,5,8,True,0.9398,15,15,4500,15907.00,18929.20,-0.1000
pop300_gen500_mut0.01_elite2_tour3,300,500,0.0100,2,3,6,5,9,True,0.3587,6,6,1800,15395.20,13586.80,-0.0510
pop300_gen500_mut0.01_elite2_tour3,300,500,0.0100,2,3,6,5,10,True,0.2422,4,4,1200,15415.20,9097.00,-0.0190
pop300_gen500_mut0.01_elite2_tour5,300,500,0.0100,2,5,6,5,1,True,0.1258,2,2,600,15873.20,4741.40,-0.0060
pop300_gen500_mut0.01_elite2_tour5,300,500,0.0100,2,5,6,5,2,True,0.2475,4,4,1200,15907.80,4854.40,-0.0370
pop300_gen500_mut0.01_elite2_tour5,300,500,0.0100,2,5,6,5,3,True,0.6888,11,11,3300,15906.60,14258.60,-0.0720
pop300_gen500_mut0.01_elite2_tour5,300,500,0.0100,2,5,6,5,4,True,0.4321,7,7,2100,15883.20,9482.80,-0.0380
pop300_gen500_mut0.01_elite2_tour5,300,500,0.0100,2,5,6,5,5,True,0.8280,13,13,3900,15897.40,14381.80,-0.0400
pop300_gen500_mut0.01_elite2_tour5,300,500,0.0100,2,5,6,5,6,True,0.4374,7,7,2100,15887.80,9516.40,-0.0490
pop300_gen500_mut0.01_elite2_tour5,300,500,0.0100,2,5,6,5,7,True,0.8212,13,13,3900,15892.80,9452.60,-0.0730
pop300_gen500_mut0.01_elite2_tour5,300,500,0.0100,2,5,6,5,8,True,0.1221,2,2,600,15892.80,4704.40,-0.0050
pop300_gen500_mut0.01_elite2_tour5,300,500,0.0100,2,5,6,5,9,True,0.1266,2,2,600,15872.40,4664.00,-0.0070
pop300_gen500_mut0.01_elite2_tour5,300,500,0.0100,2,5,6,5,10,True,0.0630,1,1,300,15874.40,0.00,0.0000
pop100_gen500_mut0.03_elite2_tour2,100,500,0.0300,2,2,6,5,1,True,0.1193,11,11,1100,15913.20,9669.40,-0.0730
pop100_gen500_mut0.03_elite2_tour2,100,500,0.0300,2,2,6,5,2,True,0.0228,2,2,200,15877.80,4678.40,-0.0150
pop100_gen500_mut0.03_elite2_tour2,100,500,0.0300,2,2,6,5,3,True,0.0667,6,6,600,15882.40,9394.80,-0.0780
pop100_gen500_mut0.03_elite2_tour2,100,500,0.0300,2,2,6,5,4,True,0.0741,7,7,700,15902.80,14417.60,-0.1100
pop100_gen500_mut0.03_elite2_tour2,100,500,0.0300,2,2,6,5,5,True,0.0670,6,6,600,15888.20,9481.60,-0.0820
pop100_gen500_mut0.03_elite2_tour2,100,500,0.0300,2,2,6,5,6,True,0.0558,5,5,500,15897.40,4678.40,-0.0520
pop100_gen500_mut0.03_elite2_tour2,100,500,0.0300,2,2,6,5,7,True,0.1754,16,16,1600,15906.60,18924.00,-0.1200
pop100_gen500_mut0.03_elite2_tour2,100,500,0.0300,2,2,6,5,8,True,0.0787,7,7,700,15873.60,4688.80,-0.0630
pop100_gen500_mut0.03_elite2_tour2,100,500,0.0300,2,2,6,5,9,True,0.6430,57,57,5700,15892.40,14216.20,-0.0490
pop100_gen500_mut0.03_elite2_tour2,100,500,0.0300,2,2,6,5,10,True,0.0680,6,6,600,15879.40,9449.80,-0.0770
pop100_gen500_mut0.03_elite2_tour3,100,500,0.0300,2,3,6,5,1,True,0.0930,9,9,900,15891.20,18853.80,-0.1050
pop100_gen500_mut0.03_elite2_tour3,100,500,0.0300,2,3,6,5,2,True,0.0870,8,8,800,15913.20,9669.40,-0.0850
pop100_gen500_mut0.03_elite2_tour3,100,500,0.0300,2,3,6,5,3,True,0.0884,8,8,800,15902.80,9525.00,-0.0760
pop100_gen500_mut0.03_elite2_tour3,100,500,0.0300,2,3,6,5,4,True,0.1740,16,16,1600,15389.40,4356.80,-0.0790
pop100_gen500_mut0.03_elite2_tour3,100,500,0.0300,2,3,6,5,5,True,0.0654,6,6,600,15883.20,9511.80,-0.0500
pop100_gen500_mut0.03_elite2_tour3,100,500,0.0300,2,3,6,5,6,True,0.0449,4,4,400,15879.00,9301.80,-0.0450
pop100_gen500_mut0.03_elite2_tour3,100,500,0.0300,2,3,6,5,7,True,0.1077,10,10,1000,15900.80,14256.40,-0.1150
pop100_gen500_mut0.03_elite2_tour3,100,500,0.0300,2,3,6,5,8,True,0.0910,8,8,800,15892.80,14078.20,-0.0900
pop100_gen500_mut0.03_elite2_tour3,100,500,0.0300,2,3,6,5,9,True,0.0785,7,7,700,15897.00,18769.00,-0.1120
pop100_gen500_mut0.03_elite2_tour3,100,500,0.0300,2,3,6,5,10,True,0.0764,7,7,700,15894.00,9639.20,-0.1040
pop100_gen500_mut0.03_elite2_tour5,100,500,0.0300,2,5,6,5,1,True,0.0765,7,7,700,15884.00,9512.60,-0.0760
pop100_gen500_mut0.03_elite2_tour5,100,500,0.0300,2,5,6,5,2,True,0.0323,3,3,300,15878.20,9471.20,-0.0540
pop100_gen500_mut0.03_elite2_tour5,100,500,0.0300,2,5,6,5,3,True,0.0322,3,3,300,15874.00,9359.80,-0.0250
pop100_gen500_mut0.03_elite2_tour5,100,500,0.0300,2,5,6,5,4,True,0.0335,3,3,300,15872.40,4683.80,-0.0380
pop100_gen500_mut0.03_elite2_tour5,100,500,0.0300,2,5,6,5,5,True,0.0339,3,3,300,15873.20,4748.00,-0.0270
pop100_gen500_mut0.03_elite2_tour5,100,500,0.0300,2,5,6,5,6,True,0.0123,1,1,100,15889.00,0.00,0.0000
pop100_gen500_mut0.03_elite2_tour5,100,500,0.0300,2,5,6,5,7,True,0.0240,2,2,200,15913.20,4919.40,-0.0160
pop100_gen500_mut0.03_elite2_tour5,100,500,0.0300,2,5,6,5,8,True,0.0658,6,6,600,15902.80,14243.20,-0.0660
pop100_gen500_mut0.03_elite2_tour5,100,500,0.0300,2,5,6,5,9,True,0.0581,5,5,500,15899.00,9478.20,-0.0640
pop100_gen500_mut0.03_elite2_tour5,100,500,0.0300,2,5,6,5,10,True,0.0796,7,7,700,15908.20,18822.20,-0.0450
pop200_gen500_mut0.03_elite2_tour2,200,500,0.0300,2,2,6,5,1,True,0.2510,8,8,1600,15902.40,18906.60,-0.1180
pop200_gen500_mut0.03_elite2_tour2,200,500,0.0300,2,2,6,5,2,True,0.3832,12,12,2400,15902.40,9553.60,-0.1190
pop200_gen500_mut0.03_elite2_tour2,200,500,0.0300,2,2,6,5,3,True,0.1846,6,6,1200,15887.40,14107.80,-0.0840
pop200_gen500_mut0.03_elite2_tour2,200,500,0.0300,2,2,6,5,4,True,0.3459,11,11,2200,15892.40,9517.00,-0.0980
pop200_gen500_mut0.03_elite2_tour2,200,500,0.0300,2,2,6,5,5,True,0.2629,8,8,1600,15884.40,9307.60,-0.0820
pop200_gen500_mut0.03_elite2_tour2,200,500,0.0300,2,2,6,5,6,True,0.1836,6,6,1200,15401.00,18296.40,-0.0890
pop200_gen500_mut0.03_elite2_tour2,200,500,0.0300,2,2,6,5,7,True,0.7918,25,25,5000,15907.00,9729.40,-0.0780
pop200_gen500_mut0.03_elite2_tour2,200,500,0.0300,2,2,6,5,8,True,0.4458,14,14,2800,15887.40,14102.80,-0.0990
pop200_gen500_mut0.03_elite2_tour2,200,500,0.0300,2,2,6,5,9,True,0.0618,2,2,400,15878.20,4647.40,-0.0170
pop200_gen500_mut0.03_elite2_tour2,200,500,0.0300,2,2,6,5,10,True,0.4525,14,14,2800,15902.80,14225.40,-0.1360
pop200_gen500_mut0.03_elite2_tour3,200,500,0.0300,2,3,6,5,1,True,0.0324,1,1,200,15872.80,0.00,0.0000
pop200_gen500_mut0.03_elite2_tour3,200,500,0.0300,2,3,6,5,2,True,0.2894,9,9,1800,15902.80,4817.20,-0.0760
pop200_gen500_mut0.03_elite2_tour3,200,500,0.0300,2,3,6,5,3,True,0.1287,4,4,800,15873.20,4688.40,-0.0380
pop200_gen500_mut0.03_elite2_tour3,200,500,0.0300,2,3,6,5,4,True,0.0612,2,2,400,15887.40,4623.40,-0.0140
pop200_gen500_mut0.03_elite2_tour3,200,500,0.0300,2,3,6,5,5,True,0.0609,2,2,400,15903.20,4967.40,-0.0130
pop200_gen500_mut0.03_elite2_tour3,200,500,0.0300,2,3,6,5,6,True,0.1548,5,5,1000,15882.80,14084.80,-0.0750
pop200_gen500_mut0.03_elite2_tour3,200,500,0.0300,2,3,6,5,7,True,0.2953,9,9,1800,15414.00,13772.40,-0.1460
pop200_gen500_mut0.03_elite2_tour3,200,500,0.0300,2,3,6,5,8,True,0.2231,7,7,1400,15884.00,9373.80,-0.0530
pop200_gen500_mut0.03_elite2_tour3,200,500,0.0300,2,3,6,5,9,True,0.1576,5,5,1000,15907.00,9641.80,-0.0800
pop200_gen500_mut0.03_elite2_tour3,200,500,0.0300,2,3,6,5,10,True,0.1297,4,4,800,15873.20,4688.40,-0.0410
pop200_gen500_mut0.03_elite2_tour5,200,500,0.0300,2,5,6,5,1,True,0.2795,9,9,1800,15902.40,9673.60,-0.1020
pop200_gen500_mut0.03_elite2_tour5,200,500,0.0300,2,5,6,5,2,True,0.0957,3,3,600,15893.20,9440.80,-0.0500
pop200_gen500_mut0.03_elite2_tour5,200,500,0.0300,2,5,6,5,3,True,0.1288,4,4,800,15869.00,9301.80,-0.0570
pop200_gen500_mut0.03_elite2_tour5,200,500,0.0300,2,5,6,5,4,True,0.0950,3,3,600,15882.40,9349.80,-0.0440
pop200_gen500_mut0.03_elite2_tour5,200,500,0.0300,2,5,6,5,5,True,0.1623,5,5,1000,15903.20,4801.00,-0.0480
pop200_gen500_mut0.03_elite2_tour5,200,500,0.0300,2,5,6,5,6,True,0.1696,5,5,1000,15883.60,9306.80,-0.0690
pop200_gen500_mut0.03_elite2_tour5,200,500,0.0300,2,5,6,5,7,True,0.0995,3,3,600,15872.80,4688.40,-0.0360
pop200_gen500_mut0.03_elite2_tour5,200,500,0.0300,2,5,6,5,8,True,0.1270,4,4,800,15889.00,9407.80,-0.0600
pop200_gen500_mut0.03_elite2_tour5,200,500,0.0300,2,5,6,5,9,True,0.1254,4,4,800,15887.40,9515.40,-0.0770
pop200_gen500_mut0.03_elite2_tour5,200,500,0.0300,2,5,6,5,10,True,0.1940,6,6,1200,15867.80,9406.00,-0.0590
pop300_gen500_mut0.03_elite2_tour2,300,500,0.0300,2,2,6,5,1,True,0.4389,7,7,2100,15893.20,9427.20,-0.1190
pop300_gen500_mut0.03_elite2_tour2,300,500,0.0300,2,2,6,5,2,True,0.1920,3,3,900,15872.80,4688.40,-0.0320
pop300_gen500_mut0.03_elite2_tour2,300,500,0.0300,2,2,6,5,3,True,0.6278,10,10,3000,15907.00,14259.00,-0.1260
pop300_gen500_mut0.03_elite2_tour2,300,500,0.0300,2,2,6,5,4,True,0.4408,7,7,2100,15405.60,8885.00,-0.0960
pop300_gen500_mut0.03_elite2_tour2,300,500,0.0300,2,2,6,5,5,True,1.2951,20,20,6000,15906.60,18924.60,-0.1190
pop300_gen500_mut0.03_elite2_tour2,300,500,0.0300,2,2,6,5,6,True,0.1909,3,3,900,15379.40,4195.00,-0.0290
pop300_gen500_mut0.03_elite2_tour2,300,500,0.0300,2,2,6,5,7,True,0.5071,8,8,2400,15898.60,9475.80,-0.0930
pop300_gen500_mut0.03_elite2_tour2,300,500,0.0300,2,2,6,5,8,True,0.6847,11,11,3300,15892.00,14293.80,-0.1130
pop300_gen500_mut0.03_elite2_tour2,300,500,0.0300,2,2,6,5,9,True,1.0025,16,16,4800,15916.20,19095.80,-0.1160
pop300_gen500_mut0.03_elite2_tour2,300,500,0.0300,2,2,6,5,10,True,0.5014,8,8,2400,15907.80,14207.20,-0.0940
pop300_gen500_mut0.03_elite2_tour3,300,500,0.0300,2,3,6,5,1,True,0.3848,6,6,1800,15897.00,14202.20,-0.0990
pop300_gen500_mut0.03_elite2_tour3,300,500,0.0300,2,3,6,5,2,True,0.1912,3,3,900,15882.80,9424.40,-0.0350
pop300_gen500_mut0.03_elite2_tour3,300,500,0.0300,2,3,6,5,3,True,0.5138,8,8,2400,15907.40,4868.00,-0.0640
pop300_gen500_mut0.03_elite2_tour3,300,500,0.0300,2,3,6,5,4,True,0.9652,15,15,4500,15902.40,14357.60,-0.1170
pop300_gen500_mut0.03_elite2_tour3,300,500,0.0300,2,3,6,5,5,True,0.0656,1,1,300,15874.40,0.00,0.0000
pop300_gen500_mut0.03_elite2_tour3,300,500,0.0300,2,3,6,5,6,True,0.3125,5,5,1500,15882.40,9311.40,-0.0820
pop300_gen500_mut0.03_elite2_tour3,300,500,0.0300,2,3,6,5,7,True,0.2436,4,4,1200,15888.20,9441.80,-0.0560
pop300_gen500_mut0.03_elite2_tour3,300,500,0.0300,2,3,6,5,8,True,0.3996,6,6,1800,15899.00,4813.40,-0.0880
pop300_gen500_mut0.03_elite2_tour3,300,500,0.0300,2,3,6,5,9,True,0.3100,5,5,1500,15903.20,4905.40,-0.0610
pop300_gen500_mut0.03_elite2_tour3,300,500,0.0300,2,3,6,5,10,True,0.3265,5,5,1500,15899.00,4748.40,-0.0490
pop300_gen500_mut0.03_elite2_tour5,300,500,0.0300,2,5,6,5,1,True,0.5760,9,9,2700,15887.00,14218.20,-0.1590
pop300_gen500_mut0.03_elite2_tour5,300,500,0.0300,2,5,6,5,2,True,0.3659,6,6,1800,15887.40,14193.80,-0.0780
pop300_gen500_mut0.03_elite2_tour5,300,500,0.0300,2,5,6,5,3,True,0.3129,5,5,1500,15892.40,14247.80,-0.0810
pop300_gen500_mut0.03_elite2_tour5,300,500,0.0300,2,5,6,5,4,True,0.1264,2,2,600,15863.60,4678.40,-0.0120
pop300_gen500_mut0.03_elite2_tour5,300,500,0.0300,2,5,6,5,5,True,0.5683,9,9,2700,15902.80,9612.00,-0.0690
pop300_gen500_mut0.03_elite2_tour5,300,500,0.0300,2,5,6,5,6,True,0.3183,5,5,1500,15872.80,4801.40,-0.0370
pop300_gen500_mut0.03_elite2_tour5,300,500,0.0300,2,5,6,5,7,True,0.5807,9,9,2700,15902.80,9494.40,-0.0830
pop300_gen500_mut0.03_elite2_tour5,300,500,0.0300,2,5,6,5,8,True,0.1942,3,3,900,15873.20,4688.40,-0.0310
pop300_gen500_mut0.03_elite2_tour5,300,500,0.0300,2,5,6,5,9,True,0.3087,5,5,1500,15902.80,9547.80,-0.1050
pop300_gen500_mut0.03_elite2_tour5,300,500,0.0300,2,5,6,5,10,True,0.6526,10,10,3000,15903.20,9419.80,-0.0730
pop100_gen500_mut0.05_elite2_tour2,100,500,0.0500,2,2,6,5,1,True,0.1569,14,14,1400,15408.60,13792.00,-0.1400
pop100_gen500_mut0.05_elite2_tour2,100,500,0.0500,2,2,6,5,2,True,0.0684,6,6,600,15883.60,9306.80,-0.0940
pop100_gen500_mut0.05_elite2_tour2,100,500,0.0500,2,2,6,5,3,True,0.0448,4,4,400,15873.20,4688.40,-0.0520
pop100_gen500_mut0.05_elite2_tour2,100,500,0.0500,2,2,6,5,4,True,0.1128,10,10,1000,15907.80,14453.80,-0.0910
pop100_gen500_mut0.05_elite2_tour2,100,500,0.0500,2,2,6,5,5,True,0.0331,3,3,300,15869.00,9301.80,-0.0420
pop100_gen500_mut0.05_elite2_tour2,100,500,0.0500,2,2,6,5,6,True,0.0334,3,3,300,15394.80,8916.40,-0.0510
pop100_gen500_mut0.05_elite2_tour2,100,500,0.0500,2,2,6,5,7,True,0.1726,16,16,1600,14927.80,13338.00,-0.1590
pop100_gen500_mut0.05_elite2_tour2,100,500,0.0500,2,2,6,5,8,True,0.0889,8,8,800,15912.00,9844.20,-0.1150
pop100_gen500_mut0.05_elite2_tour2,100,500,0.0500,2,2,6,5,9,True,0.2508,23,23,2300,15418.60,14017.40,-0.1240
pop100_gen500_mut0.05_elite2_tour2,100,500,0.0500,2,2,6,5,10,True,0.0234,2,2,200,15869.40,4605.20,-0.0220
pop100_gen500_mut0.05_elite2_tour3,100,500,0.0500,2,3,6,5,1,True,0.1230,11,11,1100,15388.20,8988.20,-0.1110
pop100_gen500_mut0.05_elite2_tour3,100,500,0.0500,2,3,6,5,2,True,0.0658,6,6,600,15887.80,9510.80,-0.0860
pop100_gen500_mut0.05_elite2_tour3,100,500,0.0500,2,3,6,5,3,True,0.0121,1,1,100,15874.80,0.00,0.0000
pop100_gen500_mut0.05_elite2_tour3,100,500,0.0500,2,3,6,5,4,True,0.1022,9,9,900,15889.00,9370.20,-0.1010
pop100_gen500_mut0.05_elite2_tour3,100,500,0.0500,2,3,6,5,5,True,0.0447,4,4,400,15883.20,9371.40,-0.0600
pop100_gen500_mut0.05_elite2_tour3,100,500,0.0500,2,3,6,5,6,True,0.0567,5,5,500,15873.60,4689.20,-0.0870
pop100_gen500_mut0.05_elite2_tour3,100,500,0.0500,2,3,6,5,7,True,0.0236,2,2,200,15892.80,4731.40,-0.0200
pop100_gen500_mut0.05_elite2_tour3,100,500,0.0500,2,3,6,5,8,True,0.0355,3,3,300,15887.80,9460.80,-0.0540
pop100_gen500_mut0.05_elite2_tour3,100,500,0.0500,2,3,6,5,9,True,0.0563,5,5,500,15391.00,4206.60,-0.0960
pop100_gen500_mut0.05_elite2_tour3,100,500,0.0500,2,3,6,5,10,True,0.1264,11,11,1100,15879.00,9365.20,-0.0760
pop100_gen500_mut0.05_elite2_tour5,100,500,0.0500,2,5,6,5,1,True,0.0570,5,5,500,15916.60,14374.80,-0.1090
pop100_gen500_mut0.05_elite2_tour5,100,500,0.0500,2,5,6,5,2,True,0.1162,10,10,1000,15867.80,4853.40,-0.1220
pop100_gen500_mut0.05_elite2_tour5,100,500,0.0500,2,5,6,5,3,True,0.0470,4,4,400,15873.20,4801.80,-0.0760
pop100_gen500_mut0.05_elite2_tour5,100,500,0.0500,2,5,6,5,4,True,0.0570,5,5,500,15903.20,9702.20,-0.1030
pop100_gen500_mut0.05_elite2_tour5,100,500,0.0500,2,5,6,5,5,True,0.0334,3,3,300,15882.40,9349.80,-0.0510
pop100_gen500_mut0.05_elite2_tour5,100,500,0.0500,2,5,6,5,6,True,0.0335,3,3,300,15405.20,9051.00,-0.0340
pop100_gen500_mut0.05_elite2_tour5,100,500,0.0500,2,5,6,5,7,True,0.0449,4,4,400,15400.20,8974.40,-0.0630
pop100_gen500_mut0.05_elite2_tour5,100,500,0.0500,2,5,6,5,8,True,0.0452,4,4,400,15884.40,13991.20,-0.0780
pop100_gen500_mut0.05_elite2_tour5,100,500,0.0500,2,5,6,5,9,True,0.0520,4,4,400,15873.60,9306.40,-0.0590
pop100_gen500_mut0.05_elite2_tour5,100,500,0.0500,2,5,6,5,10,True,0.0734,6,6,600,15887.80,9506.40,-0.0990
pop200_gen500_mut0.05_elite2_tour2,200,500,0.0500,2,2,6,5,1,True,0.0955,3,3,600,15893.20,9440.80,-0.0540
pop200_gen500_mut0.05_elite2_tour2,200,500,0.0500,2,2,6,5,2,True,0.0978,3,3,600,15908.60,4806.00,-0.0340
pop200_gen500_mut0.05_elite2_tour2,200,500,0.0500,2,2,6,5,3,True,0.0624,2,2,400,15869.00,4683.40,-0.0220
pop200_gen500_mut0.05_elite2_tour2,200,500,0.0500,2,2,6,5,4,True,0.7476,23,23,4600,15403.60,9143.60,-0.1180
pop200_gen500_mut0.05_elite2_tour2,200,500,0.0500,2,2,6,5,5,True,0.1653,5,5,1000,15873.20,4688.40,-0.0630
pop200_gen500_mut0.05_elite2_tour2,200,500,0.0500,2,2,6,5,6,True,0.1989,6,6,1200,15879.00,9308.00,-0.0940
pop200_gen500_mut0.05_elite2_tour2,200,500,0.0500,2,2,6,5,7,True,0.3296,10,10,2000,15903.20,14274.20,-0.1320
pop200_gen500_mut0.05_elite2_tour2,200,500,0.0500,2,2,6,5,8,True,0.1334,4,4,800,15872.80,4688.40,-0.0610
pop200_gen500_mut0.05_elite2_tour2,200,500,0.0500,2,2,6,5,9,True,0.4997,15,15,3000,15882.80,9526.20,-0.1260
pop200_gen500_mut0.05_elite2_tour2,200,500,0.0500,2,2,6,5,10,True,0.1964,6,6,1200,15889.00,9452.80,-0.0910
pop200_gen500_mut0.05_elite2_tour3,200,500,0.0500,2,3,6,5,1,True,0.2809,9,9,1800,15902.40,18995.60,-0.1290
pop200_gen500_mut0.05_elite2_tour3,200,500,0.0500,2,3,6,5,2,True,0.2844,9,9,1800,15906.60,14305.40,-0.1450
pop200_gen500_mut0.05_elite2_tour3,200,500,0.0500,2,3,6,5,3,True,0.0980,3,3,600,15873.60,4689.20,-0.0430
pop200_gen500_mut0.05_elite2_tour3,200,500,0.0500,2,3,6,5,4,True,0.2567,8,8,1600,15907.80,14228.40,-0.1320
pop200_gen500_mut0.05_elite2_tour3,200,500,0.0500,2,3,6,5,5,True,0.2200,7,7,1400,15902.80,14325.20,-0.1060
pop200_gen500_mut0.05_elite2_tour3,200,500,0.0500,2,3,6,5,6,True,0.1279,4,4,800,15389.00,8901.40,-0.0810
pop200_gen500_mut0.05_elite2_tour3,200,500,0.0500,2,3,6,5,7,True,0.1285,4,4,800,15903.20,4979.00,-0.0570
pop200_gen500_mut0.05_elite2_tour3,200,500,0.0500,2,3,6,5,8,True,0.0339,1,1,200,15904.00,0.00,0.0000
pop200_gen500_mut0.05_elite2_tour3,200,500,0.0500,2,3,6,5,9,True,0.2205,7,7,1400,15879.40,9449.80,-0.1010
pop200_gen500_mut0.05_elite2_tour3,200,500,0.0500,2,3,6,5,10,True,0.1285,4,4,800,15888.20,9311.40,-0.0740
pop200_gen500_mut0.05_elite2_tour5,200,500,0.0500,2,5,6,5,1,True,0.2260,7,7,1400,15916.60,14386.80,-0.1300
pop200_gen500_mut0.05_elite2_tour5,200,500,0.0500,2,5,6,5,2,True,0.0967,3,3,600,15863.60,4688.80,-0.0560
pop200_gen500_mut0.05_elite2_tour5,200,500,0.0500,2,5,6,5,3,True,0.1951,6,6,1200,15896.60,14175.80,-0.1150
pop200_gen500_mut0.05_elite2_tour5,200,500,0.0500,2,5,6,5,4,True,0.1611,5,5,1000,15894.00,9581.20,-0.0840
pop200_gen500_mut0.05_elite2_tour5,200,500,0.0500,2,5,6,5,5,True,0.1537,5,5,1000,15897.40,9512.40,-0.1040
pop200_gen500_mut0.05_elite2_tour5,200,500,0.0500,2,5,6,5,6,True,0.1624,5,5,1000,15913.20,9727.40,-0.1120
pop200_gen500_mut0.05_elite2_tour5,200,500,0.0500,2,5,6,5,7,True,0.1301,4,4,800,15888.60,9311.80,-0.0710
pop200_gen500_mut0.05_elite2_tour5,200,500,0.0500,2,5,6,5,8,True,0.0929,3,3,600,15887.40,4729.40,-0.0590
pop200_gen500_mut0.05_elite2_tour5,200,500,0.0500,2,5,6,5,9,True,0.0635,2,2,400,15903.20,4770.40,-0.0230
pop200_gen500_mut0.05_elite2_tour5,200,500,0.0500,2,5,6,5,10,True,0.4508,14,14,2800,15892.00,14234.40,-0.0890
pop300_gen500_mut0.05_elite2_tour2,300,500,0.0500,2,2,6,5,1,True,1.3555,21,21,6300,15887.00,14098.20,-0.1450
pop300_gen500_mut0.05_elite2_tour2,300,500,0.0500,2,2,6,5,2,True,0.2565,4,4,1200,15908.60,4806.00,-0.0510
pop300_gen500_mut0.05_elite2_tour2,300,500,0.0500,2,2,6,5,3,True,0.1895,3,3,900,15888.60,9301.40,-0.0320
pop300_gen500_mut0.05_elite2_tour2,300,500,0.0500,2,2,6,5,4,True,0.3735,6,6,1800,15892.80,9578.00,-0.0990
pop300_gen500_mut0.05_elite2_tour2,300,500,0.0500,2,2,6,5,5,True,0.6248,10,10,3000,15911.60,14385.20,-0.1620
pop300_gen500_mut0.05_elite2_tour2,300,500,0.0500,2,2,6,5,6,True,0.1241,2,2,600,14892.20,8379.00,-0.0300
pop300_gen500_mut0.05_elite2_tour2,300,500,0.0500,2,2,6,5,7,True,0.1909,3,3,900,15379.00,4194.20,-0.0440
pop300_gen500_mut0.05_elite2_tour2,300,500,0.0500,2,2,6,5,8,True,0.1879,3,3,900,15873.20,4688.40,-0.0400
pop300_gen500_mut0.05_elite2_tour2,300,500,0.0500,2,2,6,5,9,True,0.2500,4,4,1200,15409.00,13923.80,-0.0750
pop300_gen500_mut0.05_elite2_tour2,300,500,0.0500,2,2,6,5,10,True,0.4358,7,7,2100,15892.80,9516.20,-0.1090
pop300_gen500_mut0.05_elite2_tour3,300,500,0.0500,2,3,6,5,1,True,0.2509,4,4,1200,15882.40,9311.40,-0.0810
pop300_gen500_mut0.05_elite2_tour3,300,500,0.0500,2,3,6,5,2,True,0.1296,2,2,600,15878.60,4678.80,-0.0260
pop300_gen500_mut0.05_elite2_tour3,300,500,0.0500,2,3,6,5,3,True,0.3666,6,6,1800,15907.80,14315.20,-0.1150
pop300_gen500_mut0.05_elite2_tour3,300,500,0.0500,2,3,6,5,4,True,0.2529,4,4,1200,15873.60,4806.40,-0.0580
pop300_gen500_mut0.05_elite2_tour3,300,500,0.0500,2,3,6,5,5,True,0.5791,9,9,2700,15907.40,14365.80,-0.1530
pop300_gen500_mut0.05_elite2_tour3,300,500,0.0500,2,3,6,5,6,True,0.1221,2,2,600,15896.20,9513.40,-0.0340
pop300_gen500_mut0.05_elite2_tour3,300,500,0.0500,2,3,6,5,7,True,0.5122,8,8,2400,15403.60,4360.20,-0.1110
pop300_gen500_mut0.05_elite2_tour3,300,500,0.0500,2,3,6,5,8,True,0.3745,6,6,1800,15893.60,14308.20,-0.0950
pop300_gen500_mut0.05_elite2_tour3,300,500,0.0500,2,3,6,5,9,True,0.1885,3,3,900,15912.80,4854.00,-0.0470
pop300_gen500_mut0.05_elite2_tour3,300,500,0.0500,2,3,6,5,10,True,0.3322,5,5,1500,15899.00,9530.40,-0.0950
pop300_gen500_mut0.05_elite2_tour5,300,500,0.0500,2,5,6,5,1,True,0.2610,4,4,1200,15888.20,9470.80,-0.0800
pop300_gen500_mut0.05_elite2_tour5,300,500,0.0500,2,5,6,5,2,True,0.3840,6,6,1800,15889.40,9496.80,-0.1150
pop300_gen500_mut0.05_elite2_tour5,300,500,0.0500,2,5,6,5,3,True,0.3802,6,6,1800,15903.20,9612.00,-0.0860
pop300_gen500_mut0.05_elite2_tour5,300,500,0.0500,2,5,6,5,4,True,0.5116,8,8,2400,15902.80,9609.00,-0.1160
pop300_gen500_mut0.05_elite2_tour5,300,500,0.0500,2,5,6,5,5,True,0.4344,7,7,2100,15896.60,9607.40,-0.1360
pop300_gen500_mut0.05_elite2_tour5,300,500,0.0500,2,5,6,5,6,True,0.5001,8,8,2400,15917.00,14378.40,-0.1140
pop300_gen500_mut0.05_elite2_tour5,300,500,0.0500,2,5,6,5,7,True,0.8223,13,13,3900,15916.20,14508.60,-0.0940
pop300_gen500_mut0.05_elite2_tour5,300,500,0.0500,2,5,6,5,8,True,0.4449,7,7,2100,15907.40,9839.60,-0.0700
pop300_gen500_mut0.05_elite2_tour5,300,500,0.0500,2,5,6,5,9,True,0.1902,3,3,900,15887.80,4801.40,-0.0400
pop300_gen500_mut0.05_elite2_tour5,300,500,0.0500,2,5,6,5,10,True,0.2541,4,4,1200,15912.80,9588.60,-0.0910
pop100_gen1000_mut0.01_elite2_tour2,100,1000,0.0100,2,2,6,5,1,True,0.1434,13,13,1300,15908.60,18820.20,-0.0380
pop100_gen1000_mut0.01_elite2_tour2,100,1000,0.0100,2,2,6,5,2,True,0.0861,8,8,800,15882.40,9349.80,-0.0490
pop100_gen1000_mut0.01_elite2_tour2,100,1000,0.0100,2,2,6,5,3,True,0.0793,7,7,700,15892.40,4688.40,-0.0440
pop100_gen1000_mut0.01_elite2_tour2,100,1000,0.0100,2,2,6,5,4,True,0.0879,8,8,800,15877.80,9306.80,-0.0370
pop100_gen1000_mut0.01_elite2_tour2,100,1000,0.0100,2,2,6,5,5,True,0.1249,12,12,1200,15892.80,9503.80,-0.0690
pop100_gen1000_mut0.01_elite2_tour2,100,1000,0.0100,2,2,6,5,6,True,0.1798,17,17,1700,15902.40,14360.80,-0.0950
pop100_gen1000_mut0.01_elite2_tour2,100,1000,0.0100,2,2,6,5,7,True,0.1896,18,18,1800,15897.40,18922.60,-0.0930
pop100_gen1000_mut0.01_elite2_tour2,100,1000,0.0100,2,2,6,5,8,True,0.1217,11,11,1100,15400.60,8974.80,-0.0730
pop100_gen1000_mut0.01_elite2_tour2,100,1000,0.0100,2,2,6,5,9,True,0.0117,1,1,100,15868.20,0.00,0.0000
pop100_gen1000_mut0.01_elite2_tour2,100,1000,0.0100,2,2,6,5,10,True,0.0216,2,2,200,15379.00,4195.00,-0.0040
pop100_gen1000_mut0.01_elite2_tour3,100,1000,0.0100,2,3,6,5,1,True,0.2509,23,23,2300,15906.60,9586.80,-0.0530
pop100_gen1000_mut0.01_elite2_tour3,100,1000,0.0100,2,3,6,5,2,True,0.0662,6,6,600,15883.20,9371.40,-0.0350
pop100_gen1000_mut0.01_elite2_tour3,100,1000,0.0100,2,3,6,5,3,True,0.2890,26,26,2600,15897.40,9529.60,-0.0400
pop100_gen1000_mut0.01_elite2_tour3,100,1000,0.0100,2,3,6,5,4,True,0.1435,13,13,1300,15867.00,4692.20,-0.0500
pop100_gen1000_mut0.01_elite2_tour3,100,1000,0.0100,2,3,6,5,5,True,0.4468,41,41,4100,15886.60,9434.20,-0.0360
pop100_gen1000_mut0.01_elite2_tour3,100,1000,0.0100,2,3,6,5,6,True,0.1023,9,9,900,15903.20,14044.00,-0.0510
pop100_gen1000_mut0.01_elite2_tour3,100,1000,0.0100,2,3,6,5,7,True,0.0551,5,5,500,15868.20,9424.80,-0.0290
pop100_gen1000_mut0.01_elite2_tour3,100,1000,0.0100,2,3,6,5,8,True,0.1592,15,15,1500,15872.80,4796.40,-0.0620
pop100_gen1000_mut0.01_elite2_tour3,100,1000,0.0100,2,3,6,5,9,True,0.2916,26,26,2600,15911.20,19078.40,-0.0620
pop100_gen1000_mut0.01_elite2_tour3,100,1000,0.0100,2,3,6,5,10,True,0.1662,15,15,1500,15882.00,9481.80,-0.0540
pop100_gen1000_mut0.01_elite2_tour5,100,1000,0.0100,2,5,6,5,1,True,0.0785,7,7,700,15892.40,14169.80,-0.0550
pop100_gen1000_mut0.01_elite2_tour5,100,1000,0.0100,2,5,6,5,2,True,0.0678,6,6,600,15868.60,4683.80,-0.0520
pop100_gen1000_mut0.01_elite2_tour5,100,1000,0.0100,2,5,6,5,3,True,0.1036,9,9,900,15903.20,4817.60,-0.0630
pop100_gen1000_mut0.01_elite2_tour5,100,1000,0.0100,2,5,6,5,4,True,0.0780,7,7,700,15874.00,4689.60,-0.0330
pop100_gen1000_mut0.01_elite2_tour5,100,1000,0.0100,2,5,6,5,5,True,0.0682,6,6,600,15892.40,9371.40,-0.0400
pop100_gen1000_mut0.01_elite2_tour5,100,1000,0.0100,2,5,6,5,6,True,0.0457,4,4,400,15872.80,4688.40,-0.0310
pop100_gen1000_mut0.01_elite2_tour5,100,1000,0.0100,2,5,6,5,7,True,0.0527,5,5,500,15902.40,9703.80,-0.0390
pop100_gen1000_mut0.01_elite2_tour5,100,1000,0.0100,2,5,6,5,8,True,0.1025,9,9,900,15887.00,4872.20,-0.0410
pop100_gen1000_mut0.01_elite2_tour5,100,1000,0.0100,2,5,6,5,9,True,0.0448,4,4,400,15902.00,9454.20,-0.0310
pop100_gen1000_mut0.01_elite2_tour5,100,1000,0.0100,2,5,6,5,10,True,0.1078,10,10,1000,15873.20,9474.40,-0.0200
pop200_gen1000_mut0.01_elite2_tour2,200,1000,0.0100,2,2,6,5,1,True,0.3896,12,12,2400,15893.60,14119.20,-0.0390
pop200_gen1000_mut0.01_elite2_tour2,200,1000,0.0100,2,2,6,5,2,True,0.2210,7,7,1400,15862.40,4688.80,-0.0490
pop200_gen1000_mut0.01_elite2_tour2,200,1000,0.0100,2,2,6,5,3,True,0.1916,6,6,1200,15880.20,9346.80,-0.0260
pop200_gen1000_mut0.01_elite2_tour2,200,1000,0.0100,2,2,6,5,4,True,0.5479,17,17,3400,15419.80,18554.40,-0.0880
pop200_gen1000_mut0.01_elite2_tour2,200,1000,0.0100,2,2,6,5,5,True,0.8027,25,25,5000,15912.40,9787.40,-0.0780
pop200_gen1000_mut0.01_elite2_tour2,200,1000,0.0100,2,2,6,5,6,True,0.0645,2,2,400,15369.80,4171.00,-0.0050
pop200_gen1000_mut0.01_elite2_tour2,200,1000,0.0100,2,2,6,5,7,True,0.3515,11,11,2200,15877.80,9424.40,-0.0410
pop200_gen1000_mut0.01_elite2_tour2,200,1000,0.0100,2,2,6,5,8,True,0.6190,19,19,3800,15895.80,14055.20,-0.0550
pop200_gen1000_mut0.01_elite2_tour2,200,1000,0.0100,2,2,6,5,9,True,0.0339,1,1,200,15874.00,0.00,0.0000
pop200_gen1000_mut0.01_elite2_tour2,200,1000,0.0100,2,2,6,5,10,True,0.0353,1,1,200,15887.40,0.00,0.0000
pop200_gen1000_mut0.01_elite2_tour3,200,1000,0.0100,2,3,6,5,1,True,0.3130,10,10,2000,15920.40,19183.40,-0.1050
pop200_gen1000_mut0.01_elite2_tour3,200,1000,0.0100,2,3,6,5,2,True,0.2567,8,8,1600,15888.20,9367.60,-0.0590
pop200_gen1000_mut0.01_elite2_tour3,200,1000,0.0100,2,3,6,5,3,True,0.4100,13,13,2600,15902.80,19103.20,-0.0520
pop200_gen1000_mut0.01_elite2_tour3,200,1000,0.0100,2,3,6,5,4,True,0.7895,25,25,5000,15897.00,9672.40,-0.0630
pop200_gen1000_mut0.01_elite2_tour3,200,1000,0.0100,2,3,6,5,5,True,0.3703,11,11,2200,15888.20,9369.40,-0.0530
pop200_gen1000_mut0.01_elite2_tour3,200,1000,0.0100,2,3,6,5,6,True,0.1622,5,5,1000,15873.20,4688.00,-0.0240
pop200_gen1000_mut0.01_elite2_tour3,200,1000,0.0100,2,3,6,5,7,True,0.2609,8,8,1600,15884.00,9512.60,-0.0710
pop200_gen1000_mut0.01_elite2_tour3,200,1000,0.0100,2,3,6,5,8,True,0.7196,22,22,4400,15894.40,9420.60,-0.0110
pop200_gen1000_mut0.01_elite2_tour3,200,1000,0.0100,2,3,6,5,9,True,0.3173,10,10,2000,15897.80,4778.60,-0.0710
pop200_gen1000_mut0.01_elite2_tour3,200,1000,0.0100,2,3,6,5,10,True,0.1241,4,4,800,15378.60,4269.00,-0.0220
pop200_gen1000_mut0.01_elite2_tour5,200,1000,0.0100,2,5,6,5,1,True,0.1900,6,6,1200,15409.00,13923.80,-0.0480
pop200_gen1000_mut0.01_elite2_tour5,200,1000,0.0100,2,5,6,5,2,True,0.0627,2,2,400,15867.80,4712.40,-0.0050
pop200_gen1000_mut0.01_elite2_tour5,200,1000,0.0100,2,5,6,5,3,True,0.1282,4,4,800,15409.80,8965.00,-0.0430
pop200_gen1000_mut0.01_elite2_tour5,200,1000,0.0100,2,5,6,5,4,True,0.2474,8,8,1600,15898.20,9602.80,-0.0540
pop200_gen1000_mut0.01_elite2_tour5,200,1000,0.0100,2,5,6,5,5,True,0.0649,2,2,400,15902.40,4736.40,-0.0050
pop200_gen1000_mut0.01_elite2_tour5,200,1000,0.0100,2,5,6,5,6,True,0.0332,1,1,200,15867.80,0.00,0.0000
pop200_gen1000_mut0.01_elite2_tour5,200,1000,0.0100,2,5,6,5,7,True,0.1221,4,4,800,15882.80,9428.40,-0.0430
pop200_gen1000_mut0.01_elite2_tour5,200,1000,0.0100,2,5,6,5,8,True,0.4072,13,13,2600,15872.80,4858.40,-0.0270
pop200_gen1000_mut0.01_elite2_tour5,200,1000,0.0100,2,5,6,5,9,True,0.2224,7,7,1400,15894.00,14251.00,-0.0300
pop200_gen1000_mut0.01_elite2_tour5,200,1000,0.0100,2,5,6,5,10,True,0.2852,9,9,1800,15902.40,9590.00,-0.0560
pop300_gen1000_mut0.01_elite2_tour2,300,1000,0.0100,2,2,6,5,1,True,0.3794,6,6,1800,15873.60,4688.80,-0.0330
pop300_gen1000_mut0.01_elite2_tour2,300,1000,0.0100,2,2,6,5,2,True,0.5059,8,8,2400,15882.80,9429.40,-0.0510
pop300_gen1000_mut0.01_elite2_tour2,300,1000,0.0100,2,2,6,5,3,True,0.3630,6,6,1800,15863.20,4747.60,-0.0210
pop300_gen1000_mut0.01_elite2_tour2,300,1000,0.0100,2,2,6,5,4,True,0.3208,5,5,1500,15893.60,4748.00,-0.0270
pop300_gen1000_mut0.01_elite2_tour2,300,1000,0.0100,2,2,6,5,5,True,0.6812,11,11,3300,15882.40,4859.40,-0.0780
pop300_gen1000_mut0.01_elite2_tour2,300,1000,0.0100,2,2,6,5,6,True,1.6204,26,26,7800,15886.60,9557.80,-0.0690
pop300_gen1000_mut0.01_elite2_tour2,300,1000,0.0100,2,2,6,5,7,True,0.2399,4,4,1200,15887.80,4851.00,-0.0160
pop300_gen1000_mut0.01_elite2_tour2,300,1000,0.0100,2,2,6,5,8,True,0.4364,7,7,2100,15887.40,9366.80,-0.0550
pop300_gen1000_mut0.01_elite2_tour2,300,1000,0.0100,2,2,6,5,9,True,0.3764,6,6,1800,15884.40,9307.60,-0.0450
pop300_gen1000_mut0.01_elite2_tour2,300,1000,0.0100,2,2,6,5,10,True,0.8851,14,14,4200,15893.20,9372.60,-0.0770
pop300_gen1000_mut0.01_elite2_tour3,300,1000,0.0100,2,3,6,5,1,True,0.0652,1,1,300,15864.00,0.00,0.0000
pop300_gen1000_mut0.01_elite2_tour3,300,1000,0.0100,2,3,6,5,2,True,0.4387,7,7,2100,15894.00,9477.80,-0.0450
pop300_gen1000_mut0.01_elite2_tour3,300,1000,0.0100,2,3,6,5,3,True,0.5675,9,9,2700,15903.20,9581.80,-0.0520
pop300_gen1000_mut0.01_elite2_tour3,300,1000,0.0100,2,3,6,5,4,True,0.6331,10,10,3000,15878.60,9364.80,-0.0430
pop300_gen1000_mut0.01_elite2_tour3,300,1000,0.0100,2,3,6,5,5,True,0.1277,2,2,600,15892.40,4711.40,-0.0060
pop300_gen1000_mut0.01_elite2_tour3,300,1000,0.0100,2,3,6,5,6,True,1.0004,16,16,4800,15907.40,14523.40,-0.0610
pop300_gen1000_mut0.01_elite2_tour3,300,1000,0.0100,2,3,6,5,7,True,0.1891,3,3,900,15883.60,4743.00,-0.0100
pop300_gen1000_mut0.01_elite2_tour3,300,1000,0.0100,2,3,6,5,8,True,0.3030,5,5,1500,15389.40,8932.40,-0.0320
pop300_gen1000_mut0.01_elite2_tour3,300,1000,0.0100,2,3,6,5,9,True,0.2437,4,4,1200,15882.00,4794.00,-0.0300
pop300_gen1000_mut0.01_elite2_tour3,300,1000,0.0100,2,3,6,5,10,True,0.0674,1,1,300,15868.60,0.00,0.0000
pop300_gen1000_mut0.01_elite2_tour5,300,1000,0.0100,2,5,6,5,1,True,0.6358,10,10,3000,15893.60,9525.80,-0.1010
pop300_gen1000_mut0.01_elite2_tour5,300,1000,0.0100,2,5,6,5,2,True,0.4916,8,8,2400,15883.20,14081.20,-0.0310
pop300_gen1000_mut0.01_elite2_tour5,300,1000,0.0100,2,5,6,5,3,True,0.6229,10,10,3000,15897.00,14202.60,-0.0520
pop300_gen1000_mut0.01_elite2_tour5,300,1000,0.0100,2,5,6,5,4,True,0.1882,3,3,900,15882.40,9349.80,-0.0140
pop300_gen1000_mut0.01_elite2_tour5,300,1000,0.0100,2,5,6,5,5,True,0.3062,5,5,1500,15878.20,9424.40,-0.0500
pop300_gen1000_mut0.01_elite2_tour5,300,1000,0.0100,2,5,6,5,6,True,0.8596,14,14,4200,15902.00,18964.60,-0.0590
pop300_gen1000_mut0.01_elite2_tour5,300,1000,0.0100,2,5,6,5,7,True,0.2489,4,4,1200,15404.00,13916.80,-0.0520
pop300_gen1000_mut0.01_elite2_tour5,300,1000,0.0100,2,5,6,5,8,True,0.3639,6,6,1800,15888.60,14059.20,-0.0440
pop300_gen1000_mut0.01_elite2_tour5,300,1000,0.0100,2,5,6,5,9,True,0.5064,8,8,2400,15893.60,14340.40,-0.0460
pop300_gen1000_mut0.01_elite2_tour5,300,1000,0.0100,2,5,6,5,10,True,0.2459,4,4,1200,15893.60,9569.80,-0.0350
pop100_gen1000_mut0.03_elite2_tour2,100,1000,0.0300,2,2,6,5,1,True,0.0458,4,4,400,15888.20,9367.60,-0.0440
pop100_gen1000_mut0.03_elite2_tour2,100,1000,0.0300,2,2,6,5,2,True,0.2241,20,20,2000,15902.40,4866.40,-0.0800
pop100_gen1000_mut0.03_elite2_tour2,100,1000,0.0300,2,2,6,5,3,True,0.1528,14,14,1400,15902.00,9660.80,-0.1240
pop100_gen1000_mut0.03_elite2_tour2,100,1000,0.0300,2,2,6,5,4,True,0.0682,6,6,600,15888.60,4806.80,-0.0490
pop100_gen1000_mut0.03_elite2_tour2,100,1000,0.0300,2,2,6,5,5,True,0.1631,15,15,1500,15897.80,14324.60,-0.1310
pop100_gen1000_mut0.03_elite2_tour2,100,1000,0.0300,2,2,6,5,6,True,0.1101,10,10,1000,15892.40,4782.80,-0.1180
pop100_gen1000_mut0.03_elite2_tour2,100,1000,0.0300,2,2,6,5,7,True,0.0751,7,7,700,15883.60,14172.60,-0.1040
pop100_gen1000_mut0.03_elite2_tour2,100,1000,0.0300,2,2,6,5,8,True,0.1865,17,17,1700,15911.60,9652.20,-0.1080
pop100_gen1000_mut0.03_elite2_tour2,100,1000,0.0300,2,2,6,5,9,True,0.0667,6,6,600,15873.60,4688.80,-0.0620
pop100_gen1000_mut0.03_elite2_tour2,100,1000,0.0300,2,2,6,5,10,True,0.4579,42,42,4200,15902.80,9792.40,-0.0520
pop100_gen1000_mut0.03_elite2_tour3,100,1000,0.0300,2,3,6,5,1,True,0.1606,15,15,1500,15907.00,14404.20,-0.0970
pop100_gen1000_mut0.03_elite2_tour3,100,1000,0.0300,2,3,6,5,2,True,0.0682,6,6,600,15894.40,4748.80,-0.0800
pop100_gen1000_mut0.03_elite2_tour3,100,1000,0.0300,2,3,6,5,3,True,0.0118,1,1,100,15879.80,0.00,0.0000
pop100_gen1000_mut0.03_elite2_tour3,100,1000,0.0300,2,3,6,5,4,True,0.0435,4,4,400,15897.40,14267.20,-0.0690
pop100_gen1000_mut0.03_elite2_tour3,100,1000,0.0300,2,3,6,5,5,True,0.1405,13,13,1300,15911.20,19038.80,-0.1010
pop100_gen1000_mut0.03_elite2_tour3,100,1000,0.0300,2,3,6,5,6,True,0.0944,9,9,900,15917.00,14504.40,-0.0640
pop100_gen1000_mut0.03_elite2_tour3,100,1000,0.0300,2,3,6,5,7,True,0.0666,6,6,600,15883.60,4742.20,-0.0640
pop100_gen1000_mut0.03_elite2_tour3,100,1000,0.0300,2,3,6,5,8,True,0.0927,9,9,900,15902.40,14363.20,-0.0760
pop100_gen1000_mut0.03_elite2_tour3,100,1000,0.0300,2,3,6,5,9,True,0.1361,13,13,1300,15912.00,14428.20,-0.0520
pop100_gen1000_mut0.03_elite2_tour3,100,1000,0.0300,2,3,6,5,10,True,0.0233,2,2,200,15888.60,4734.40,-0.0180
pop100_gen1000_mut0.03_elite2_tour5,100,1000,0.0300,2,5,6,5,1,True,0.0478,4,4,400,15873.60,4688.80,-0.0530
pop100_gen1000_mut0.03_elite2_tour5,100,1000,0.0300,2,5,6,5,2,True,0.0480,4,4,400,15889.00,4748.40,-0.0470
pop100_gen1000_mut0.03_elite2_tour5,100,1000,0.0300,2,5,6,5,3,True,0.0682,6,6,600,15878.20,9396.80,-0.0570
pop100_gen1000_mut0.03_elite2_tour5,100,1000,0.0300,2,5,6,5,4,True,0.1055,9,9,900,15897.40,14318.80,-0.0730
pop100_gen1000_mut0.03_elite2_tour5,100,1000,0.0300,2,5,6,5,5,True,0.0433,4,4,400,15888.20,9412.40,-0.0500
pop100_gen1000_mut0.03_elite2_tour5,100,1000,0.0300,2,5,6,5,6,True,0.0759,7,7,700,15906.20,18911.00,-0.0700
pop100_gen1000_mut0.03_elite2_tour5,100,1000,0.0300,2,5,6,5,7,True,0.1532,14,14,1400,15902.40,9608.60,-0.0570
pop100_gen1000_mut0.03_elite2_tour5,100,1000,0.0300,2,5,6,5,8,True,0.0445,4,4,400,15873.20,4688.40,-0.0450
pop100_gen1000_mut0.03_elite2_tour5,100,1000,0.0300,2,5,6,5,9,True,0.0981,9,9,900,15902.40,9844.60,-0.0550
pop100_gen1000_mut0.03_elite2_tour5,100,1000,0.0300,2,5,6,5,10,True,0.1603,14,14,1400,15902.40,9602.40,-0.0690
pop200_gen1000_mut0.03_elite2_tour2,200,1000,0.0300,2,2,6,5,1,True,0.1574,5,5,1000,14897.20,8474.00,-0.0780
pop200_gen1000_mut0.03_elite2_tour2,200,1000,0.0300,2,2,6,5,2,True,0.1226,4,4,800,15393.60,8890.80,-0.0580
pop200_gen1000_mut0.03_elite2_tour2,200,1000,0.0300,2,2,6,5,3,True,0.3825,12,12,2400,15907.00,9702.60,-0.0840
pop200_gen1000_mut0.03_elite2_tour2,200,1000,0.0300,2,2,6,5,4,True,0.1602,5,5,1000,15869.00,9301.80,-0.0420
pop200_gen1000_mut0.03_elite2_tour2,200,1000,0.0300,2,2,6,5,5,True,0.1631,5,5,1000,15877.80,9306.80,-0.0610
pop200_gen1000_mut0.03_elite2_tour2,200,1000,0.0300,2,2,6,5,6,True,0.1251,4,4,800,15393.60,8863.00,-0.0500
pop200_gen1000_mut0.03_elite2_tour2,200,1000,0.0300,2,2,6,5,7,True,0.1562,5,5,1000,15888.20,14134.20,-0.0700
pop200_gen1000_mut0.03_elite2_tour2,200,1000,0.0300,2,2,6,5,8,True,0.3455,11,11,2200,15892.80,9529.00,-0.1700
pop200_gen1000_mut0.03_elite2_tour2,200,1000,0.0300,2,2,6,5,9,True,0.3914,12,12,2400,15897.80,14192.60,-0.1120
pop200_gen1000_mut0.03_elite2_tour2,200,1000,0.0300,2,2,6,5,10,True,0.3579,11,11,2200,15894.40,9420.60,-0.0540
pop200_gen1000_mut0.03_elite2_tour3,200,1000,0.0300,2,3,6,5,1,True,0.0949,3,3,600,15858.60,9359.80,-0.0250
pop200_gen1000_mut0.03_elite2_tour3,200,1000,0.0300,2,3,6,5,2,True,0.2280,7,7,1400,15896.20,14213.40,-0.1260
pop200_gen1000_mut0.03_elite2_tour3,200,1000,0.0300,2,3,6,5,3,True,0.1059,3,3,600,15897.00,9400.80,-0.0400
pop200_gen1000_mut0.03_elite2_tour3,200,1000,0.0300,2,3,6,5,4,True,0.1896,6,6,1200,15882.80,9441.00,-0.0910
pop200_gen1000_mut0.03_elite2_tour3,200,1000,0.0300,2,3,6,5,5,True,0.1938,6,6,1200,15887.40,9366.80,-0.0730
pop200_gen1000_mut0.03_elite2_tour3,200,1000,0.0300,2,3,6,5,6,True,0.2255,7,7,1400,15868.60,9409.80,-0.0840
pop200_gen1000_mut0.03_elite2_tour3,200,1000,0.0300,2,3,6,5,7,True,0.4226,13,13,2600,15426.40,18569.60,-0.1580
pop200_gen1000_mut0.03_elite2_tour3,200,1000,0.0300,2,3,6,5,8,True,0.4367,13,13,2600,15896.20,14153.00,-0.1050
pop200_gen1000_mut0.03_elite2_tour3,200,1000,0.0300,2,3,6,5,9,True,0.2517,8,8,1600,15893.20,9524.80,-0.1230
pop200_gen1000_mut0.03_elite2_tour3,200,1000,0.0300,2,3,6,5,10,True,0.2918,9,9,1800,15902.40,14349.20,-0.0820
pop200_gen1000_mut0.03_elite2_tour5,200,1000,0.0300,2,5,6,5,1,True,0.2241,7,7,1400,15902.80,9662.00,-0.1050
pop200_gen1000_mut0.03_elite2_tour5,200,1000,0.0300,2,5,6,5,2,True,0.1448,4,4,800,15882.40,9385.80,-0.0820
pop200_gen1000_mut0.03_elite2_tour5,200,1000,0.0300,2,5,6,5,3,True,0.1641,5,5,1000,15862.00,4688.40,-0.0770
pop200_gen1000_mut0.03_elite2_tour5,200,1000,0.0300,2,5,6,5,4,True,0.1638,5,5,1000,15867.00,4693.40,-0.0880
pop200_gen1000_mut0.03_elite2_tour5,200,1000,0.0300,2,5,6,5,5,True,0.0985,3,3,600,15869.00,9301.80,-0.0220
pop200_gen1000_mut0.03_elite2_tour5,200,1000,0.0300,2,5,6,5,6,True,0.1268,4,4,800,15882.80,4794.40,-0.0630
pop200_gen1000_mut0.03_elite2_tour5,200,1000,0.0300,2,5,6,5,7,True,0.0663,2,2,400,15879.80,4683.40,-0.0090
pop200_gen1000_mut0.03_elite2_tour5,200,1000,0.0300,2,5,6,5,8,True,0.1288,4,4,800,15863.60,4748.00,-0.0300
pop200_gen1000_mut0.03_elite2_tour5,200,1000,0.0300,2,5,6,5,9,True,0.1296,4,4,800,15893.20,13982.80,-0.0650
pop200_gen1000_mut0.03_elite2_tour5,200,1000,0.0300,2,5,6,5,10,True,0.4467,14,14,2800,15907.00,23584.60,-0.0880
pop300_gen1000_mut0.03_elite2_tour2,300,1000,0.0300,2,2,6,5,1,True,0.3233,5,5,1500,15872.40,4748.40,-0.0450
pop300_gen1000_mut0.03_elite2_tour2,300,1000,0.0300,2,2,6,5,2,True,1.8851,29,29,8700,15901.20,14252.20,-0.1070
pop300_gen1000_mut0.03_elite2_tour2,300,1000,0.0300,2,2,6,5,3,True,0.4093,6,6,1800,15391.40,8820.40,-0.0790
pop300_gen1000_mut0.03_elite2_tour2,300,1000,0.0300,2,2,6,5,4,True,0.8889,14,14,4200,15902.80,9590.80,-0.1110
pop300_gen1000_mut0.03_elite2_tour2,300,1000,0.0300,2,2,6,5,5,True,0.3767,6,6,1800,15882.80,9371.40,-0.0740
pop300_gen1000_mut0.03_elite2_tour2,300,1000,0.0300,2,2,6,5,6,True,0.3156,5,5,1500,15897.40,9445.40,-0.0600
pop300_gen1000_mut0.03_elite2_tour2,300,1000,0.0300,2,2,6,5,7,True,0.1267,2,2,600,15902.40,4794.40,-0.0160
pop300_gen1000_mut0.03_elite2_tour2,300,1000,0.0300,2,2,6,5,8,True,0.2498,4,4,1200,15883.20,14094.80,-0.0450
pop300_gen1000_mut0.03_elite2_tour2,300,1000,0.0300,2,2,6,5,9,True,0.3954,6,6,1800,15863.60,4752.60,-0.0550
pop300_gen1000_mut0.03_elite2_tour2,300,1000,0.0300,2,2,6,5,10,True,0.8401,13,13,3900,15917.00,14386.40,-0.1620
pop300_gen1000_mut0.03_elite2_tour3,300,1000,0.0300,2,3,6,5,1,True,0.2522,4,4,1200,15886.60,9405.40,-0.0600
pop300_gen1000_mut0.03_elite2_tour3,300,1000,0.0300,2,3,6,5,2,True,0.2669,4,4,1200,15867.80,4693.00,-0.0490
pop300_gen1000_mut0.03_elite2_tour3,300,1000,0.0300,2,3,6,5,3,True,0.1953,3,3,900,15862.00,4688.40,-0.0340
pop300_gen1000_mut0.03_elite2_tour3,300,1000,0.0300,2,3,6,5,4,True,0.1244,2,2,600,15898.20,4960.40,-0.0180
pop300_gen1000_mut0.03_elite2_tour3,300,1000,0.0300,2,3,6,5,5,True,0.2521,4,4,1200,15892.40,9503.40,-0.0540
pop300_gen1000_mut0.03_elite2_tour3,300,1000,0.0300,2,3,6,5,6,True,0.1316,2,2,600,15902.40,4736.40,-0.0150
pop300_gen1000_mut0.03_elite2_tour3,300,1000,0.0300,2,3,6,5,7,True,0.4537,7,7,2100,15877.40,9337.40,-0.0760
pop300_gen1000_mut0.03_elite2_tour3,300,1000,0.0300,2,3,6,5,8,True,0.2554,4,4,1200,15873.20,4688.40,-0.0440
pop300_gen1000_mut0.03_elite2_tour3,300,1000,0.0300,2,3,6,5,9,True,0.3754,6,6,1800,15897.00,18856.20,-0.1010
pop300_gen1000_mut0.03_elite2_tour3,300,1000,0.0300,2,3,6,5,10,True,0.9722,15,15,4500,15902.40,9608.60,-0.0910
pop300_gen1000_mut0.03_elite2_tour5,300,1000,0.0300,2,5,6,5,1,True,0.5979,9,9,2700,15893.20,14306.20,-0.1000
pop300_gen1000_mut0.03_elite2_tour5,300,1000,0.0300,2,5,6,5,2,True,0.1977,3,3,900,15893.20,9414.80,-0.0360
pop300_gen1000_mut0.03_elite2_tour5,300,1000,0.0300,2,5,6,5,3,True,0.3329,5,5,1500,15903.20,18944.00,-0.0720
pop300_gen1000_mut0.03_elite2_tour5,300,1000,0.0300,2,5,6,5,4,True,0.3313,5,5,1500,15892.00,14115.40,-0.0620
pop300_gen1000_mut0.03_elite2_tour5,300,1000,0.0300,2,5,6,5,5,True,0.4714,7,7,2100,15899.00,9425.20,-0.0360
pop300_gen1000_mut0.03_elite2_tour5,300,1000,0.0300,2,5,6,5,6,True,0.2905,4,4,1200,15898.60,4791.00,-0.0600
pop300_gen1000_mut0.03_elite2_tour5,300,1000,0.0300,2,5,6,5,7,True,0.3963,6,6,1800,15892.80,14244.80,-0.0790
pop300_gen1000_mut0.03_elite2_tour5,300,1000,0.0300,2,5,6,5,8,True,0.3861,6,6,1800,15912.80,14443.80,-0.1090
pop300_gen1000_mut0.03_elite2_tour5,300,1000,0.0300,2,5,6,5,9,True,0.3214,5,5,1500,15892.40,14218.20,-0.0570
pop300_gen1000_mut0.03_elite2_tour5,300,1000,0.0300,2,5,6,5,10,True,0.4539,7,7,2100,15907.80,14207.20,-0.1220
pop100_gen1000_mut0.05_elite2_tour2,100,1000,0.0500,2,2,6,5,1,True,0.0952,8,8,800,15882.40,9487.40,-0.1160
pop100_gen1000_mut0.05_elite2_tour2,100,1000,0.0500,2,2,6,5,2,True,0.0452,4,4,400,15889.00,4774.00,-0.0350
pop100_gen1000_mut0.05_elite2_tour2,100,1000,0.0500,2,2,6,5,3,True,0.0804,7,7,700,15907.80,9773.40,-0.0890
pop100_gen1000_mut0.05_elite2_tour2,100,1000,0.0500,2,2,6,5,4,True,0.0631,5,5,500,15884.40,13991.20,-0.0890
pop100_gen1000_mut0.05_elite2_tour2,100,1000,0.0500,2,2,6,5,5,True,0.0125,1,1,100,15879.80,0.00,0.0000
pop100_gen1000_mut0.05_elite2_tour2,100,1000,0.0500,2,2,6,5,6,True,0.0643,6,6,600,15888.20,9577.40,-0.0920
pop100_gen1000_mut0.05_elite2_tour2,100,1000,0.0500,2,2,6,5,7,True,0.0247,2,2,200,15872.40,4762.80,-0.0260
pop100_gen1000_mut0.05_elite2_tour2,100,1000,0.0500,2,2,6,5,8,True,0.0690,6,6,600,15916.60,4860.60,-0.0760
pop100_gen1000_mut0.05_elite2_tour2,100,1000,0.0500,2,2,6,5,9,True,0.0572,5,5,500,15882.40,9399.80,-0.0950
pop100_gen1000_mut0.05_elite2_tour2,100,1000,0.0500,2,2,6,5,10,True,0.1920,17,17,1700,15888.20,14163.80,-0.1240
pop100_gen1000_mut0.05_elite2_tour3,100,1000,0.0500,2,3,6,5,1,True,0.0860,7,7,700,15908.60,9614.40,-0.0830
pop100_gen1000_mut0.05_elite2_tour3,100,1000,0.0500,2,3,6,5,2,True,0.0558,5,5,500,15887.40,14117.20,-0.1180
pop100_gen1000_mut0.05_elite2_tour3,100,1000,0.0500,2,3,6,5,3,True,0.2588,19,19,1900,15906.20,14386.40,-0.1260
pop100_gen1000_mut0.05_elite2_tour3,100,1000,0.0500,2,3,6,5,4,True,0.0607,5,5,500,15877.80,9306.80,-0.0800
pop100_gen1000_mut0.05_elite2_tour3,100,1000,0.0500,2,3,6,5,5,True,0.1498,13,13,1300,15898.20,9593.80,-0.1150
pop100_gen1000_mut0.05_elite2_tour3,100,1000,0.0500,2,3,6,5,6,True,0.0234,2,2,200,15873.20,4683.40,-0.0260
pop100_gen1000_mut0.05_elite2_tour3,100,1000,0.0500,2,3,6,5,7,True,0.2432,22,22,2200,15912.00,14454.20,-0.1000
pop100_gen1000_mut0.05_elite2_tour3,100,1000,0.0500,2,3,6,5,8,True,0.0351,3,3,300,15893.60,9443.80,-0.0470
pop100_gen1000_mut0.05_elite2_tour3,100,1000,0.0500,2,3,6,5,9,True,0.0747,6,6,600,15893.20,9419.80,-0.1200
pop100_gen1000_mut0.05_elite2_tour3,100,1000,0.0500,2,3,6,5,10,True,0.1095,10,10,1000,15911.20,19035.60,-0.1100
pop100_gen1000_mut0.05_elite2_tour5,100,1000,0.0500,2,5,6,5,1,True,0.0838,7,7,700,15908.60,4872.60,-0.0400
pop100_gen1000_mut0.05_elite2_tour5,100,1000,0.0500,2,5,6,5,2,True,0.0473,4,4,400,15903.20,9521.80,-0.0840
pop100_gen1000_mut0.05_elite2_tour5,100,1000,0.0500,2,5,6,5,3,True,0.0218,2,2,200,15903.20,4967.40,-0.0270
pop100_gen1000_mut0.05_elite2_tour5,100,1000,0.0500,2,5,6,5,4,True,0.0951,8,8,800,15873.20,4858.40,-0.0910
pop100_gen1000_mut0.05_elite2_tour5,100,1000,0.0500,2,5,6,5,5,True,0.0348,3,3,300,15896.60,4654.40,-0.0370
pop100_gen1000_mut0.05_elite2_tour5,100,1000,0.0500,2,5,6,5,6,True,0.0473,4,4,400,15884.40,9326.80,-0.0760
pop100_gen1000_mut0.05_elite2_tour5,100,1000,0.0500,2,5,6,5,7,True,0.0235,2,2,200,15879.80,4683.40,-0.0190
pop100_gen1000_mut0.05_elite2_tour5,100,1000,0.0500,2,5,6,5,8,True,0.0459,4,4,400,15882.80,9350.20,-0.0720
pop100_gen1000_mut0.05_elite2_tour5,100,1000,0.0500,2,5,6,5,9,True,0.0387,3,3,300,15386.80,4202.00,-0.0450
pop100_gen1000_mut0.05_elite2_tour5,100,1000,0.0500,2,5,6,5,10,True,0.0394,3,3,300,15872.80,4688.40,-0.0580
pop200_gen1000_mut0.05_elite2_tour2,200,1000,0.0500,2,2,6,5,1,True,0.5188,16,16,3200,15413.20,9244.00,-0.1310
pop200_gen1000_mut0.05_elite2_tour2,200,1000,0.0500,2,2,6,5,2,True,0.0978,3,3,600,15887.00,9453.80,-0.0530
pop200_gen1000_mut0.05_elite2_tour2,200,1000,0.0500,2,2,6,5,3,True,0.0649,2,2,400,15873.20,4653.40,-0.0280
pop200_gen1000_mut0.05_elite2_tour2,200,1000,0.0500,2,2,6,5,4,True,0.1295,4,4,800,15381.80,4197.00,-0.0520
pop200_gen1000_mut0.05_elite2_tour2,200,1000,0.0500,2,2,6,5,5,True,0.1988,6,6,1200,15876.60,9472.00,-0.1260
pop200_gen1000_mut0.05_elite2_tour2,200,1000,0.0500,2,2,6,5,6,True,0.2931,9,9,1800,15896.60,14185.20,-0.1520
pop200_gen1000_mut0.05_elite2_tour2,200,1000,0.0500,2,2,6,5,7,True,0.1625,5,5,1000,15400.20,8974.40,-0.0800
pop200_gen1000_mut0.05_elite2_tour2,200,1000,0.0500,2,2,6,5,8,True,0.0342,1,1,200,15887.40,0.00,0.0000
pop200_gen1000_mut0.05_elite2_tour2,200,1000,0.0500,2,2,6,5,9,True,0.3238,10,10,2000,15897.40,14286.20,-0.1650
pop200_gen1000_mut0.05_elite2_tour2,200,1000,0.0500,2,2,6,5,10,True,0.4582,14,14,2800,15417.40,13828.00,-0.1380
pop200_gen1000_mut0.05_elite2_tour3,200,1000,0.0500,2,3,6,5,1,True,0.0658,2,2,400,15902.40,4794.40,-0.0300
pop200_gen1000_mut0.05_elite2_tour3,200,1000,0.0500,2,3,6,5,2,True,0.3987,12,12,2400,15902.00,18977.80,-0.1300
pop200_gen1000_mut0.05_elite2_tour3,200,1000,0.0500,2,3,6,5,3,True,0.1699,5,5,1000,15892.80,9371.80,-0.0990
pop200_gen1000_mut0.05_elite2_tour3,200,1000,0.0500,2,3,6,5,4,True,0.3888,12,12,2400,15911.20,14342.60,-0.1330
pop200_gen1000_mut0.05_elite2_tour3,200,1000,0.0500,2,3,6,5,5,True,0.1965,6,6,1200,15907.40,9586.00,-0.0770
pop200_gen1000_mut0.05_elite2_tour3,200,1000,0.0500,2,3,6,5,6,True,0.1027,3,3,600,15869.00,9301.80,-0.0390
pop200_gen1000_mut0.05_elite2_tour3,200,1000,0.0500,2,3,6,5,7,True,0.1633,5,5,1000,15401.00,13623.80,-0.1160
pop200_gen1000_mut0.05_elite2_tour3,200,1000,0.0500,2,3,6,5,8,True,0.1416,4,4,800,15882.40,9399.80,-0.0720
pop200_gen1000_mut0.05_elite2_tour3,200,1000,0.0500,2,3,6,5,9,True,0.0753,2,2,400,15884.00,4683.40,-0.0210
pop200_gen1000_mut0.05_elite2_tour3,200,1000,0.0500,2,3,6,5,10,True,0.1631,5,5,1000,15898.60,4842.40,-0.1010
pop200_gen1000_mut0.05_elite2_tour5,200,1000,0.0500,2,5,6,5,1,True,0.0673,2,2,400,15867.80,4654.00,-0.0290
pop200_gen1000_mut0.05_elite2_tour5,200,1000,0.0500,2,5,6,5,2,True,0.3723,11,11,2200,15902.40,14307.60,-0.0990
pop200_gen1000_mut0.05_elite2_tour5,200,1000,0.0500,2,5,6,5,3,True,0.0356,1,1,200,15862.80,0.00,0.0000
pop200_gen1000_mut0.05_elite2_tour5,200,1000,0.0500,2,5,6,5,4,True,0.1676,5,5,1000,15882.40,9311.40,-0.0930
pop200_gen1000_mut0.05_elite2_tour5,200,1000,0.0500,2,5,6,5,5,True,0.1293,4,4,800,15882.80,9424.40,-0.0790
pop200_gen1000_mut0.05_elite2_tour5,200,1000,0.0500,2,5,6,5,6,True,0.1009,3,3,600,15878.60,4742.60,-0.0500
pop200_gen1000_mut0.05_elite2_tour5,200,1000,0.0500,2,5,6,5,7,True,0.2272,7,7,1400,15911.60,14308.20,-0.1450
pop200_gen1000_mut0.05_elite2_tour5,200,1000,0.0500,2,5,6,5,8,True,0.1641,5,5,1000,15410.60,9164.00,-0.0990
pop200_gen1000_mut0.05_elite2_tour5,200,1000,0.0500,2,5,6,5,9,True,0.0961,3,3,600,15864.40,9301.40,-0.0420
pop200_gen1000_mut0.05_elite2_tour5,200,1000,0.0500,2,5,6,5,10,True,0.1676,5,5,1000,15384.80,8813.80,-0.0770
pop300_gen1000_mut0.05_elite2_tour2,300,1000,0.0500,2,2,6,5,1,True,0.0715,1,1,300,15869.80,0.00,0.0000
pop300_gen1000_mut0.05_elite2_tour2,300,1000,0.0500,2,2,6,5,2,True,0.0665,1,1,300,15869.00,0.00,0.0000
pop300_gen1000_mut0.05_elite2_tour2,300,1000,0.0500,2,2,6,5,3,True,0.1302,2,2,600,15873.20,4688.40,-0.0210
pop300_gen1000_mut0.05_elite2_tour2,300,1000,0.0500,2,2,6,5,4,True,0.1298,2,2,600,15867.00,4687.60,-0.0270
pop300_gen1000_mut0.05_elite2_tour2,300,1000,0.0500,2,2,6,5,5,True,0.3917,6,6,1800,15897.00,14189.80,-0.1430
pop300_gen1000_mut0.05_elite2_tour2,300,1000,0.0500,2,2,6,5,6,True,0.4084,6,6,1800,15907.80,9420.20,-0.1150
pop300_gen1000_mut0.05_elite2_tour2,300,1000,0.0500,2,2,6,5,7,True,0.3242,5,5,1500,15892.80,9426.80,-0.0930
pop300_gen1000_mut0.05_elite2_tour2,300,1000,0.0500,2,2,6,5,8,True,0.1341,2,2,600,15878.20,9301.00,-0.0180
pop300_gen1000_mut0.05_elite2_tour2,300,1000,0.0500,2,2,6,5,9,True,0.4617,7,7,2100,15911.60,14261.80,-0.1360
pop300_gen1000_mut0.05_elite2_tour2,300,1000,0.0500,2,2,6,5,10,True,0.3335,5,5,1500,15882.40,9311.40,-0.0830
pop300_gen1000_mut0.05_elite2_tour3,300,1000,0.0500,2,3,6,5,1,True,0.3254,5,5,1500,15894.40,9468.60,-0.0790
pop300_gen1000_mut0.05_elite2_tour3,300,1000,0.0500,2,3,6,5,2,True,0.2140,3,3,900,15872.80,4688.40,-0.0430
pop300_gen1000_mut0.05_elite2_tour3,300,1000,0.0500,2,3,6,5,3,True,0.3347,5,5,1500,15405.60,18310.20,-0.1440
pop300_gen1000_mut0.05_elite2_tour3,300,1000,0.0500,2,3,6,5,4,True,0.2840,4,4,1200,15897.80,4747.20,-0.0530
pop300_gen1000_mut0.05_elite2_tour3,300,1000,0.0500,2,3,6,5,5,True,0.2058,3,3,900,15872.80,4688.40,-0.0520
pop300_gen1000_mut0.05_elite2_tour3,300,1000,0.0500,2,3,6,5,6,True,0.1320,2,2,600,15872.00,4796.00,-0.0270
pop300_gen1000_mut0.05_elite2_tour3,300,1000,0.0500,2,3,6,5,7,True,0.0689,1,1,300,15878.60,0.00,0.0000
pop300_gen1000_mut0.05_elite2_tour3,300,1000,0.0500,2,3,6,5,8,True,0.6022,9,9,2700,15897.80,18967.00,-0.1190
pop300_gen1000_mut0.05_elite2_tour3,300,1000,0.0500,2,3,6,5,9,True,0.5993,7,7,2100,15889.00,9448.80,-0.1320
pop300_gen1000_mut0.05_elite2_tour3,300,1000,0.0500,2,3,6,5,10,True,0.2363,3,3,900,15882.40,9349.80,-0.0550
pop300_gen1000_mut0.05_elite2_tour5,300,1000,0.0500,2,5,6,5,1,True,0.2801,4,4,1200,15872.00,9341.80,-0.0750
pop300_gen1000_mut0.05_elite2_tour5,300,1000,0.0500,2,5,6,5,2,True,0.1898,3,3,900,15902.80,9704.20,-0.0610
pop300_gen1000_mut0.05_elite2_tour5,300,1000,0.0500,2,5,6,5,3,True,0.2519,4,4,1200,15897.80,9639.20,-0.0820
pop300_gen1000_mut0.05_elite2_tour5,300,1000,0.0500,2,5,6,5,4,True,0.2105,3,3,900,15873.60,4806.40,-0.0380
pop300_gen1000_mut0.05_elite2_tour5,300,1000,0.0500,2,5,6,5,5,True,0.6519,9,9,2700,15898.20,14285.80,-0.1700
pop300_gen1000_mut0.05_elite2_tour5,300,1000,0.0500,2,5,6,5,6,True,0.0668,1,1,300,15882.80,0.00,0.0000
pop300_gen1000_mut0.05_elite2_tour5,300,1000,0.0500,2,5,6,5,7,True,0.2653,4,4,1200,15874.00,14036.20,-0.0800
pop300_gen1000_mut0.05_elite2_tour5,300,1000,0.0500,2,5,6,5,8,True,0.0678,1,1,300,15869.00,0.00,0.0000
pop300_gen1000_mut0.05_elite2_tour5,300,1000,0.0500,2,5,6,5,9,True,0.5344,8,8,2400,15912.80,9738.60,-0.1650
pop300_gen1000_mut0.05_elite2_tour5,300,1000,0.0500,2,5,6,5,10,True,0.2612,4,4,1200,15399.40,13584.80,-0.0890
pop100_gen500_mut0.01_elite5_tour2,100,500,0.0100,5,2,6,5,1,True,0.1961,17,17,1700,15903.20,14190.60,-0.0270
pop100_gen500_mut0.01_elite5_tour2,100,500,0.0100,5,2,6,5,2,True,0.1312,12,12,1200,15882.80,14150.40,-0.0520
pop100_gen500_mut0.01_elite5_tour2,100,500,0.0100,5,2,6,5,3,True,0.2139,18,18,1800,15902.80,14105.80,-0.0460
pop100_gen500_mut0.01_elite5_tour2,100,500,0.0100,5,2,6,5,4,True,0.2004,17,17,1700,15893.60,9316.80,-0.0460
pop100_gen500_mut0.01_elite5_tour2,100,500,0.0100,5,2,6,5,5,True,0.1009,9,9,900,15887.40,9442.80,-0.0670
pop100_gen500_mut0.01_elite5_tour2,100,500,0.0100,5,2,6,5,6,True,0.1110,10,10,1000,15897.00,18916.60,-0.0700
pop100_gen500_mut0.01_elite5_tour2,100,500,0.0100,5,2,6,5,7,True,0.1303,11,11,1100,15892.00,9371.40,-0.0690
pop100_gen500_mut0.01_elite5_tour2,100,500,0.0100,5,2,6,5,8,True,0.0990,9,9,900,15898.20,9513.80,-0.0520
pop100_gen500_mut0.01_elite5_tour2,100,500,0.0100,5,2,6,5,9,True,0.1042,9,9,900,15882.80,9371.40,-0.0350
pop100_gen500_mut0.01_elite5_tour2,100,500,0.0100,5,2,6,5,10,True,0.0340,3,3,300,15898.20,4960.40,-0.0070
pop100_gen500_mut0.01_elite5_tour3,100,500,0.0100,5,3,6,5,1,True,0.0732,6,6,600,15872.40,9332.40,-0.0490
pop100_gen500_mut0.01_elite5_tour3,100,500,0.0100,5,3,6,5,2,True,0.2112,18,18,1800,15902.40,9524.60,-0.0540
pop100_gen500_mut0.01_elite5_tour3,100,500,0.0100,5,3,6,5,3,True,0.1106,10,10,1000,15902.40,14303.40,-0.0730
pop100_gen500_mut0.01_elite5_tour3,100,500,0.0100,5,3,6,5,4,True,0.0669,6,6,600,15903.20,9648.80,-0.0440
pop100_gen500_mut0.01_elite5_tour3,100,500,0.0100,5,3,6,5,5,True,0.2302,20,20,2000,15893.20,9612.40,-0.0490
pop100_gen500_mut0.01_elite5_tour3,100,500,0.0100,5,3,6,5,6,True,0.0738,6,6,600,15409.00,13923.80,-0.0610
pop100_gen500_mut0.01_elite5_tour3,100,500,0.0100,5,3,6,5,7,True,0.2648,23,23,2300,15902.40,9506.00,-0.0290
pop100_gen500_mut0.01_elite5_tour3,100,500,0.0100,5,3,6,5,8,True,0.1719,15,15,1500,15898.60,14280.40,-0.0220
pop100_gen500_mut0.01_elite5_tour3,100,500,0.0100,5,3,6,5,9,True,0.1248,11,11,1100,15889.00,9429.80,-0.0490
pop100_gen500_mut0.01_elite5_tour3,100,500,0.0100,5,3,6,5,10,True,0.1900,17,17,1700,15869.40,4684.60,-0.0340
pop100_gen500_mut0.01_elite5_tour5,100,500,0.0100,5,5,6,5,1,True,0.0934,8,8,800,15893.60,14119.20,-0.0220
pop100_gen500_mut0.01_elite5_tour5,100,500,0.0100,5,5,6,5,2,True,0.1068,9,9,900,15884.00,9370.20,-0.0440
pop100_gen500_mut0.01_elite5_tour5,100,500,0.0100,5,5,6,5,3,True,0.0259,2,2,200,15872.80,4683.40,-0.0040
pop100_gen500_mut0.01_elite5_tour5,100,500,0.0100,5,5,6,5,4,True,0.1671,14,14,1400,15894.00,9419.80,-0.0370
pop100_gen500_mut0.01_elite5_tour5,100,500,0.0100,5,5,6,5,5,True,0.1028,9,9,900,15405.60,18310.20,-0.0620
pop100_gen500_mut0.01_elite5_tour5,100,500,0.0100,5,5,6,5,6,True,0.1369,12,12,1200,15873.60,9306.40,-0.0230
pop100_gen500_mut0.01_elite5_tour5,100,500,0.0100,5,5,6,5,7,True,0.0726,6,6,600,15873.20,4688.40,-0.0110
pop100_gen500_mut0.01_elite5_tour5,100,500,0.0100,5,5,6,5,8,True,0.0462,4,4,400,15390.20,4245.00,-0.0210
pop100_gen500_mut0.01_elite5_tour5,100,500,0.0100,5,5,6,5,9,True,0.1268,11,11,1100,15896.60,18774.60,-0.0480
pop100_gen500_mut0.01_elite5_tour5,100,500,0.0100,5,5,6,5,10,True,0.0789,7,7,700,15898.20,4779.00,-0.0500
pop200_gen500_mut0.01_elite5_tour2,200,500,0.0100,5,2,6,5,1,True,0.4634,14,14,2800,15902.00,4816.40,-0.0690
pop200_gen500_mut0.01_elite5_tour2,200,500,0.0100,5,2,6,5,2,True,0.7996,24,24,4800,15882.00,9502.20,-0.0640
pop200_gen500_mut0.01_elite5_tour2,200,500,0.0100,5,2,6,5,3,True,1.1111,35,35,7000,15916.20,14520.60,-0.0360
pop200_gen500_mut0.01_elite5_tour2,200,500,0.0100,5,2,6,5,4,True,0.5752,18,18,3600,15891.60,14234.40,-0.0540
pop200_gen500_mut0.01_elite5_tour2,200,500,0.0100,5,2,6,5,5,True,0.7687,24,24,4800,15408.60,9242.20,-0.0440
pop200_gen500_mut0.01_elite5_tour2,200,500,0.0100,5,2,6,5,6,True,0.4445,14,14,2800,15405.20,13753.40,-0.0750
pop200_gen500_mut0.01_elite5_tour2,200,500,0.0100,5,2,6,5,7,True,0.5170,16,16,3200,15892.00,14244.80,-0.1080
pop200_gen500_mut0.01_elite5_tour2,200,500,0.0100,5,2,6,5,8,True,0.2604,8,8,1600,15901.60,14206.00,-0.0840
pop200_gen500_mut0.01_elite5_tour2,200,500,0.0100,5,2,6,5,9,True,0.1983,6,6,1200,15873.20,4688.40,-0.0380
pop200_gen500_mut0.01_elite5_tour2,200,500,0.0100,5,2,6,5,10,True,0.2683,8,8,1600,15406.40,8980.60,-0.0680
pop200_gen500_mut0.01_elite5_tour3,200,500,0.0100,5,3,6,5,1,True,0.3674,11,11,2200,15893.20,14170.80,-0.0580
pop200_gen500_mut0.01_elite5_tour3,200,500,0.0100,5,3,6,5,2,True,0.0627,2,2,400,15903.20,4967.40,-0.0050
pop200_gen500_mut0.01_elite5_tour3,200,500,0.0100,5,3,6,5,3,True,0.1929,6,6,1200,15897.40,9506.80,-0.0520
pop200_gen500_mut0.01_elite5_tour3,200,500,0.0100,5,3,6,5,4,True,0.1913,6,6,1200,15409.00,13923.80,-0.0550
pop200_gen500_mut0.01_elite5_tour3,200,500,0.0100,5,3,6,5,5,True,0.4841,15,15,3000,15903.60,9630.60,-0.0520
pop200_gen500_mut0.01_elite5_tour3,200,500,0.0100,5,3,6,5,6,True,0.0970,3,3,600,15899.00,4784.40,-0.0050
pop200_gen500_mut0.01_elite5_tour3,200,500,0.0100,5,3,6,5,7,True,0.4942,15,15,3000,15893.60,4810.20,-0.0430
pop200_gen500_mut0.01_elite5_tour3,200,500,0.0100,5,3,6,5,8,True,0.0951,3,3,600,15902.40,4964.60,-0.0160
pop200_gen500_mut0.01_elite5_tour3,200,500,0.0100,5,3,6,5,9,True,0.0679,2,2,400,15893.60,4741.40,-0.0040
pop200_gen500_mut0.01_elite5_tour3,200,500,0.0100,5,3,6,5,10,True,0.0362,1,1,200,15879.40,0.00,0.0000
pop200_gen500_mut0.01_elite5_tour5,200,500,0.0100,5,5,6,5,1,True,0.2608,8,8,1600,15907.40,14365.80,-0.0810
pop200_gen500_mut0.01_elite5_tour5,200,500,0.0100,5,5,6,5,2,True,0.0362,1,1,200,15868.60,0.00,0.0000
pop200_gen500_mut0.01_elite5_tour5,200,500,0.0100,5,5,6,5,3,True,0.2027,6,6,1200,15898.20,4747.60,-0.0380
pop200_gen500_mut0.01_elite5_tour5,200,500,0.0100,5,5,6,5,4,True,0.2942,9,9,1800,15916.60,19104.60,-0.0350
pop200_gen500_mut0.01_elite5_tour5,200,500,0.0100,5,5,6,5,5,True,0.3392,10,10,2000,15892.80,9372.20,-0.0510
pop200_gen500_mut0.01_elite5_tour5,200,500,0.0100,5,5,6,5,6,True,0.0691,2,2,400,15868.20,4719.40,-0.0030
pop200_gen500_mut0.01_elite5_tour5,200,500,0.0100,5,5,6,5,7,True,0.2601,8,8,1600,15872.00,9435.40,-0.0720
pop200_gen500_mut0.01_elite5_tour5,200,500,0.0100,5,5,6,5,8,True,0.1282,4,4,800,15388.60,8926.40,-0.0450
pop200_gen500_mut0.01_elite5_tour5,200,500,0.0100,5,5,6,5,9,True,0.2004,6,6,1200,15894.00,13983.60,-0.0580
pop200_gen500_mut0.01_elite5_tour5,200,500,0.0100,5,5,6,5,10,True,0.2001,6,6,1200,15888.60,9311.80,-0.0600
pop300_gen500_mut0.01_elite5_tour2,300,500,0.0100,5,2,6,5,1,True,0.2506,4,4,1200,15882.40,9349.80,-0.0210
pop300_gen500_mut0.01_elite5_tour2,300,500,0.0100,5,2,6,5,2,True,0.6867,11,11,3300,15892.40,14234.80,-0.0580
pop300_gen500_mut0.01_elite5_tour2,300,500,0.0100,5,2,6,5,3,True,0.3705,6,6,1800,15902.80,9701.80,-0.0430
pop300_gen500_mut0.01_elite5_tour2,300,500,0.0100,5,2,6,5,4,True,1.2683,20,20,6000,15414.80,18481.20,-0.0710
pop300_gen500_mut0.01_elite5_tour2,300,500,0.0100,5,2,6,5,5,True,1.3082,20,20,6000,15906.20,19043.80,-0.0740
pop300_gen500_mut0.01_elite5_tour2,300,500,0.0100,5,2,6,5,6,True,0.6509,10,10,3000,15893.60,14119.20,-0.0390
pop300_gen500_mut0.01_elite5_tour2,300,500,0.0100,5,2,6,5,7,True,0.1937,3,3,900,15863.20,4688.40,-0.0110
pop300_gen500_mut0.01_elite5_tour2,300,500,0.0100,5,2,6,5,8,True,1.4018,21,21,6300,15912.40,9738.20,-0.0700
pop300_gen500_mut0.01_elite5_tour2,300,500,0.0100,5,2,6,5,9,True,0.1260,2,2,600,15892.80,4704.40,-0.0060
pop300_gen500_mut0.01_elite5_tour2,300,500,0.0100,5,2,6,5,10,True,0.5949,9,9,2700,15893.60,14064.60,-0.0800
pop300_gen500_mut0.01_elite5_tour3,300,500,0.0100,5,3,6,5,1,True,0.1935,3,3,900,15893.60,4748.00,-0.0110
pop300_gen500_mut0.01_elite5_tour3,300,500,0.0100,5,3,6,5,2,True,0.0662,1,1,300,15869.40,0.00,0.0000
pop300_gen500_mut0.01_elite5_tour3,300,500,0.0100,5,3,6,5,3,True,0.3211,5,5,1500,15874.00,4688.80,-0.0360
pop300_gen500_mut0.01_elite5_tour3,300,500,0.0100,5,3,6,5,4,True,0.3303,5,5,1500,15873.20,4688.40,-0.0350
pop300_gen500_mut0.01_elite5_tour3,300,500,0.0100,5,3,6,5,5,True,0.5297,8,8,2400,15898.20,9513.80,-0.0510
pop300_gen500_mut0.01_elite5_tour3,300,500,0.0100,5,3,6,5,6,True,0.4886,7,7,2100,15897.00,14248.80,-0.0630
pop300_gen500_mut0.01_elite5_tour3,300,500,0.0100,5,3,6,5,7,True,0.8906,14,14,4200,15906.60,14468.40,-0.1080
pop300_gen500_mut0.01_elite5_tour3,300,500,0.0100,5,3,6,5,8,True,1.7940,28,28,8400,15896.60,14393.80,-0.0690
pop300_gen500_mut0.01_elite5_tour3,300,500,0.0100,5,3,6,5,9,True,0.3530,5,5,1500,15872.80,4688.40,-0.0420
pop300_gen500_mut0.01_elite5_tour3,300,500,0.0100,5,3,6,5,10,True,0.6433,10,10,3000,15902.80,14377.00,-0.0800
pop300_gen500_mut0.01_elite5_tour5,300,500,0.0100,5,5,6,5,1,True,0.4442,7,7,2100,15892.80,14155.00,-0.0500
pop300_gen500_mut0.01_elite5_tour5,300,500,0.0100,5,5,6,5,2,True,0.1874,3,3,900,15901.60,9453.80,-0.0220
pop300_gen500_mut0.01_elite5_tour5,300,500,0.0100,5,5,6,5,3,True,0.2465,4,4,1200,15897.80,9512.60,-0.0440
pop300_gen500_mut0.01_elite5_tour5,300,500,0.0100,5,5,6,5,4,True,0.3133,5,5,1500,15892.40,9329.80,-0.0500
pop300_gen500_mut0.01_elite5_tour5,300,500,0.0100,5,5,6,5,5,True,0.3061,5,5,1500,15404.00,18471.20,-0.0720
pop300_gen500_mut0.01_elite5_tour5,300,500,0.0100,5,5,6,5,6,True,0.5522,9,9,2700,15878.20,14184.20,-0.0290
pop300_gen500_mut0.01_elite5_tour5,300,500,0.0100,5,5,6,5,7,True,0.2413,4,4,1200,15426.00,4372.20,-0.0300
pop300_gen500_mut0.01_elite5_tour5,300,500,0.0100,5,5,6,5,8,True,0.0632,1,1,300,15854.00,0.00,0.0000
pop300_gen500_mut0.01_elite5_tour5,300,500,0.0100,5,5,6,5,9,True,0.7546,12,12,3600,15879.00,9365.20,-0.0190
pop300_gen500_mut0.01_elite5_tour5,300,500,0.0100,5,5,6,5,10,True,0.1894,3,3,900,15873.20,4688.40,-0.0120
pop100_gen500_mut0.03_elite5_tour2,100,500,0.0300,5,2,6,5,1,True,0.1730,16,16,1600,15902.00,14297.00,-0.1200
pop100_gen500_mut0.03_elite5_tour2,100,500,0.0300,5,2,6,5,2,True,0.0990,9,9,900,15907.40,9586.00,-0.0610
pop100_gen500_mut0.03_elite5_tour2,100,500,0.0300,5,2,6,5,3,True,0.0128,1,1,100,15869.80,0.00,0.0000
pop100_gen500_mut0.03_elite5_tour2,100,500,0.0300,5,2,6,5,4,True,0.0208,2,2,200,15884.00,4704.40,-0.0150
pop100_gen500_mut0.03_elite5_tour2,100,500,0.0300,5,2,6,5,5,True,0.1362,12,12,1200,15888.20,9518.20,-0.0640
pop100_gen500_mut0.03_elite5_tour2,100,500,0.0300,5,2,6,5,6,True,0.1824,16,16,1600,15412.40,18538.40,-0.0820
pop100_gen500_mut0.03_elite5_tour2,100,500,0.0300,5,2,6,5,7,True,0.0121,1,1,100,15889.00,0.00,0.0000
pop100_gen500_mut0.03_elite5_tour2,100,500,0.0300,5,2,6,5,8,True,0.1855,17,17,1700,15902.00,18924.20,-0.0940
pop100_gen500_mut0.03_elite5_tour2,100,500,0.0300,5,2,6,5,9,True,0.1687,16,16,1600,15911.20,19105.80,-0.1140
pop100_gen500_mut0.03_elite5_tour2,100,500,0.0300,5,2,6,5,10,True,0.2237,21,21,2100,15912.00,19243.80,-0.0980
pop100_gen500_mut0.03_elite5_tour3,100,500,0.0300,5,3,6,5,1,True,0.1599,15,15,1500,15916.20,14304.40,-0.1150
pop100_gen500_mut0.03_elite5_tour3,100,500,0.0300,5,3,6,5,2,True,0.0227,2,2,200,15892.40,4658.40,-0.0130
pop100_gen500_mut0.03_elite5_tour3,100,500,0.0300,5,3,6,5,3,True,0.0436,4,4,400,15892.80,4907.40,-0.0550
pop100_gen500_mut0.03_elite5_tour3,100,500,0.0300,5,3,6,5,4,True,0.0648,6,6,600,15417.20,8984.80,-0.0900
pop100_gen500_mut0.03_elite5_tour3,100,500,0.0300,5,3,6,5,5,True,0.0559,5,5,500,15873.20,4688.40,-0.0450
pop100_gen500_mut0.03_elite5_tour3,100,500,0.0300,5,3,6,5,6,True,0.0894,8,8,800,15907.80,9586.40,-0.0560
pop100_gen500_mut0.03_elite5_tour3,100,500,0.0300,5,3,6,5,7,True,0.0665,6,6,600,15884.00,9433.20,-0.0640
pop100_gen500_mut0.03_elite5_tour3,100,500,0.0300,5,3,6,5,8,True,0.0672,6,6,600,15873.20,4688.40,-0.0620
pop100_gen500_mut0.03_elite5_tour3,100,500,0.0300,5,3,6,5,9,True,0.0765,7,7,700,15907.80,14453.80,-0.0680
pop100_gen500_mut0.03_elite5_tour3,100,500,0.0300,5,3,6,5,10,True,0.1599,14,14,1400,15908.20,14261.20,-0.0790
pop100_gen500_mut0.03_elite5_tour5,100,500,0.0300,5,5,6,5,1,True,0.1430,13,13,1300,15912.00,19118.20,-0.0630
pop100_gen500_mut0.03_elite5_tour5,100,500,0.0300,5,5,6,5,2,True,0.0454,4,4,400,15874.00,4748.40,-0.0560
pop100_gen500_mut0.03_elite5_tour5,100,500,0.0300,5,5,6,5,3,True,0.1206,11,11,1100,15907.80,9679.00,-0.0880
pop100_gen500_mut0.03_elite5_tour5,100,500,0.0300,5,5,6,5,4,True,0.0456,4,4,400,15873.20,4688.80,-0.0550
pop100_gen500_mut0.03_elite5_tour5,100,500,0.0300,5,5,6,5,5,True,0.1194,11,11,1100,15902.40,14338.80,-0.0950
pop100_gen500_mut0.03_elite5_tour5,100,500,0.0300,5,5,6,5,6,True,0.1116,10,10,1000,15902.80,9671.20,-0.0660
pop100_gen500_mut0.03_elite5_tour5,100,500,0.0300,5,5,6,5,7,True,0.0462,4,4,400,15893.60,4743.00,-0.0460
pop100_gen500_mut0.03_elite5_tour5,100,500,0.0300,5,5,6,5,8,True,0.0906,8,8,800,15879.40,9369.20,-0.0460
pop100_gen500_mut0.03_elite5_tour5,100,500,0.0300,5,5,6,5,9,True,0.0624,6,6,600,15872.40,4796.00,-0.0860
pop100_gen500_mut0.03_elite5_tour5,100,500,0.0300,5,5,6,5,10,True,0.1404,13,13,1300,15882.80,4859.80,-0.0620
pop200_gen500_mut0.03_elite5_tour2,200,500,0.0300,5,2,6,5,1,True,0.1213,4,4,800,15859.00,9276.80,-0.0270
pop200_gen500_mut0.03_elite5_tour2,200,500,0.0300,5,2,6,5,2,True,0.2220,7,7,1400,15893.60,4870.20,-0.0960
pop200_gen500_mut0.03_elite5_tour2,200,500,0.0300,5,2,6,5,3,True,0.3723,12,12,2400,15901.20,9631.40,-0.1370
pop200_gen500_mut0.03_elite5_tour2,200,500,0.0300,5,2,6,5,4,True,0.1547,5,5,1000,15873.60,9508.80,-0.0900
pop200_gen500_mut0.03_elite5_tour2,200,500,0.0300,5,2,6,5,5,True,0.1933,6,6,1200,15399.40,13584.80,-0.0940
pop200_gen500_mut0.03_elite5_tour2,200,500,0.0300,5,2,6,5,6,True,0.1226,4,4,800,15892.40,9451.80,-0.0570
pop200_gen500_mut0.03_elite5_tour2,200,500,0.0300,5,2,6,5,7,True,0.1272,4,4,800,15902.80,4846.60,-0.0420
pop200_gen500_mut0.03_elite5_tour2,200,500,0.0300,5,2,6,5,8,True,0.4874,15,15,3000,15902.00,9600.00,-0.1060
pop200_gen500_mut0.03_elite5_tour2,200,500,0.0300,5,2,6,5,9,True,0.1584,5,5,1000,15873.60,4688.80,-0.0490
pop200_gen500_mut0.03_elite5_tour2,200,500,0.0300,5,2,6,5,10,True,0.0623,2,2,400,15867.80,4647.00,-0.0160
pop200_gen500_mut0.03_elite5_tour3,200,500,0.0300,5,3,6,5,1,True,0.2247,7,7,1400,15879.40,9409.80,-0.0620
pop200_gen500_mut0.03_elite5_tour3,200,500,0.0300,5,3,6,5,2,True,0.1285,4,4,800,15873.20,4688.40,-0.0380
pop200_gen500_mut0.03_elite5_tour3,200,500,0.0300,5,3,6,5,3,True,0.3184,10,10,2000,15906.60,23577.40,-0.1000
pop200_gen500_mut0.03_elite5_tour3,200,500,0.0300,5,3,6,5,4,True,0.0650,2,2,400,15912.40,4798.60,-0.0180
pop200_gen500_mut0.03_elite5_tour3,200,500,0.0300,5,3,6,5,5,True,0.1574,5,5,1000,15877.00,4724.00,-0.0840
pop200_gen500_mut0.03_elite5_tour3,200,500,0.0300,5,3,6,5,6,True,0.1637,5,5,1000,15899.00,4748.40,-0.0510
pop200_gen500_mut0.03_elite5_tour3,200,500,0.0300,5,3,6,5,7,True,0.0414,1,1,200,15913.20,0.00,0.0000
pop200_gen500_mut0.03_elite5_tour3,200,500,0.0300,5,3,6,5,8,True,0.2246,7,7,1400,15882.40,9311.40,-0.0890
pop200_gen500_mut0.03_elite5_tour3,200,500,0.0300,5,3,6,5,9,True,0.2185,7,7,1400,15892.80,14235.20,-0.0800
pop200_gen500_mut0.03_elite5_tour3,200,500,0.0300,5,3,6,5,10,True,0.1931,6,6,1200,15882.80,9311.80,-0.0760
pop200_gen500_mut0.03_elite5_tour5,200,500,0.0300,5,5,6,5,1,True,0.1621,5,5,1000,15872.80,4748.00,-0.0410
pop200_gen500_mut0.03_elite5_tour5,200,500,0.0300,5,5,6,5,2,True,0.0651,2,2,400,15903.20,4737.20,-0.0160
pop200_gen500_mut0.03_elite5_tour5,200,500,0.0300,5,5,6,5,3,True,0.2536,8,8,1600,15902.80,14385.60,-0.0930
pop200_gen500_mut0.03_elite5_tour5,200,500,0.0300,5,5,6,5,4,True,0.0931,3,3,600,15404.00,13916.80,-0.0460
pop200_gen500_mut0.03_elite5_tour5,200,500,0.0300,5,5,6,5,5,True,0.1268,4,4,800,15874.80,4743.40,-0.0310
pop200_gen500_mut0.03_elite5_tour5,200,500,0.0300,5,5,6,5,6,True,0.1324,4,4,800,15888.20,4784.00,-0.0530
pop200_gen500_mut0.03_elite5_tour5,200,500,0.0300,5,5,6,5,7,True,0.4677,15,15,3000,15906.60,18991.20,-0.0920
pop200_gen500_mut0.03_elite5_tour5,200,500,0.0300,5,5,6,5,8,True,0.5895,18,18,3600,15911.60,23705.20,-0.0760
pop200_gen500_mut0.03_elite5_tour5,200,500,0.0300,5,5,6,5,9,True,0.2903,9,9,1800,15908.60,18820.20,-0.0300
pop200_gen500_mut0.03_elite5_tour5,200,500,0.0300,5,5,6,5,10,True,0.4266,13,13,2600,15903.20,9494.80,-0.0620
pop300_gen500_mut0.03_elite5_tour2,300,500,0.0300,5,2,6,5,1,True,0.4416,7,7,2100,15902.40,14392.20,-0.1030
pop300_gen500_mut0.03_elite5_tour2,300,500,0.0300,5,2,6,5,2,True,0.3128,5,5,1500,15884.40,4743.00,-0.0390
pop300_gen500_mut0.03_elite5_tour2,300,500,0.0300,5,2,6,5,3,True,0.3773,6,6,1800,15898.20,14179.80,-0.0730
pop300_gen500_mut0.03_elite5_tour2,300,500,0.0300,5,2,6,5,4,True,0.4058,6,6,1800,15873.60,4688.40,-0.0580
pop300_gen500_mut0.03_elite5_tour2,300,500,0.0300,5,2,6,5,5,True,0.0670,1,1,300,15869.00,0.00,0.0000
pop300_gen500_mut0.03_elite5_tour2,300,500,0.0300,5,2,6,5,6,True,0.3739,6,6,1800,15877.80,9414.00,-0.0740
pop300_gen500_mut0.03_elite5_tour2,300,500,0.0300,5,2,6,5,7,True,0.8171,13,13,3900,15907.00,14259.00,-0.1330
pop300_gen500_mut0.03_elite5_tour2,300,500,0.0300,5,2,6,5,8,True,0.2542,4,4,1200,15897.80,9392.80,-0.0480
pop300_gen500_mut0.03_elite5_tour2,300,500,0.0300,5,2,6,5,9,True,0.1296,2,2,600,15903.20,4967.40,-0.0140
pop300_gen500_mut0.03_elite5_tour2,300,500,0.0300,5,2,6,5,10,True,0.8097,13,13,3900,15892.40,14318.80,-0.1450
pop300_gen500_mut0.03_elite5_tour3,300,500,0.0300,5,3,6,5,1,True,0.1874,3,3,900,15868.60,9359.80,-0.0300
pop300_gen500_mut0.03_elite5_tour3,300,500,0.0300,5,3,6,5,2,True,0.7604,12,12,3600,15908.20,9748.20,-0.1140
pop300_gen500_mut0.03_elite5_tour3,300,500,0.0300,5,3,6,5,3,True,0.3099,5,5,1500,15893.60,9477.40,-0.0760
pop300_gen500_mut0.03_elite5_tour3,300,500,0.0300,5,3,6,5,4,True,0.1244,2,2,600,15878.20,4726.40,-0.0170
pop300_gen500_mut0.03_elite5_tour3,300,500,0.0300,5,3,6,5,5,True,0.1236,2,2,600,15887.40,4722.40,-0.0160
pop300_gen500_mut0.03_elite5_tour3,300,500,0.0300,5,3,6,5,6,True,0.2525,4,4,1200,15873.20,4688.40,-0.0400
pop300_gen500_mut0.03_elite5_tour3,300,500,0.0300,5,3,6,5,7,True,0.4471,7,7,2100,15902.80,14105.80,-0.0800
pop300_gen500_mut0.03_elite5_tour3,300,500,0.0300,5,3,6,5,8,True,0.1306,2,2,600,15897.40,4683.40,-0.0180
pop300_gen500_mut0.03_elite5_tour3,300,500,0.0300,5,3,6,5,9,True,0.2550,4,4,1200,15884.40,13991.20,-0.0580
pop300_gen500_mut0.03_elite5_tour3,300,500,0.0300,5,3,6,5,10,True,0.3676,6,6,1800,15906.60,19031.80,-0.0880
pop300_gen500_mut0.03_elite5_tour5,300,500,0.0300,5,5,6,5,1,True,0.0642,1,1,300,15862.80,0.00,0.0000
pop300_gen500_mut0.03_elite5_tour5,300,500,0.0300,5,5,6,5,2,True,0.1243,2,2,600,15887.80,9436.40,-0.0160
pop300_gen500_mut0.03_elite5_tour5,300,500,0.0300,5,5,6,5,3,True,0.1901,3,3,900,15882.40,9349.80,-0.0380
pop300_gen500_mut0.03_elite5_tour5,300,500,0.0300,5,5,6,5,4,True,0.4353,7,7,2100,15906.60,9670.80,-0.1230
pop300_gen500_mut0.03_elite5_tour5,300,500,0.0300,5,5,6,5,5,True,0.4403,7,7,2100,15408.60,18595.80,-0.1020
pop300_gen500_mut0.03_elite5_tour5,300,500,0.0300,5,5,6,5,6,True,0.2463,4,4,1200,15396.40,4357.20,-0.0670
pop300_gen500_mut0.03_elite5_tour5,300,500,0.0300,5,5,6,5,7,True,0.1246,2,2,600,15873.20,4734.40,-0.0140
pop300_gen500_mut0.03_elite5_tour5,300,500,0.0300,5,5,6,5,8,True,0.1845,3,3,900,15878.60,9399.80,-0.0420
pop300_gen500_mut0.03_elite5_tour5,300,500,0.0300,5,5,6,5,9,True,0.3178,5,5,1500,15902.40,9524.60,-0.0720
pop300_gen500_mut0.03_elite5_tour5,300,500,0.0300,5,5,6,5,10,True,0.3093,5,5,1500,15901.60,9583.80,-0.1090
pop100_gen500_mut0.05_elite5_tour2,100,500,0.0500,5,2,6,5,1,True,0.0882,8,8,800,15921.20,9605.40,-0.1000
pop100_gen500_mut0.05_elite5_tour2,100,500,0.0500,5,2,6,5,2,True,0.0576,5,5,500,15883.60,4748.40,-0.0670
pop100_gen500_mut0.05_elite5_tour2,100,500,0.0500,5,2,6,5,3,True,0.0247,2,2,200,15899.00,4784.40,-0.0230
pop100_gen500_mut0.05_elite5_tour2,100,500,0.0500,5,2,6,5,4,True,0.0483,4,4,400,15394.80,8916.40,-0.0570
pop100_gen500_mut0.05_elite5_tour2,100,500,0.0500,5,2,6,5,5,True,0.0916,8,8,800,15903.60,4818.00,-0.1100
pop100_gen500_mut0.05_elite5_tour2,100,500,0.0500,5,2,6,5,6,True,0.1019,9,9,900,15887.80,14146.20,-0.1130
pop100_gen500_mut0.05_elite5_tour2,100,500,0.0500,5,2,6,5,7,True,0.3163,29,29,2900,15906.20,23584.60,-0.1760
pop100_gen500_mut0.05_elite5_tour2,100,500,0.0500,5,2,6,5,8,True,0.1937,17,17,1700,15886.60,9584.60,-0.1300
pop100_gen500_mut0.05_elite5_tour2,100,500,0.0500,5,2,6,5,9,True,0.1117,10,10,1000,15887.80,9316.80,-0.1040
pop100_gen500_mut0.05_elite5_tour2,100,500,0.0500,5,2,6,5,10,True,0.0564,5,5,500,15893.60,4748.00,-0.0580
pop100_gen500_mut0.05_elite5_tour3,100,500,0.0500,5,3,6,5,1,True,0.0793,7,7,700,15897.80,4812.20,-0.1060
pop100_gen500_mut0.05_elite5_tour3,100,500,0.0500,5,3,6,5,2,True,0.1656,15,15,1500,15881.60,9569.60,-0.1560
pop100_gen500_mut0.05_elite5_tour3,100,500,0.0500,5,3,6,5,3,True,0.0772,7,7,700,15902.00,14348.80,-0.0790
pop100_gen500_mut0.05_elite5_tour3,100,500,0.0500,5,3,6,5,4,True,0.0452,4,4,400,15873.20,4688.40,-0.0580
pop100_gen500_mut0.05_elite5_tour3,100,500,0.0500,5,3,6,5,5,True,0.0823,7,7,700,15892.80,9468.20,-0.0950
pop100_gen500_mut0.05_elite5_tour3,100,500,0.0500,5,3,6,5,6,True,0.0450,4,4,400,15883.60,4748.40,-0.0570
pop100_gen500_mut0.05_elite5_tour3,100,500,0.0500,5,3,6,5,7,True,0.0558,5,5,500,15888.60,9361.80,-0.0830
pop100_gen500_mut0.05_elite5_tour3,100,500,0.0500,5,3,6,5,8,True,0.0318,3,3,300,15893.20,9443.80,-0.0500
pop100_gen500_mut0.05_elite5_tour3,100,500,0.0500,5,3,6,5,9,True,0.0461,4,4,400,15396.00,8863.40,-0.0810
pop100_gen500_mut0.05_elite5_tour3,100,500,0.0500,5,3,6,5,10,True,0.0572,5,5,500,15884.40,4743.00,-0.0650
pop100_gen500_mut0.05_elite5_tour5,100,500,0.0500,5,5,6,5,1,True,0.0233,2,2,200,15893.60,4741.40,-0.0160
pop100_gen500_mut0.05_elite5_tour5,100,500,0.0500,5,5,6,5,2,True,0.0324,3,3,300,15887.80,9419.80,-0.0770
pop100_gen500_mut0.05_elite5_tour5,100,500,0.0500,5,5,6,5,3,True,0.1425,13,13,1300,15892.40,14323.80,-0.0840
pop100_gen500_mut0.05_elite5_tour5,100,500,0.0500,5,5,6,5,4,True,0.0805,7,7,700,15878.60,14096.20,-0.0890
pop100_gen500_mut0.05_elite5_tour5,100,500,0.0500,5,5,6,5,5,True,0.0453,4,4,400,15877.40,9474.00,-0.0610
pop100_gen500_mut0.05_elite5_tour5,100,500,0.0500,5,5,6,5,6,True,0.0341,3,3,300,15892.00,4748.00,-0.0570
pop100_gen500_mut0.05_elite5_tour5,100,500,0.0500,5,5,6,5,7,True,0.0777,7,7,700,15906.20,18923.60,-0.0740
pop100_gen500_mut0.05_elite5_tour5,100,500,0.0500,5,5,6,5,8,True,0.0348,3,3,300,15869.00,9301.80,-0.0400
pop100_gen500_mut0.05_elite5_tour5,100,500,0.0500,5,5,6,5,9,True,0.0339,3,3,300,15863.20,9341.80,-0.0430
pop100_gen500_mut0.05_elite5_tour5,100,500,0.0500,5,5,6,5,10,True,0.0907,8,8,800,15892.80,9544.00,-0.0810
pop200_gen500_mut0.05_elite5_tour2,200,500,0.0500,5,2,6,5,1,True,0.1611,5,5,1000,15907.00,14330.60,-0.0940
pop200_gen500_mut0.05_elite5_tour2,200,500,0.0500,5,2,6,5,2,True,0.1279,4,4,800,15878.20,4748.00,-0.0610
pop200_gen500_mut0.05_elite5_tour2,200,500,0.0500,5,2,6,5,3,True,0.0639,2,2,400,15863.60,4678.40,-0.0210
pop200_gen500_mut0.05_elite5_tour2,200,500,0.0500,5,2,6,5,4,True,0.2523,8,8,1600,15901.60,18907.60,-0.1490
pop200_gen500_mut0.05_elite5_tour2,200,500,0.0500,5,2,6,5,5,True,0.2569,8,8,1600,15394.80,13594.00,-0.1230
pop200_gen500_mut0.05_elite5_tour2,200,500,0.0500,5,2,6,5,6,True,0.1299,4,4,800,15887.40,9366.80,-0.0640
pop200_gen500_mut0.05_elite5_tour2,200,500,0.0500,5,2,6,5,7,True,0.1917,6,6,1200,15893.20,14136.20,-0.1260
pop200_gen500_mut0.05_elite5_tour2,200,500,0.0500,5,2,6,5,8,True,0.2236,7,7,1400,15902.80,4846.60,-0.1020
pop200_gen500_mut0.05_elite5_tour2,200,500,0.0500,5,2,6,5,9,True,0.2547,8,8,1600,15906.20,23577.00,-0.1770
pop200_gen500_mut0.05_elite5_tour2,200,500,0.0500,5,2,6,5,10,True,0.4214,13,13,2600,15902.40,9537.80,-0.1200
pop200_gen500_mut0.05_elite5_tour3,200,500,0.0500,5,3,6,5,1,True,0.1945,6,6,1200,15894.40,9468.60,-0.0760
pop200_gen500_mut0.05_elite5_tour3,200,500,0.0500,5,3,6,5,2,True,0.0945,3,3,600,15414.40,4307.60,-0.0350
pop200_gen500_mut0.05_elite5_tour3,200,500,0.0500,5,3,6,5,3,True,0.1909,6,6,1200,15893.60,14192.60,-0.1260
pop200_gen500_mut0.05_elite5_tour3,200,500,0.0500,5,3,6,5,4,True,0.0359,1,1,200,15879.40,0.00,0.0000
pop200_gen500_mut0.05_elite5_tour3,200,500,0.0500,5,3,6,5,5,True,0.2863,9,9,1800,15903.20,9667.40,-0.1370
pop200_gen500_mut0.05_elite5_tour3,200,500,0.0500,5,3,6,5,6,True,0.1610,5,5,1000,15404.80,8979.00,-0.1000
pop200_gen500_mut0.05_elite5_tour3,200,500,0.0500,5,3,6,5,7,True,0.2263,7,7,1400,15902.80,9506.40,-0.0990
pop200_gen500_mut0.05_elite5_tour3,200,500,0.0500,5,3,6,5,8,True,0.3967,12,12,2400,15404.80,13748.40,-0.1570
pop200_gen500_mut0.05_elite5_tour3,200,500,0.0500,5,3,6,5,9,True,0.0973,3,3,600,15881.60,9349.00,-0.0610
pop200_gen500_mut0.05_elite5_tour3,200,500,0.0500,5,3,6,5,10,True,0.0981,3,3,600,15379.80,4195.00,-0.0430
pop200_gen500_mut0.05_elite5_tour5,200,500,0.0500,5,5,6,5,1,True,0.1303,4,4,800,15877.80,9306.80,-0.0890
pop200_gen500_mut0.05_elite5_tour5,200,500,0.0500,5,5,6,5,2,True,0.2945,9,9,1800,15902.80,9553.20,-0.0990
pop200_gen500_mut0.05_elite5_tour5,200,500,0.0500,5,5,6,5,3,True,0.1322,4,4,800,15880.20,9303.00,-0.0650
pop200_gen500_mut0.05_elite5_tour5,200,500,0.0500,5,5,6,5,4,True,0.1003,3,3,600,15882.80,9350.20,-0.0520
pop200_gen500_mut0.05_elite5_tour5,200,500,0.0500,5,5,6,5,5,True,0.0977,3,3,600,15873.20,4688.40,-0.0470
pop200_gen500_mut0.05_elite5_tour5,200,500,0.0500,5,5,6,5,6,True,0.3247,10,10,2000,15892.40,9599.00,-0.1140
pop200_gen500_mut0.05_elite5_tour5,200,500,0.0500,5,5,6,5,7,True,0.0973,3,3,600,15873.20,4688.40,-0.0430
pop200_gen500_mut0.05_elite5_tour5,200,500,0.0500,5,5,6,5,8,True,0.4507,14,14,2800,15916.20,19186.60,-0.0950
pop200_gen500_mut0.05_elite5_tour5,200,500,0.0500,5,5,6,5,9,True,0.1613,5,5,1000,15897.40,14344.20,-0.0910
pop200_gen500_mut0.05_elite5_tour5,200,500,0.0500,5,5,6,5,10,True,0.1302,4,4,800,15883.60,9373.40,-0.0740
pop300_gen500_mut0.05_elite5_tour2,300,500,0.0500,5,2,6,5,1,True,0.2604,4,4,1200,15873.20,4688.40,-0.0560
pop300_gen500_mut0.05_elite5_tour2,300,500,0.0500,5,2,6,5,2,True,1.2873,20,20,6000,15902.40,14338.80,-0.1420
pop300_gen500_mut0.05_elite5_tour2,300,500,0.0500,5,2,6,5,3,True,0.1274,2,2,600,15878.60,4688.40,-0.0270
pop300_gen500_mut0.05_elite5_tour2,300,500,0.0500,5,2,6,5,4,True,0.2478,4,4,1200,15883.60,9512.20,-0.0770
pop300_gen500_mut0.05_elite5_tour2,300,500,0.0500,5,2,6,5,5,True,0.1265,2,2,600,15374.00,8828.40,-0.0320
pop300_gen500_mut0.05_elite5_tour2,300,500,0.0500,5,2,6,5,6,True,0.7688,12,12,3600,15897.80,9609.40,-0.1530
pop300_gen500_mut0.05_elite5_tour2,300,500,0.0500,5,2,6,5,7,True,0.2532,4,4,1200,15873.20,4688.40,-0.0530
pop300_gen500_mut0.05_elite5_tour2,300,500,0.0500,5,2,6,5,8,True,0.2539,4,4,1200,15882.40,4806.00,-0.0600
pop300_gen500_mut0.05_elite5_tour2,300,500,0.0500,5,2,6,5,9,True,0.3181,5,5,1500,15878.60,9307.60,-0.0870
pop300_gen500_mut0.05_elite5_tour2,300,500,0.0500,5,2,6,5,10,True,0.8226,13,13,3900,15901.60,14234.40,-0.1230
pop300_gen500_mut0.05_elite5_tour3,300,500,0.0500,5,3,6,5,1,True,0.7696,12,12,3600,15908.20,9557.20,-0.0970
pop300_gen500_mut0.05_elite5_tour3,300,500,0.0500,5,3,6,5,2,True,0.1888,3,3,900,15882.40,9394.80,-0.0540
pop300_gen500_mut0.05_elite5_tour3,300,500,0.0500,5,3,6,5,3,True,0.1226,2,2,600,15872.40,4796.00,-0.0270
pop300_gen500_mut0.05_elite5_tour3,300,500,0.0500,5,3,6,5,4,True,0.1893,3,3,900,15873.20,4688.40,-0.0450
pop300_gen500_mut0.05_elite5_tour3,300,500,0.0500,5,3,6,5,5,True,0.3832,6,6,1800,15877.40,9337.40,-0.1020
pop300_gen500_mut0.05_elite5_tour3,300,500,0.0500,5,3,6,5,6,True,0.1305,2,2,600,15872.80,4688.40,-0.0280
pop300_gen500_mut0.05_elite5_tour3,300,500,0.0500,5,3,6,5,7,True,0.3850,6,6,1800,15884.80,9369.80,-0.1070
pop300_gen500_mut0.05_elite5_tour3,300,500,0.0500,5,3,6,5,8,True,0.4399,7,7,2100,15883.60,14148.20,-0.1250
pop300_gen500_mut0.05_elite5_tour3,300,500,0.0500,5,3,6,5,9,True,0.1238,2,2,600,15877.40,4688.80,-0.0330
pop300_gen500_mut0.05_elite5_tour3,300,500,0.0500,5,3,6,5,10,True,0.6475,10,10,3000,15897.80,14276.60,-0.1750
pop300_gen500_mut0.05_elite5_tour5,300,500,0.0500,5,5,6,5,1,True,0.1228,2,2,600,15882.00,9427.20,-0.0350
pop300_gen500_mut0.05_elite5_tour5,300,500,0.0500,5,5,6,5,2,True,0.2435,4,4,1200,15913.20,4979.00,-0.0720
pop300_gen500_mut0.05_elite5_tour5,300,500,0.0500,5,5,6,5,3,True,0.2466,4,4,1200,15389.00,13540.20,-0.1040
pop300_gen500_mut0.05_elite5_tour5,300,500,0.0500,5,5,6,5,4,True,0.1973,3,3,900,15873.20,4688.40,-0.0470
pop300_gen500_mut0.05_elite5_tour5,300,500,0.0500,5,5,6,5,5,True,0.3166,5,5,1500,15897.40,14179.00,-0.0790
pop300_gen500_mut0.05_elite5_tour5,300,500,0.0500,5,5,6,5,6,True,0.1904,3,3,900,15893.60,4743.00,-0.0360
pop300_gen500_mut0.05_elite5_tour5,300,500,0.0500,5,5,6,5,7,True,0.4443,7,7,2100,15892.40,18837.60,-0.0980
pop300_gen500_mut0.05_elite5_tour5,300,500,0.0500,5,5,6,5,8,True,0.1251,2,2,600,15882.40,4683.80,-0.0300
pop300_gen500_mut0.05_elite5_tour5,300,500,0.0500,5,5,6,5,9,True,0.2554,4,4,1200,15873.20,4688.40,-0.0700
pop300_gen500_mut0.05_elite5_tour5,300,500,0.0500,5,5,6,5,10,True,0.3676,5,5,1500,15893.20,9459.80,-0.0830
pop100_gen1000_mut0.01_elite5_tour2,100,1000,0.0100,5,2,6,5,1,True,0.0654,5,5,500,15887.80,9450.80,-0.0280
pop100_gen1000_mut0.01_elite5_tour2,100,1000,0.0100,5,2,6,5,2,True,0.0898,8,8,800,15903.20,9581.80,-0.0510
pop100_gen1000_mut0.01_elite5_tour2,100,1000,0.0100,5,2,6,5,3,True,0.0958,9,9,900,15888.20,14237.60,-0.0660
pop100_gen1000_mut0.01_elite5_tour2,100,1000,0.0100,5,2,6,5,4,True,0.2525,23,23,2300,15903.20,14241.20,-0.0290
pop100_gen1000_mut0.01_elite5_tour2,100,1000,0.0100,5,2,6,5,5,True,0.0864,8,8,800,15874.00,4688.80,-0.0430
pop100_gen1000_mut0.01_elite5_tour2,100,1000,0.0100,5,2,6,5,6,True,0.1762,16,16,1600,15902.40,9589.60,-0.0800
pop100_gen1000_mut0.01_elite5_tour2,100,1000,0.0100,5,2,6,5,7,True,0.0549,5,5,500,15872.80,4688.40,-0.0350
pop100_gen1000_mut0.01_elite5_tour2,100,1000,0.0100,5,2,6,5,8,True,0.1685,15,15,1500,15897.40,4873.00,-0.0610
pop100_gen1000_mut0.01_elite5_tour2,100,1000,0.0100,5,2,6,5,9,True,0.2657,23,23,2300,15887.40,9519.60,-0.0530
pop100_gen1000_mut0.01_elite5_tour2,100,1000,0.0100,5,2,6,5,10,True,0.0655,6,6,600,15873.60,4688.80,-0.0490
pop100_gen1000_mut0.01_elite5_tour3,100,1000,0.0100,5,3,6,5,1,True,0.0555,5,5,500,15872.80,4688.40,-0.0250
pop100_gen1000_mut0.01_elite5_tour3,100,1000,0.0100,5,3,6,5,2,True,0.1096,10,10,1000,15888.20,9429.00,-0.0530
pop100_gen1000_mut0.01_elite5_tour3,100,1000,0.0100,5,3,6,5,3,True,0.0118,1,1,100,15870.20,0.00,0.0000
pop100_gen1000_mut0.01_elite5_tour3,100,1000,0.0100,5,3,6,5,4,True,0.0446,4,4,400,15892.40,4658.40,-0.0180
pop100_gen1000_mut0.01_elite5_tour3,100,1000,0.0100,5,3,6,5,5,True,0.2312,21,21,2100,15906.60,9733.20,-0.0340
pop100_gen1000_mut0.01_elite5_tour3,100,1000,0.0100,5,3,6,5,6,True,0.0621,6,6,600,15869.00,14035.80,-0.0270
pop100_gen1000_mut0.01_elite5_tour3,100,1000,0.0100,5,3,6,5,7,True,0.0132,1,1,100,15907.40,0.00,0.0000
pop100_gen1000_mut0.01_elite5_tour3,100,1000,0.0100,5,3,6,5,8,True,0.1337,13,13,1300,15887.40,9535.80,-0.0470
pop100_gen1000_mut0.01_elite5_tour3,100,1000,0.0100,5,3,6,5,9,True,0.2126,20,20,2000,15902.00,18965.20,-0.0300
pop100_gen1000_mut0.01_elite5_tour3,100,1000,0.0100,5,3,6,5,10,False,2.6524,231,,23200,11079.40,14110.00,-0.0030
pop100_gen1000_mut0.01_elite5_tour5,100,1000,0.0100,5,5,6,5,1,True,0.2652,23,23,2300,15384.80,8938.80,-0.0660
pop100_gen1000_mut0.01_elite5_tour5,100,1000,0.0100,5,5,6,5,2,True,0.2409,23,23,2300,15906.20,9784.20,-0.0270
pop100_gen1000_mut0.01_elite5_tour5,100,1000,0.0100,5,5,6,5,3,True,0.0651,6,6,600,15869.00,9342.80,-0.0280
pop100_gen1000_mut0.01_elite5_tour5,100,1000,0.0100,5,5,6,5,4,True,0.0700,6,6,600,15884.40,4748.00,-0.0170
pop100_gen1000_mut0.01_elite5_tour5,100,1000,0.0100,5,5,6,5,5,True,0.1117,10,10,1000,15912.00,9724.20,-0.0480
pop100_gen1000_mut0.01_elite5_tour5,100,1000,0.0100,5,5,6,5,6,True,0.0635,5,5,500,15869.00,9301.80,-0.0400
pop100_gen1000_mut0.01_elite5_tour5,100,1000,0.0100,5,5,6,5,7,True,0.1298,11,11,1100,15893.60,9441.20,-0.0050
pop100_gen1000_mut0.01_elite5_tour5,100,1000,0.0100,5,5,6,5,8,True,0.1377,12,12,1200,15907.00,14438.00,-0.0530
pop100_gen1000_mut0.01_elite5_tour5,100,1000,0.0100,5,5,6,5,9,True,0.0923,8,8,800,15892.80,14233.60,-0.0550
pop100_gen1000_mut0.01_elite5_tour5,100,1000,0.0100,5,5,6,5,10,True,0.1715,15,15,1500,15893.60,9638.80,-0.0280
pop200_gen1000_mut0.01_elite5_tour2,200,1000,0.0100,5,2,6,5,1,True,0.6293,20,20,4000,15419.40,13754.60,-0.0860
pop200_gen1000_mut0.01_elite5_tour2,200,1000,0.0100,5,2,6,5,2,True,0.5803,17,17,3400,15892.00,14244.80,-0.1180
pop200_gen1000_mut0.01_elite5_tour2,200,1000,0.0100,5,2,6,5,3,True,0.0406,1,1,200,15874.00,0.00,0.0000
pop200_gen1000_mut0.01_elite5_tour2,200,1000,0.0100,5,2,6,5,4,True,0.1154,3,3,600,15868.60,4683.40,-0.0080
pop200_gen1000_mut0.01_elite5_tour2,200,1000,0.0100,5,2,6,5,5,True,0.1885,5,5,1000,15873.20,4688.40,-0.0310
pop200_gen1000_mut0.01_elite5_tour2,200,1000,0.0100,5,2,6,5,6,True,0.1428,4,4,800,15912.80,9641.80,-0.0170
pop200_gen1000_mut0.01_elite5_tour2,200,1000,0.0100,5,2,6,5,7,True,0.3205,10,10,2000,15892.00,14111.40,-0.0650
pop200_gen1000_mut0.01_elite5_tour2,200,1000,0.0100,5,2,6,5,8,True,0.4696,15,15,3000,15906.20,19064.80,-0.0760
pop200_gen1000_mut0.01_elite5_tour2,200,1000,0.0100,5,2,6,5,9,True,0.3201,10,10,2000,15896.60,14253.20,-0.0910
pop200_gen1000_mut0.01_elite5_tour2,200,1000,0.0100,5,2,6,5,10,True,0.5892,17,17,3400,15894.00,14091.20,-0.0560
pop200_gen1000_mut0.01_elite5_tour3,200,1000,0.0100,5,3,6,5,1,True,0.4771,14,14,2800,15405.20,18307.80,-0.0960
pop200_gen1000_mut0.01_elite5_tour3,200,1000,0.0100,5,3,6,5,2,True,0.8642,26,26,5200,15916.60,14410.80,-0.0460
pop200_gen1000_mut0.01_elite5_tour3,200,1000,0.0100,5,3,6,5,3,True,0.0827,2,2,400,15854.00,4683.40,-0.0050
pop200_gen1000_mut0.01_elite5_tour3,200,1000,0.0100,5,3,6,5,4,True,0.6900,16,16,3200,15906.60,23701.00,-0.0910
pop200_gen1000_mut0.01_elite5_tour3,200,1000,0.0100,5,3,6,5,5,True,0.4164,11,11,2200,15894.40,9420.60,-0.0140
pop200_gen1000_mut0.01_elite5_tour3,200,1000,0.0100,5,3,6,5,6,True,0.1590,5,5,1000,15899.00,4784.40,-0.0240
pop200_gen1000_mut0.01_elite5_tour3,200,1000,0.0100,5,3,6,5,7,True,0.2553,8,8,1600,15903.20,14155.00,-0.0310
pop200_gen1000_mut0.01_elite5_tour3,200,1000,0.0100,5,3,6,5,8,True,0.4015,10,10,2000,15884.00,14043.60,-0.0640
pop200_gen1000_mut0.01_elite5_tour3,200,1000,0.0100,5,3,6,5,9,True,0.2875,8,8,1600,15893.20,14091.60,-0.0660
pop200_gen1000_mut0.01_elite5_tour3,200,1000,0.0100,5,3,6,5,10,True,0.2484,8,8,1600,15897.00,9662.40,-0.0720
pop200_gen1000_mut0.01_elite5_tour5,200,1000,0.0100,5,5,6,5,1,True,0.4494,13,13,2600,15902.40,19003.60,-0.0230
pop200_gen1000_mut0.01_elite5_tour5,200,1000,0.0100,5,5,6,5,2,True,0.2701,8,8,1600,15901.60,9628.60,-0.0460
pop200_gen1000_mut0.01_elite5_tour5,200,1000,0.0100,5,5,6,5,3,True,0.2924,8,8,1600,15882.40,9311.40,-0.0510
pop200_gen1000_mut0.01_elite5_tour5,200,1000,0.0100,5,5,6,5,4,True,0.2067,6,6,1200,15882.40,4794.00,-0.0860
pop200_gen1000_mut0.01_elite5_tour5,200,1000,0.0100,5,5,6,5,5,True,0.2984,9,9,1800,15893.20,9316.40,-0.0440
pop200_gen1000_mut0.01_elite5_tour5,200,1000,0.0100,5,5,6,5,6,True,1.1086,31,31,6200,15903.20,4933.40,-0.0160
pop200_gen1000_mut0.01_elite5_tour5,200,1000,0.0100,5,5,6,5,7,True,0.8416,23,23,4600,15891.60,9651.60,-0.0500
pop200_gen1000_mut0.01_elite5_tour5,200,1000,0.0100,5,5,6,5,8,True,0.2563,8,8,1600,15878.20,9444.80,-0.0310
pop200_gen1000_mut0.01_elite5_tour5,200,1000,0.0100,5,5,6,5,9,True,0.2254,7,7,1400,15877.80,9306.80,-0.0470
pop200_gen1000_mut0.01_elite5_tour5,200,1000,0.0100,5,5,6,5,10,True,0.1616,5,5,1000,15903.60,4688.40,-0.0370
pop300_gen1000_mut0.01_elite5_tour2,300,1000,0.0100,5,2,6,5,1,True,0.6728,11,11,3300,15912.00,14443.00,-0.1020
pop300_gen1000_mut0.01_elite5_tour2,300,1000,0.0100,5,2,6,5,2,True,2.0798,31,31,9300,15907.00,9722.80,-0.0240
pop300_gen1000_mut0.01_elite5_tour2,300,1000,0.0100,5,2,6,5,3,True,0.6319,10,10,3000,15877.40,4740.60,-0.0870
pop300_gen1000_mut0.01_elite5_tour2,300,1000,0.0100,5,2,6,5,4,True,0.8800,14,14,4200,15879.00,9365.20,-0.0530
pop300_gen1000_mut0.01_elite5_tour2,300,1000,0.0100,5,2,6,5,5,True,0.8190,13,13,3900,15902.80,9506.40,-0.0630
pop300_gen1000_mut0.01_elite5_tour2,300,1000,0.0100,5,2,6,5,6,True,0.1267,2,2,600,15889.00,4673.40,-0.0030
pop300_gen1000_mut0.01_elite5_tour2,300,1000,0.0100,5,2,6,5,7,True,0.2976,5,5,1500,15878.20,9448.80,-0.0320
pop300_gen1000_mut0.01_elite5_tour2,300,1000,0.0100,5,2,6,5,8,True,0.1231,2,2,600,15854.00,4683.40,-0.0030
pop300_gen1000_mut0.01_elite5_tour2,300,1000,0.0100,5,2,6,5,9,True,0.3049,5,5,1500,15877.80,9359.40,-0.0310
pop300_gen1000_mut0.01_elite5_tour2,300,1000,0.0100,5,2,6,5,10,True,0.1256,2,2,600,15385.60,4276.00,-0.0080
pop300_gen1000_mut0.01_elite5_tour3,300,1000,0.0100,5,3,6,5,1,True,0.3139,5,5,1500,15877.80,9306.80,-0.0340
pop300_gen1000_mut0.01_elite5_tour3,300,1000,0.0100,5,3,6,5,2,True,0.2502,4,4,1200,15887.00,9432.20,-0.0400
pop300_gen1000_mut0.01_elite5_tour3,300,1000,0.0100,5,3,6,5,3,True,0.2543,4,4,1200,15882.40,9399.80,-0.0220
pop300_gen1000_mut0.01_elite5_tour3,300,1000,0.0100,5,3,6,5,4,True,0.1239,2,2,600,15877.40,4736.40,-0.0060
pop300_gen1000_mut0.01_elite5_tour3,300,1000,0.0100,5,3,6,5,5,True,0.8777,14,14,4200,15907.80,9840.00,-0.0330
pop300_gen1000_mut0.01_elite5_tour3,300,1000,0.0100,5,3,6,5,6,True,0.5521,9,9,2700,15902.80,14242.80,-0.0300
pop300_gen1000_mut0.01_elite5_tour3,300,1000,0.0100,5,3,6,5,7,True,0.1245,2,2,600,15854.80,4683.40,-0.0030
pop300_gen1000_mut0.01_elite5_tour3,300,1000,0.0100,5,3,6,5,8,True,0.3088,5,5,1500,15877.80,9378.40,-0.0460
pop300_gen1000_mut0.01_elite5_tour3,300,1000,0.0100,5,3,6,5,9,True,0.8953,14,14,4200,15892.80,9535.60,-0.0890
pop300_gen1000_mut0.01_elite5_tour3,300,1000,0.0100,5,3,6,5,10,True,0.5211,8,8,2400,15400.60,8974.80,-0.0450
pop300_gen1000_mut0.01_elite5_tour5,300,1000,0.0100,5,5,6,5,1,True,0.9725,15,15,4500,15906.20,23584.60,-0.0590
pop300_gen1000_mut0.01_elite5_tour5,300,1000,0.0100,5,5,6,5,2,True,0.8926,14,14,4200,15897.80,14240.60,-0.0610
pop300_gen1000_mut0.01_elite5_tour5,300,1000,0.0100,5,5,6,5,3,True,1.0901,17,17,5100,15913.20,14345.80,-0.0490
pop300_gen1000_mut0.01_elite5_tour5,300,1000,0.0100,5,5,6,5,4,True,0.5808,9,9,2700,15893.60,9525.80,-0.0780
pop300_gen1000_mut0.01_elite5_tour5,300,1000,0.0100,5,5,6,5,5,True,1.0571,17,17,5100,15902.00,14447.60,-0.0360
pop300_gen1000_mut0.01_elite5_tour5,300,1000,0.0100,5,5,6,5,6,True,0.2511,4,4,1200,15873.20,4688.40,-0.0360
pop300_gen1000_mut0.01_elite5_tour5,300,1000,0.0100,5,5,6,5,7,True,0.5697,9,9,2700,15405.60,18310.20,-0.0970
pop300_gen1000_mut0.01_elite5_tour5,300,1000,0.0100,5,5,6,5,8,True,0.2536,4,4,1200,15863.60,4688.80,-0.0380
pop300_gen1000_mut0.01_elite5_tour5,300,1000,0.0100,5,5,6,5,9,True,0.7516,12,12,3600,15911.60,19043.80,-0.0560
pop300_gen1000_mut0.01_elite5_tour5,300,1000,0.0100,5,5,6,5,10,True,0.8244,13,13,3900,15889.00,9549.40,-0.0460
pop100_gen1000_mut0.03_elite5_tour2,100,1000,0.0300,5,2,6,5,1,True,0.3449,31,31,3100,15902.40,19051.00,-0.0690
pop100_gen1000_mut0.03_elite5_tour2,100,1000,0.0300,5,2,6,5,2,True,0.0119,1,1,100,15873.60,0.00,0.0000
pop100_gen1000_mut0.03_elite5_tour2,100,1000,0.0300,5,2,6,5,3,True,0.0430,4,4,400,15872.00,9341.80,-0.0330
pop100_gen1000_mut0.03_elite5_tour2,100,1000,0.0300,5,2,6,5,4,True,0.0560,5,5,500,15873.60,4743.80,-0.0630
pop100_gen1000_mut0.03_elite5_tour2,100,1000,0.0300,5,2,6,5,5,True,0.0548,5,5,500,15869.00,9301.80,-0.0570
pop100_gen1000_mut0.03_elite5_tour2,100,1000,0.0300,5,2,6,5,6,True,0.0570,5,5,500,15893.60,4743.00,-0.0430
pop100_gen1000_mut0.03_elite5_tour2,100,1000,0.0300,5,2,6,5,7,True,0.0780,7,7,700,15902.40,14087.80,-0.0820
pop100_gen1000_mut0.03_elite5_tour2,100,1000,0.0300,5,2,6,5,8,True,0.0333,3,3,300,15869.00,9301.80,-0.0270
pop100_gen1000_mut0.03_elite5_tour2,100,1000,0.0300,5,2,6,5,9,True,0.1463,13,13,1300,15893.60,9456.40,-0.0450
pop100_gen1000_mut0.03_elite5_tour2,100,1000,0.0300,5,2,6,5,10,True,0.1456,13,13,1300,15912.40,4798.60,-0.0830
pop100_gen1000_mut0.03_elite5_tour3,100,1000,0.0300,5,3,6,5,1,True,0.0335,3,3,300,15887.80,4736.40,-0.0310
pop100_gen1000_mut0.03_elite5_tour3,100,1000,0.0300,5,3,6,5,2,True,0.0462,4,4,400,15888.20,9367.60,-0.0650
pop100_gen1000_mut0.03_elite5_tour3,100,1000,0.0300,5,3,6,5,3,True,0.0120,1,1,100,15874.40,0.00,0.0000
pop100_gen1000_mut0.03_elite5_tour3,100,1000,0.0300,5,3,6,5,4,True,0.0747,7,7,700,15892.40,9451.80,-0.0820
pop100_gen1000_mut0.03_elite5_tour3,100,1000,0.0300,5,3,6,5,5,True,0.0560,5,5,500,15894.00,9468.20,-0.0580
pop100_gen1000_mut0.03_elite5_tour3,100,1000,0.0300,5,3,6,5,6,True,0.1467,13,13,1300,15879.00,9365.20,-0.0730
pop100_gen1000_mut0.03_elite5_tour3,100,1000,0.0300,5,3,6,5,7,True,0.1931,17,17,1700,15907.80,14258.00,-0.0680
pop100_gen1000_mut0.03_elite5_tour3,100,1000,0.0300,5,3,6,5,8,True,0.0126,1,1,100,15869.80,0.00,0.0000
pop100_gen1000_mut0.03_elite5_tour3,100,1000,0.0300,5,3,6,5,9,True,0.0343,3,3,300,15873.20,4688.80,-0.0270
pop100_gen1000_mut0.03_elite5_tour3,100,1000,0.0300,5,3,6,5,10,True,0.0661,6,6,600,15410.20,9056.00,-0.0490
pop100_gen1000_mut0.03_elite5_tour5,100,1000,0.0300,5,5,6,5,1,True,0.1023,9,9,900,15893.60,14340.40,-0.0710
pop100_gen1000_mut0.03_elite5_tour5,100,1000,0.0300,5,5,6,5,2,True,0.0718,6,6,600,15889.00,13978.20,-0.0390
pop100_gen1000_mut0.03_elite5_tour5,100,1000,0.0300,5,5,6,5,3,True,0.0230,2,2,200,15902.40,4736.40,-0.0150
pop100_gen1000_mut0.03_elite5_tour5,100,1000,0.0300,5,5,6,5,4,True,0.0562,5,5,500,15897.80,4748.00,-0.0820
pop100_gen1000_mut0.03_elite5_tour5,100,1000,0.0300,5,5,6,5,5,True,0.0794,7,7,700,15884.00,9373.80,-0.0290
pop100_gen1000_mut0.03_elite5_tour5,100,1000,0.0300,5,5,6,5,6,True,0.0556,5,5,500,15873.20,4688.40,-0.0570
pop100_gen1000_mut0.03_elite5_tour5,100,1000,0.0300,5,5,6,5,7,True,0.1224,10,10,1000,15893.20,14102.40,-0.0750
pop100_gen1000_mut0.03_elite5_tour5,100,1000,0.0300,5,5,6,5,8,True,0.0424,4,4,400,15391.40,4354.00,-0.0660
pop100_gen1000_mut0.03_elite5_tour5,100,1000,0.0300,5,5,6,5,9,True,0.0448,4,4,400,15873.60,4688.80,-0.0370
pop100_gen1000_mut0.03_elite5_tour5,100,1000,0.0300,5,5,6,5,10,True,0.1219,11,11,1100,15892.40,9655.20,-0.0600
pop200_gen1000_mut0.03_elite5_tour2,200,1000,0.0300,5,2,6,5,1,True,0.0339,1,1,200,15874.80,0.00,0.0000
pop200_gen1000_mut0.03_elite5_tour2,200,1000,0.0300,5,2,6,5,2,True,0.1843,6,6,1200,15887.40,9462.80,-0.0840
pop200_gen1000_mut0.03_elite5_tour2,200,1000,0.0300,5,2,6,5,3,True,0.0337,1,1,200,15877.80,0.00,0.0000
pop200_gen1000_mut0.03_elite5_tour2,200,1000,0.0300,5,2,6,5,4,True,0.1979,6,6,1200,15881.60,9460.40,-0.0820
pop200_gen1000_mut0.03_elite5_tour2,200,1000,0.0300,5,2,6,5,5,True,0.3514,11,11,2200,15906.60,18912.60,-0.1010
pop200_gen1000_mut0.03_elite5_tour2,200,1000,0.0300,5,2,6,5,6,True,0.1576,5,5,1000,15873.60,4688.80,-0.0460
pop200_gen1000_mut0.03_elite5_tour2,200,1000,0.0300,5,2,6,5,7,True,0.1907,6,6,1200,15858.60,4683.40,-0.0310
pop200_gen1000_mut0.03_elite5_tour2,200,1000,0.0300,5,2,6,5,8,True,0.8292,26,26,5200,15916.20,14393.80,-0.0890
pop200_gen1000_mut0.03_elite5_tour2,200,1000,0.0300,5,2,6,5,9,True,0.3241,10,10,2000,15898.20,14101.20,-0.0660
pop200_gen1000_mut0.03_elite5_tour2,200,1000,0.0300,5,2,6,5,10,True,0.4160,13,13,2600,15878.60,9364.80,-0.0680
pop200_gen1000_mut0.03_elite5_tour3,200,1000,0.0300,5,3,6,5,1,True,0.0913,3,3,600,15877.40,9525.80,-0.0330
pop200_gen1000_mut0.03_elite5_tour3,200,1000,0.0300,5,3,6,5,2,True,0.1597,5,5,1000,15888.60,4749.20,-0.0720
pop200_gen1000_mut0.03_elite5_tour3,200,1000,0.0300,5,3,6,5,3,True,0.0645,2,2,400,15879.40,4683.40,-0.0100
pop200_gen1000_mut0.03_elite5_tour3,200,1000,0.0300,5,3,6,5,4,True,0.1533,5,5,1000,15379.40,13425.40,-0.0750
pop200_gen1000_mut0.03_elite5_tour3,200,1000,0.0300,5,3,6,5,5,True,0.3193,10,10,2000,15891.20,14258.40,-0.1470
pop200_gen1000_mut0.03_elite5_tour3,200,1000,0.0300,5,3,6,5,6,True,0.0631,2,2,400,15888.60,4734.40,-0.0140
pop200_gen1000_mut0.03_elite5_tour3,200,1000,0.0300,5,3,6,5,7,True,0.0628,2,2,400,15375.20,4267.00,-0.0170
pop200_gen1000_mut0.03_elite5_tour3,200,1000,0.0300,5,3,6,5,8,True,0.1316,4,4,800,15892.40,9426.40,-0.0690
pop200_gen1000_mut0.03_elite5_tour3,200,1000,0.0300,5,3,6,5,9,True,0.0652,2,2,400,15863.20,4741.40,-0.0130
pop200_gen1000_mut0.03_elite5_tour3,200,1000,0.0300,5,3,6,5,10,True,0.2511,8,8,1600,15881.20,14117.20,-0.0930
pop200_gen1000_mut0.03_elite5_tour5,200,1000,0.0300,5,5,6,5,1,True,0.1986,6,6,1200,15882.40,9311.40,-0.0880
pop200_gen1000_mut0.03_elite5_tour5,200,1000,0.0300,5,5,6,5,2,True,0.2638,8,8,1600,15906.20,19053.20,-0.1110
pop200_gen1000_mut0.03_elite5_tour5,200,1000,0.0300,5,5,6,5,3,True,0.1592,5,5,1000,15396.00,13553.80,-0.0760
pop200_gen1000_mut0.03_elite5_tour5,200,1000,0.0300,5,5,6,5,4,True,0.1308,4,4,800,15884.00,4738.40,-0.0360
pop200_gen1000_mut0.03_elite5_tour5,200,1000,0.0300,5,5,6,5,5,True,0.1562,5,5,1000,15907.40,9706.80,-0.0410
pop200_gen1000_mut0.03_elite5_tour5,200,1000,0.0300,5,5,6,5,6,True,0.1300,4,4,800,15873.20,4688.40,-0.0460
pop200_gen1000_mut0.03_elite5_tour5,200,1000,0.0300,5,5,6,5,7,True,0.1283,4,4,800,15874.00,9359.80,-0.0460
pop200_gen1000_mut0.03_elite5_tour5,200,1000,0.0300,5,5,6,5,8,True,0.2233,7,7,1400,15897.40,14344.20,-0.0710
pop200_gen1000_mut0.03_elite5_tour5,200,1000,0.0300,5,5,6,5,9,True,0.0987,3,3,600,15872.80,4688.40,-0.0300
pop200_gen1000_mut0.03_elite5_tour5,200,1000,0.0300,5,5,6,5,10,True,0.2639,8,8,1600,15889.00,9448.80,-0.0420
pop300_gen1000_mut0.03_elite5_tour2,300,1000,0.0300,5,2,6,5,1,True,1.1951,19,19,5700,15912.00,9729.00,-0.0970
pop300_gen1000_mut0.03_elite5_tour2,300,1000,0.0300,5,2,6,5,2,True,0.2540,4,4,1200,15872.80,4688.40,-0.0430
pop300_gen1000_mut0.03_elite5_tour2,300,1000,0.0300,5,2,6,5,3,True,0.8853,14,14,4200,15410.60,9061.00,-0.0940
pop300_gen1000_mut0.03_elite5_tour2,300,1000,0.0300,5,2,6,5,4,True,0.4451,7,7,2100,15873.60,9477.80,-0.0890
pop300_gen1000_mut0.03_elite5_tour2,300,1000,0.0300,5,2,6,5,5,True,0.4444,7,7,2100,15897.80,9424.00,-0.0750
pop300_gen1000_mut0.03_elite5_tour2,300,1000,0.0300,5,2,6,5,6,True,0.5746,9,9,2700,15888.60,9448.40,-0.1260
pop300_gen1000_mut0.03_elite5_tour2,300,1000,0.0300,5,2,6,5,7,True,0.3149,5,5,1500,15877.40,4794.00,-0.0610
pop300_gen1000_mut0.03_elite5_tour2,300,1000,0.0300,5,2,6,5,8,True,0.2512,4,4,1200,15872.80,4748.00,-0.0330
pop300_gen1000_mut0.03_elite5_tour2,300,1000,0.0300,5,2,6,5,9,True,0.3748,6,6,1800,15894.00,9468.20,-0.0690
pop300_gen1000_mut0.03_elite5_tour2,300,1000,0.0300,5,2,6,5,10,True,0.7083,11,11,3300,15902.80,19103.20,-0.0960
pop300_gen1000_mut0.03_elite5_tour3,300,1000,0.0300,5,3,6,5,1,True,0.4944,8,8,2400,15906.60,14325.20,-0.1220
pop300_gen1000_mut0.03_elite5_tour3,300,1000,0.0300,5,3,6,5,2,True,0.1212,2,2,600,15897.40,9563.80,-0.0200
pop300_gen1000_mut0.03_elite5_tour3,300,1000,0.0300,5,3,6,5,3,True,0.0645,1,1,300,15870.20,0.00,0.0000
pop300_gen1000_mut0.03_elite5_tour3,300,1000,0.0300,5,3,6,5,4,True,0.7142,11,11,3300,15902.80,9597.40,-0.0960
pop300_gen1000_mut0.03_elite5_tour3,300,1000,0.0300,5,3,6,5,5,True,0.1874,3,3,900,15887.40,9366.80,-0.0360
pop300_gen1000_mut0.03_elite5_tour3,300,1000,0.0300,5,3,6,5,6,True,0.4290,7,7,2100,15902.80,14361.20,-0.1180
pop300_gen1000_mut0.03_elite5_tour3,300,1000,0.0300,5,3,6,5,7,True,0.5580,9,9,2700,15912.00,14271.80,-0.0970
pop300_gen1000_mut0.03_elite5_tour3,300,1000,0.0300,5,3,6,5,8,True,0.2557,4,4,1200,15873.20,4688.40,-0.0430
pop300_gen1000_mut0.03_elite5_tour3,300,1000,0.0300,5,3,6,5,9,True,0.2487,4,4,1200,15873.20,9412.40,-0.0590
pop300_gen1000_mut0.03_elite5_tour3,300,1000,0.0300,5,3,6,5,10,True,0.5525,9,9,2700,15907.00,14305.80,-0.1090
pop300_gen1000_mut0.03_elite5_tour5,300,1000,0.0300,5,5,6,5,1,True,0.3146,5,5,1500,15902.40,9581.00,-0.0870
pop300_gen1000_mut0.03_elite5_tour5,300,1000,0.0300,5,5,6,5,2,True,0.3781,6,6,1800,15884.00,9424.80,-0.0400
pop300_gen1000_mut0.03_elite5_tour5,300,1000,0.0300,5,5,6,5,3,True,0.2514,4,4,1200,15873.20,4688.40,-0.0550
pop300_gen1000_mut0.03_elite5_tour5,300,1000,0.0300,5,5,6,5,4,True,0.5028,8,8,2400,15887.40,14204.60,-0.1010
pop300_gen1000_mut0.03_elite5_tour5,300,1000,0.0300,5,5,6,5,5,True,0.1905,3,3,900,15872.80,4688.40,-0.0350
pop300_gen1000_mut0.03_elite5_tour5,300,1000,0.0300,5,5,6,5,6,True,0.2616,4,4,1200,15897.80,14083.20,-0.0800
pop300_gen1000_mut0.03_elite5_tour5,300,1000,0.0300,5,5,6,5,7,True,0.3820,6,6,1800,15897.40,14199.20,-0.1030
pop300_gen1000_mut0.03_elite5_tour5,300,1000,0.0300,5,5,6,5,8,True,0.2540,4,4,1200,15872.80,4688.40,-0.0660
pop300_gen1000_mut0.03_elite5_tour5,300,1000,0.0300,5,5,6,5,9,True,0.3115,5,5,1500,15872.40,4801.40,-0.0510
pop300_gen1000_mut0.03_elite5_tour5,300,1000,0.0300,5,5,6,5,10,True,0.5069,8,8,2400,15892.40,18839.60,-0.1080
pop100_gen1000_mut0.05_elite5_tour2,100,1000,0.0500,5,2,6,5,1,True,0.1248,11,11,1100,15898.20,9599.40,-0.1070
pop100_gen1000_mut0.05_elite5_tour2,100,1000,0.0500,5,2,6,5,2,True,0.0668,6,6,600,15902.40,18943.20,-0.1170
pop100_gen1000_mut0.05_elite5_tour2,100,1000,0.0500,5,2,6,5,3,True,0.0664,6,6,600,15897.40,14179.00,-0.1080
pop100_gen1000_mut0.05_elite5_tour2,100,1000,0.0500,5,2,6,5,4,True,0.0579,5,5,500,15877.80,4808.00,-0.0680
pop100_gen1000_mut0.05_elite5_tour2,100,1000,0.0500,5,2,6,5,5,True,0.0764,7,7,700,15893.60,9454.80,-0.0980
pop100_gen1000_mut0.05_elite5_tour2,100,1000,0.0500,5,2,6,5,6,True,0.1219,11,11,1100,15902.80,14254.60,-0.1040
pop100_gen1000_mut0.05_elite5_tour2,100,1000,0.0500,5,2,6,5,7,False,2.5420,241,,24200,11091.80,4802.60,-0.0550
pop100_gen1000_mut0.05_elite5_tour2,100,1000,0.0500,5,2,6,5,8,True,0.0539,5,5,500,15896.60,9530.40,-0.0980
pop100_gen1000_mut0.05_elite5_tour2,100,1000,0.0500,5,2,6,5,9,True,0.0333,3,3,300,15869.00,9301.80,-0.0360
pop100_gen1000_mut0.05_elite5_tour2,100,1000,0.0500,5,2,6,5,10,True,0.0760,7,7,700,15902.40,14303.20,-0.1010
pop100_gen1000_mut0.05_elite5_tour3,100,1000,0.0500,5,3,6,5,1,True,0.0475,4,4,400,15908.60,4806.00,-0.0580
pop100_gen1000_mut0.05_elite5_tour3,100,1000,0.0500,5,3,6,5,2,True,0.1525,14,14,1400,15424.20,9269.60,-0.1180
pop100_gen1000_mut0.05_elite5_tour3,100,1000,0.0500,5,3,6,5,3,True,0.0213,2,2,200,15903.20,4967.40,-0.0200
pop100_gen1000_mut0.05_elite5_tour3,100,1000,0.0500,5,3,6,5,4,True,0.1223,11,11,1100,15884.00,9489.40,-0.1610
pop100_gen1000_mut0.05_elite5_tour3,100,1000,0.0500,5,3,6,5,5,True,0.0580,5,5,500,15400.60,8974.80,-0.0950
pop100_gen1000_mut0.05_elite5_tour3,100,1000,0.0500,5,3,6,5,6,True,0.0567,5,5,500,15878.20,9360.60,-0.0980
pop100_gen1000_mut0.05_elite5_tour3,100,1000,0.0500,5,3,6,5,7,True,0.0120,1,1,100,15874.80,0.00,0.0000
pop100_gen1000_mut0.05_elite5_tour3,100,1000,0.0500,5,3,6,5,8,True,0.0888,8,8,800,15902.00,14348.80,-0.0830
pop100_gen1000_mut0.05_elite5_tour3,100,1000,0.0500,5,3,6,5,9,True,0.0223,2,2,200,15892.80,4704.40,-0.0260
pop100_gen1000_mut0.05_elite5_tour3,100,1000,0.0500,5,3,6,5,10,True,0.0770,7,7,700,15903.20,9655.40,-0.1280
pop100_gen1000_mut0.05_elite5_tour5,100,1000,0.0500,5,5,6,5,1,True,0.0804,7,7,700,15882.80,9466.20,-0.1140
pop100_gen1000_mut0.05_elite5_tour5,100,1000,0.0500,5,5,6,5,2,True,0.0490,4,4,400,15862.00,4688.40,-0.0650
pop100_gen1000_mut0.05_elite5_tour5,100,1000,0.0500,5,5,6,5,3,True,0.0602,5,5,500,15893.60,14340.40,-0.1070
pop100_gen1000_mut0.05_elite5_tour5,100,1000,0.0500,5,5,6,5,4,True,0.1387,12,12,1200,15901.60,9665.00,-0.0970
pop100_gen1000_mut0.05_elite5_tour5,100,1000,0.0500,5,5,6,5,5,True,0.0686,6,6,600,15893.60,9454.80,-0.0600
pop100_gen1000_mut0.05_elite5_tour5,100,1000,0.0500,5,5,6,5,6,True,0.1102,10,10,1000,15902.40,9552.80,-0.1020
pop100_gen1000_mut0.05_elite5_tour5,100,1000,0.0500,5,5,6,5,7,True,0.0603,5,5,500,15867.00,4693.40,-0.1100
pop100_gen1000_mut0.05_elite5_tour5,100,1000,0.0500,5,5,6,5,8,True,0.0439,4,4,400,15902.80,4847.00,-0.0780
pop100_gen1000_mut0.05_elite5_tour5,100,1000,0.0500,5,5,6,5,9,True,0.0127,1,1,100,15872.80,0.00,0.0000
pop100_gen1000_mut0.05_elite5_tour5,100,1000,0.0500,5,5,6,5,10,True,0.0691,5,5,500,15882.00,14148.40,-0.0870
pop200_gen1000_mut0.05_elite5_tour2,200,1000,0.0500,5,2,6,5,1,True,0.1321,4,4,800,15873.20,4688.40,-0.0590
pop200_gen1000_mut0.05_elite5_tour2,200,1000,0.0500,5,2,6,5,2,True,0.3253,10,10,2000,15897.80,9607.80,-0.1130
pop200_gen1000_mut0.05_elite5_tour2,200,1000,0.0500,5,2,6,5,3,True,0.0977,3,3,600,15401.00,9027.00,-0.0510
pop200_gen1000_mut0.05_elite5_tour2,200,1000,0.0500,5,2,6,5,4,True,0.4040,13,13,2600,15892.40,9650.40,-0.1670
pop200_gen1000_mut0.05_elite5_tour2,200,1000,0.0500,5,2,6,5,5,True,0.3128,10,10,2000,15417.40,9148.60,-0.1550
pop200_gen1000_mut0.05_elite5_tour2,200,1000,0.0500,5,2,6,5,6,True,0.2166,7,7,1400,15883.20,18766.60,-0.1250
pop200_gen1000_mut0.05_elite5_tour2,200,1000,0.0500,5,2,6,5,7,True,0.1250,4,4,800,15877.80,9441.40,-0.0790
pop200_gen1000_mut0.05_elite5_tour2,200,1000,0.0500,5,2,6,5,8,True,0.3273,10,10,2000,15394.40,9054.80,-0.1190
pop200_gen1000_mut0.05_elite5_tour2,200,1000,0.0500,5,2,6,5,9,True,0.2244,7,7,1400,15898.20,9474.00,-0.0920
pop200_gen1000_mut0.05_elite5_tour2,200,1000,0.0500,5,2,6,5,10,True,0.1585,5,5,1000,15409.00,13923.80,-0.1030
pop200_gen1000_mut0.05_elite5_tour3,200,1000,0.0500,5,3,6,5,1,True,0.1641,5,5,1000,15400.20,8974.40,-0.0840
pop200_gen1000_mut0.05_elite5_tour3,200,1000,0.0500,5,3,6,5,2,True,0.0645,2,2,400,15854.00,4683.40,-0.0230
pop200_gen1000_mut0.05_elite5_tour3,200,1000,0.0500,5,3,6,5,3,True,0.1285,4,4,800,15887.80,4801.40,-0.0560
pop200_gen1000_mut0.05_elite5_tour3,200,1000,0.0500,5,3,6,5,4,True,0.1246,4,4,800,15887.00,9405.80,-0.0920
pop200_gen1000_mut0.05_elite5_tour3,200,1000,0.0500,5,3,6,5,5,True,0.2263,7,7,1400,15894.00,9468.20,-0.0870
pop200_gen1000_mut0.05_elite5_tour3,200,1000,0.0500,5,3,6,5,6,True,0.1235,4,4,800,15882.80,14084.80,-0.0830
pop200_gen1000_mut0.05_elite5_tour3,200,1000,0.0500,5,3,6,5,7,True,0.2040,6,6,1200,15892.80,9452.20,-0.0920
pop200_gen1000_mut0.05_elite5_tour3,200,1000,0.0500,5,3,6,5,8,True,0.1237,4,4,800,15887.40,9432.60,-0.0950
pop200_gen1000_mut0.05_elite5_tour3,200,1000,0.0500,5,3,6,5,9,True,0.2880,9,9,1800,15897.80,14453.80,-0.1010
pop200_gen1000_mut0.05_elite5_tour3,200,1000,0.0500,5,3,6,5,10,True,0.4767,15,15,3000,15912.00,14314.60,-0.1090
pop200_gen1000_mut0.05_elite5_tour5,200,1000,0.0500,5,5,6,5,1,True,0.2007,6,6,1200,15902.80,9501.40,-0.1260
pop200_gen1000_mut0.05_elite5_tour5,200,1000,0.0500,5,5,6,5,2,True,0.2897,9,9,1800,15902.80,9643.00,-0.0970
pop200_gen1000_mut0.05_elite5_tour5,200,1000,0.0500,5,5,6,5,3,True,0.0334,1,1,200,15869.40,0.00,0.0000
pop200_gen1000_mut0.05_elite5_tour5,200,1000,0.0500,5,5,6,5,4,True,0.1549,5,5,1000,15883.20,9502.40,-0.0820
pop200_gen1000_mut0.05_elite5_tour5,200,1000,0.0500,5,5,6,5,5,True,0.2255,7,7,1400,15897.80,9613.60,-0.0850
pop200_gen1000_mut0.05_elite5_tour5,200,1000,0.0500,5,5,6,5,6,True,0.3202,10,10,2000,15911.60,19100.20,-0.1410
pop200_gen1000_mut0.05_elite5_tour5,200,1000,0.0500,5,5,6,5,7,True,0.0955,3,3,600,15863.20,4688.40,-0.0570
pop200_gen1000_mut0.05_elite5_tour5,200,1000,0.0500,5,5,6,5,8,True,0.2224,7,7,1400,15902.80,9674.00,-0.1200
pop200_gen1000_mut0.05_elite5_tour5,200,1000,0.0500,5,5,6,5,9,True,0.2278,7,7,1400,15878.60,9364.80,-0.0520
pop200_gen1000_mut0.05_elite5_tour5,200,1000,0.0500,5,5,6,5,10,True,0.0957,3,3,600,15882.40,9349.80,-0.0600
pop300_gen1000_mut0.05_elite5_tour2,300,1000,0.0500,5,2,6,5,1,True,0.5610,9,9,2700,15897.80,14356.20,-0.1590
pop300_gen1000_mut0.05_elite5_tour2,300,1000,0.0500,5,2,6,5,2,True,0.3167,5,5,1500,15888.20,9311.40,-0.0880
pop300_gen1000_mut0.05_elite5_tour2,300,1000,0.0500,5,2,6,5,3,True,0.4462,7,7,2100,15882.80,9311.80,-0.1240
pop300_gen1000_mut0.05_elite5_tour2,300,1000,0.0500,5,2,6,5,4,True,0.1266,2,2,600,15867.00,4687.60,-0.0240
pop300_gen1000_mut0.05_elite5_tour2,300,1000,0.0500,5,2,6,5,5,True,0.5707,9,9,2700,15907.80,14259.80,-0.1280
pop300_gen1000_mut0.05_elite5_tour2,300,1000,0.0500,5,2,6,5,6,True,0.3193,5,5,1500,15893.60,9454.80,-0.0830
pop300_gen1000_mut0.05_elite5_tour2,300,1000,0.0500,5,2,6,5,7,True,0.3764,6,6,1800,15404.80,9055.60,-0.1010
pop300_gen1000_mut0.05_elite5_tour2,300,1000,0.0500,5,2,6,5,8,True,0.5026,8,8,2400,15902.40,14235.40,-0.1240
pop300_gen1000_mut0.05_elite5_tour2,300,1000,0.0500,5,2,6,5,9,True,0.3191,5,5,1500,15902.80,14043.60,-0.1030
pop300_gen1000_mut0.05_elite5_tour2,300,1000,0.0500,5,2,6,5,10,True,0.3697,6,6,1800,15883.20,9484.40,-0.0930
pop300_gen1000_mut0.05_elite5_tour3,300,1000,0.0500,5,3,6,5,1,True,0.5720,9,9,2700,15902.80,14199.20,-0.1330
pop300_gen1000_mut0.05_elite5_tour3,300,1000,0.0500,5,3,6,5,2,True,0.5023,8,8,2400,15907.40,14365.80,-0.1420
pop300_gen1000_mut0.05_elite5_tour3,300,1000,0.0500,5,3,6,5,3,True,0.3193,5,5,1500,15887.40,9450.80,-0.1060
pop300_gen1000_mut0.05_elite5_tour3,300,1000,0.0500,5,3,6,5,4,True,0.1971,3,3,900,15893.60,4748.00,-0.0350
pop300_gen1000_mut0.05_elite5_tour3,300,1000,0.0500,5,3,6,5,5,True,0.1843,3,3,900,15399.40,9065.80,-0.0570
pop300_gen1000_mut0.05_elite5_tour3,300,1000,0.0500,5,3,6,5,6,True,0.5796,9,9,2700,15902.00,14160.80,-0.1410
pop300_gen1000_mut0.05_elite5_tour3,300,1000,0.0500,5,3,6,5,7,True,0.3215,5,5,1500,15872.40,9332.40,-0.0910
pop300_gen1000_mut0.05_elite5_tour3,300,1000,0.0500,5,3,6,5,8,True,0.0674,1,1,300,15872.00,0.00,0.0000
pop300_gen1000_mut0.05_elite5_tour3,300,1000,0.0500,5,3,6,5,9,True,0.1299,2,2,600,15859.40,4653.40,-0.0150
pop300_gen1000_mut0.05_elite5_tour3,300,1000,0.0500,5,3,6,5,10,True,0.2546,4,4,1200,15874.00,4689.20,-0.0660
pop300_gen1000_mut0.05_elite5_tour5,300,1000,0.0500,5,5,6,5,1,True,0.1283,2,2,600,15888.20,4806.00,-0.0220
pop300_gen1000_mut0.05_elite5_tour5,300,1000,0.0500,5,5,6,5,2,True,0.1900,3,3,900,15869.80,4738.80,-0.0520
pop300_gen1000_mut0.05_elite5_tour5,300,1000,0.0500,5,5,6,5,3,True,0.4343,7,7,2100,15408.20,13743.40,-0.1150
pop300_gen1000_mut0.05_elite5_tour5,300,1000,0.0500,5,5,6,5,4,True,0.5072,8,8,2400,15887.80,14259.60,-0.1430
pop300_gen1000_mut0.05_elite5_tour5,300,1000,0.0500,5,5,6,5,5,True,0.1904,3,3,900,15878.20,4788.20,-0.0630
pop300_gen1000_mut0.05_elite5_tour5,300,1000,0.0500,5,5,6,5,6,True,0.3142,5,5,1500,15896.60,18774.60,-0.1300
pop300_gen1000_mut0.05_elite5_tour5,300,1000,0.0500,5,5,6,5,7,True,0.2509,4,4,1200,15877.80,9464.80,-0.0830
pop300_gen1000_mut0.05_elite5_tour5,300,1000,0.0500,5,5,6,5,8,True,0.3136,5,5,1500,15887.00,9525.80,-0.1240
pop300_gen1000_mut0.05_elite5_tour5,300,1000,0.0500,5,5,6,5,9,True,0.4561,7,7,2100,15897.80,9484.00,-0.0900
pop300_gen1000_mut0.05_elite5_tour5,300,1000,0.0500,5,5,6,5,10,True,0.3696,6,6,1800,15878.20,9504.40,-0.0950
