config_id,pop_size,generations,mut_rate,elite,tour_k,board_size,num_colors,run_number,success,time,generations_executed,generations_to_solution,fitness_evals,final_fitness,fitness_improvement,diversity_loss
pop100_gen500_mut0.01_elite0_tour2,100,500,0.0100,0,2,4,3,1,True,0.0058,1,1,100,9554.00,0.00,0.0000
pop100_gen500_mut0.01_elite0_tour2,100,500,0.0100,0,2,4,3,2,True,0.0056,1,1,100,9559.40,0.00,0.0000
pop100_gen500_mut0.01_elite0_tour2,100,500,0.0100,0,2,4,3,3,True,0.0062,1,1,100,9549.80,0.00,0.0000
pop100_gen500_mut0.01_elite0_tour2,100,500,0.0100,0,2,4,3,4,True,0.0710,11,11,1100,9563.20,9412.80,-0.0420
pop100_gen500_mut0.01_elite0_tour2,100,500,0.0100,0,2,4,3,5,True,0.0111,2,2,200,9554.00,4683.40,-0.0100
pop100_gen500_mut0.01_elite0_tour2,100,500,0.0100,0,2,4,3,6,True,0.0209,4,4,400,9554.00,4736.40,-0.0070
pop100_gen500_mut0.01_elite0_tour2,100,500,0.0100,0,2,4,3,7,True,0.0449,8,8,800,9559.00,4678.40,-0.0690
pop100_gen500_mut0.01_elite0_tour2,100,500,0.0100,0,2,4,3,8,True,0.0721,11,11,1100,9563.20,4738.00,-0.0680
pop100_gen500_mut0.01_elite0_tour2,100,500,0.0100,0,2,4,3,9,True,0.0055,1,1,100,9559.40,0.00,0.0000
pop100_gen500_mut0.01_elite0_tour2,100,500,0.0100,0,2,4,3,10,True,0.0174,3,3,300,9554.00,4623.40,-0.0050
pop100_gen500_mut0.01_elite0_tour3,100,500,0.0100,0,3,4,3,1,True,0.0119,2,2,200,9558.60,4736.40,-0.0070
pop100_gen500_mut0.01_elite0_tour3,100,500,0.0100,0,3,4,3,2,True,0.0056,1,1,100,9554.00,0.00,0.0000
pop100_gen500_mut0.01_elite0_tour3,100,500,0.0100,0,3,4,3,3,True,0.0375,6,6,600,9563.20,9402.80,-0.0910
pop100_gen500_mut0.01_elite0_tour3,100,500,0.0100,0,3,4,3,4,True,0.0061,1,1,100,9559.00,0.00,0.0000
pop100_gen500_mut0.01_elite0_tour3,100,500,0.0100,0,3,4,3,5,True,0.0376,7,7,700,9559.00,4801.40,-0.0420
pop100_gen500_mut0.01_elite0_tour3,100,500,0.0100,0,3,4,3,6,True,0.0663,12,12,1200,9559.00,4733.80,-0.0410
pop100_gen500_mut0.01_elite0_tour3,100,500,0.0100,0,3,4,3,7,True,0.0055,1,1,100,9558.60,0.00,0.0000
pop100_gen500_mut0.01_elite0_tour3,100,500,0.0100,0,3,4,3,8,True,0.0056,1,1,100,9544.80,0.00,0.0000
pop100_gen500_mut0.01_elite0_tour3,100,500,0.0100,0,3,4,3,9,True,0.0056,1,1,100,9559.00,0.00,0.0000
pop100_gen500_mut0.01_elite0_tour3,100,500,0.0100,0,3,4,3,10,True,0.0053,1,1,100,9558.60,0.00,0.0000
pop100_gen500_mut0.01_elite0_tour5,100,500,0.0100,0,5,4,3,1,True,0.0355,6,6,600,9554.80,4688.80,-0.0400
pop100_gen500_mut0.01_elite0_tour5,100,500,0.0100,0,5,4,3,2,True,0.0090,1,1,100,9559.40,0.00,0.0000
pop100_gen500_mut0.01_elite0_tour5,100,500,0.0100,0,5,4,3,3,True,0.0778,14,14,1400,9563.20,4803.00,-0.0490
pop100_gen500_mut0.01_elite0_tour5,100,500,0.0100,0,5,4,3,4,True,0.0058,1,1,100,9559.40,0.00,0.0000
pop100_gen500_mut0.01_elite0_tour5,100,500,0.0100,0,5,4,3,5,True,0.0169,3,3,300,9554.40,4623.40,-0.0010
pop100_gen500_mut0.01_elite0_tour5,100,500,0.0100,0,5,4,3,6,True,0.0283,5,5,500,9558.60,4743.00,-0.0410
pop100_gen500_mut0.01_elite0_tour5,100,500,0.0100,0,5,4,3,7,True,0.0168,3,3,300,9554.00,4683.40,-0.0130
pop100_gen500_mut0.01_elite0_tour5,100,500,0.0100,0,5,4,3,8,True,0.0054,1,1,100,9558.60,0.00,0.0000
pop100_gen500_mut0.01_elite0_tour5,100,500,0.0100,0,5,4,3,9,True,0.0168,3,3,300,9563.20,4683.40,-0.0130
pop100_gen500_mut0.01_elite0_tour5,100,500,0.0100,0,5,4,3,10,True,0.0654,12,12,1200,9563.60,4806.00,-0.0320
pop200_gen500_mut0.01_elite0_tour2,200,500,0.0100,0,2,4,3,1,True,0.0485,3,3,600,9554.00,4623.40,-0.0030
pop200_gen500_mut0.01_elite0_tour2,200,500,0.0100,0,2,4,3,2,True,0.0341,2,2,400,9554.40,4673.40,-0.0020
pop200_gen500_mut0.01_elite0_tour2,200,500,0.0100,0,2,4,3,3,True,0.0335,2,2,400,9554.40,4623.40,-0.0020
pop200_gen500_mut0.01_elite0_tour2,200,500,0.0100,0,2,4,3,4,True,0.0166,1,1,200,9558.60,0.00,0.0000
pop200_gen500_mut0.01_elite0_tour2,200,500,0.0100,0,2,4,3,5,True,0.0830,5,5,1000,9554.40,4688.40,-0.0330
pop200_gen500_mut0.01_elite0_tour2,200,500,0.0100,0,2,4,3,6,True,0.0329,2,2,400,9554.40,4623.40,-0.0020
pop200_gen500_mut0.01_elite0_tour2,200,500,0.0100,0,2,4,3,7,True,0.0923,6,6,1200,9563.20,9402.80,-0.0440
pop200_gen500_mut0.01_elite0_tour2,200,500,0.0100,0,2,4,3,8,True,0.0338,2,2,400,9568.60,4741.40,-0.0080
pop200_gen500_mut0.01_elite0_tour2,200,500,0.0100,0,2,4,3,9,True,0.2455,15,15,3000,9563.60,4738.40,-0.0670
pop200_gen500_mut0.01_elite0_tour2,200,500,0.0100,0,2,4,3,10,True,0.0159,1,1,200,9559.00,0.00,0.0000
pop200_gen500_mut0.01_elite0_tour3,200,500,0.0100,0,3,4,3,1,True,0.0623,4,4,800,9563.20,9412.80,-0.0180
pop200_gen500_mut0.01_elite0_tour3,200,500,0.0100,0,3,4,3,2,True,0.0346,2,2,400,9563.60,4736.40,-0.0050
pop200_gen500_mut0.01_elite0_tour3,200,500,0.0100,0,3,4,3,3,True,0.0358,2,2,400,9563.60,4741.40,-0.0020
pop200_gen500_mut0.01_elite0_tour3,200,500,0.0100,0,3,4,3,4,True,0.0161,1,1,200,9549.40,0.00,0.0000
pop200_gen500_mut0.01_elite0_tour3,200,500,0.0100,0,3,4,3,5,True,0.0166,1,1,200,9559.00,0.00,0.0000
pop200_gen500_mut0.01_elite0_tour3,200,500,0.0100,0,3,4,3,6,True,0.0167,1,1,200,9559.40,0.00,0.0000
pop200_gen500_mut0.01_elite0_tour3,200,500,0.0100,0,3,4,3,7,True,0.0156,1,1,200,9554.00,0.00,0.0000
pop200_gen500_mut0.01_elite0_tour3,200,500,0.0100,0,3,4,3,8,True,0.0169,1,1,200,9558.60,0.00,0.0000
pop200_gen500_mut0.01_elite0_tour3,200,500,0.0100,0,3,4,3,9,True,0.0340,2,2,400,9554.00,4623.40,-0.0030
pop200_gen500_mut0.01_elite0_tour3,200,500,0.0100,0,3,4,3,10,True,0.0303,2,2,400,9558.60,4736.40,-0.0070
pop200_gen500_mut0.01_elite0_tour5,200,500,0.0100,0,5,4,3,1,True,0.0165,1,1,200,9559.40,0.00,0.0000
pop200_gen500_mut0.01_elite0_tour5,200,500,0.0100,0,5,4,3,2,True,0.0333,2,2,400,9549.40,4623.40,-0.0020
pop200_gen500_mut0.01_elite0_tour5,200,500,0.0100,0,5,4,3,3,True,0.0503,3,3,600,9554.00,4623.40,-0.0080
pop200_gen500_mut0.01_elite0_tour5,200,500,0.0100,0,5,4,3,4,True,0.0644,4,4,800,9568.60,9417.40,-0.0670
pop200_gen500_mut0.01_elite0_tour5,200,500,0.0100,0,5,4,3,5,True,0.0864,5,5,1000,9554.40,4688.40,-0.0460
pop200_gen500_mut0.01_elite0_tour5,200,500,0.0100,0,5,4,3,6,True,0.0338,2,2,400,9558.20,4671.40,-0.0070
pop200_gen500_mut0.01_elite0_tour5,200,500,0.0100,0,5,4,3,7,True,0.0168,1,1,200,9559.40,0.00,0.0000
pop200_gen500_mut0.01_elite0_tour5,200,500,0.0100,0,5,4,3,8,True,0.0164,1,1,200,9554.00,0.00,0.0000
pop200_gen500_mut0.01_elite0_tour5,200,500,0.0100,0,5,4,3,9,True,0.0164,1,1,200,9559.40,0.00,0.0000
pop200_gen500_mut0.01_elite0_tour5,200,500,0.0100,0,5,4,3,10,True,0.0486,3,3,600,9059.80,4173.00,-0.0140
pop300_gen500_mut0.01_elite0_tour2,300,500,0.0100,0,2,4,3,1,True,0.0639,2,2,600,9558.60,4734.40,-0.0070
pop300_gen500_mut0.01_elite0_tour2,300,500,0.0100,0,2,4,3,2,True,0.0641,2,2,600,9563.60,4736.40,-0.0060
pop300_gen500_mut0.01_elite0_tour2,300,500,0.0100,0,2,4,3,3,True,0.0321,1,1,300,9559.40,0.00,0.0000
pop300_gen500_mut0.01_elite0_tour2,300,500,0.0100,0,2,4,3,4,True,0.0652,2,2,600,9554.40,4623.40,-0.0030
pop300_gen500_mut0.01_elite0_tour2,300,500,0.0100,0,2,4,3,5,True,0.0326,1,1,300,9544.40,0.00,0.0000
pop300_gen500_mut0.01_elite0_tour2,300,500,0.0100,0,2,4,3,6,True,0.1594,5,5,1500,9568.60,9414.80,-0.0500
pop300_gen500_mut0.01_elite0_tour2,300,500,0.0100,0,2,4,3,7,True,0.0633,2,2,600,9568.60,4741.40,-0.0070
pop300_gen500_mut0.01_elite0_tour2,300,500,0.0100,0,2,4,3,8,True,0.1622,5,5,1500,9554.80,4688.80,-0.0400
pop300_gen500_mut0.01_elite0_tour2,300,500,0.0100,0,2,4,3,9,True,0.0645,2,2,600,9554.00,4683.40,-0.0060
pop300_gen500_mut0.01_elite0_tour2,300,500,0.0100,0,2,4,3,10,True,0.0668,2,2,600,9558.60,4736.40,-0.0080
pop300_gen500_mut0.01_elite0_tour3,300,500,0.0100,0,3,4,3,1,True,0.0351,1,1,300,9549.80,0.00,0.0000
pop300_gen500_mut0.01_elite0_tour3,300,500,0.0100,0,3,4,3,2,True,0.0506,1,1,300,9549.40,0.00,0.0000
pop300_gen500_mut0.01_elite0_tour3,300,500,0.0100,0,3,4,3,3,True,0.0516,1,1,300,9554.00,0.00,0.0000
pop300_gen500_mut0.01_elite0_tour3,300,500,0.0100,0,3,4,3,4,True,0.0534,1,1,300,9559.40,0.00,0.0000
pop300_gen500_mut0.01_elite0_tour3,300,500,0.0100,0,3,4,3,5,True,0.1538,4,4,1200,9554.00,4623.40,-0.0130
pop300_gen500_mut0.01_elite0_tour3,300,500,0.0100,0,3,4,3,6,True,0.1714,5,5,1500,9554.40,4688.40,-0.0640
pop300_gen500_mut0.01_elite0_tour3,300,500,0.0100,0,3,4,3,7,True,0.0649,2,2,600,9563.60,4736.40,-0.0050
pop300_gen500_mut0.01_elite0_tour3,300,500,0.0100,0,3,4,3,8,True,0.0979,3,3,900,9544.40,4663.40,-0.0050
pop300_gen500_mut0.01_elite0_tour3,300,500,0.0100,0,3,4,3,9,True,0.0610,2,2,600,9558.60,4736.40,-0.0050
pop300_gen500_mut0.01_elite0_tour3,300,500,0.0100,0,3,4,3,10,True,0.0654,2,2,600,9554.40,4623.40,-0.0030
pop300_gen500_mut0.01_elite0_tour5,300,500,0.0100,0,5,4,3,1,True,0.0333,1,1,300,9559.40,0.00,0.0000
pop300_gen500_mut0.01_elite0_tour5,300,500,0.0100,0,5,4,3,2,True,0.0322,1,1,300,9559.40,0.00,0.0000
pop300_gen500_mut0.01_elite0_tour5,300,500,0.0100,0,5,4,3,3,True,0.0643,2,2,600,9549.40,4623.40,-0.0010
pop300_gen500_mut0.01_elite0_tour5,300,500,0.0100,0,5,4,3,4,True,0.1303,4,4,1200,9559.00,9342.40,-0.0550
pop300_gen500_mut0.01_elite0_tour5,300,500,0.0100,0,5,4,3,5,True,0.1295,4,4,1200,9568.60,9482.80,-0.0370
pop300_gen500_mut0.01_elite0_tour5,300,500,0.0100,0,5,4,3,6,True,0.1624,5,5,1500,9554.40,4738.00,-0.0720
pop300_gen500_mut0.01_elite0_tour5,300,500,0.0100,0,5,4,3,7,True,0.1249,4,4,1200,9563.20,9412.80,-0.0470
pop300_gen500_mut0.01_elite0_tour5,300,500,0.0100,0,5,4,3,8,True,0.0329,1,1,300,9559.40,0.00,0.0000
pop300_gen500_mut0.01_elite0_tour5,300,500,0.0100,0,5,4,3,9,True,0.0976,3,3,900,9563.60,4738.40,-0.0130
pop300_gen500_mut0.01_elite0_tour5,300,500,0.0100,0,5,4,3,10,True,0.1301,4,4,1200,9554.40,4688.40,-0.0640
pop100_gen500_mut0.03_elite0_tour2,100,500,0.0300,0,2,4,3,1,True,0.0055,1,1,100,9559.40,0.00,0.0000
pop100_gen500_mut0.03_elite0_tour2,100,500,0.0300,0,2,4,3,2,True,0.0054,1,1,100,9554.00,0.00,0.0000
pop100_gen500_mut0.03_elite0_tour2,100,500,0.0300,0,2,4,3,3,True,0.0167,3,3,300,9554.00,4683.40,-0.0320
pop100_gen500_mut0.03_elite0_tour2,100,500,0.0300,0,2,4,3,4,True,0.0056,1,1,100,9559.40,0.00,0.0000
pop100_gen500_mut0.03_elite0_tour2,100,500,0.0300,0,2,4,3,5,True,0.0266,5,5,500,9563.60,9412.80,-0.0610
pop100_gen500_mut0.03_elite0_tour2,100,500,0.0300,0,2,4,3,6,True,0.0391,7,7,700,9558.60,4743.00,-0.1200
pop100_gen500_mut0.03_elite0_tour2,100,500,0.0300,0,2,4,3,7,True,0.0271,5,5,500,9568.60,9414.80,-0.0730
pop100_gen500_mut0.03_elite0_tour2,100,500,0.0300,0,2,4,3,8,True,0.0114,2,2,200,9559.00,4628.00,-0.0170
pop100_gen500_mut0.03_elite0_tour2,100,500,0.0300,0,2,4,3,9,True,0.0224,4,4,400,9558.60,4743.00,-0.0640
pop100_gen500_mut0.03_elite0_tour2,100,500,0.0300,0,2,4,3,10,True,0.0113,2,2,200,9559.00,4678.40,-0.0150
pop100_gen500_mut0.03_elite0_tour3,100,500,0.0300,0,3,4,3,1,True,0.0058,1,1,100,9544.40,0.00,0.0000
pop100_gen500_mut0.03_elite0_tour3,100,500,0.0300,0,3,4,3,2,True,0.0113,2,2,200,9554.40,4623.40,-0.0110
pop100_gen500_mut0.03_elite0_tour3,100,500,0.0300,0,3,4,3,3,True,0.0070,1,1,100,9559.40,0.00,0.0000
pop100_gen500_mut0.03_elite0_tour3,100,500,0.0300,0,3,4,3,4,True,0.0405,7,7,700,9559.40,4693.40,-0.0840
pop100_gen500_mut0.03_elite0_tour3,100,500,0.0300,0,3,4,3,5,True,0.0111,2,2,200,9060.20,4238.00,-0.0120
pop100_gen500_mut0.03_elite0_tour3,100,500,0.0300,0,3,4,3,6,True,0.0057,1,1,100,9554.00,0.00,0.0000
pop100_gen500_mut0.03_elite0_tour3,100,500,0.0300,0,3,4,3,7,True,0.0113,2,2,200,9568.60,4741.40,-0.0220
pop100_gen500_mut0.03_elite0_tour3,100,500,0.0300,0,3,4,3,8,True,0.0170,3,3,300,9554.80,4688.80,-0.0300
pop100_gen500_mut0.03_elite0_tour3,100,500,0.0300,0,3,4,3,9,True,0.0113,2,2,200,9558.60,4743.00,-0.0200
pop100_gen500_mut0.03_elite0_tour3,100,500,0.0300,0,3,4,3,10,True,0.0391,7,7,700,9558.20,4742.60,-0.1030
pop100_gen500_mut0.03_elite0_tour5,100,500,0.0300,0,5,4,3,1,True,0.0059,1,1,100,9549.80,0.00,0.0000
pop100_gen500_mut0.03_elite0_tour5,100,500,0.0300,0,5,4,3,2,True,0.0059,1,1,100,9559.40,0.00,0.0000
pop100_gen500_mut0.03_elite0_tour5,100,500,0.0300,0,5,4,3,3,True,0.0117,2,2,200,9554.40,4623.40,-0.0090
pop100_gen500_mut0.03_elite0_tour5,100,500,0.0300,0,5,4,3,4,True,0.0057,1,1,100,9559.40,0.00,0.0000
pop100_gen500_mut0.03_elite0_tour5,100,500,0.0300,0,5,4,3,5,True,0.0108,2,2,200,9558.60,4736.40,-0.0210
pop100_gen500_mut0.03_elite0_tour5,100,500,0.0300,0,5,4,3,6,True,0.0055,1,1,100,9549.80,0.00,0.0000
pop100_gen500_mut0.03_elite0_tour5,100,500,0.0300,0,5,4,3,7,True,0.0117,2,2,200,9554.00,4623.40,-0.0180
pop100_gen500_mut0.03_elite0_tour5,100,500,0.0300,0,5,4,3,8,True,0.0114,2,2,200,9558.60,4736.40,-0.0170
pop100_gen500_mut0.03_elite0_tour5,100,500,0.0300,0,5,4,3,9,True,0.0175,3,3,300,9568.60,9407.80,-0.0430
pop100_gen500_mut0.03_elite0_tour5,100,500,0.0300,0,5,4,3,10,True,0.0165,2,2,200,9554.40,4623.40,-0.0120
pop200_gen500_mut0.03_elite0_tour2,200,500,0.0300,0,2,4,3,1,True,0.0181,1,1,200,9559.40,0.00,0.0000
pop200_gen500_mut0.03_elite0_tour2,200,500,0.0300,0,2,4,3,2,True,0.0168,1,1,200,9558.60,0.00,0.0000
pop200_gen500_mut0.03_elite0_tour2,200,500,0.0300,0,2,4,3,3,True,0.0345,2,2,400,9559.00,4678.40,-0.0110
pop200_gen500_mut0.03_elite0_tour2,200,500,0.0300,0,2,4,3,4,True,0.0308,2,2,400,9558.60,4736.40,-0.0170
pop200_gen500_mut0.03_elite0_tour2,200,500,0.0300,0,2,4,3,5,True,0.0165,1,1,200,9554.00,0.00,0.0000
pop200_gen500_mut0.03_elite0_tour2,200,500,0.0300,0,2,4,3,6,True,0.0329,2,2,400,9559.00,4678.40,-0.0100
pop200_gen500_mut0.03_elite0_tour2,200,500,0.0300,0,2,4,3,7,True,0.0975,6,6,1200,9554.40,4738.00,-0.0620
pop200_gen500_mut0.03_elite0_tour2,200,500,0.0300,0,2,4,3,8,True,0.0878,5,5,1000,9554.40,4738.00,-0.0400
pop200_gen500_mut0.03_elite0_tour2,200,500,0.0300,0,2,4,3,9,True,0.0345,2,2,400,9554.40,4623.40,-0.0110
pop200_gen500_mut0.03_elite0_tour2,200,500,0.0300,0,2,4,3,10,True,0.0317,2,2,400,9558.60,4736.40,-0.0230
pop200_gen500_mut0.03_elite0_tour3,200,500,0.0300,0,3,4,3,1,True,0.0633,4,4,800,9563.60,9412.80,-0.0810
pop200_gen500_mut0.03_elite0_tour3,200,500,0.0300,0,3,4,3,2,True,0.0324,2,2,400,9558.60,4734.40,-0.0170
pop200_gen500_mut0.03_elite0_tour3,200,500,0.0300,0,3,4,3,3,True,0.0493,3,3,600,9554.00,4736.40,-0.0290
pop200_gen500_mut0.03_elite0_tour3,200,500,0.0300,0,3,4,3,4,True,0.0627,4,4,800,9563.20,9402.80,-0.0780
pop200_gen500_mut0.03_elite0_tour3,200,500,0.0300,0,3,4,3,5,True,0.0474,3,3,600,9563.60,9402.80,-0.0330
pop200_gen500_mut0.03_elite0_tour3,200,500,0.0300,0,3,4,3,6,True,0.0325,2,2,400,9554.00,4683.40,-0.0230
pop200_gen500_mut0.03_elite0_tour3,200,500,0.0300,0,3,4,3,7,True,0.0161,1,1,200,9554.00,0.00,0.0000
pop200_gen500_mut0.03_elite0_tour3,200,500,0.0300,0,3,4,3,8,True,0.0336,2,2,400,9554.00,4623.40,-0.0160
pop200_gen500_mut0.03_elite0_tour3,200,500,0.0300,0,3,4,3,9,True,0.0480,3,3,600,9563.60,9412.80,-0.0360
pop200_gen500_mut0.03_elite0_tour3,200,500,0.0300,0,3,4,3,10,True,0.0657,4,4,800,9563.60,4738.40,-0.0870
pop200_gen500_mut0.03_elite0_tour5,200,500,0.0300,0,5,4,3,1,True,0.0482,3,3,600,9563.20,9412.80,-0.0490
pop200_gen500_mut0.03_elite0_tour5,200,500,0.0300,0,5,4,3,2,True,0.0161,1,1,200,9544.40,0.00,0.0000
pop200_gen500_mut0.03_elite0_tour5,200,500,0.0300,0,5,4,3,3,True,0.0343,2,2,400,9563.60,4736.40,-0.0170
pop200_gen500_mut0.03_elite0_tour5,200,500,0.0300,0,5,4,3,4,True,0.0163,1,1,200,9554.00,0.00,0.0000
pop200_gen500_mut0.03_elite0_tour5,200,500,0.0300,0,5,4,3,5,True,0.0332,2,2,400,9554.00,4623.40,-0.0120
pop200_gen500_mut0.03_elite0_tour5,200,500,0.0300,0,5,4,3,6,True,0.0168,1,1,200,9554.00,0.00,0.0000
pop200_gen500_mut0.03_elite0_tour5,200,500,0.0300,0,5,4,3,7,True,0.0335,2,2,400,9554.40,4623.40,-0.0090
pop200_gen500_mut0.03_elite0_tour5,200,500,0.0300,0,5,4,3,8,True,0.0186,1,1,200,9554.80,0.00,0.0000
pop200_gen500_mut0.03_elite0_tour5,200,500,0.0300,0,5,4,3,9,True,0.0660,4,4,800,9554.40,4688.40,-0.0920
pop200_gen500_mut0.03_elite0_tour5,200,500,0.0300,0,5,4,3,10,True,0.0667,4,4,800,9563.60,4738.40,-0.0740
pop300_gen500_mut0.03_elite0_tour2,300,500,0.0300,0,2,4,3,1,True,0.0636,2,2,600,9544.40,4663.40,-0.0070
pop300_gen500_mut0.03_elite0_tour2,300,500,0.0300,0,2,4,3,2,True,0.1625,5,5,1500,9558.60,4743.00,-0.0670
pop300_gen500_mut0.03_elite0_tour2,300,500,0.0300,0,2,4,3,3,True,0.0692,2,2,600,9568.60,4741.40,-0.0210
pop300_gen500_mut0.03_elite0_tour2,300,500,0.0300,0,2,4,3,4,True,0.0617,2,2,600,9558.60,4736.40,-0.0180
pop300_gen500_mut0.03_elite0_tour2,300,500,0.0300,0,2,4,3,5,True,0.0653,2,2,600,9554.00,4623.40,-0.0150
pop300_gen500_mut0.03_elite0_tour2,300,500,0.0300,0,2,4,3,6,True,0.0335,1,1,300,9559.40,0.00,0.0000
pop300_gen500_mut0.03_elite0_tour2,300,500,0.0300,0,2,4,3,7,True,0.0350,1,1,300,9559.40,0.00,0.0000
pop300_gen500_mut0.03_elite0_tour2,300,500,0.0300,0,2,4,3,8,True,0.1349,4,4,1200,9554.40,4688.40,-0.0490
pop300_gen500_mut0.03_elite0_tour2,300,500,0.0300,0,2,4,3,9,True,0.0662,2,2,600,9563.20,4683.40,-0.0210
pop300_gen500_mut0.03_elite0_tour2,300,500,0.0300,0,2,4,3,10,True,0.0676,2,2,600,9568.20,4688.40,-0.0210
pop300_gen500_mut0.03_elite0_tour3,300,500,0.0300,0,3,4,3,1,True,0.0674,2,2,600,9554.40,4673.40,-0.0090
pop300_gen500_mut0.03_elite0_tour3,300,500,0.0300,0,3,4,3,2,True,0.0642,2,2,600,9060.20,4238.00,-0.0170
pop300_gen500_mut0.03_elite0_tour3,300,500,0.0300,0,3,4,3,3,True,0.0319,1,1,300,9559.40,0.00,0.0000
pop300_gen500_mut0.03_elite0_tour3,300,500,0.0300,0,3,4,3,4,True,0.0631,2,2,600,9558.60,4736.40,-0.0210
pop300_gen500_mut0.03_elite0_tour3,300,500,0.0300,0,3,4,3,5,True,0.0318,1,1,300,9554.00,0.00,0.0000
pop300_gen500_mut0.03_elite0_tour3,300,500,0.0300,0,3,4,3,6,True,0.0640,2,2,600,9558.60,4734.40,-0.0240
pop300_gen500_mut0.03_elite0_tour3,300,500,0.0300,0,3,4,3,7,True,0.1274,4,4,1200,9563.60,9412.80,-0.0910
pop300_gen500_mut0.03_elite0_tour3,300,500,0.0300,0,3,4,3,8,True,0.0634,2,2,600,9558.60,4736.40,-0.0170
pop300_gen500_mut0.03_elite0_tour3,300,500,0.0300,0,3,4,3,9,True,0.0648,2,2,600,9563.20,4683.40,-0.0180
pop300_gen500_mut0.03_elite0_tour3,300,500,0.0300,0,3,4,3,10,True,0.0325,1,1,300,9559.40,0.00,0.0000
pop300_gen500_mut0.03_elite0_tour5,300,500,0.0300,0,5,4,3,1,True,0.0327,1,1,300,9559.40,0.00,0.0000
pop300_gen500_mut0.03_elite0_tour5,300,500,0.0300,0,5,4,3,2,True,0.0956,3,3,900,9568.60,9482.80,-0.0610
pop300_gen500_mut0.03_elite0_tour5,300,500,0.0300,0,5,4,3,3,True,0.0645,2,2,600,9558.20,4671.40,-0.0180
pop300_gen500_mut0.03_elite0_tour5,300,500,0.0300,0,5,4,3,4,True,0.1050,3,3,900,9554.80,4688.80,-0.0480
pop300_gen500_mut0.03_elite0_tour5,300,500,0.0300,0,5,4,3,5,True,0.1039,3,3,900,9563.20,9402.80,-0.0440
pop300_gen500_mut0.03_elite0_tour5,300,500,0.0300,0,5,4,3,6,True,0.1382,4,4,1200,9559.00,4801.40,-0.0490
pop300_gen500_mut0.03_elite0_tour5,300,500,0.0300,0,5,4,3,7,True,0.0355,1,1,300,9559.40,0.00,0.0000
pop300_gen500_mut0.03_elite0_tour5,300,500,0.0300,0,5,4,3,8,True,0.1141,3,3,900,9558.60,4743.00,-0.0420
pop300_gen500_mut0.03_elite0_tour5,300,500,0.0300,0,5,4,3,9,True,0.0680,2,2,600,9558.60,4734.40,-0.0130
pop300_gen500_mut0.03_elite0_tour5,300,500,0.0300,0,5,4,3,10,True,0.0704,2,2,600,9558.60,4736.40,-0.0220
pop100_gen500_mut0.05_elite0_tour2,100,500,0.0500,0,2,4,3,1,True,0.0259,4,4,400,9568.60,9482.80,-0.1040
pop100_gen500_mut0.05_elite0_tour2,100,500,0.0500,0,2,4,3,2,True,0.0183,3,3,300,9554.40,4688.40,-0.0590
pop100_gen500_mut0.05_elite0_tour2,100,500,0.0500,0,2,4,3,3,True,0.0124,2,2,200,9544.40,4663.40,-0.0210
pop100_gen500_mut0.05_elite0_tour2,100,500,0.0500,0,2,4,3,4,True,0.0229,4,4,400,9554.40,4688.40,-0.0700
pop100_gen500_mut0.05_elite0_tour2,100,500,0.0500,0,2,4,3,5,True,0.0119,2,2,200,9563.60,4683.40,-0.0220
pop100_gen500_mut0.05_elite0_tour2,100,500,0.0500,0,2,4,3,6,True,0.0067,1,1,100,9554.00,0.00,0.0000
pop100_gen500_mut0.05_elite0_tour2,100,500,0.0500,0,2,4,3,7,True,0.0167,3,3,300,9064.80,8904.40,-0.0680
pop100_gen500_mut0.05_elite0_tour2,100,500,0.0500,0,2,4,3,8,True,0.0119,2,2,200,9563.60,4736.40,-0.0320
pop100_gen500_mut0.05_elite0_tour2,100,500,0.0500,0,2,4,3,9,True,0.0060,1,1,100,9559.40,0.00,0.0000
pop100_gen500_mut0.05_elite0_tour2,100,500,0.0500,0,2,4,3,10,True,0.0128,2,2,200,9554.40,4623.40,-0.0170
pop100_gen500_mut0.05_elite0_tour3,100,500,0.0500,0,3,4,3,1,True,0.0250,4,4,400,9568.60,9417.40,-0.1270
pop100_gen500_mut0.05_elite0_tour3,100,500,0.0500,0,3,4,3,2,True,0.0058,1,1,100,9559.00,0.00,0.0000
pop100_gen500_mut0.05_elite0_tour3,100,500,0.0500,0,3,4,3,3,True,0.0115,2,2,200,9558.60,4736.40,-0.0170
pop100_gen500_mut0.05_elite0_tour3,100,500,0.0500,0,3,4,3,4,True,0.0128,2,2,200,9558.60,4736.40,-0.0330
pop100_gen500_mut0.05_elite0_tour3,100,500,0.0500,0,3,4,3,5,True,0.0078,1,1,100,9559.40,0.00,0.0000
pop100_gen500_mut0.05_elite0_tour3,100,500,0.0500,0,3,4,3,6,True,0.0058,1,1,100,9559.40,0.00,0.0000
pop100_gen500_mut0.05_elite0_tour3,100,500,0.0500,0,3,4,3,7,True,0.0061,1,1,100,9554.00,0.00,0.0000
pop100_gen500_mut0.05_elite0_tour3,100,500,0.0500,0,3,4,3,8,True,0.0109,2,2,200,9554.00,4736.40,-0.0180
pop100_gen500_mut0.05_elite0_tour3,100,500,0.0500,0,3,4,3,9,True,0.0123,2,2,200,9558.60,4736.40,-0.0260
pop100_gen500_mut0.05_elite0_tour3,100,500,0.0500,0,3,4,3,10,True,0.0119,2,2,200,9563.60,4736.40,-0.0290
pop100_gen500_mut0.05_elite0_tour5,100,500,0.0500,0,5,4,3,1,True,0.0119,2,2,200,9554.40,4673.40,-0.0160
pop100_gen500_mut0.05_elite0_tour5,100,500,0.0500,0,5,4,3,2,True,0.0073,1,1,100,9559.40,0.00,0.0000
pop100_gen500_mut0.05_elite0_tour5,100,500,0.0500,0,5,4,3,3,True,0.0067,1,1,100,9544.80,0.00,0.0000
pop100_gen500_mut0.05_elite0_tour5,100,500,0.0500,0,5,4,3,4,True,0.0113,2,2,200,9568.60,4746.40,-0.0340
pop100_gen500_mut0.05_elite0_tour5,100,500,0.0500,0,5,4,3,5,True,0.0116,2,2,200,9554.00,4623.40,-0.0190
pop100_gen500_mut0.05_elite0_tour5,100,500,0.0500,0,5,4,3,6,True,0.0135,2,2,200,9544.40,4663.40,-0.0140
pop100_gen500_mut0.05_elite0_tour5,100,500,0.0500,0,5,4,3,7,True,0.0240,4,4,400,9558.60,4743.00,-0.1080
pop100_gen500_mut0.05_elite0_tour5,100,500,0.0500,0,5,4,3,8,True,0.0141,2,2,200,9554.40,4623.40,-0.0120
pop100_gen500_mut0.05_elite0_tour5,100,500,0.0500,0,5,4,3,9,True,0.0118,2,2,200,9563.60,4741.40,-0.0320
pop100_gen500_mut0.05_elite0_tour5,100,500,0.0500,0,5,4,3,10,True,0.0174,3,3,300,9563.20,9402.80,-0.0720
pop200_gen500_mut0.05_elite0_tour2,200,500,0.0500,0,2,4,3,1,True,0.0331,2,2,400,9544.40,4663.40,-0.0140
pop200_gen500_mut0.05_elite0_tour2,200,500,0.0500,0,2,4,3,2,True,0.0199,1,1,200,9559.40,0.00,0.0000
pop200_gen500_mut0.05_elite0_tour2,200,500,0.0500,0,2,4,3,3,True,0.0238,1,1,200,9549.40,0.00,0.0000
pop200_gen500_mut0.05_elite0_tour2,200,500,0.0500,0,2,4,3,4,True,0.0363,2,2,400,9060.20,4238.00,-0.0300
pop200_gen500_mut0.05_elite0_tour2,200,500,0.0500,0,2,4,3,5,True,0.0349,2,2,400,9568.60,9482.80,-0.0360
pop200_gen500_mut0.05_elite0_tour2,200,500,0.0500,0,2,4,3,6,True,0.0533,3,3,600,9554.40,4738.00,-0.0230
pop200_gen500_mut0.05_elite0_tour2,200,500,0.0500,0,2,4,3,7,True,0.0388,2,2,400,9554.40,4623.40,-0.0260
pop200_gen500_mut0.05_elite0_tour2,200,500,0.0500,0,2,4,3,8,True,0.1240,7,7,1400,9563.20,4803.00,-0.1600
pop200_gen500_mut0.05_elite0_tour2,200,500,0.0500,0,2,4,3,9,True,0.0338,2,2,400,9558.20,4671.40,-0.0240
pop200_gen500_mut0.05_elite0_tour2,200,500,0.0500,0,2,4,3,10,True,0.0723,4,4,800,9554.80,4688.80,-0.0820
pop200_gen500_mut0.05_elite0_tour3,200,500,0.0500,0,3,4,3,1,True,0.0360,2,2,400,9554.40,4623.40,-0.0180
pop200_gen500_mut0.05_elite0_tour3,200,500,0.0500,0,3,4,3,2,True,0.1010,6,6,1200,9563.60,4806.00,-0.0980
pop200_gen500_mut0.05_elite0_tour3,200,500,0.0500,0,3,4,3,3,True,0.0179,1,1,200,9554.00,0.00,0.0000
pop200_gen500_mut0.05_elite0_tour3,200,500,0.0500,0,3,4,3,4,True,0.0675,4,4,800,9568.60,9414.80,-0.1180
pop200_gen500_mut0.05_elite0_tour3,200,500,0.0500,0,3,4,3,5,True,0.0164,1,1,200,9559.40,0.00,0.0000
pop200_gen500_mut0.05_elite0_tour3,200,500,0.0500,0,3,4,3,6,True,0.0377,2,2,400,9558.60,4736.40,-0.0280
pop200_gen500_mut0.05_elite0_tour3,200,500,0.0500,0,3,4,3,7,True,0.0165,1,1,200,9554.00,0.00,0.0000
pop200_gen500_mut0.05_elite0_tour3,200,500,0.0500,0,3,4,3,8,True,0.0336,2,2,400,9544.40,4663.40,-0.0220
pop200_gen500_mut0.05_elite0_tour3,200,500,0.0500,0,3,4,3,9,True,0.0368,2,2,400,9568.60,9414.80,-0.0350
pop200_gen500_mut0.05_elite0_tour3,200,500,0.0500,0,3,4,3,10,True,0.0336,2,2,400,9563.20,9412.80,-0.0390
pop200_gen500_mut0.05_elite0_tour5,200,500,0.0500,0,5,4,3,1,True,0.0171,1,1,200,9559.00,0.00,0.0000
pop200_gen500_mut0.05_elite0_tour5,200,500,0.0500,0,5,4,3,2,True,0.0380,2,2,400,9554.00,4683.40,-0.0280
pop200_gen500_mut0.05_elite0_tour5,200,500,0.0500,0,5,4,3,3,True,0.0341,2,2,400,9060.20,4238.00,-0.0270
pop200_gen500_mut0.05_elite0_tour5,200,500,0.0500,0,5,4,3,4,True,0.0220,1,1,200,9544.40,0.00,0.0000
pop200_gen500_mut0.05_elite0_tour5,200,500,0.0500,0,5,4,3,5,True,0.0385,2,2,400,9558.60,4734.40,-0.0320
pop200_gen500_mut0.05_elite0_tour5,200,500,0.0500,0,5,4,3,6,True,0.0695,4,4,800,9559.00,4801.40,-0.0680
pop200_gen500_mut0.05_elite0_tour5,200,500,0.0500,0,5,4,3,7,True,0.0166,1,1,200,9559.40,0.00,0.0000
pop200_gen500_mut0.05_elite0_tour5,200,500,0.0500,0,5,4,3,8,True,0.0191,1,1,200,9559.40,0.00,0.0000
pop200_gen500_mut0.05_elite0_tour5,200,500,0.0500,0,5,4,3,9,True,0.0397,2,2,400,9554.40,4688.40,-0.0230
pop200_gen500_mut0.05_elite0_tour5,200,500,0.0500,0,5,4,3,10,True,0.0389,2,2,400,9558.60,4736.40,-0.0290
pop300_gen500_mut0.05_elite0_tour2,300,500,0.0500,0,2,4,3,1,True,0.0893,2,2,600,9558.20,4671.40,-0.0270
pop300_gen500_mut0.05_elite0_tour2,300,500,0.0500,0,2,4,3,2,True,0.0458,1,1,300,9549.80,0.00,0.0000
pop300_gen500_mut0.05_elite0_tour2,300,500,0.0500,0,2,4,3,3,True,0.0884,2,2,600,9563.60,4736.40,-0.0200
pop300_gen500_mut0.05_elite0_tour2,300,500,0.0500,0,2,4,3,4,True,0.2490,5,5,1500,9559.00,4801.40,-0.0570
pop300_gen500_mut0.05_elite0_tour2,300,500,0.0500,0,2,4,3,5,True,0.0916,2,2,600,9558.60,4736.40,-0.0300
pop300_gen500_mut0.05_elite0_tour2,300,500,0.0500,0,2,4,3,6,True,0.0985,2,2,600,9554.40,4673.40,-0.0130
pop300_gen500_mut0.05_elite0_tour2,300,500,0.0500,0,2,4,3,7,True,0.0426,1,1,300,9559.40,0.00,0.0000
pop300_gen500_mut0.05_elite0_tour2,300,500,0.0500,0,2,4,3,8,True,0.0863,2,2,600,9563.60,4736.40,-0.0300
pop300_gen500_mut0.05_elite0_tour2,300,500,0.0500,0,2,4,3,9,True,0.0450,1,1,300,9559.40,0.00,0.0000
pop300_gen500_mut0.05_elite0_tour2,300,500,0.0500,0,2,4,3,10,True,0.1832,4,4,1200,9563.60,9412.80,-0.0820
pop300_gen500_mut0.05_elite0_tour3,300,500,0.0500,0,3,4,3,1,True,0.0450,1,1,300,9559.40,0.00,0.0000
pop300_gen500_mut0.05_elite0_tour3,300,500,0.0500,0,3,4,3,2,True,0.1144,3,3,900,9563.60,9412.80,-0.0680
pop300_gen500_mut0.05_elite0_tour3,300,500,0.0500,0,3,4,3,3,True,0.1042,3,3,900,9554.40,4688.40,-0.0540
pop300_gen500_mut0.05_elite0_tour3,300,500,0.0500,0,3,4,3,4,True,0.0714,2,2,600,9563.60,4736.40,-0.0240
pop300_gen500_mut0.05_elite0_tour3,300,500,0.0500,0,3,4,3,5,True,0.0685,2,2,600,9554.00,4623.40,-0.0190
pop300_gen500_mut0.05_elite0_tour3,300,500,0.0500,0,3,4,3,6,True,0.1110,3,3,900,9563.20,9402.80,-0.0630
pop300_gen500_mut0.05_elite0_tour3,300,500,0.0500,0,3,4,3,7,True,0.0678,2,2,600,9568.60,9417.40,-0.0350
pop300_gen500_mut0.05_elite0_tour3,300,500,0.0500,0,3,4,3,8,True,0.0357,1,1,300,9559.40,0.00,0.0000
pop300_gen500_mut0.05_elite0_tour3,300,500,0.0500,0,3,4,3,9,True,0.1031,3,3,900,9554.40,4688.40,-0.0490
pop300_gen500_mut0.05_elite0_tour3,300,500,0.0500,0,3,4,3,10,True,0.0363,1,1,300,9559.40,0.00,0.0000
pop300_gen500_mut0.05_elite0_tour5,300,500,0.0500,0,5,4,3,1,True,0.0342,1,1,300,9559.40,0.00,0.0000
pop300_gen500_mut0.05_elite0_tour5,300,500,0.0500,0,5,4,3,2,True,0.0657,2,2,600,9559.00,4801.40,-0.0250
pop300_gen500_mut0.05_elite0_tour5,300,500,0.0500,0,5,4,3,3,True,0.0672,2,2,600,9568.60,9482.80,-0.0440
pop300_gen500_mut0.05_elite0_tour5,300,500,0.0500,0,5,4,3,4,True,0.0704,2,2,600,9558.20,4671.40,-0.0260
pop300_gen500_mut0.05_elite0_tour5,300,500,0.0500,0,5,4,3,5,True,0.0845,2,2,600,9558.20,4687.60,-0.0260
pop300_gen500_mut0.05_elite0_tour5,300,500,0.0500,0,5,4,3,6,True,0.0982,2,2,600,9563.60,4741.40,-0.0200
pop300_gen500_mut0.05_elite0_tour5,300,500,0.0500,0,5,4,3,7,True,0.0769,2,2,600,9554.00,4683.40,-0.0270
pop300_gen500_mut0.05_elite0_tour5,300,500,0.0500,0,5,4,3,8,True,0.0656,2,2,600,9558.60,4736.40,-0.0310
pop300_gen500_mut0.05_elite0_tour5,300,500,0.0500,0,5,4,3,9,True,0.0689,2,2,600,9568.60,4741.40,-0.0200
pop300_gen500_mut0.05_elite0_tour5,300,500,0.0500,0,5,4,3,10,True,0.1048,3,3,900,9554.40,4688.40,-0.0590
pop100_gen1000_mut0.01_elite0_tour2,100,1000,0.0100,0,2,4,3,1,True,0.0058,1,1,100,9559.40,0.00,0.0000
pop100_gen1000_mut0.01_elite0_tour2,100,1000,0.0100,0,2,4,3,2,True,0.0175,3,3,300,9563.20,4683.40,-0.0090
pop100_gen1000_mut0.01_elite0_tour2,100,1000,0.0100,0,2,4,3,3,True,0.0393,7,7,700,9563.60,9412.80,-0.0890
pop100_gen1000_mut0.01_elite0_tour2,100,1000,0.0100,0,2,4,3,4,True,0.0220,4,4,400,9558.60,4736.40,-0.0130
pop100_gen1000_mut0.01_elite0_tour2,100,1000,0.0100,0,2,4,3,5,True,0.0280,5,5,500,9549.40,4623.40,-0.0030
pop100_gen1000_mut0.01_elite0_tour2,100,1000,0.0100,0,2,4,3,6,True,0.0117,2,2,200,9568.60,4741.40,-0.0070
pop100_gen1000_mut0.01_elite0_tour2,100,1000,0.0100,0,2,4,3,7,True,0.0190,3,3,300,9563.60,4736.40,-0.0100
pop100_gen1000_mut0.01_elite0_tour2,100,1000,0.0100,0,2,4,3,8,True,0.0670,11,11,1100,9563.20,4738.00,-0.0850
pop100_gen1000_mut0.01_elite0_tour2,100,1000,0.0100,0,2,4,3,9,True,0.0188,3,3,300,9554.00,4623.40,-0.0120
pop100_gen1000_mut0.01_elite0_tour2,100,1000,0.0100,0,2,4,3,10,True,0.0125,2,2,200,9554.40,4623.40,-0.0030
pop100_gen1000_mut0.01_elite0_tour3,100,1000,0.0100,0,3,4,3,1,True,0.0060,1,1,100,9559.40,0.00,0.0000
pop100_gen1000_mut0.01_elite0_tour3,100,1000,0.0100,0,3,4,3,2,True,0.0065,1,1,100,9559.40,0.00,0.0000
pop100_gen1000_mut0.01_elite0_tour3,100,1000,0.0100,0,3,4,3,3,True,0.0061,1,1,100,9559.00,0.00,0.0000
pop100_gen1000_mut0.01_elite0_tour3,100,1000,0.0100,0,3,4,3,4,True,0.0448,8,8,800,9563.20,9412.80,-0.0810
pop100_gen1000_mut0.01_elite0_tour3,100,1000,0.0100,0,3,4,3,5,True,0.0274,5,5,500,9563.20,9402.80,-0.0690
pop100_gen1000_mut0.01_elite0_tour3,100,1000,0.0100,0,3,4,3,6,True,0.0422,7,7,700,9554.80,4688.80,-0.0870
pop100_gen1000_mut0.01_elite0_tour3,100,1000,0.0100,0,3,4,3,7,True,0.0106,2,2,200,9558.60,4736.40,-0.0120
pop100_gen1000_mut0.01_elite0_tour3,100,1000,0.0100,0,3,4,3,8,True,0.0059,1,1,100,9549.40,0.00,0.0000
pop100_gen1000_mut0.01_elite0_tour3,100,1000,0.0100,0,3,4,3,9,True,0.0228,4,4,400,9060.20,4238.00,-0.0110
pop100_gen1000_mut0.01_elite0_tour3,100,1000,0.0100,0,3,4,3,10,True,0.0164,3,3,300,9563.60,4736.40,-0.0090
pop100_gen1000_mut0.01_elite0_tour5,100,1000,0.0100,0,5,4,3,1,True,0.0185,3,3,300,9558.60,4736.40,-0.0050
pop100_gen1000_mut0.01_elite0_tour5,100,1000,0.0100,0,5,4,3,2,True,0.0232,4,4,400,9544.00,4663.00,-0.0350
pop100_gen1000_mut0.01_elite0_tour5,100,1000,0.0100,0,5,4,3,3,True,0.0411,7,7,700,9559.00,4801.40,-0.0270
pop100_gen1000_mut0.01_elite0_tour5,100,1000,0.0100,0,5,4,3,4,True,0.0543,9,9,900,9559.00,4693.00,-0.1110
pop100_gen1000_mut0.01_elite0_tour5,100,1000,0.0100,0,5,4,3,5,True,0.0214,4,4,400,9563.20,9412.80,-0.0420
pop100_gen1000_mut0.01_elite0_tour5,100,1000,0.0100,0,5,4,3,6,True,0.0083,1,1,100,9559.40,0.00,0.0000
pop100_gen1000_mut0.01_elite0_tour5,100,1000,0.0100,0,5,4,3,7,True,0.0059,1,1,100,9559.00,0.00,0.0000
pop100_gen1000_mut0.01_elite0_tour5,100,1000,0.0100,0,5,4,3,8,True,0.0281,5,5,500,9563.20,9412.80,-0.0550
pop100_gen1000_mut0.01_elite0_tour5,100,1000,0.0100,0,5,4,3,9,True,0.0312,5,5,500,9568.20,9414.40,-0.0950
pop100_gen1000_mut0.01_elite0_tour5,100,1000,0.0100,0,5,4,3,10,True,0.0061,1,1,100,9544.80,0.00,0.0000
pop200_gen1000_mut0.01_elite0_tour2,200,1000,0.0100,0,2,4,3,1,True,0.0879,5,5,1000,9554.40,4688.40,-0.0400
pop200_gen1000_mut0.01_elite0_tour2,200,1000,0.0100,0,2,4,3,2,True,0.0343,2,2,400,9558.60,4736.40,-0.0060
pop200_gen1000_mut0.01_elite0_tour2,200,1000,0.0100,0,2,4,3,3,True,0.0875,5,5,1000,9568.60,9417.40,-0.0430
pop200_gen1000_mut0.01_elite0_tour2,200,1000,0.0100,0,2,4,3,4,True,0.0367,2,2,400,9554.40,4623.40,-0.0040
pop200_gen1000_mut0.01_elite0_tour2,200,1000,0.0100,0,2,4,3,5,True,0.1012,6,6,1200,9568.60,9482.80,-0.0510
pop200_gen1000_mut0.01_elite0_tour2,200,1000,0.0100,0,2,4,3,6,True,0.0342,2,2,400,9554.00,4623.40,-0.0060
pop200_gen1000_mut0.01_elite0_tour2,200,1000,0.0100,0,2,4,3,7,True,0.0382,2,2,400,9554.40,4623.40,-0.0040
pop200_gen1000_mut0.01_elite0_tour2,200,1000,0.0100,0,2,4,3,8,True,0.0351,2,2,400,9554.00,4623.40,-0.0050
pop200_gen1000_mut0.01_elite0_tour2,200,1000,0.0100,0,2,4,3,9,True,0.0346,2,2,400,9554.40,4623.40,-0.0040
pop200_gen1000_mut0.01_elite0_tour2,200,1000,0.0100,0,2,4,3,10,True,0.0342,2,2,400,9558.60,4736.40,-0.0060
pop200_gen1000_mut0.01_elite0_tour3,200,1000,0.0100,0,3,4,3,1,True,0.0165,1,1,200,9558.60,0.00,0.0000
pop200_gen1000_mut0.01_elite0_tour3,200,1000,0.0100,0,3,4,3,2,True,0.0545,3,3,600,9554.40,4623.40,-0.0050
pop200_gen1000_mut0.01_elite0_tour3,200,1000,0.0100,0,3,4,3,3,True,0.0171,1,1,200,9544.80,0.00,0.0000
pop200_gen1000_mut0.01_elite0_tour3,200,1000,0.0100,0,3,4,3,4,True,0.0688,4,4,800,9563.60,4683.40,-0.0150
pop200_gen1000_mut0.01_elite0_tour3,200,1000,0.0100,0,3,4,3,5,True,0.1012,6,6,1200,9559.00,4801.40,-0.0470
pop200_gen1000_mut0.01_elite0_tour3,200,1000,0.0100,0,3,4,3,6,True,0.0663,4,4,800,9568.60,9414.80,-0.0270
pop200_gen1000_mut0.01_elite0_tour3,200,1000,0.0100,0,3,4,3,7,True,0.1206,7,7,1400,9563.20,4738.00,-0.0860
pop200_gen1000_mut0.01_elite0_tour3,200,1000,0.0100,0,3,4,3,8,True,0.0190,1,1,200,9559.40,0.00,0.0000
pop200_gen1000_mut0.01_elite0_tour3,200,1000,0.0100,0,3,4,3,9,True,0.0357,2,2,400,9563.60,4683.40,-0.0020
pop200_gen1000_mut0.01_elite0_tour3,200,1000,0.0100,0,3,4,3,10,True,0.0696,4,4,800,9568.60,9414.80,-0.0520
pop200_gen1000_mut0.01_elite0_tour5,200,1000,0.0100,0,5,4,3,1,True,0.1417,8,8,1600,9558.60,4743.00,-0.0840
pop200_gen1000_mut0.01_elite0_tour5,200,1000,0.0100,0,5,4,3,2,True,0.0165,1,1,200,9559.40,0.00,0.0000
pop200_gen1000_mut0.01_elite0_tour5,200,1000,0.0100,0,5,4,3,3,True,0.0367,2,2,400,9554.00,4683.40,-0.0050
pop200_gen1000_mut0.01_elite0_tour5,200,1000,0.0100,0,5,4,3,4,True,0.0182,1,1,200,9554.00,0.00,0.0000
pop200_gen1000_mut0.01_elite0_tour5,200,1000,0.0100,0,5,4,3,5,True,0.0172,1,1,200,9554.00,0.00,0.0000
pop200_gen1000_mut0.01_elite0_tour5,200,1000,0.0100,0,5,4,3,6,True,0.1028,6,6,1200,9563.60,4806.00,-0.0670
pop200_gen1000_mut0.01_elite0_tour5,200,1000,0.0100,0,5,4,3,7,True,0.1010,6,6,1200,9554.00,4736.40,-0.0300
pop200_gen1000_mut0.01_elite0_tour5,200,1000,0.0100,0,5,4,3,8,True,0.0694,4,4,800,9554.40,4683.80,-0.0260
pop200_gen1000_mut0.01_elite0_tour5,200,1000,0.0100,0,5,4,3,9,True,0.0352,2,2,400,9563.60,4736.40,-0.0040
pop200_gen1000_mut0.01_elite0_tour5,200,1000,0.0100,0,5,4,3,10,True,0.0863,5,5,1000,9568.60,9407.80,-0.0540
pop300_gen1000_mut0.01_elite0_tour2,300,1000,0.0100,0,2,4,3,1,True,0.1071,3,3,900,9559.00,4801.40,-0.0170
pop300_gen1000_mut0.01_elite0_tour2,300,1000,0.0100,0,2,4,3,2,True,0.0670,2,2,600,9563.60,4736.40,-0.0040
pop300_gen1000_mut0.01_elite0_tour2,300,1000,0.0100,0,2,4,3,3,True,0.0367,1,1,300,9559.40,0.00,0.0000
pop300_gen1000_mut0.01_elite0_tour2,300,1000,0.0100,0,2,4,3,4,True,0.0350,1,1,300,9554.00,0.00,0.0000
pop300_gen1000_mut0.01_elite0_tour2,300,1000,0.0100,0,2,4,3,5,True,0.0714,2,2,600,9563.20,4683.40,-0.0070
pop300_gen1000_mut0.01_elite0_tour2,300,1000,0.0100,0,2,4,3,6,True,0.0704,2,2,600,9559.00,4678.40,-0.0060
pop300_gen1000_mut0.01_elite0_tour2,300,1000,0.0100,0,2,4,3,7,True,0.0350,1,1,300,9544.80,0.00,0.0000
pop300_gen1000_mut0.01_elite0_tour2,300,1000,0.0100,0,2,4,3,8,True,0.0363,1,1,300,9558.60,0.00,0.0000
pop300_gen1000_mut0.01_elite0_tour2,300,1000,0.0100,0,2,4,3,9,True,0.1798,5,5,1500,9554.40,4688.40,-0.0420
pop300_gen1000_mut0.01_elite0_tour2,300,1000,0.0100,0,2,4,3,10,True,0.0675,2,2,600,9554.00,4683.40,-0.0040
pop300_gen1000_mut0.01_elite0_tour3,300,1000,0.0100,0,3,4,3,1,True,0.0702,2,2,600,9568.60,4741.40,-0.0060
pop300_gen1000_mut0.01_elite0_tour3,300,1000,0.0100,0,3,4,3,2,True,0.0332,1,1,300,9549.40,0.00,0.0000
pop300_gen1000_mut0.01_elite0_tour3,300,1000,0.0100,0,3,4,3,3,True,0.0343,1,1,300,9559.40,0.00,0.0000
pop300_gen1000_mut0.01_elite0_tour3,300,1000,0.0100,0,3,4,3,4,True,0.0684,2,2,600,9558.60,4736.40,-0.0080
pop300_gen1000_mut0.01_elite0_tour3,300,1000,0.0100,0,3,4,3,5,True,0.0689,2,2,600,9544.40,4663.40,-0.0050
pop300_gen1000_mut0.01_elite0_tour3,300,1000,0.0100,0,3,4,3,6,True,0.1657,5,5,1500,9568.60,9482.80,-0.0700
pop300_gen1000_mut0.01_elite0_tour3,300,1000,0.0100,0,3,4,3,7,True,0.0372,1,1,300,9559.40,0.00,0.0000
pop300_gen1000_mut0.01_elite0_tour3,300,1000,0.0100,0,3,4,3,8,True,0.0740,2,2,600,9563.60,4736.40,-0.0050
pop300_gen1000_mut0.01_elite0_tour3,300,1000,0.0100,0,3,4,3,9,True,0.1385,4,4,1200,9568.60,9414.80,-0.0410
pop300_gen1000_mut0.01_elite0_tour3,300,1000,0.0100,0,3,4,3,10,True,0.1597,4,4,1200,9563.60,9412.80,-0.0280
pop300_gen1000_mut0.01_elite0_tour5,300,1000,0.0100,0,5,4,3,1,True,0.0732,2,2,600,9558.60,4736.40,-0.0080
pop300_gen1000_mut0.01_elite0_tour5,300,1000,0.0100,0,5,4,3,2,True,0.0716,2,2,600,9563.60,4736.40,-0.0060
pop300_gen1000_mut0.01_elite0_tour5,300,1000,0.0100,0,5,4,3,3,True,0.0345,1,1,300,9554.00,0.00,0.0000
pop300_gen1000_mut0.01_elite0_tour5,300,1000,0.0100,0,5,4,3,4,True,0.2403,7,7,2100,9563.60,4806.00,-0.0630
pop300_gen1000_mut0.01_elite0_tour5,300,1000,0.0100,0,5,4,3,5,True,0.1728,5,5,1500,9563.60,4738.40,-0.0770
pop300_gen1000_mut0.01_elite0_tour5,300,1000,0.0100,0,5,4,3,6,True,0.0678,2,2,600,9563.60,4736.40,-0.0050
pop300_gen1000_mut0.01_elite0_tour5,300,1000,0.0100,0,5,4,3,7,True,0.0767,2,2,600,9544.40,4663.40,-0.0040
pop300_gen1000_mut0.01_elite0_tour5,300,1000,0.0100,0,5,4,3,8,True,0.1441,4,4,1200,9554.40,4688.40,-0.0640
pop300_gen1000_mut0.01_elite0_tour5,300,1000,0.0100,0,5,4,3,9,True,0.0367,1,1,300,9559.40,0.00,0.0000
pop300_gen1000_mut0.01_elite0_tour5,300,1000,0.0100,0,5,4,3,10,True,0.0685,2,2,600,9554.00,4623.40,-0.0050
pop100_gen1000_mut0.03_elite0_tour2,100,1000,0.0300,0,2,4,3,1,True,0.0140,2,2,200,9554.00,4683.40,-0.0200
pop100_gen1000_mut0.03_elite0_tour2,100,1000,0.0300,0,2,4,3,2,True,0.0131,2,2,200,9558.60,4736.40,-0.0210
pop100_gen1000_mut0.03_elite0_tour2,100,1000,0.0300,0,2,4,3,3,True,0.0121,2,2,200,9554.40,4623.40,-0.0100
pop100_gen1000_mut0.03_elite0_tour2,100,1000,0.0300,0,2,4,3,4,True,0.0059,1,1,100,9554.00,0.00,0.0000
pop100_gen1000_mut0.03_elite0_tour2,100,1000,0.0300,0,2,4,3,5,True,0.0161,3,3,300,9568.60,9482.80,-0.0320
pop100_gen1000_mut0.03_elite0_tour2,100,1000,0.0300,0,2,4,3,6,True,0.0115,2,2,200,9563.60,4736.40,-0.0210
pop100_gen1000_mut0.03_elite0_tour2,100,1000,0.0300,0,2,4,3,7,True,0.0615,11,11,1100,9563.60,4803.40,-0.1100
pop100_gen1000_mut0.03_elite0_tour2,100,1000,0.0300,0,2,4,3,8,True,0.0060,1,1,100,9554.00,0.00,0.0000
pop100_gen1000_mut0.03_elite0_tour2,100,1000,0.0300,0,2,4,3,9,True,0.0133,2,2,200,9554.00,4736.40,-0.0160
pop100_gen1000_mut0.03_elite0_tour2,100,1000,0.0300,0,2,4,3,10,True,0.0055,1,1,100,9544.80,0.00,0.0000
pop100_gen1000_mut0.03_elite0_tour3,100,1000,0.0300,0,3,4,3,1,True,0.0304,5,5,500,9559.00,9342.40,-0.1150
pop100_gen1000_mut0.03_elite0_tour3,100,1000,0.0300,0,3,4,3,2,True,0.0060,1,1,100,9554.80,0.00,0.0000
pop100_gen1000_mut0.03_elite0_tour3,100,1000,0.0300,0,3,4,3,3,True,0.0120,2,2,200,9559.00,4678.40,-0.0150
pop100_gen1000_mut0.03_elite0_tour3,100,1000,0.0300,0,3,4,3,4,True,0.0087,1,1,100,9559.40,0.00,0.0000
pop100_gen1000_mut0.03_elite0_tour3,100,1000,0.0300,0,3,4,3,5,True,0.0181,3,3,300,9554.00,4623.40,-0.0270
pop100_gen1000_mut0.03_elite0_tour3,100,1000,0.0300,0,3,4,3,6,True,0.0124,2,2,200,9554.00,4683.40,-0.0140
pop100_gen1000_mut0.03_elite0_tour3,100,1000,0.0300,0,3,4,3,7,True,0.0059,1,1,100,9559.40,0.00,0.0000
pop100_gen1000_mut0.03_elite0_tour3,100,1000,0.0300,0,3,4,3,8,True,0.0124,2,2,200,9558.60,4734.40,-0.0170
pop100_gen1000_mut0.03_elite0_tour3,100,1000,0.0300,0,3,4,3,9,True,0.0284,5,5,500,9568.20,9417.80,-0.0910
pop100_gen1000_mut0.03_elite0_tour3,100,1000,0.0300,0,3,4,3,10,True,0.0061,1,1,100,9559.40,0.00,0.0000
pop100_gen1000_mut0.03_elite0_tour5,100,1000,0.0300,0,5,4,3,1,True,0.0342,5,5,500,9554.40,4688.40,-0.1090
pop100_gen1000_mut0.03_elite0_tour5,100,1000,0.0300,0,5,4,3,2,True,0.0116,2,2,200,9554.40,4623.40,-0.0040
pop100_gen1000_mut0.03_elite0_tour5,100,1000,0.0300,0,5,4,3,3,True,0.0301,5,5,500,9558.60,4743.00,-0.1060
pop100_gen1000_mut0.03_elite0_tour5,100,1000,0.0300,0,5,4,3,4,True,0.0060,1,1,100,9554.00,0.00,0.0000
pop100_gen1000_mut0.03_elite0_tour5,100,1000,0.0300,0,5,4,3,5,True,0.0070,1,1,100,9559.40,0.00,0.0000
pop100_gen1000_mut0.03_elite0_tour5,100,1000,0.0300,0,5,4,3,6,True,0.0125,2,2,200,9554.40,4623.40,-0.0100
pop100_gen1000_mut0.03_elite0_tour5,100,1000,0.0300,0,5,4,3,7,True,0.0058,1,1,100,9559.40,0.00,0.0000
pop100_gen1000_mut0.03_elite0_tour5,100,1000,0.0300,0,5,4,3,8,True,0.0285,5,5,500,9559.00,4801.40,-0.0620
pop100_gen1000_mut0.03_elite0_tour5,100,1000,0.0300,0,5,4,3,9,True,0.0057,1,1,100,9549.80,0.00,0.0000
pop100_gen1000_mut0.03_elite0_tour5,100,1000,0.0300,0,5,4,3,10,True,0.0199,3,3,300,9563.60,4736.40,-0.0470
pop200_gen1000_mut0.03_elite0_tour2,200,1000,0.0300,0,2,4,3,1,True,0.0676,4,4,800,9558.60,4743.00,-0.0490
pop200_gen1000_mut0.03_elite0_tour2,200,1000,0.0300,0,2,4,3,2,True,0.0677,4,4,800,9554.40,4688.40,-0.0500
pop200_gen1000_mut0.03_elite0_tour2,200,1000,0.0300,0,2,4,3,3,True,0.0167,1,1,200,9559.40,0.00,0.0000
pop200_gen1000_mut0.03_elite0_tour2,200,1000,0.0300,0,2,4,3,4,True,0.0368,2,2,400,9554.40,4673.40,-0.0090
pop200_gen1000_mut0.03_elite0_tour2,200,1000,0.0300,0,2,4,3,5,True,0.0329,2,2,400,9554.40,4673.40,-0.0040
pop200_gen1000_mut0.03_elite0_tour2,200,1000,0.0300,0,2,4,3,6,True,0.0167,1,1,200,9558.60,0.00,0.0000
pop200_gen1000_mut0.03_elite0_tour2,200,1000,0.0300,0,2,4,3,7,True,0.0393,2,2,400,9563.20,4683.40,-0.0230
pop200_gen1000_mut0.03_elite0_tour2,200,1000,0.0300,0,2,4,3,8,True,0.0487,3,3,600,9568.60,9407.80,-0.0350
pop200_gen1000_mut0.03_elite0_tour2,200,1000,0.0300,0,2,4,3,9,True,0.0199,1,1,200,9554.00,0.00,0.0000
pop200_gen1000_mut0.03_elite0_tour2,200,1000,0.0300,0,2,4,3,10,True,0.0895,5,5,1000,9554.40,4688.40,-0.0780
pop200_gen1000_mut0.03_elite0_tour3,200,1000,0.0300,0,3,4,3,1,True,0.0170,1,1,200,9559.40,0.00,0.0000
pop200_gen1000_mut0.03_elite0_tour3,200,1000,0.0300,0,3,4,3,2,True,0.0214,1,1,200,9558.60,0.00,0.0000
pop200_gen1000_mut0.03_elite0_tour3,200,1000,0.0300,0,3,4,3,3,True,0.0177,1,1,200,9559.40,0.00,0.0000
pop200_gen1000_mut0.03_elite0_tour3,200,1000,0.0300,0,3,4,3,4,True,0.0547,3,3,600,9558.60,4743.00,-0.0290
pop200_gen1000_mut0.03_elite0_tour3,200,1000,0.0300,0,3,4,3,5,True,0.0714,4,4,800,9554.40,4688.40,-0.0790
pop200_gen1000_mut0.03_elite0_tour3,200,1000,0.0300,0,3,4,3,6,True,0.0331,2,2,400,9563.60,4741.40,-0.0210
pop200_gen1000_mut0.03_elite0_tour3,200,1000,0.0300,0,3,4,3,7,True,0.0197,1,1,200,9559.00,0.00,0.0000
pop200_gen1000_mut0.03_elite0_tour3,200,1000,0.0300,0,3,4,3,8,True,0.0343,2,2,400,9554.40,4673.40,-0.0070
pop200_gen1000_mut0.03_elite0_tour3,200,1000,0.0300,0,3,4,3,9,True,0.0360,2,2,400,9563.60,4683.40,-0.0150
pop200_gen1000_mut0.03_elite0_tour3,200,1000,0.0300,0,3,4,3,10,True,0.0165,1,1,200,9559.40,0.00,0.0000
pop200_gen1000_mut0.03_elite0_tour5,200,1000,0.0300,0,5,4,3,1,True,0.0531,3,3,600,9563.20,9412.80,-0.0670
pop200_gen1000_mut0.03_elite0_tour5,200,1000,0.0300,0,5,4,3,2,True,0.0541,3,3,600,9558.60,4743.00,-0.0480
pop200_gen1000_mut0.03_elite0_tour5,200,1000,0.0300,0,5,4,3,3,True,0.0360,2,2,400,9544.40,4663.40,-0.0080
pop200_gen1000_mut0.03_elite0_tour5,200,1000,0.0300,0,5,4,3,4,True,0.0540,3,3,600,9568.60,9407.80,-0.0490
pop200_gen1000_mut0.03_elite0_tour5,200,1000,0.0300,0,5,4,3,5,True,0.0166,1,1,200,9559.40,0.00,0.0000
pop200_gen1000_mut0.03_elite0_tour5,200,1000,0.0300,0,5,4,3,6,True,0.0366,2,2,400,9558.60,4736.40,-0.0260
pop200_gen1000_mut0.03_elite0_tour5,200,1000,0.0300,0,5,4,3,7,True,0.0499,3,3,600,9064.80,8904.40,-0.0710
pop200_gen1000_mut0.03_elite0_tour5,200,1000,0.0300,0,5,4,3,8,True,0.0724,4,4,800,9563.20,9412.80,-0.1040
pop200_gen1000_mut0.03_elite0_tour5,200,1000,0.0300,0,5,4,3,9,True,0.0527,3,3,600,9568.60,9407.80,-0.0460
pop200_gen1000_mut0.03_elite0_tour5,200,1000,0.0300,0,5,4,3,10,True,0.0346,2,2,400,9563.60,4741.40,-0.0180
pop300_gen1000_mut0.03_elite0_tour2,300,1000,0.0300,0,2,4,3,1,True,0.0745,2,2,600,9559.00,4628.00,-0.0140
pop300_gen1000_mut0.03_elite0_tour2,300,1000,0.0300,0,2,4,3,2,True,0.0714,2,2,600,9544.40,4663.40,-0.0090
pop300_gen1000_mut0.03_elite0_tour2,300,1000,0.0300,0,2,4,3,3,True,0.0768,2,2,600,9568.60,4741.40,-0.0140
pop300_gen1000_mut0.03_elite0_tour2,300,1000,0.0300,0,2,4,3,4,True,0.0354,1,1,300,9559.40,0.00,0.0000
pop300_gen1000_mut0.03_elite0_tour2,300,1000,0.0300,0,2,4,3,5,True,0.0697,2,2,600,9549.40,4623.40,-0.0050
pop300_gen1000_mut0.03_elite0_tour2,300,1000,0.0300,0,2,4,3,6,True,0.0393,1,1,300,9558.60,0.00,0.0000
pop300_gen1000_mut0.03_elite0_tour2,300,1000,0.0300,0,2,4,3,7,True,0.1362,4,4,1200,9568.60,9414.80,-0.0550
pop300_gen1000_mut0.03_elite0_tour2,300,1000,0.0300,0,2,4,3,8,True,0.0380,1,1,300,9559.40,0.00,0.0000
pop300_gen1000_mut0.03_elite0_tour2,300,1000,0.0300,0,2,4,3,9,True,0.1485,4,4,1200,9568.60,9407.80,-0.0550
pop300_gen1000_mut0.03_elite0_tour2,300,1000,0.0300,0,2,4,3,10,True,0.0353,1,1,300,9544.40,0.00,0.0000
pop300_gen1000_mut0.03_elite0_tour3,300,1000,0.0300,0,3,4,3,1,True,0.0779,2,2,600,9554.40,4673.40,-0.0090
pop300_gen1000_mut0.03_elite0_tour3,300,1000,0.0300,0,3,4,3,2,True,0.0712,2,2,600,9554.00,4683.40,-0.0110
pop300_gen1000_mut0.03_elite0_tour3,300,1000,0.0300,0,3,4,3,3,True,0.0709,2,2,600,9559.00,4678.40,-0.0140
pop300_gen1000_mut0.03_elite0_tour3,300,1000,0.0300,0,3,4,3,4,True,0.1475,4,4,1200,9563.60,4738.40,-0.0740
pop300_gen1000_mut0.03_elite0_tour3,300,1000,0.0300,0,3,4,3,5,True,0.0710,2,2,600,9549.40,4623.40,-0.0110
pop300_gen1000_mut0.03_elite0_tour3,300,1000,0.0300,0,3,4,3,6,True,0.1070,3,3,900,9554.40,4688.40,-0.0340
pop300_gen1000_mut0.03_elite0_tour3,300,1000,0.0300,0,3,4,3,7,True,0.1378,4,4,1200,9554.80,4688.80,-0.0630
pop300_gen1000_mut0.03_elite0_tour3,300,1000,0.0300,0,3,4,3,8,True,0.0389,1,1,300,9554.00,0.00,0.0000
pop300_gen1000_mut0.03_elite0_tour3,300,1000,0.0300,0,3,4,3,9,True,0.1373,4,4,1200,9559.00,4801.40,-0.0500
pop300_gen1000_mut0.03_elite0_tour3,300,1000,0.0300,0,3,4,3,10,True,0.0334,1,1,300,9544.40,0.00,0.0000
pop300_gen1000_mut0.03_elite0_tour5,300,1000,0.0300,0,5,4,3,1,True,0.1057,3,3,900,9558.60,4743.00,-0.0470
pop300_gen1000_mut0.03_elite0_tour5,300,1000,0.0300,0,5,4,3,2,True,0.1039,3,3,900,9563.20,9402.80,-0.0490
pop300_gen1000_mut0.03_elite0_tour5,300,1000,0.0300,0,5,4,3,3,True,0.1324,4,4,1200,9554.40,4738.00,-0.0650
pop300_gen1000_mut0.03_elite0_tour5,300,1000,0.0300,0,5,4,3,4,True,0.1051,3,3,900,9568.60,9407.80,-0.0430
pop300_gen1000_mut0.03_elite0_tour5,300,1000,0.0300,0,5,4,3,5,True,0.0341,1,1,300,9559.40,0.00,0.0000
pop300_gen1000_mut0.03_elite0_tour5,300,1000,0.0300,0,5,4,3,6,True,0.0695,2,2,600,9060.20,4238.00,-0.0180
pop300_gen1000_mut0.03_elite0_tour5,300,1000,0.0300,0,5,4,3,7,True,0.0360,1,1,300,9559.40,0.00,0.0000
pop300_gen1000_mut0.03_elite0_tour5,300,1000,0.0300,0,5,4,3,8,True,0.0371,1,1,300,9559.40,0.00,0.0000
pop300_gen1000_mut0.03_elite0_tour5,300,1000,0.0300,0,5,4,3,9,True,0.0382,1,1,300,9559.40,0.00,0.0000
pop300_gen1000_mut0.03_elite0_tour5,300,1000,0.0300,0,5,4,3,10,True,0.1052,3,3,900,9568.60,9417.40,-0.0430
pop100_gen1000_mut0.05_elite0_tour2,100,1000,0.0500,0,2,4,3,1,True,0.0119,2,2,200,9563.20,4683.40,-0.0330
pop100_gen1000_mut0.05_elite0_tour2,100,1000,0.0500,0,2,4,3,2,True,0.0065,1,1,100,9544.40,0.00,0.0000
pop100_gen1000_mut0.05_elite0_tour2,100,1000,0.0500,0,2,4,3,3,True,0.0057,1,1,100,9559.40,0.00,0.0000
pop100_gen1000_mut0.05_elite0_tour2,100,1000,0.0500,0,2,4,3,4,True,0.0221,4,4,400,9559.00,4801.40,-0.0520
pop100_gen1000_mut0.05_elite0_tour2,100,1000,0.0500,0,2,4,3,5,True,0.0248,4,4,400,9558.60,4743.00,-0.0850
pop100_gen1000_mut0.05_elite0_tour2,100,1000,0.0500,0,2,4,3,6,True,0.0120,2,2,200,9558.60,4736.40,-0.0390
pop100_gen1000_mut0.05_elite0_tour2,100,1000,0.0500,0,2,4,3,7,True,0.0531,9,9,900,9563.60,4803.40,-0.1490
pop100_gen1000_mut0.05_elite0_tour2,100,1000,0.0500,0,2,4,3,8,True,0.0292,5,5,500,9554.00,4737.60,-0.0940
pop100_gen1000_mut0.05_elite0_tour2,100,1000,0.0500,0,2,4,3,9,True,0.0074,1,1,100,9549.40,0.00,0.0000
pop100_gen1000_mut0.05_elite0_tour2,100,1000,0.0500,0,2,4,3,10,True,0.0315,5,5,500,9563.60,9412.80,-0.1400
pop100_gen1000_mut0.05_elite0_tour3,100,1000,0.0500,0,3,4,3,1,True,0.0147,2,2,200,9554.00,4736.40,-0.0230
pop100_gen1000_mut0.05_elite0_tour3,100,1000,0.0500,0,3,4,3,2,True,0.0117,2,2,200,9554.40,4673.40,-0.0180
pop100_gen1000_mut0.05_elite0_tour3,100,1000,0.0500,0,3,4,3,3,True,0.0065,1,1,100,9554.80,0.00,0.0000
pop100_gen1000_mut0.05_elite0_tour3,100,1000,0.0500,0,3,4,3,4,True,0.0058,1,1,100,9558.60,0.00,0.0000
pop100_gen1000_mut0.05_elite0_tour3,100,1000,0.0500,0,3,4,3,5,True,0.0061,1,1,100,9559.40,0.00,0.0000
pop100_gen1000_mut0.05_elite0_tour3,100,1000,0.0500,0,3,4,3,6,True,0.0121,2,2,200,9554.00,4683.40,-0.0240
pop100_gen1000_mut0.05_elite0_tour3,100,1000,0.0500,0,3,4,3,7,True,0.0076,1,1,100,9559.00,0.00,0.0000
pop100_gen1000_mut0.05_elite0_tour3,100,1000,0.0500,0,3,4,3,8,True,0.0057,1,1,100,9559.00,0.00,0.0000
pop100_gen1000_mut0.05_elite0_tour3,100,1000,0.0500,0,3,4,3,9,True,0.0118,2,2,200,9563.60,4741.40,-0.0240
pop100_gen1000_mut0.05_elite0_tour3,100,1000,0.0500,0,3,4,3,10,True,0.0060,1,1,100,9559.40,0.00,0.0000
pop100_gen1000_mut0.05_elite0_tour5,100,1000,0.0500,0,5,4,3,1,True,0.0065,1,1,100,9559.40,0.00,0.0000
pop100_gen1000_mut0.05_elite0_tour5,100,1000,0.0500,0,5,4,3,2,True,0.0126,2,2,200,9554.00,4683.40,-0.0320
pop100_gen1000_mut0.05_elite0_tour5,100,1000,0.0500,0,5,4,3,3,True,0.0111,2,2,200,9563.20,9402.80,-0.0330
pop100_gen1000_mut0.05_elite0_tour5,100,1000,0.0500,0,5,4,3,4,True,0.0245,4,4,400,9568.60,9482.80,-0.1360
pop100_gen1000_mut0.05_elite0_tour5,100,1000,0.0500,0,5,4,3,5,True,0.0264,4,4,400,9563.60,9412.80,-0.0790
pop100_gen1000_mut0.05_elite0_tour5,100,1000,0.0500,0,5,4,3,6,True,0.0129,2,2,200,9563.60,4736.40,-0.0300
pop100_gen1000_mut0.05_elite0_tour5,100,1000,0.0500,0,5,4,3,7,True,0.0060,1,1,100,9559.40,0.00,0.0000
pop100_gen1000_mut0.05_elite0_tour5,100,1000,0.0500,0,5,4,3,8,True,0.0056,1,1,100,9559.40,0.00,0.0000
pop100_gen1000_mut0.05_elite0_tour5,100,1000,0.0500,0,5,4,3,9,True,0.0055,1,1,100,9559.00,0.00,0.0000
pop100_gen1000_mut0.05_elite0_tour5,100,1000,0.0500,0,5,4,3,10,True,0.0188,3,3,300,9563.60,4738.40,-0.0530
pop200_gen1000_mut0.05_elite0_tour2,200,1000,0.0500,0,2,4,3,1,True,0.0182,1,1,200,9558.60,0.00,0.0000
pop200_gen1000_mut0.05_elite0_tour2,200,1000,0.0500,0,2,4,3,2,True,0.0195,1,1,200,9554.00,0.00,0.0000
pop200_gen1000_mut0.05_elite0_tour2,200,1000,0.0500,0,2,4,3,3,True,0.0680,4,4,800,9554.40,4688.40,-0.0730
pop200_gen1000_mut0.05_elite0_tour2,200,1000,0.0500,0,2,4,3,4,True,0.0348,2,2,400,9554.00,4683.40,-0.0280
pop200_gen1000_mut0.05_elite0_tour2,200,1000,0.0500,0,2,4,3,5,True,0.0340,2,2,400,9060.20,4238.00,-0.0260
pop200_gen1000_mut0.05_elite0_tour2,200,1000,0.0500,0,2,4,3,6,True,0.0188,1,1,200,9559.40,0.00,0.0000
pop200_gen1000_mut0.05_elite0_tour2,200,1000,0.0500,0,2,4,3,7,True,0.0690,4,4,800,9559.00,4693.00,-0.0710
pop200_gen1000_mut0.05_elite0_tour2,200,1000,0.0500,0,2,4,3,8,True,0.0165,1,1,200,9554.80,0.00,0.0000
pop200_gen1000_mut0.05_elite0_tour2,200,1000,0.0500,0,2,4,3,9,True,0.0213,1,1,200,9559.40,0.00,0.0000
pop200_gen1000_mut0.05_elite0_tour2,200,1000,0.0500,0,2,4,3,10,True,0.0184,1,1,200,9559.40,0.00,0.0000
pop200_gen1000_mut0.05_elite0_tour3,200,1000,0.0500,0,3,4,3,1,True,0.0358,2,2,400,9559.00,4678.40,-0.0200
pop200_gen1000_mut0.05_elite0_tour3,200,1000,0.0500,0,3,4,3,2,True,0.0344,2,2,400,9558.60,4736.40,-0.0280
pop200_gen1000_mut0.05_elite0_tour3,200,1000,0.0500,0,3,4,3,3,True,0.0356,2,2,400,9568.60,4741.40,-0.0290
pop200_gen1000_mut0.05_elite0_tour3,200,1000,0.0500,0,3,4,3,4,True,0.0501,3,3,600,9568.60,9407.80,-0.0560
pop200_gen1000_mut0.05_elite0_tour3,200,1000,0.0500,0,3,4,3,5,True,0.0709,4,4,800,9554.40,4688.40,-0.0930
pop200_gen1000_mut0.05_elite0_tour3,200,1000,0.0500,0,3,4,3,6,True,0.0380,2,2,400,9563.60,4683.40,-0.0300
pop200_gen1000_mut0.05_elite0_tour3,200,1000,0.0500,0,3,4,3,7,True,0.0331,2,2,400,9563.60,4683.40,-0.0240
pop200_gen1000_mut0.05_elite0_tour3,200,1000,0.0500,0,3,4,3,8,True,0.0189,1,1,200,9559.40,0.00,0.0000
pop200_gen1000_mut0.05_elite0_tour3,200,1000,0.0500,0,3,4,3,9,True,0.0386,2,2,400,9554.40,4623.40,-0.0160
pop200_gen1000_mut0.05_elite0_tour3,200,1000,0.0500,0,3,4,3,10,True,0.0179,1,1,200,9559.40,0.00,0.0000
pop200_gen1000_mut0.05_elite0_tour5,200,1000,0.0500,0,5,4,3,1,True,0.0173,1,1,200,9554.80,0.00,0.0000
pop200_gen1000_mut0.05_elite0_tour5,200,1000,0.0500,0,5,4,3,2,True,0.0533,3,3,600,9563.60,4738.40,-0.0630
pop200_gen1000_mut0.05_elite0_tour5,200,1000,0.0500,0,5,4,3,3,True,0.0535,3,3,600,9554.40,4688.40,-0.0870
pop200_gen1000_mut0.05_elite0_tour5,200,1000,0.0500,0,5,4,3,4,True,0.0344,2,2,400,9563.60,4736.40,-0.0240
pop200_gen1000_mut0.05_elite0_tour5,200,1000,0.0500,0,5,4,3,5,True,0.0179,1,1,200,9559.40,0.00,0.0000
pop200_gen1000_mut0.05_elite0_tour5,200,1000,0.0500,0,5,4,3,6,True,0.0335,2,2,400,9563.60,4683.40,-0.0290
pop200_gen1000_mut0.05_elite0_tour5,200,1000,0.0500,0,5,4,3,7,True,0.0509,3,3,600,9568.60,9417.40,-0.0780
pop200_gen1000_mut0.05_elite0_tour5,200,1000,0.0500,0,5,4,3,8,True,0.0512,3,3,600,9559.00,9342.40,-0.0750
pop200_gen1000_mut0.05_elite0_tour5,200,1000,0.0500,0,5,4,3,9,True,0.0520,3,3,600,9559.00,9342.40,-0.0590
pop200_gen1000_mut0.05_elite0_tour5,200,1000,0.0500,0,5,4,3,10,True,0.0519,3,3,600,9559.00,4693.00,-0.0740
pop300_gen1000_mut0.05_elite0_tour2,300,1000,0.0500,0,2,4,3,1,True,0.0690,2,2,600,9549.40,4623.40,-0.0080
pop300_gen1000_mut0.05_elite0_tour2,300,1000,0.0500,0,2,4,3,2,True,0.0661,2,2,600,9558.20,4740.60,-0.0230
pop300_gen1000_mut0.05_elite0_tour2,300,1000,0.0500,0,2,4,3,3,True,0.1033,3,3,900,9065.20,8914.40,-0.0630
pop300_gen1000_mut0.05_elite0_tour2,300,1000,0.0500,0,2,4,3,4,True,0.0674,2,2,600,9563.60,4741.40,-0.0240
pop300_gen1000_mut0.05_elite0_tour2,300,1000,0.0500,0,2,4,3,5,True,0.0354,1,1,300,9559.40,0.00,0.0000
pop300_gen1000_mut0.05_elite0_tour2,300,1000,0.0500,0,2,4,3,6,True,0.0692,2,2,600,9568.60,4741.40,-0.0300
pop300_gen1000_mut0.05_elite0_tour2,300,1000,0.0500,0,2,4,3,7,True,0.0338,1,1,300,9559.00,0.00,0.0000
pop300_gen1000_mut0.05_elite0_tour2,300,1000,0.0500,0,2,4,3,8,True,0.0684,2,2,600,9558.60,4736.40,-0.0270
pop300_gen1000_mut0.05_elite0_tour2,300,1000,0.0500,0,2,4,3,9,True,0.0353,1,1,300,9544.80,0.00,0.0000
pop300_gen1000_mut0.05_elite0_tour2,300,1000,0.0500,0,2,4,3,10,True,0.0691,2,2,600,9554.40,4683.80,-0.0250
pop300_gen1000_mut0.05_elite0_tour3,300,1000,0.0500,0,3,4,3,1,True,0.0398,1,1,300,9554.00,0.00,0.0000
pop300_gen1000_mut0.05_elite0_tour3,300,1000,0.0500,0,3,4,3,2,True,0.0654,2,2,600,9563.60,9412.80,-0.0300
pop300_gen1000_mut0.05_elite0_tour3,300,1000,0.0500,0,3,4,3,3,True,0.1019,3,3,900,9554.40,4688.40,-0.0530
pop300_gen1000_mut0.05_elite0_tour3,300,1000,0.0500,0,3,4,3,4,True,0.0342,1,1,300,9559.40,0.00,0.0000
pop300_gen1000_mut0.05_elite0_tour3,300,1000,0.0500,0,3,4,3,5,True,0.1067,3,3,900,9559.00,4693.00,-0.0610
pop300_gen1000_mut0.05_elite0_tour3,300,1000,0.0500,0,3,4,3,6,True,0.0724,2,2,600,9559.00,9342.40,-0.0210
pop300_gen1000_mut0.05_elite0_tour3,300,1000,0.0500,0,3,4,3,7,True,0.1738,5,5,1500,9563.60,4738.40,-0.1110
pop300_gen1000_mut0.05_elite0_tour3,300,1000,0.0500,0,3,4,3,8,True,0.0714,2,2,600,9559.40,4678.80,-0.0230
pop300_gen1000_mut0.05_elite0_tour3,300,1000,0.0500,0,3,4,3,9,True,0.1347,4,4,1200,9568.60,9417.40,-0.1110
pop300_gen1000_mut0.05_elite0_tour3,300,1000,0.0500,0,3,4,3,10,True,0.0728,2,2,600,9558.60,4736.40,-0.0230
pop300_gen1000_mut0.05_elite0_tour5,300,1000,0.0500,0,5,4,3,1,True,0.1098,3,3,900,9559.00,9342.40,-0.0550
pop300_gen1000_mut0.05_elite0_tour5,300,1000,0.0500,0,5,4,3,2,True,0.1110,3,3,900,9554.40,4688.40,-0.0600
pop300_gen1000_mut0.05_elite0_tour5,300,1000,0.0500,0,5,4,3,3,True,0.0700,2,2,600,9559.00,4678.40,-0.0230
pop300_gen1000_mut0.05_elite0_tour5,300,1000,0.0500,0,5,4,3,4,True,0.0339,1,1,300,9559.00,0.00,0.0000
pop300_gen1000_mut0.05_elite0_tour5,300,1000,0.0500,0,5,4,3,5,True,0.0815,2,2,600,9559.00,4678.40,-0.0200
pop300_gen1000_mut0.05_elite0_tour5,300,1000,0.0500,0,5,4,3,6,True,0.0691,2,2,600,9568.60,4741.40,-0.0310
pop300_gen1000_mut0.05_elite0_tour5,300,1000,0.0500,0,5,4,3,7,True,0.1838,5,5,1500,9563.60,4806.00,-0.0930
pop300_gen1000_mut0.05_elite0_tour5,300,1000,0.0500,0,5,4,3,8,True,0.0733,2,2,600,9558.60,4736.40,-0.0280
pop300_gen1000_mut0.05_elite0_tour5,300,1000,0.0500,0,5,4,3,9,True,0.0745,2,2,600,9568.60,9417.40,-0.0300
pop300_gen1000_mut0.05_elite0_tour5,300,1000,0.0500,0,5,4,3,10,True,0.1700,5,5,1500,9563.20,4803.00,-0.1240
pop100_gen500_mut0.01_elite2_tour2,100,500,0.0100,2,2,4,3,1,True,0.0053,1,1,100,9554.00,0.00,0.0000
pop100_gen500_mut0.01_elite2_tour2,100,500,0.0100,2,2,4,3,2,True,0.0412,6,6,600,9568.20,4741.00,-0.0420
pop100_gen500_mut0.01_elite2_tour2,100,500,0.0100,2,2,4,3,3,True,0.1107,19,19,1900,9554.00,4688.00,-0.0050
pop100_gen500_mut0.01_elite2_tour2,100,500,0.0100,2,2,4,3,4,True,0.0057,1,1,100,9544.80,0.00,0.0000
pop100_gen500_mut0.01_elite2_tour2,100,500,0.0100,2,2,4,3,5,True,0.0122,2,2,200,9563.60,4736.40,-0.0090
pop100_gen500_mut0.01_elite2_tour2,100,500,0.0100,2,2,4,3,6,True,0.0345,6,6,600,9558.20,4740.60,-0.0330
pop100_gen500_mut0.01_elite2_tour2,100,500,0.0100,2,2,4,3,7,True,0.0239,4,4,400,9563.60,9413.20,-0.0240
pop100_gen500_mut0.01_elite2_tour2,100,500,0.0100,2,2,4,3,8,True,0.0055,1,1,100,9544.40,0.00,0.0000
pop100_gen500_mut0.01_elite2_tour2,100,500,0.0100,2,2,4,3,9,True,0.0067,1,1,100,9559.40,0.00,0.0000
pop100_gen500_mut0.01_elite2_tour2,100,500,0.0100,2,2,4,3,10,True,0.0061,1,1,100,9554.80,0.00,0.0000
pop100_gen500_mut0.01_elite2_tour3,100,500,0.0100,2,3,4,3,1,True,0.0056,1,1,100,9544.80,0.00,0.0000
pop100_gen500_mut0.01_elite2_tour3,100,500,0.0100,2,3,4,3,2,True,0.0063,1,1,100,9544.40,0.00,0.0000
pop100_gen500_mut0.01_elite2_tour3,100,500,0.0100,2,3,4,3,3,True,0.0114,2,2,200,9554.00,4736.40,-0.0060
pop100_gen500_mut0.01_elite2_tour3,100,500,0.0100,2,3,4,3,4,True,0.0108,2,2,200,9558.60,4736.40,-0.0050
pop100_gen500_mut0.01_elite2_tour3,100,500,0.0100,2,3,4,3,5,True,0.0060,1,1,100,9558.60,0.00,0.0000
pop100_gen500_mut0.01_elite2_tour3,100,500,0.0100,2,3,4,3,6,True,0.0351,6,6,600,9554.40,4688.40,-0.0260
pop100_gen500_mut0.01_elite2_tour3,100,500,0.0100,2,3,4,3,7,True,0.0058,1,1,100,9549.80,0.00,0.0000
pop100_gen500_mut0.01_elite2_tour3,100,500,0.0100,2,3,4,3,8,True,0.0083,1,1,100,9554.00,0.00,0.0000
pop100_gen500_mut0.01_elite2_tour3,100,500,0.0100,2,3,4,3,9,True,0.0340,6,6,600,9563.20,9402.80,-0.1000
pop100_gen500_mut0.01_elite2_tour3,100,500,0.0100,2,3,4,3,10,True,0.0125,2,2,200,9568.60,4741.40,-0.0070
pop100_gen500_mut0.01_elite2_tour5,100,500,0.0100,2,5,4,3,1,True,0.0473,8,8,800,9563.60,4806.00,-0.0290
pop100_gen500_mut0.01_elite2_tour5,100,500,0.0100,2,5,4,3,2,True,0.0294,5,5,500,9563.60,9412.80,-0.0680
pop100_gen500_mut0.01_elite2_tour5,100,500,0.0100,2,5,4,3,3,True,0.0058,1,1,100,9559.40,0.00,0.0000
pop100_gen500_mut0.01_elite2_tour5,100,500,0.0100,2,5,4,3,4,True,0.0115,2,2,200,9568.60,4741.40,-0.0060
pop100_gen500_mut0.01_elite2_tour5,100,500,0.0100,2,5,4,3,5,True,0.0456,8,8,800,9559.00,4801.40,-0.0390
pop100_gen500_mut0.01_elite2_tour5,100,500,0.0100,2,5,4,3,6,True,0.0056,1,1,100,9558.60,0.00,0.0000
pop100_gen500_mut0.01_elite2_tour5,100,500,0.0100,2,5,4,3,7,True,0.0112,2,2,200,9563.60,4736.40,-0.0100
pop100_gen500_mut0.01_elite2_tour5,100,500,0.0100,2,5,4,3,8,True,0.0237,4,4,400,9568.60,9417.40,-0.0740
pop100_gen500_mut0.01_elite2_tour5,100,500,0.0100,2,5,4,3,9,True,0.0299,5,5,500,9563.20,9412.80,-0.0180
pop100_gen500_mut0.01_elite2_tour5,100,500,0.0100,2,5,4,3,10,True,0.0126,2,2,200,9544.40,4663.40,-0.0060
pop200_gen500_mut0.01_elite2_tour2,200,500,0.0100,2,2,4,3,1,True,0.0207,1,1,200,9559.40,0.00,0.0000
pop200_gen500_mut0.01_elite2_tour2,200,500,0.0100,2,2,4,3,2,True,0.0180,1,1,200,9559.40,0.00,0.0000
pop200_gen500_mut0.01_elite2_tour2,200,500,0.0100,2,2,4,3,3,True,0.0360,2,2,400,9563.60,4683.40,-0.0070
pop200_gen500_mut0.01_elite2_tour2,200,500,0.0100,2,2,4,3,4,True,0.0848,5,5,1000,9563.60,9412.80,-0.0530
pop200_gen500_mut0.01_elite2_tour2,200,500,0.0100,2,2,4,3,5,True,0.0350,2,2,400,9554.00,4623.40,-0.0020
pop200_gen500_mut0.01_elite2_tour2,200,500,0.0100,2,2,4,3,6,True,0.0191,1,1,200,9544.80,0.00,0.0000
pop200_gen500_mut0.01_elite2_tour2,200,500,0.0100,2,2,4,3,7,True,0.0168,1,1,200,9544.40,0.00,0.0000
pop200_gen500_mut0.01_elite2_tour2,200,500,0.0100,2,2,4,3,8,True,0.0341,2,2,400,9554.00,4736.40,-0.0030
pop200_gen500_mut0.01_elite2_tour2,200,500,0.0100,2,2,4,3,9,True,0.0332,2,2,400,9554.40,4673.40,-0.0040
pop200_gen500_mut0.01_elite2_tour2,200,500,0.0100,2,2,4,3,10,True,0.0361,2,2,400,9554.40,4623.40,-0.0030
pop200_gen500_mut0.01_elite2_tour3,200,500,0.0100,2,3,4,3,1,True,0.0860,5,5,1000,9558.60,4734.40,-0.0580
pop200_gen500_mut0.01_elite2_tour3,200,500,0.0100,2,3,4,3,2,True,0.0169,1,1,200,9559.40,0.00,0.0000
pop200_gen500_mut0.01_elite2_tour3,200,500,0.0100,2,3,4,3,3,True,0.0844,5,5,1000,9554.40,4688.40,-0.0720
pop200_gen500_mut0.01_elite2_tour3,200,500,0.0100,2,3,4,3,4,True,0.0169,1,1,200,9549.80,0.00,0.0000
pop200_gen500_mut0.01_elite2_tour3,200,500,0.0100,2,3,4,3,5,True,0.0891,5,5,1000,9554.40,4688.40,-0.0660
pop200_gen500_mut0.01_elite2_tour3,200,500,0.0100,2,3,4,3,6,True,0.0822,4,4,800,9558.60,4743.00,-0.0270
pop200_gen500_mut0.01_elite2_tour3,200,500,0.0100,2,3,4,3,7,True,0.0352,2,2,400,9558.60,4736.40,-0.0070
pop200_gen500_mut0.01_elite2_tour3,200,500,0.0100,2,3,4,3,8,True,0.0244,1,1,200,9559.40,0.00,0.0000
pop200_gen500_mut0.01_elite2_tour3,200,500,0.0100,2,3,4,3,9,True,0.0833,4,4,800,9558.60,4743.00,-0.0310
pop200_gen500_mut0.01_elite2_tour3,200,500,0.0100,2,3,4,3,10,True,0.0338,2,2,400,9554.40,4623.40,-0.0030
pop200_gen500_mut0.01_elite2_tour5,200,500,0.0100,2,5,4,3,1,True,0.0174,1,1,200,9559.40,0.00,0.0000
pop200_gen500_mut0.01_elite2_tour5,200,500,0.0100,2,5,4,3,2,True,0.0171,1,1,200,9559.40,0.00,0.0000
pop200_gen500_mut0.01_elite2_tour5,200,500,0.0100,2,5,4,3,3,True,0.0366,2,2,400,9554.40,4673.40,-0.0040
pop200_gen500_mut0.01_elite2_tour5,200,500,0.0100,2,5,4,3,4,True,0.0350,2,2,400,9563.60,4741.40,-0.0060
pop200_gen500_mut0.01_elite2_tour5,200,500,0.0100,2,5,4,3,5,True,0.0340,2,2,400,9554.40,4623.40,-0.0020
pop200_gen500_mut0.01_elite2_tour5,200,500,0.0100,2,5,4,3,6,True,0.0188,1,1,200,9559.40,0.00,0.0000
pop200_gen500_mut0.01_elite2_tour5,200,500,0.0100,2,5,4,3,7,True,0.0378,2,2,400,9544.40,4663.40,-0.0020
pop200_gen500_mut0.01_elite2_tour5,200,500,0.0100,2,5,4,3,8,True,0.0188,1,1,200,9559.00,0.00,0.0000
pop200_gen500_mut0.01_elite2_tour5,200,500,0.0100,2,5,4,3,9,True,0.0170,1,1,200,9554.00,0.00,0.0000
pop200_gen500_mut0.01_elite2_tour5,200,500,0.0100,2,5,4,3,10,True,0.0167,1,1,200,9559.40,0.00,0.0000
pop300_gen500_mut0.01_elite2_tour2,300,500,0.0100,2,2,4,3,1,True,0.0676,2,2,600,9554.00,4736.40,-0.0030
pop300_gen500_mut0.01_elite2_tour2,300,500,0.0100,2,2,4,3,2,True,0.1637,5,5,1500,9563.60,9412.80,-0.0430
pop300_gen500_mut0.01_elite2_tour2,300,500,0.0100,2,2,4,3,3,True,0.0651,2,2,600,9554.00,4736.40,-0.0060
pop300_gen500_mut0.01_elite2_tour2,300,500,0.0100,2,2,4,3,4,True,0.0349,1,1,300,9559.40,0.00,0.0000
pop300_gen500_mut0.01_elite2_tour2,300,500,0.0100,2,2,4,3,5,True,0.0694,2,2,600,9563.60,4736.40,-0.0060
pop300_gen500_mut0.01_elite2_tour2,300,500,0.0100,2,2,4,3,6,True,0.0349,1,1,300,9544.80,0.00,0.0000
pop300_gen500_mut0.01_elite2_tour2,300,500,0.0100,2,2,4,3,7,True,0.0680,2,2,600,9554.00,4623.40,-0.0060
pop300_gen500_mut0.01_elite2_tour2,300,500,0.0100,2,2,4,3,8,True,0.0363,1,1,300,9558.60,0.00,0.0000
pop300_gen500_mut0.01_elite2_tour2,300,500,0.0100,2,2,4,3,9,True,0.1950,6,6,1800,9563.20,9402.80,-0.0720
pop300_gen500_mut0.01_elite2_tour2,300,500,0.0100,2,2,4,3,10,True,0.2114,6,6,1800,9563.60,9412.80,-0.0460
pop300_gen500_mut0.01_elite2_tour3,300,500,0.0100,2,3,4,3,1,True,0.0351,1,1,300,9544.80,0.00,0.0000
pop300_gen500_mut0.01_elite2_tour3,300,500,0.0100,2,3,4,3,2,True,0.1407,4,4,1200,9563.60,9412.80,-0.0510
pop300_gen500_mut0.01_elite2_tour3,300,500,0.0100,2,3,4,3,3,True,0.0364,1,1,300,9559.40,0.00,0.0000
pop300_gen500_mut0.01_elite2_tour3,300,500,0.0100,2,3,4,3,4,True,0.0413,1,1,300,9559.00,0.00,0.0000
pop300_gen500_mut0.01_elite2_tour3,300,500,0.0100,2,3,4,3,5,True,0.0854,2,2,600,9544.40,4663.40,-0.0040
pop300_gen500_mut0.01_elite2_tour3,300,500,0.0100,2,3,4,3,6,True,0.1013,3,3,900,9559.00,4678.40,-0.0110
pop300_gen500_mut0.01_elite2_tour3,300,500,0.0100,2,3,4,3,7,True,0.0643,2,2,600,9558.60,4736.40,-0.0050
pop300_gen500_mut0.01_elite2_tour3,300,500,0.0100,2,3,4,3,8,True,0.0334,1,1,300,9559.40,0.00,0.0000
pop300_gen500_mut0.01_elite2_tour3,300,500,0.0100,2,3,4,3,9,True,0.0684,2,2,600,9554.00,4623.40,-0.0050
pop300_gen500_mut0.01_elite2_tour3,300,500,0.0100,2,3,4,3,10,True,0.0671,2,2,600,9559.00,4678.40,-0.0030
pop300_gen500_mut0.01_elite2_tour5,300,500,0.0100,2,5,4,3,1,True,0.0647,2,2,600,9568.60,4741.40,-0.0050
pop300_gen500_mut0.01_elite2_tour5,300,500,0.0100,2,5,4,3,2,True,0.0684,2,2,600,9554.40,4623.40,-0.0050
pop300_gen500_mut0.01_elite2_tour5,300,500,0.0100,2,5,4,3,3,True,0.0649,2,2,600,9568.60,4741.40,-0.0050
pop300_gen500_mut0.01_elite2_tour5,300,500,0.0100,2,5,4,3,4,True,0.0673,2,2,600,9563.60,4741.40,-0.0070
pop300_gen500_mut0.01_elite2_tour5,300,500,0.0100,2,5,4,3,5,True,0.0342,1,1,300,9559.00,0.00,0.0000
pop300_gen500_mut0.01_elite2_tour5,300,500,0.0100,2,5,4,3,6,True,0.0337,1,1,300,9559.40,0.00,0.0000
pop300_gen500_mut0.01_elite2_tour5,300,500,0.0100,2,5,4,3,7,True,0.0698,2,2,600,9554.00,4683.40,-0.0070
pop300_gen500_mut0.01_elite2_tour5,300,500,0.0100,2,5,4,3,8,True,0.0710,2,2,600,9554.40,4673.40,-0.0030
pop300_gen500_mut0.01_elite2_tour5,300,500,0.0100,2,5,4,3,9,True,0.0691,2,2,600,9554.00,4683.40,-0.0060
pop300_gen500_mut0.01_elite2_tour5,300,500,0.0100,2,5,4,3,10,True,0.0673,2,2,600,9554.00,4683.40,-0.0030
pop100_gen500_mut0.03_elite2_tour2,100,500,0.0300,2,2,4,3,1,True,0.0109,2,2,200,9563.60,4741.40,-0.0160
pop100_gen500_mut0.03_elite2_tour2,100,500,0.0300,2,2,4,3,2,True,0.0110,2,2,200,9558.60,4736.40,-0.0180
pop100_gen500_mut0.03_elite2_tour2,100,500,0.0300,2,2,4,3,3,True,0.0164,3,3,300,9563.20,9412.80,-0.0290
pop100_gen500_mut0.03_elite2_tour2,100,500,0.0300,2,2,4,3,4,True,0.0117,2,2,200,9563.60,4741.40,-0.0160
pop100_gen500_mut0.03_elite2_tour2,100,500,0.0300,2,2,4,3,5,True,0.0062,1,1,100,9549.80,0.00,0.0000
pop100_gen500_mut0.03_elite2_tour2,100,500,0.0300,2,2,4,3,6,True,0.0234,4,4,400,9568.60,9407.80,-0.0700
pop100_gen500_mut0.03_elite2_tour2,100,500,0.0300,2,2,4,3,7,True,0.0115,2,2,200,9554.40,4673.40,-0.0070
pop100_gen500_mut0.03_elite2_tour2,100,500,0.0300,2,2,4,3,8,True,0.0122,2,2,200,9563.20,4683.40,-0.0220
pop100_gen500_mut0.03_elite2_tour2,100,500,0.0300,2,2,4,3,9,True,0.0059,1,1,100,9558.60,0.00,0.0000
pop100_gen500_mut0.03_elite2_tour2,100,500,0.0300,2,2,4,3,10,True,0.0131,2,2,200,9554.40,4623.40,-0.0070
pop100_gen500_mut0.03_elite2_tour3,100,500,0.0300,2,3,4,3,1,True,0.0114,2,2,200,9554.40,4683.80,-0.0140
pop100_gen500_mut0.03_elite2_tour3,100,500,0.0300,2,3,4,3,2,True,0.0182,3,3,300,9554.40,4688.40,-0.0440
pop100_gen500_mut0.03_elite2_tour3,100,500,0.0300,2,3,4,3,3,True,0.0235,4,4,400,9568.60,9407.80,-0.0450
pop100_gen500_mut0.03_elite2_tour3,100,500,0.0300,2,3,4,3,4,True,0.0113,2,2,200,9568.60,4741.40,-0.0150
pop100_gen500_mut0.03_elite2_tour3,100,500,0.0300,2,3,4,3,5,True,0.0459,7,7,700,9563.60,4738.40,-0.0660
pop100_gen500_mut0.03_elite2_tour3,100,500,0.0300,2,3,4,3,6,True,0.0326,6,6,600,9559.00,4801.40,-0.0510
pop100_gen500_mut0.03_elite2_tour3,100,500,0.0300,2,3,4,3,7,True,0.0058,1,1,100,9559.40,0.00,0.0000
pop100_gen500_mut0.03_elite2_tour3,100,500,0.0300,2,3,4,3,8,True,0.0060,1,1,100,9559.40,0.00,0.0000
pop100_gen500_mut0.03_elite2_tour3,100,500,0.0300,2,3,4,3,9,True,0.0112,2,2,200,9554.00,4736.40,-0.0090
pop100_gen500_mut0.03_elite2_tour3,100,500,0.0300,2,3,4,3,10,True,0.0105,2,2,200,9558.60,4736.40,-0.0290
pop100_gen500_mut0.03_elite2_tour5,100,500,0.0300,2,5,4,3,1,True,0.0128,2,2,200,9558.60,4736.40,-0.0290
pop100_gen500_mut0.03_elite2_tour5,100,500,0.0300,2,5,4,3,2,True,0.0065,1,1,100,9554.00,0.00,0.0000
pop100_gen500_mut0.03_elite2_tour5,100,500,0.0300,2,5,4,3,3,True,0.0295,4,4,400,9558.60,4743.00,-0.0770
pop100_gen500_mut0.03_elite2_tour5,100,500,0.0300,2,5,4,3,4,True,0.0153,2,2,200,9563.60,4736.40,-0.0170
pop100_gen500_mut0.03_elite2_tour5,100,500,0.0300,2,5,4,3,5,True,0.0431,6,6,600,8576.40,3816.20,-0.1150
pop100_gen500_mut0.03_elite2_tour5,100,500,0.0300,2,5,4,3,6,True,0.0058,1,1,100,9554.80,0.00,0.0000
pop100_gen500_mut0.03_elite2_tour5,100,500,0.0300,2,5,4,3,7,True,0.0501,8,8,800,9563.60,4806.00,-0.1100
pop100_gen500_mut0.03_elite2_tour5,100,500,0.0300,2,5,4,3,8,True,0.0302,5,5,500,9558.60,4743.00,-0.0720
pop100_gen500_mut0.03_elite2_tour5,100,500,0.0300,2,5,4,3,9,True,0.0174,3,3,300,9568.60,9417.40,-0.0650
pop100_gen500_mut0.03_elite2_tour5,100,500,0.0300,2,5,4,3,10,True,0.0173,3,3,300,9568.60,9407.80,-0.0420
pop200_gen500_mut0.03_elite2_tour2,200,500,0.0300,2,2,4,3,1,True,0.0163,1,1,200,9544.40,0.00,0.0000
pop200_gen500_mut0.03_elite2_tour2,200,500,0.0300,2,2,4,3,2,True,0.0711,4,4,800,9554.40,4688.40,-0.0510
pop200_gen500_mut0.03_elite2_tour2,200,500,0.0300,2,2,4,3,3,True,0.0165,1,1,200,9558.60,0.00,0.0000
pop200_gen500_mut0.03_elite2_tour2,200,500,0.0300,2,2,4,3,4,True,0.0174,1,1,200,9559.40,0.00,0.0000
pop200_gen500_mut0.03_elite2_tour2,200,500,0.0300,2,2,4,3,5,True,0.0339,2,2,400,9563.60,4736.40,-0.0200
pop200_gen500_mut0.03_elite2_tour2,200,500,0.0300,2,2,4,3,6,True,0.0504,3,3,600,9559.00,4801.40,-0.0330
pop200_gen500_mut0.03_elite2_tour2,200,500,0.0300,2,2,4,3,7,True,0.0829,5,5,1000,9568.60,9407.80,-0.0710
pop200_gen500_mut0.03_elite2_tour2,200,500,0.0300,2,2,4,3,8,True,0.0167,1,1,200,9559.40,0.00,0.0000
pop200_gen500_mut0.03_elite2_tour2,200,500,0.0300,2,2,4,3,9,True,0.0327,2,2,400,9558.60,4736.40,-0.0240
pop200_gen500_mut0.03_elite2_tour2,200,500,0.0300,2,2,4,3,10,True,0.0199,1,1,200,9559.40,0.00,0.0000
pop200_gen500_mut0.03_elite2_tour3,200,500,0.0300,2,3,4,3,1,True,0.1041,6,6,1200,9563.60,4803.40,-0.1220
pop200_gen500_mut0.03_elite2_tour3,200,500,0.0300,2,3,4,3,2,True,0.0184,1,1,200,9544.80,0.00,0.0000
pop200_gen500_mut0.03_elite2_tour3,200,500,0.0300,2,3,4,3,3,True,0.0338,2,2,400,9544.40,4663.40,-0.0090
pop200_gen500_mut0.03_elite2_tour3,200,500,0.0300,2,3,4,3,4,True,0.0355,2,2,400,9549.40,4623.40,-0.0060
pop200_gen500_mut0.03_elite2_tour3,200,500,0.0300,2,3,4,3,5,True,0.0361,2,2,400,9544.40,4663.40,-0.0120
pop200_gen500_mut0.03_elite2_tour3,200,500,0.0300,2,3,4,3,6,True,0.0351,2,2,400,9558.20,4671.40,-0.0210
pop200_gen500_mut0.03_elite2_tour3,200,500,0.0300,2,3,4,3,7,True,0.0337,2,2,400,9558.20,4671.40,-0.0170
pop200_gen500_mut0.03_elite2_tour3,200,500,0.0300,2,3,4,3,8,True,0.0166,1,1,200,9544.80,0.00,0.0000
pop200_gen500_mut0.03_elite2_tour3,200,500,0.0300,2,3,4,3,9,True,0.0340,2,2,400,9568.60,4741.40,-0.0170
pop200_gen500_mut0.03_elite2_tour3,200,500,0.0300,2,3,4,3,10,True,0.0678,4,4,800,9568.60,9482.80,-0.0860
pop200_gen500_mut0.03_elite2_tour5,200,500,0.0300,2,5,4,3,1,True,0.0187,1,1,200,9544.80,0.00,0.0000
pop200_gen500_mut0.03_elite2_tour5,200,500,0.0300,2,5,4,3,2,True,0.0328,2,2,400,9563.60,4741.40,-0.0150
pop200_gen500_mut0.03_elite2_tour5,200,500,0.0300,2,5,4,3,3,True,0.0170,1,1,200,9554.80,0.00,0.0000
pop200_gen500_mut0.03_elite2_tour5,200,500,0.0300,2,5,4,3,4,True,0.0370,2,2,400,9549.40,4623.40,-0.0050
pop200_gen500_mut0.03_elite2_tour5,200,500,0.0300,2,5,4,3,5,True,0.0344,2,2,400,9060.20,4238.00,-0.0140
pop200_gen500_mut0.03_elite2_tour5,200,500,0.0300,2,5,4,3,6,True,0.0355,2,2,400,9549.40,4623.40,-0.0060
pop200_gen500_mut0.03_elite2_tour5,200,500,0.0300,2,5,4,3,7,True,0.0508,3,3,600,9544.40,4663.40,-0.0170
pop200_gen500_mut0.03_elite2_tour5,200,500,0.0300,2,5,4,3,8,True,0.0366,2,2,400,9544.40,4663.40,-0.0140
pop200_gen500_mut0.03_elite2_tour5,200,500,0.0300,2,5,4,3,9,True,0.0191,1,1,200,9559.40,0.00,0.0000
pop200_gen500_mut0.03_elite2_tour5,200,500,0.0300,2,5,4,3,10,True,0.0324,2,2,400,9549.40,4623.40,-0.0080
pop300_gen500_mut0.03_elite2_tour2,300,500,0.0300,2,2,4,3,1,True,0.0337,1,1,300,9559.40,0.00,0.0000
pop300_gen500_mut0.03_elite2_tour2,300,500,0.0300,2,2,4,3,2,True,0.0798,2,2,600,9554.40,4673.40,-0.0070
pop300_gen500_mut0.03_elite2_tour2,300,500,0.0300,2,2,4,3,3,True,0.0341,1,1,300,9554.00,0.00,0.0000
pop300_gen500_mut0.03_elite2_tour2,300,500,0.0300,2,2,4,3,4,True,0.0678,2,2,600,9563.60,4683.40,-0.0130
pop300_gen500_mut0.03_elite2_tour2,300,500,0.0300,2,2,4,3,5,True,0.0684,2,2,600,9563.60,4683.40,-0.0120
pop300_gen500_mut0.03_elite2_tour2,300,500,0.0300,2,2,4,3,6,True,0.0345,1,1,300,9559.40,0.00,0.0000
pop300_gen500_mut0.03_elite2_tour2,300,500,0.0300,2,2,4,3,7,True,0.0333,1,1,300,9558.60,0.00,0.0000
pop300_gen500_mut0.03_elite2_tour2,300,500,0.0300,2,2,4,3,8,True,0.1016,3,3,900,9563.20,9402.80,-0.0410
pop300_gen500_mut0.03_elite2_tour2,300,500,0.0300,2,2,4,3,9,True,0.0672,2,2,600,9554.00,4628.00,-0.0090
pop300_gen500_mut0.03_elite2_tour2,300,500,0.0300,2,2,4,3,10,True,0.0713,2,2,600,9554.00,4736.40,-0.0140
pop300_gen500_mut0.03_elite2_tour3,300,500,0.0300,2,3,4,3,1,True,0.1381,4,4,1200,9558.60,4743.00,-0.0630
pop300_gen500_mut0.03_elite2_tour3,300,500,0.0300,2,3,4,3,2,True,0.0687,2,2,600,9563.20,4683.40,-0.0210
pop300_gen500_mut0.03_elite2_tour3,300,500,0.0300,2,3,4,3,3,True,0.0686,2,2,600,9563.20,4683.40,-0.0220
pop300_gen500_mut0.03_elite2_tour3,300,500,0.0300,2,3,4,3,4,True,0.0372,1,1,300,9544.80,0.00,0.0000
pop300_gen500_mut0.03_elite2_tour3,300,500,0.0300,2,3,4,3,5,True,0.0669,2,2,600,9563.60,4736.40,-0.0160
pop300_gen500_mut0.03_elite2_tour3,300,500,0.0300,2,3,4,3,6,True,0.0675,2,2,600,9544.40,4663.40,-0.0170
pop300_gen500_mut0.03_elite2_tour3,300,500,0.0300,2,3,4,3,7,True,0.0652,2,2,600,9558.60,4736.40,-0.0180
pop300_gen500_mut0.03_elite2_tour3,300,500,0.0300,2,3,4,3,8,True,0.0709,2,2,600,9554.00,4683.40,-0.0110
pop300_gen500_mut0.03_elite2_tour3,300,500,0.0300,2,3,4,3,9,True,0.0673,2,2,600,9563.60,4736.40,-0.0160
pop300_gen500_mut0.03_elite2_tour3,300,500,0.0300,2,3,4,3,10,True,0.0717,2,2,600,9554.00,4683.40,-0.0150
pop300_gen500_mut0.03_elite2_tour5,300,500,0.0300,2,5,4,3,1,True,0.0684,2,2,600,9060.20,4238.00,-0.0180
pop300_gen500_mut0.03_elite2_tour5,300,500,0.0300,2,5,4,3,2,True,0.1385,4,4,1200,9558.60,4743.00,-0.0760
pop300_gen500_mut0.03_elite2_tour5,300,500,0.0300,2,5,4,3,3,True,0.0359,1,1,300,9554.00,0.00,0.0000
pop300_gen500_mut0.03_elite2_tour5,300,500,0.0300,2,5,4,3,4,True,0.1039,3,3,900,9568.60,9414.80,-0.0660
pop300_gen500_mut0.03_elite2_tour5,300,500,0.0300,2,5,4,3,5,True,0.0355,1,1,300,9559.40,0.00,0.0000
pop300_gen500_mut0.03_elite2_tour5,300,500,0.0300,2,5,4,3,6,True,0.0356,1,1,300,9559.00,0.00,0.0000
pop300_gen500_mut0.03_elite2_tour5,300,500,0.0300,2,5,4,3,7,True,0.0657,2,2,600,9554.40,4673.40,-0.0080
pop300_gen500_mut0.03_elite2_tour5,300,500,0.0300,2,5,4,3,8,True,0.0708,2,2,600,9554.40,4623.40,-0.0100
pop300_gen500_mut0.03_elite2_tour5,300,500,0.0300,2,5,4,3,9,True,0.0330,1,1,300,9558.60,0.00,0.0000
pop300_gen500_mut0.03_elite2_tour5,300,500,0.0300,2,5,4,3,10,True,0.0694,2,2,600,9554.40,4688.40,-0.0170
pop100_gen500_mut0.05_elite2_tour2,100,500,0.0500,2,2,4,3,1,True,0.0574,10,10,1000,9563.20,4803.00,-0.1540
pop100_gen500_mut0.05_elite2_tour2,100,500,0.0500,2,2,4,3,2,True,0.0289,5,5,500,9558.60,4743.00,-0.0780
pop100_gen500_mut0.05_elite2_tour2,100,500,0.0500,2,2,4,3,3,True,0.0123,2,2,200,9559.00,4678.40,-0.0180
pop100_gen500_mut0.05_elite2_tour2,100,500,0.0500,2,2,4,3,4,True,0.0060,1,1,100,9559.40,0.00,0.0000
pop100_gen500_mut0.05_elite2_tour2,100,500,0.0500,2,2,4,3,5,True,0.0302,5,5,500,9554.40,4688.40,-0.1080
pop100_gen500_mut0.05_elite2_tour2,100,500,0.0500,2,2,4,3,6,True,0.0114,2,2,200,9563.60,4736.40,-0.0290
pop100_gen500_mut0.05_elite2_tour2,100,500,0.0500,2,2,4,3,7,True,0.0338,5,5,500,9554.80,4688.80,-0.1040
pop100_gen500_mut0.05_elite2_tour2,100,500,0.0500,2,2,4,3,8,True,0.0156,2,2,200,9559.00,4734.80,-0.0380
pop100_gen500_mut0.05_elite2_tour2,100,500,0.0500,2,2,4,3,9,True,0.0199,3,3,300,9563.20,9412.80,-0.0710
pop100_gen500_mut0.05_elite2_tour2,100,500,0.0500,2,2,4,3,10,True,0.0143,2,2,200,9549.40,4623.40,-0.0150
pop100_gen500_mut0.05_elite2_tour3,100,500,0.0500,2,3,4,3,1,True,0.0289,5,5,500,9559.00,9342.40,-0.0880
pop100_gen500_mut0.05_elite2_tour3,100,500,0.0500,2,3,4,3,2,True,0.0065,1,1,100,9544.80,0.00,0.0000
pop100_gen500_mut0.05_elite2_tour3,100,500,0.0500,2,3,4,3,3,True,0.0177,3,3,300,9568.60,9417.40,-0.0690
pop100_gen500_mut0.05_elite2_tour3,100,500,0.0500,2,3,4,3,4,True,0.0170,3,3,300,9568.60,9414.80,-0.0570
pop100_gen500_mut0.05_elite2_tour3,100,500,0.0500,2,3,4,3,5,True,0.0119,2,2,200,9554.00,4628.00,-0.0170
pop100_gen500_mut0.05_elite2_tour3,100,500,0.0500,2,3,4,3,6,True,0.0062,1,1,100,9559.40,0.00,0.0000
pop100_gen500_mut0.05_elite2_tour3,100,500,0.0500,2,3,4,3,7,True,0.0068,1,1,100,9559.40,0.00,0.0000
pop100_gen500_mut0.05_elite2_tour3,100,500,0.0500,2,3,4,3,8,True,0.0070,1,1,100,9559.40,0.00,0.0000
pop100_gen500_mut0.05_elite2_tour3,100,500,0.0500,2,3,4,3,9,True,0.0123,2,2,200,9554.00,4623.40,-0.0180
pop100_gen500_mut0.05_elite2_tour3,100,500,0.0500,2,3,4,3,10,True,0.0123,2,2,200,9554.00,4623.40,-0.0240
pop100_gen500_mut0.05_elite2_tour5,100,500,0.0500,2,5,4,3,1,True,0.0115,2,2,200,9549.40,4623.40,-0.0120
pop100_gen500_mut0.05_elite2_tour5,100,500,0.0500,2,5,4,3,2,True,0.0122,2,2,200,9554.40,4623.40,-0.0220
pop100_gen500_mut0.05_elite2_tour5,100,500,0.0500,2,5,4,3,3,True,0.0064,1,1,100,9559.40,0.00,0.0000
pop100_gen500_mut0.05_elite2_tour5,100,500,0.0500,2,5,4,3,4,True,0.0119,2,2,200,9554.00,4623.40,-0.0240
pop100_gen500_mut0.05_elite2_tour5,100,500,0.0500,2,5,4,3,5,True,0.0290,5,5,500,9563.60,4803.40,-0.1100
pop100_gen500_mut0.05_elite2_tour5,100,500,0.0500,2,5,4,3,6,True,0.0061,1,1,100,9559.40,0.00,0.0000
pop100_gen500_mut0.05_elite2_tour5,100,500,0.0500,2,5,4,3,7,True,0.0062,1,1,100,9559.40,0.00,0.0000
pop100_gen500_mut0.05_elite2_tour5,100,500,0.0500,2,5,4,3,8,True,0.0119,2,2,200,9554.00,4683.40,-0.0270
pop100_gen500_mut0.05_elite2_tour5,100,500,0.0500,2,5,4,3,9,True,0.0129,2,2,200,9554.40,4673.40,-0.0120
pop100_gen500_mut0.05_elite2_tour5,100,500,0.0500,2,5,4,3,10,True,0.0185,3,3,300,9554.00,4623.40,-0.0300
pop200_gen500_mut0.05_elite2_tour2,200,500,0.0500,2,2,4,3,1,True,0.0511,3,3,600,9559.00,4801.40,-0.0340
pop200_gen500_mut0.05_elite2_tour2,200,500,0.0500,2,2,4,3,2,True,0.0164,1,1,200,9559.00,0.00,0.0000
pop200_gen500_mut0.05_elite2_tour2,200,500,0.0500,2,2,4,3,3,True,0.0685,4,4,800,9554.40,4688.40,-0.0780
pop200_gen500_mut0.05_elite2_tour2,200,500,0.0500,2,2,4,3,4,True,0.0368,2,2,400,9554.40,4623.40,-0.0220
pop200_gen500_mut0.05_elite2_tour2,200,500,0.0500,2,2,4,3,5,True,0.0361,2,2,400,9549.40,4623.40,-0.0100
pop200_gen500_mut0.05_elite2_tour2,200,500,0.0500,2,2,4,3,6,True,0.0379,2,2,400,9558.20,4627.60,-0.0200
pop200_gen500_mut0.05_elite2_tour2,200,500,0.0500,2,2,4,3,7,True,0.0329,2,2,400,9060.20,4238.00,-0.0210
pop200_gen500_mut0.05_elite2_tour2,200,500,0.0500,2,2,4,3,8,True,0.0370,2,2,400,9544.40,4663.40,-0.0260
pop200_gen500_mut0.05_elite2_tour2,200,500,0.0500,2,2,4,3,9,True,0.0170,1,1,200,9554.00,0.00,0.0000
pop200_gen500_mut0.05_elite2_tour2,200,500,0.0500,2,2,4,3,10,True,0.0196,1,1,200,9559.40,0.00,0.0000
pop200_gen500_mut0.05_elite2_tour3,200,500,0.0500,2,3,4,3,1,True,0.0517,3,3,600,9568.60,9414.80,-0.0610
pop200_gen500_mut0.05_elite2_tour3,200,500,0.0500,2,3,4,3,2,True,0.0189,1,1,200,9559.40,0.00,0.0000
pop200_gen500_mut0.05_elite2_tour3,200,500,0.0500,2,3,4,3,3,True,0.0162,1,1,200,9544.40,0.00,0.0000
pop200_gen500_mut0.05_elite2_tour3,200,500,0.0500,2,3,4,3,4,True,0.0177,1,1,200,9554.00,0.00,0.0000
pop200_gen500_mut0.05_elite2_tour3,200,500,0.0500,2,3,4,3,5,True,0.0538,3,3,600,9558.60,4743.00,-0.0580
pop200_gen500_mut0.05_elite2_tour3,200,500,0.0500,2,3,4,3,6,True,0.0356,2,2,400,9558.60,4736.40,-0.0260
pop200_gen500_mut0.05_elite2_tour3,200,500,0.0500,2,3,4,3,7,True,0.0530,3,3,600,9559.00,4628.00,-0.0320
pop200_gen500_mut0.05_elite2_tour3,200,500,0.0500,2,3,4,3,8,True,0.0170,1,1,200,9559.40,0.00,0.0000
pop200_gen500_mut0.05_elite2_tour3,200,500,0.0500,2,3,4,3,9,True,0.0349,2,2,400,9554.40,4623.40,-0.0190
pop200_gen500_mut0.05_elite2_tour3,200,500,0.0500,2,3,4,3,10,True,0.0345,2,2,400,9544.40,4663.40,-0.0160
pop200_gen500_mut0.05_elite2_tour5,200,500,0.0500,2,5,4,3,1,True,0.0496,3,3,600,9568.60,9407.80,-0.0690
pop200_gen500_mut0.05_elite2_tour5,200,500,0.0500,2,5,4,3,2,True,0.0171,1,1,200,9559.00,0.00,0.0000
pop200_gen500_mut0.05_elite2_tour5,200,500,0.0500,2,5,4,3,3,True,0.0167,1,1,200,9559.40,0.00,0.0000
pop200_gen500_mut0.05_elite2_tour5,200,500,0.0500,2,5,4,3,4,True,0.0369,2,2,400,9554.00,4623.40,-0.0200
pop200_gen500_mut0.05_elite2_tour5,200,500,0.0500,2,5,4,3,5,True,0.0751,4,4,800,9563.60,4806.00,-0.0700
pop200_gen500_mut0.05_elite2_tour5,200,500,0.0500,2,5,4,3,6,True,0.0538,3,3,600,9554.40,4688.40,-0.0650
pop200_gen500_mut0.05_elite2_tour5,200,500,0.0500,2,5,4,3,7,True,0.0336,2,2,400,9559.00,4678.40,-0.0180
pop200_gen500_mut0.05_elite2_tour5,200,500,0.0500,2,5,4,3,8,True,0.0340,2,2,400,9568.60,4746.40,-0.0270
pop200_gen500_mut0.05_elite2_tour5,200,500,0.0500,2,5,4,3,9,True,0.0346,2,2,400,9554.00,4683.40,-0.0230
pop200_gen500_mut0.05_elite2_tour5,200,500,0.0500,2,5,4,3,10,True,0.0347,2,2,400,9554.00,4623.40,-0.0270
pop300_gen500_mut0.05_elite2_tour2,300,500,0.0500,2,2,4,3,1,True,0.0806,2,2,600,9554.00,4628.00,-0.0110
pop300_gen500_mut0.05_elite2_tour2,300,500,0.0500,2,2,4,3,2,True,0.0770,2,2,600,9544.40,4663.40,-0.0240
pop300_gen500_mut0.05_elite2_tour2,300,500,0.0500,2,2,4,3,3,True,0.0794,2,2,600,9554.40,4673.40,-0.0130
pop300_gen500_mut0.05_elite2_tour2,300,500,0.0500,2,2,4,3,4,True,0.0657,2,2,600,9563.60,4736.40,-0.0330
pop300_gen500_mut0.05_elite2_tour2,300,500,0.0500,2,2,4,3,5,True,0.0691,2,2,600,9559.00,4801.40,-0.0240
pop300_gen500_mut0.05_elite2_tour2,300,500,0.0500,2,2,4,3,6,True,0.0682,2,2,600,9544.40,4663.40,-0.0260
pop300_gen500_mut0.05_elite2_tour2,300,500,0.0500,2,2,4,3,7,True,0.0338,1,1,300,9549.40,0.00,0.0000
pop300_gen500_mut0.05_elite2_tour2,300,500,0.0500,2,2,4,3,8,True,0.0673,2,2,600,9558.60,4736.40,-0.0310
pop300_gen500_mut0.05_elite2_tour2,300,500,0.0500,2,2,4,3,9,True,0.0334,1,1,300,9544.80,0.00,0.0000
pop300_gen500_mut0.05_elite2_tour2,300,500,0.0500,2,2,4,3,10,True,0.0707,2,2,600,9559.00,4628.00,-0.0200
pop300_gen500_mut0.05_elite2_tour3,300,500,0.0500,2,3,4,3,1,True,0.0678,2,2,600,9563.20,4683.40,-0.0300
pop300_gen500_mut0.05_elite2_tour3,300,500,0.0500,2,3,4,3,2,True,0.0678,2,2,600,9558.20,4671.40,-0.0290
pop300_gen500_mut0.05_elite2_tour3,300,500,0.0500,2,3,4,3,3,True,0.0380,1,1,300,9559.40,0.00,0.0000
pop300_gen500_mut0.05_elite2_tour3,300,500,0.0500,2,3,4,3,4,True,0.0706,2,2,600,9559.00,4628.00,-0.0180
pop300_gen500_mut0.05_elite2_tour3,300,500,0.0500,2,3,4,3,5,True,0.0697,2,2,600,9558.60,4734.40,-0.0380
pop300_gen500_mut0.05_elite2_tour3,300,500,0.0500,2,3,4,3,6,True,0.0338,1,1,300,9559.40,0.00,0.0000
pop300_gen500_mut0.05_elite2_tour3,300,500,0.0500,2,3,4,3,7,True,0.0688,2,2,600,9563.60,4683.40,-0.0230
pop300_gen500_mut0.05_elite2_tour3,300,500,0.0500,2,3,4,3,8,True,0.1115,3,3,900,9563.60,9409.80,-0.0710
pop300_gen500_mut0.05_elite2_tour3,300,500,0.0500,2,3,4,3,9,True,0.1031,3,3,900,9563.60,4738.40,-0.0570
pop300_gen500_mut0.05_elite2_tour3,300,500,0.0500,2,3,4,3,10,True,0.0343,1,1,300,9554.00,0.00,0.0000
pop300_gen500_mut0.05_elite2_tour5,300,500,0.0500,2,5,4,3,1,True,0.0673,2,2,600,9060.20,4238.00,-0.0270
pop300_gen500_mut0.05_elite2_tour5,300,500,0.0500,2,5,4,3,2,True,0.0994,3,3,900,9563.20,9412.80,-0.0730
pop300_gen500_mut0.05_elite2_tour5,300,500,0.0500,2,5,4,3,3,True,0.0686,2,2,600,9559.00,4678.40,-0.0180
pop300_gen500_mut0.05_elite2_tour5,300,500,0.0500,2,5,4,3,4,True,0.0355,1,1,300,9559.40,0.00,0.0000
pop300_gen500_mut0.05_elite2_tour5,300,500,0.0500,2,5,4,3,5,True,0.0713,2,2,600,9558.60,4736.40,-0.0300
pop300_gen500_mut0.05_elite2_tour5,300,500,0.0500,2,5,4,3,6,True,0.1364,4,4,1200,9563.60,4803.40,-0.1170
pop300_gen500_mut0.05_elite2_tour5,300,500,0.0500,2,5,4,3,7,True,0.0720,2,2,600,9554.40,4683.80,-0.0240
pop300_gen500_mut0.05_elite2_tour5,300,500,0.0500,2,5,4,3,8,True,0.0691,2,2,600,9554.40,4623.40,-0.0200
pop300_gen500_mut0.05_elite2_tour5,300,500,0.0500,2,5,4,3,9,True,0.1428,4,4,1200,9554.80,4688.80,-0.1040
pop300_gen500_mut0.05_elite2_tour5,300,500,0.0500,2,5,4,3,10,True,0.0675,2,2,600,9563.60,4736.40,-0.0250
pop100_gen1000_mut0.01_elite2_tour2,100,1000,0.0100,2,2,4,3,1,True,0.0058,1,1,100,9559.40,0.00,0.0000
pop100_gen1000_mut0.01_elite2_tour2,100,1000,0.0100,2,2,4,3,2,True,0.0223,4,4,400,9558.60,4736.40,-0.0230
pop100_gen1000_mut0.01_elite2_tour2,100,1000,0.0100,2,2,4,3,3,True,0.0392,6,6,600,9559.00,4801.40,-0.0440
pop100_gen1000_mut0.01_elite2_tour2,100,1000,0.0100,2,2,4,3,4,True,0.0253,4,4,400,9554.40,4623.40,-0.0090
pop100_gen1000_mut0.01_elite2_tour2,100,1000,0.0100,2,2,4,3,5,True,0.0362,6,6,600,9554.40,4688.40,-0.0380
pop100_gen1000_mut0.01_elite2_tour2,100,1000,0.0100,2,2,4,3,6,True,0.0899,16,16,1600,9563.20,4803.00,-0.0290
pop100_gen1000_mut0.01_elite2_tour2,100,1000,0.0100,2,2,4,3,7,True,0.0058,1,1,100,9559.40,0.00,0.0000
pop100_gen1000_mut0.01_elite2_tour2,100,1000,0.0100,2,2,4,3,8,True,0.0332,6,6,600,9563.20,9402.80,-0.0610
pop100_gen1000_mut0.01_elite2_tour2,100,1000,0.0100,2,2,4,3,9,True,0.0411,7,7,700,9563.60,9412.80,-0.0760
pop100_gen1000_mut0.01_elite2_tour2,100,1000,0.0100,2,2,4,3,10,True,0.0057,1,1,100,9558.60,0.00,0.0000
pop100_gen1000_mut0.01_elite2_tour3,100,1000,0.0100,2,3,4,3,1,True,0.0067,1,1,100,9559.40,0.00,0.0000
pop100_gen1000_mut0.01_elite2_tour3,100,1000,0.0100,2,3,4,3,2,True,0.0403,7,7,700,9554.40,4683.80,-0.0120
pop100_gen1000_mut0.01_elite2_tour3,100,1000,0.0100,2,3,4,3,3,True,0.0289,5,5,500,9563.60,4736.40,-0.0640
pop100_gen1000_mut0.01_elite2_tour3,100,1000,0.0100,2,3,4,3,4,True,0.0056,1,1,100,9558.60,0.00,0.0000
pop100_gen1000_mut0.01_elite2_tour3,100,1000,0.0100,2,3,4,3,5,True,0.0069,1,1,100,9559.40,0.00,0.0000
pop100_gen1000_mut0.01_elite2_tour3,100,1000,0.0100,2,3,4,3,6,True,0.0237,4,4,400,9554.00,4623.40,-0.0100
pop100_gen1000_mut0.01_elite2_tour3,100,1000,0.0100,2,3,4,3,7,True,0.0610,11,11,1100,9563.60,9409.80,-0.0060
pop100_gen1000_mut0.01_elite2_tour3,100,1000,0.0100,2,3,4,3,8,True,0.0808,14,14,1400,9559.00,4798.80,-0.0280
pop100_gen1000_mut0.01_elite2_tour3,100,1000,0.0100,2,3,4,3,9,True,0.0231,4,4,400,9563.20,4683.40,-0.0250
pop100_gen1000_mut0.01_elite2_tour3,100,1000,0.0100,2,3,4,3,10,True,0.0113,2,2,200,9568.60,4741.40,-0.0070
pop100_gen1000_mut0.01_elite2_tour5,100,1000,0.0100,2,5,4,3,1,True,0.0234,4,4,400,9568.60,9417.40,-0.0610
pop100_gen1000_mut0.01_elite2_tour5,100,1000,0.0100,2,5,4,3,2,True,0.0058,1,1,100,9559.40,0.00,0.0000
pop100_gen1000_mut0.01_elite2_tour5,100,1000,0.0100,2,5,4,3,3,True,0.0060,1,1,100,9554.00,0.00,0.0000
pop100_gen1000_mut0.01_elite2_tour5,100,1000,0.0100,2,5,4,3,4,True,0.0058,1,1,100,9559.40,0.00,0.0000
pop100_gen1000_mut0.01_elite2_tour5,100,1000,0.0100,2,5,4,3,5,True,0.0064,1,1,100,9554.00,0.00,0.0000
pop100_gen1000_mut0.01_elite2_tour5,100,1000,0.0100,2,5,4,3,6,True,0.0327,6,6,600,9568.60,9482.80,-0.0900
pop100_gen1000_mut0.01_elite2_tour5,100,1000,0.0100,2,5,4,3,7,True,0.0140,2,2,200,9558.60,4736.40,-0.0050
pop100_gen1000_mut0.01_elite2_tour5,100,1000,0.0100,2,5,4,3,8,True,0.0176,3,3,300,9558.60,4736.40,-0.0170
pop100_gen1000_mut0.01_elite2_tour5,100,1000,0.0100,2,5,4,3,9,True,0.0056,1,1,100,9559.00,0.00,0.0000
pop100_gen1000_mut0.01_elite2_tour5,100,1000,0.0100,2,5,4,3,10,True,0.0305,5,5,500,9554.40,4738.00,-0.0900
pop200_gen1000_mut0.01_elite2_tour2,200,1000,0.0100,2,2,4,3,1,True,0.0335,2,2,400,9558.60,4736.40,-0.0040
pop200_gen1000_mut0.01_elite2_tour2,200,1000,0.0100,2,2,4,3,2,True,0.0360,2,2,400,9554.40,4623.40,-0.0030
pop200_gen1000_mut0.01_elite2_tour2,200,1000,0.0100,2,2,4,3,3,True,0.0347,2,2,400,9554.00,4683.40,-0.0050
pop200_gen1000_mut0.01_elite2_tour2,200,1000,0.0100,2,2,4,3,4,True,0.0336,2,2,400,9554.40,4623.40,-0.0030
pop200_gen1000_mut0.01_elite2_tour2,200,1000,0.0100,2,2,4,3,5,True,0.0191,1,1,200,9559.40,0.00,0.0000
pop200_gen1000_mut0.01_elite2_tour2,200,1000,0.0100,2,2,4,3,6,True,0.0171,1,1,200,9559.40,0.00,0.0000
pop200_gen1000_mut0.01_elite2_tour2,200,1000,0.0100,2,2,4,3,7,True,0.0172,1,1,200,9559.40,0.00,0.0000
pop200_gen1000_mut0.01_elite2_tour2,200,1000,0.0100,2,2,4,3,8,True,0.1016,6,6,1200,9558.60,4743.00,-0.0560
pop200_gen1000_mut0.01_elite2_tour2,200,1000,0.0100,2,2,4,3,9,True,0.0336,2,2,400,9554.00,4736.40,-0.0070
pop200_gen1000_mut0.01_elite2_tour2,200,1000,0.0100,2,2,4,3,10,True,0.0544,3,3,600,9554.00,4623.40,-0.0060
pop200_gen1000_mut0.01_elite2_tour3,200,1000,0.0100,2,3,4,3,1,True,0.0341,2,2,400,9559.00,4678.40,-0.0090
pop200_gen1000_mut0.01_elite2_tour3,200,1000,0.0100,2,3,4,3,2,True,0.0320,2,2,400,9558.60,4736.40,-0.0060
pop200_gen1000_mut0.01_elite2_tour3,200,1000,0.0100,2,3,4,3,3,True,0.0888,5,5,1000,9558.60,4743.00,-0.0690
pop200_gen1000_mut0.01_elite2_tour3,200,1000,0.0100,2,3,4,3,4,True,0.0334,2,2,400,9558.60,4736.40,-0.0060
pop200_gen1000_mut0.01_elite2_tour3,200,1000,0.0100,2,3,4,3,5,True,0.0379,2,2,400,9554.40,4623.40,-0.0060
pop200_gen1000_mut0.01_elite2_tour3,200,1000,0.0100,2,3,4,3,6,True,0.0167,1,1,200,9558.60,0.00,0.0000
pop200_gen1000_mut0.01_elite2_tour3,200,1000,0.0100,2,3,4,3,7,True,0.0170,1,1,200,9559.00,0.00,0.0000
pop200_gen1000_mut0.01_elite2_tour3,200,1000,0.0100,2,3,4,3,8,True,0.0363,2,2,400,9059.80,4173.00,-0.0080
pop200_gen1000_mut0.01_elite2_tour3,200,1000,0.0100,2,3,4,3,9,True,0.0328,2,2,400,9549.40,4623.40,-0.0020
pop200_gen1000_mut0.01_elite2_tour3,200,1000,0.0100,2,3,4,3,10,True,0.0180,1,1,200,9554.80,0.00,0.0000
pop200_gen1000_mut0.01_elite2_tour5,200,1000,0.0100,2,5,4,3,1,True,0.0336,2,2,400,9549.40,4623.40,-0.0020
pop200_gen1000_mut0.01_elite2_tour5,200,1000,0.0100,2,5,4,3,2,True,0.0354,2,2,400,9554.00,4683.40,-0.0060
pop200_gen1000_mut0.01_elite2_tour5,200,1000,0.0100,2,5,4,3,3,True,0.0174,1,1,200,9559.40,0.00,0.0000
pop200_gen1000_mut0.01_elite2_tour5,200,1000,0.0100,2,5,4,3,4,True,0.0690,4,4,800,9554.40,4673.40,-0.0260
pop200_gen1000_mut0.01_elite2_tour5,200,1000,0.0100,2,5,4,3,5,True,0.0171,1,1,200,9549.40,0.00,0.0000
pop200_gen1000_mut0.01_elite2_tour5,200,1000,0.0100,2,5,4,3,6,True,0.0340,2,2,400,9549.40,4623.40,-0.0030
pop200_gen1000_mut0.01_elite2_tour5,200,1000,0.0100,2,5,4,3,7,True,0.0364,2,2,400,9554.40,4623.40,-0.0040
pop200_gen1000_mut0.01_elite2_tour5,200,1000,0.0100,2,5,4,3,8,True,0.0178,1,1,200,9558.60,0.00,0.0000
pop200_gen1000_mut0.01_elite2_tour5,200,1000,0.0100,2,5,4,3,9,True,0.0667,4,4,800,9568.60,9482.80,-0.0660
pop200_gen1000_mut0.01_elite2_tour5,200,1000,0.0100,2,5,4,3,10,True,0.0999,6,6,1200,9559.40,4693.40,-0.0940
pop300_gen1000_mut0.01_elite2_tour2,300,1000,0.0100,2,2,4,3,1,True,0.0354,1,1,300,9544.80,0.00,0.0000
pop300_gen1000_mut0.01_elite2_tour2,300,1000,0.0100,2,2,4,3,2,True,0.0684,2,2,600,9554.40,4623.40,-0.0030
pop300_gen1000_mut0.01_elite2_tour2,300,1000,0.0100,2,2,4,3,3,True,0.2041,6,6,1800,9554.40,4688.40,-0.0530
pop300_gen1000_mut0.01_elite2_tour2,300,1000,0.0100,2,2,4,3,4,True,0.1366,4,4,1200,9544.40,4663.40,-0.0140
pop300_gen1000_mut0.01_elite2_tour2,300,1000,0.0100,2,2,4,3,5,True,0.1006,3,3,900,9563.60,4683.40,-0.0150
pop300_gen1000_mut0.01_elite2_tour2,300,1000,0.0100,2,2,4,3,6,True,0.0677,2,2,600,9559.00,4678.40,-0.0050
pop300_gen1000_mut0.01_elite2_tour2,300,1000,0.0100,2,2,4,3,7,True,0.0350,1,1,300,9554.80,0.00,0.0000
pop300_gen1000_mut0.01_elite2_tour2,300,1000,0.0100,2,2,4,3,8,True,0.2328,7,7,2100,9568.60,9482.80,-0.0570
pop300_gen1000_mut0.01_elite2_tour2,300,1000,0.0100,2,2,4,3,9,True,0.1716,5,5,1500,9554.40,4688.40,-0.0190
pop300_gen1000_mut0.01_elite2_tour2,300,1000,0.0100,2,2,4,3,10,True,0.1428,4,4,1200,9563.20,9412.80,-0.0190
pop300_gen1000_mut0.01_elite2_tour3,300,1000,0.0100,2,3,4,3,1,True,0.1436,4,4,1200,9554.40,4688.40,-0.0330
pop300_gen1000_mut0.01_elite2_tour3,300,1000,0.0100,2,3,4,3,2,True,0.0391,1,1,300,9544.80,0.00,0.0000
pop300_gen1000_mut0.01_elite2_tour3,300,1000,0.0100,2,3,4,3,3,True,0.0371,1,1,300,9554.00,0.00,0.0000
pop300_gen1000_mut0.01_elite2_tour3,300,1000,0.0100,2,3,4,3,4,True,0.0357,1,1,300,9559.40,0.00,0.0000
pop300_gen1000_mut0.01_elite2_tour3,300,1000,0.0100,2,3,4,3,5,True,0.0347,1,1,300,9559.40,0.00,0.0000
pop300_gen1000_mut0.01_elite2_tour3,300,1000,0.0100,2,3,4,3,6,True,0.0765,2,2,600,9554.40,4673.40,-0.0030
pop300_gen1000_mut0.01_elite2_tour3,300,1000,0.0100,2,3,4,3,7,True,0.2368,7,7,2100,9563.60,4806.00,-0.0720
pop300_gen1000_mut0.01_elite2_tour3,300,1000,0.0100,2,3,4,3,8,True,0.0676,2,2,600,9554.00,4736.40,-0.0050
pop300_gen1000_mut0.01_elite2_tour3,300,1000,0.0100,2,3,4,3,9,True,0.0677,2,2,600,9563.60,4736.40,-0.0050
pop300_gen1000_mut0.01_elite2_tour3,300,1000,0.0100,2,3,4,3,10,True,0.0339,1,1,300,9559.40,0.00,0.0000
pop300_gen1000_mut0.01_elite2_tour5,300,1000,0.0100,2,5,4,3,1,True,0.1778,5,5,1500,9559.00,4801.40,-0.0610
pop300_gen1000_mut0.01_elite2_tour5,300,1000,0.0100,2,5,4,3,2,True,0.1729,5,5,1500,9554.40,4688.40,-0.0810
pop300_gen1000_mut0.01_elite2_tour5,300,1000,0.0100,2,5,4,3,3,True,0.0337,1,1,300,9559.40,0.00,0.0000
pop300_gen1000_mut0.01_elite2_tour5,300,1000,0.0100,2,5,4,3,4,True,0.0717,2,2,600,9563.60,4736.40,-0.0040
pop300_gen1000_mut0.01_elite2_tour5,300,1000,0.0100,2,5,4,3,5,True,0.1032,3,3,900,9558.20,4627.60,-0.0070
pop300_gen1000_mut0.01_elite2_tour5,300,1000,0.0100,2,5,4,3,6,True,0.0336,1,1,300,9558.60,0.00,0.0000
pop300_gen1000_mut0.01_elite2_tour5,300,1000,0.0100,2,5,4,3,7,True,0.0351,1,1,300,9559.40,0.00,0.0000
pop300_gen1000_mut0.01_elite2_tour5,300,1000,0.0100,2,5,4,3,8,True,0.0681,2,2,600,9554.40,4623.40,-0.0050
pop300_gen1000_mut0.01_elite2_tour5,300,1000,0.0100,2,5,4,3,9,True,0.0680,2,2,600,9554.00,4683.40,-0.0080
pop300_gen1000_mut0.01_elite2_tour5,300,1000,0.0100,2,5,4,3,10,True,0.0675,2,2,600,9060.20,4238.00,-0.0070
pop100_gen1000_mut0.03_elite2_tour2,100,1000,0.0300,2,2,4,3,1,True,0.0056,1,1,100,9549.80,0.00,0.0000
pop100_gen1000_mut0.03_elite2_tour2,100,1000,0.0300,2,2,4,3,2,True,0.0137,2,2,200,9563.20,4683.40,-0.0210
pop100_gen1000_mut0.03_elite2_tour2,100,1000,0.0300,2,2,4,3,3,True,0.0067,1,1,100,9559.40,0.00,0.0000
pop100_gen1000_mut0.03_elite2_tour2,100,1000,0.0300,2,2,4,3,4,True,0.0123,2,2,200,9554.00,4623.40,-0.0150
pop100_gen1000_mut0.03_elite2_tour2,100,1000,0.0300,2,2,4,3,5,True,0.0305,5,5,500,9568.60,9417.40,-0.0920
pop100_gen1000_mut0.03_elite2_tour2,100,1000,0.0300,2,2,4,3,6,True,0.0106,2,2,200,9563.20,9412.80,-0.0230
pop100_gen1000_mut0.03_elite2_tour2,100,1000,0.0300,2,2,4,3,7,True,0.0058,1,1,100,9554.80,0.00,0.0000
pop100_gen1000_mut0.03_elite2_tour2,100,1000,0.0300,2,2,4,3,8,True,0.0114,2,2,200,9544.40,4663.40,-0.0110
pop100_gen1000_mut0.03_elite2_tour2,100,1000,0.0300,2,2,4,3,9,True,0.0058,1,1,100,9559.40,0.00,0.0000
pop100_gen1000_mut0.03_elite2_tour2,100,1000,0.0300,2,2,4,3,10,True,0.0225,4,4,400,9568.60,9407.80,-0.0560
pop100_gen1000_mut0.03_elite2_tour3,100,1000,0.0300,2,3,4,3,1,True,0.0062,1,1,100,9554.00,0.00,0.0000
pop100_gen1000_mut0.03_elite2_tour3,100,1000,0.0300,2,3,4,3,2,True,0.0056,1,1,100,9559.00,0.00,0.0000
pop100_gen1000_mut0.03_elite2_tour3,100,1000,0.0300,2,3,4,3,3,True,0.0227,4,4,400,9568.20,9417.40,-0.1070
pop100_gen1000_mut0.03_elite2_tour3,100,1000,0.0300,2,3,4,3,4,True,0.0062,1,1,100,9559.40,0.00,0.0000
pop100_gen1000_mut0.03_elite2_tour3,100,1000,0.0300,2,3,4,3,5,True,0.0058,1,1,100,9559.40,0.00,0.0000
pop100_gen1000_mut0.03_elite2_tour3,100,1000,0.0300,2,3,4,3,6,True,0.0056,1,1,100,9559.40,0.00,0.0000
pop100_gen1000_mut0.03_elite2_tour3,100,1000,0.0300,2,3,4,3,7,True,0.0117,2,2,200,9549.00,4668.00,-0.0120
pop100_gen1000_mut0.03_elite2_tour3,100,1000,0.0300,2,3,4,3,8,True,0.0062,1,1,100,9559.00,0.00,0.0000
pop100_gen1000_mut0.03_elite2_tour3,100,1000,0.0300,2,3,4,3,9,True,0.0118,2,2,200,9558.60,4736.40,-0.0270
pop100_gen1000_mut0.03_elite2_tour3,100,1000,0.0300,2,3,4,3,10,True,0.0220,4,4,400,9563.60,4741.40,-0.0310
pop100_gen1000_mut0.03_elite2_tour5,100,1000,0.0300,2,5,4,3,1,True,0.0232,4,4,400,9554.80,4688.80,-0.0850
pop100_gen1000_mut0.03_elite2_tour5,100,1000,0.0300,2,5,4,3,2,True,0.0136,2,2,200,9554.00,4683.40,-0.0150
pop100_gen1000_mut0.03_elite2_tour5,100,1000,0.0300,2,5,4,3,3,True,0.0068,1,1,100,9559.40,0.00,0.0000
pop100_gen1000_mut0.03_elite2_tour5,100,1000,0.0300,2,5,4,3,4,True,0.0122,2,2,200,9563.60,4736.40,-0.0190
pop100_gen1000_mut0.03_elite2_tour5,100,1000,0.0300,2,5,4,3,5,True,0.0056,1,1,100,9559.40,0.00,0.0000
pop100_gen1000_mut0.03_elite2_tour5,100,1000,0.0300,2,5,4,3,6,True,0.0232,4,4,400,9559.00,4693.00,-0.1080
pop100_gen1000_mut0.03_elite2_tour5,100,1000,0.0300,2,5,4,3,7,True,0.0136,2,2,200,9554.40,4683.80,-0.0200
pop100_gen1000_mut0.03_elite2_tour5,100,1000,0.0300,2,5,4,3,8,True,0.0168,3,3,300,9563.20,9412.80,-0.0490
pop100_gen1000_mut0.03_elite2_tour5,100,1000,0.0300,2,5,4,3,9,True,0.0178,3,3,300,9558.60,4736.40,-0.0240
pop100_gen1000_mut0.03_elite2_tour5,100,1000,0.0300,2,5,4,3,10,True,0.0177,3,3,300,9563.60,9409.80,-0.0750
pop200_gen1000_mut0.03_elite2_tour2,200,1000,0.0300,2,2,4,3,1,True,0.0427,2,2,400,9549.40,4623.40,-0.0060
pop200_gen1000_mut0.03_elite2_tour2,200,1000,0.0300,2,2,4,3,2,True,0.0397,2,2,400,9554.40,4683.80,-0.0160
pop200_gen1000_mut0.03_elite2_tour2,200,1000,0.0300,2,2,4,3,3,True,0.1138,5,5,1000,9558.60,4743.00,-0.0620
pop200_gen1000_mut0.03_elite2_tour2,200,1000,0.0300,2,2,4,3,4,True,0.1164,5,5,1000,9558.60,4743.00,-0.0530
pop200_gen1000_mut0.03_elite2_tour2,200,1000,0.0300,2,2,4,3,5,True,0.0425,2,2,400,9563.60,4683.40,-0.0140
pop200_gen1000_mut0.03_elite2_tour2,200,1000,0.0300,2,2,4,3,6,True,0.0709,3,3,600,9563.60,9412.80,-0.0310
pop200_gen1000_mut0.03_elite2_tour2,200,1000,0.0300,2,2,4,3,7,True,0.0236,1,1,200,9559.40,0.00,0.0000
pop200_gen1000_mut0.03_elite2_tour2,200,1000,0.0300,2,2,4,3,8,True,0.0406,2,2,400,9549.40,4623.40,-0.0070
pop200_gen1000_mut0.03_elite2_tour2,200,1000,0.0300,2,2,4,3,9,True,0.0195,1,1,200,9559.40,0.00,0.0000
pop200_gen1000_mut0.03_elite2_tour2,200,1000,0.0300,2,2,4,3,10,True,0.0669,3,3,600,9563.20,9412.80,-0.0410
pop200_gen1000_mut0.03_elite2_tour3,200,1000,0.0300,2,3,4,3,1,True,0.0180,1,1,200,9554.00,0.00,0.0000
pop200_gen1000_mut0.03_elite2_tour3,200,1000,0.0300,2,3,4,3,2,True,0.0446,2,2,400,9554.00,4736.40,-0.0170
pop200_gen1000_mut0.03_elite2_tour3,200,1000,0.0300,2,3,4,3,3,True,0.0403,2,2,400,9554.40,4673.40,-0.0060
pop200_gen1000_mut0.03_elite2_tour3,200,1000,0.0300,2,3,4,3,4,True,0.1221,5,5,1000,9559.00,4801.40,-0.0590
pop200_gen1000_mut0.03_elite2_tour3,200,1000,0.0300,2,3,4,3,5,True,0.0414,2,2,400,9563.60,4683.40,-0.0180
pop200_gen1000_mut0.03_elite2_tour3,200,1000,0.0300,2,3,4,3,6,True,0.0230,1,1,200,9559.00,0.00,0.0000
pop200_gen1000_mut0.03_elite2_tour3,200,1000,0.0300,2,3,4,3,7,True,0.0241,1,1,200,9559.40,0.00,0.0000
pop200_gen1000_mut0.03_elite2_tour3,200,1000,0.0300,2,3,4,3,8,True,0.1532,8,8,1600,9563.60,4803.40,-0.1450
pop200_gen1000_mut0.03_elite2_tour3,200,1000,0.0300,2,3,4,3,9,True,0.0684,4,4,800,9568.20,9417.40,-0.1010
pop200_gen1000_mut0.03_elite2_tour3,200,1000,0.0300,2,3,4,3,10,True,0.0685,4,4,800,9568.60,9414.80,-0.0790
pop200_gen1000_mut0.03_elite2_tour5,200,1000,0.0300,2,5,4,3,1,True,0.0167,1,1,200,9544.40,0.00,0.0000
pop200_gen1000_mut0.03_elite2_tour5,200,1000,0.0300,2,5,4,3,2,True,0.0528,3,3,600,9568.60,9482.80,-0.0580
pop200_gen1000_mut0.03_elite2_tour5,200,1000,0.0300,2,5,4,3,3,True,0.0170,1,1,200,9559.40,0.00,0.0000
pop200_gen1000_mut0.03_elite2_tour5,200,1000,0.0300,2,5,4,3,4,True,0.0359,2,2,400,9554.00,4623.40,-0.0160
pop200_gen1000_mut0.03_elite2_tour5,200,1000,0.0300,2,5,4,3,5,True,0.0368,2,2,400,9554.40,4623.40,-0.0170
pop200_gen1000_mut0.03_elite2_tour5,200,1000,0.0300,2,5,4,3,6,True,0.1409,8,8,1600,9559.00,4798.80,-0.0610
pop200_gen1000_mut0.03_elite2_tour5,200,1000,0.0300,2,5,4,3,7,True,0.0679,4,4,800,9563.60,4738.40,-0.1010
pop200_gen1000_mut0.03_elite2_tour5,200,1000,0.0300,2,5,4,3,8,True,0.0350,2,2,400,9568.60,4741.40,-0.0170
pop200_gen1000_mut0.03_elite2_tour5,200,1000,0.0300,2,5,4,3,9,True,0.0343,2,2,400,9544.40,4663.40,-0.0180
pop200_gen1000_mut0.03_elite2_tour5,200,1000,0.0300,2,5,4,3,10,True,0.0175,1,1,200,9559.40,0.00,0.0000
pop300_gen1000_mut0.03_elite2_tour2,300,1000,0.0300,2,2,4,3,1,True,0.0680,2,2,600,9563.60,4736.40,-0.0190
pop300_gen1000_mut0.03_elite2_tour2,300,1000,0.0300,2,2,4,3,2,True,0.0373,1,1,300,9559.40,0.00,0.0000
pop300_gen1000_mut0.03_elite2_tour2,300,1000,0.0300,2,2,4,3,3,True,0.2675,7,7,2100,9563.60,4803.40,-0.1390
pop300_gen1000_mut0.03_elite2_tour2,300,1000,0.0300,2,2,4,3,4,True,0.2018,5,5,1500,9563.20,9402.80,-0.0950
pop300_gen1000_mut0.03_elite2_tour2,300,1000,0.0300,2,2,4,3,5,True,0.0360,1,1,300,9559.40,0.00,0.0000
pop300_gen1000_mut0.03_elite2_tour2,300,1000,0.0300,2,2,4,3,6,True,0.0684,2,2,600,9554.00,4736.40,-0.0140
pop300_gen1000_mut0.03_elite2_tour2,300,1000,0.0300,2,2,4,3,7,True,0.0683,2,2,600,9554.00,4736.40,-0.0140
pop300_gen1000_mut0.03_elite2_tour2,300,1000,0.0300,2,2,4,3,8,True,0.0700,2,2,600,9563.60,4741.40,-0.0160
pop300_gen1000_mut0.03_elite2_tour2,300,1000,0.0300,2,2,4,3,9,True,0.0716,2,2,600,9554.00,4683.40,-0.0140
pop300_gen1000_mut0.03_elite2_tour2,300,1000,0.0300,2,2,4,3,10,True,0.0985,3,3,900,9554.40,4688.40,-0.0320
pop300_gen1000_mut0.03_elite2_tour3,300,1000,0.0300,2,3,4,3,1,True,0.1021,3,3,900,9563.60,9412.80,-0.0390
pop300_gen1000_mut0.03_elite2_tour3,300,1000,0.0300,2,3,4,3,2,True,0.0691,2,2,600,9558.60,4736.40,-0.0170
pop300_gen1000_mut0.03_elite2_tour3,300,1000,0.0300,2,3,4,3,3,True,0.0715,2,2,600,9554.00,4683.40,-0.0150
pop300_gen1000_mut0.03_elite2_tour3,300,1000,0.0300,2,3,4,3,4,True,0.0830,2,2,600,9554.00,4736.40,-0.0160
pop300_gen1000_mut0.03_elite2_tour3,300,1000,0.0300,2,3,4,3,5,True,0.0701,2,2,600,9558.60,4736.40,-0.0190
pop300_gen1000_mut0.03_elite2_tour3,300,1000,0.0300,2,3,4,3,6,True,0.0673,2,2,600,9563.60,4736.40,-0.0160
pop300_gen1000_mut0.03_elite2_tour3,300,1000,0.0300,2,3,4,3,7,True,0.0708,2,2,600,9554.40,4623.40,-0.0090
pop300_gen1000_mut0.03_elite2_tour3,300,1000,0.0300,2,3,4,3,8,True,0.1393,4,4,1200,9554.80,4688.80,-0.0770
pop300_gen1000_mut0.03_elite2_tour3,300,1000,0.0300,2,3,4,3,9,True,0.0716,2,2,600,9554.00,4623.40,-0.0120
pop300_gen1000_mut0.03_elite2_tour3,300,1000,0.0300,2,3,4,3,10,True,0.0668,2,2,600,9554.00,4736.40,-0.0180
pop300_gen1000_mut0.03_elite2_tour5,300,1000,0.0300,2,5,4,3,1,True,0.0345,1,1,300,9558.60,0.00,0.0000
pop300_gen1000_mut0.03_elite2_tour5,300,1000,0.0300,2,5,4,3,2,True,0.0714,2,2,600,9554.40,4673.40,-0.0110
pop300_gen1000_mut0.03_elite2_tour5,300,1000,0.0300,2,5,4,3,3,True,0.0664,2,2,600,9559.00,9342.40,-0.0120
pop300_gen1000_mut0.03_elite2_tour5,300,1000,0.0300,2,5,4,3,4,True,0.1041,3,3,900,9559.00,4801.40,-0.0260
pop300_gen1000_mut0.03_elite2_tour5,300,1000,0.0300,2,5,4,3,5,True,0.0345,1,1,300,9559.00,0.00,0.0000
pop300_gen1000_mut0.03_elite2_tour5,300,1000,0.0300,2,5,4,3,6,True,0.1313,4,4,1200,9559.00,4801.40,-0.0630
pop300_gen1000_mut0.03_elite2_tour5,300,1000,0.0300,2,5,4,3,7,True,0.0673,2,2,600,9563.60,4741.40,-0.0180
pop300_gen1000_mut0.03_elite2_tour5,300,1000,0.0300,2,5,4,3,8,True,0.0382,1,1,300,9549.80,0.00,0.0000
pop300_gen1000_mut0.03_elite2_tour5,300,1000,0.0300,2,5,4,3,9,True,0.0824,2,2,600,9563.60,4736.40,-0.0160
pop300_gen1000_mut0.03_elite2_tour5,300,1000,0.0300,2,5,4,3,10,True,0.0702,2,2,600,9544.40,4663.40,-0.0090
pop100_gen1000_mut0.05_elite2_tour2,100,1000,0.0500,2,2,4,3,1,True,0.0217,4,4,400,9568.60,9482.80,-0.1140
pop100_gen1000_mut0.05_elite2_tour2,100,1000,0.0500,2,2,4,3,2,True,0.0124,2,2,200,9559.00,4734.80,-0.0360
pop100_gen1000_mut0.05_elite2_tour2,100,1000,0.0500,2,2,4,3,3,True,0.0289,5,5,500,9568.20,9417.40,-0.1160
pop100_gen1000_mut0.05_elite2_tour2,100,1000,0.0500,2,2,4,3,4,True,0.0334,5,5,500,9559.00,4693.00,-0.1100
pop100_gen1000_mut0.05_elite2_tour2,100,1000,0.0500,2,2,4,3,5,True,0.0060,1,1,100,9559.40,0.00,0.0000
pop100_gen1000_mut0.05_elite2_tour2,100,1000,0.0500,2,2,4,3,6,True,0.0288,5,5,500,9563.60,9412.80,-0.0980
pop100_gen1000_mut0.05_elite2_tour2,100,1000,0.0500,2,2,4,3,7,True,0.0187,3,3,300,9558.60,4743.00,-0.0580
pop100_gen1000_mut0.05_elite2_tour2,100,1000,0.0500,2,2,4,3,8,True,0.0076,1,1,100,9559.40,0.00,0.0000
pop100_gen1000_mut0.05_elite2_tour2,100,1000,0.0500,2,2,4,3,9,True,0.0235,4,4,400,9554.80,4688.80,-0.0930
pop100_gen1000_mut0.05_elite2_tour2,100,1000,0.0500,2,2,4,3,10,True,0.0073,1,1,100,9559.00,0.00,0.0000
pop100_gen1000_mut0.05_elite2_tour3,100,1000,0.0500,2,3,4,3,1,True,0.0199,3,3,300,9558.60,4743.00,-0.0460
pop100_gen1000_mut0.05_elite2_tour3,100,1000,0.0500,2,3,4,3,2,True,0.0117,2,2,200,9554.00,4623.40,-0.0180
pop100_gen1000_mut0.05_elite2_tour3,100,1000,0.0500,2,3,4,3,3,True,0.0056,1,1,100,9554.00,0.00,0.0000
pop100_gen1000_mut0.05_elite2_tour3,100,1000,0.0500,2,3,4,3,4,True,0.0118,2,2,200,9554.00,4683.40,-0.0280
pop100_gen1000_mut0.05_elite2_tour3,100,1000,0.0500,2,3,4,3,5,True,0.0242,4,4,400,9568.60,9407.80,-0.1040
pop100_gen1000_mut0.05_elite2_tour3,100,1000,0.0500,2,3,4,3,6,True,0.0118,2,2,200,9544.40,4663.40,-0.0220
pop100_gen1000_mut0.05_elite2_tour3,100,1000,0.0500,2,3,4,3,7,True,0.0233,4,4,400,9554.40,4688.40,-0.1210
pop100_gen1000_mut0.05_elite2_tour3,100,1000,0.0500,2,3,4,3,8,True,0.0056,1,1,100,9559.00,0.00,0.0000
pop100_gen1000_mut0.05_elite2_tour3,100,1000,0.0500,2,3,4,3,9,True,0.0058,1,1,100,9549.40,0.00,0.0000
pop100_gen1000_mut0.05_elite2_tour3,100,1000,0.0500,2,3,4,3,10,True,0.0231,4,4,400,9554.40,4688.40,-0.0860
pop100_gen1000_mut0.05_elite2_tour5,100,1000,0.0500,2,5,4,3,1,True,0.0054,1,1,100,9549.40,0.00,0.0000
pop100_gen1000_mut0.05_elite2_tour5,100,1000,0.0500,2,5,4,3,2,True,0.0371,6,6,600,9563.60,4806.00,-0.0560
pop100_gen1000_mut0.05_elite2_tour5,100,1000,0.0500,2,5,4,3,3,True,0.0299,5,5,500,9559.00,4693.00,-0.1390
pop100_gen1000_mut0.05_elite2_tour5,100,1000,0.0500,2,5,4,3,4,True,0.0115,2,2,200,9558.20,4671.40,-0.0250
pop100_gen1000_mut0.05_elite2_tour5,100,1000,0.0500,2,5,4,3,5,True,0.0127,2,2,200,9563.60,4683.40,-0.0220
pop100_gen1000_mut0.05_elite2_tour5,100,1000,0.0500,2,5,4,3,6,True,0.0238,4,4,400,9558.60,4743.00,-0.1150
pop100_gen1000_mut0.05_elite2_tour5,100,1000,0.0500,2,5,4,3,7,True,0.0058,1,1,100,9549.40,0.00,0.0000
pop100_gen1000_mut0.05_elite2_tour5,100,1000,0.0500,2,5,4,3,8,True,0.0115,2,2,200,9563.60,4683.40,-0.0330
pop100_gen1000_mut0.05_elite2_tour5,100,1000,0.0500,2,5,4,3,9,True,0.0115,2,2,200,9554.40,4673.40,-0.0110
pop100_gen1000_mut0.05_elite2_tour5,100,1000,0.0500,2,5,4,3,10,True,0.0126,2,2,200,9554.40,4623.40,-0.0170
pop200_gen1000_mut0.05_elite2_tour2,200,1000,0.0500,2,2,4,3,1,True,0.0355,2,2,400,9554.00,4683.40,-0.0260
pop200_gen1000_mut0.05_elite2_tour2,200,1000,0.0500,2,2,4,3,2,True,0.0340,2,2,400,9559.40,4678.80,-0.0200
pop200_gen1000_mut0.05_elite2_tour2,200,1000,0.0500,2,2,4,3,3,True,0.0353,2,2,400,9554.00,4683.40,-0.0250
pop200_gen1000_mut0.05_elite2_tour2,200,1000,0.0500,2,2,4,3,4,True,0.0351,2,2,400,9554.00,4736.40,-0.0210
pop200_gen1000_mut0.05_elite2_tour2,200,1000,0.0500,2,2,4,3,5,True,0.0166,1,1,200,9559.40,0.00,0.0000
pop200_gen1000_mut0.05_elite2_tour2,200,1000,0.0500,2,2,4,3,6,True,0.0193,1,1,200,9559.40,0.00,0.0000
pop200_gen1000_mut0.05_elite2_tour2,200,1000,0.0500,2,2,4,3,7,True,0.0326,2,2,400,9558.60,4736.40,-0.0320
pop200_gen1000_mut0.05_elite2_tour2,200,1000,0.0500,2,2,4,3,8,True,0.0169,1,1,200,9559.00,0.00,0.0000
pop200_gen1000_mut0.05_elite2_tour2,200,1000,0.0500,2,2,4,3,9,True,0.0341,2,2,400,9060.20,4238.00,-0.0270
pop200_gen1000_mut0.05_elite2_tour2,200,1000,0.0500,2,2,4,3,10,True,0.0328,2,2,400,9544.40,4663.40,-0.0240
pop200_gen1000_mut0.05_elite2_tour3,200,1000,0.0500,2,3,4,3,1,True,0.0366,2,2,400,9554.00,4683.40,-0.0240
pop200_gen1000_mut0.05_elite2_tour3,200,1000,0.0500,2,3,4,3,2,True,0.0322,2,2,400,9554.00,4736.40,-0.0290
pop200_gen1000_mut0.05_elite2_tour3,200,1000,0.0500,2,3,4,3,3,True,0.0167,1,1,200,9558.60,0.00,0.0000
pop200_gen1000_mut0.05_elite2_tour3,200,1000,0.0500,2,3,4,3,4,True,0.0724,4,4,800,9558.60,4743.00,-0.0780
pop200_gen1000_mut0.05_elite2_tour3,200,1000,0.0500,2,3,4,3,5,True,0.0351,2,2,400,9554.00,4623.40,-0.0210
pop200_gen1000_mut0.05_elite2_tour3,200,1000,0.0500,2,3,4,3,6,True,0.0361,2,2,400,9554.00,4736.40,-0.0260
pop200_gen1000_mut0.05_elite2_tour3,200,1000,0.0500,2,3,4,3,7,True,0.0175,1,1,200,9549.40,0.00,0.0000
pop200_gen1000_mut0.05_elite2_tour3,200,1000,0.0500,2,3,4,3,8,True,0.0336,2,2,400,9558.60,4736.40,-0.0240
pop200_gen1000_mut0.05_elite2_tour3,200,1000,0.0500,2,3,4,3,9,True,0.0729,4,4,800,9559.00,4693.00,-0.1120
pop200_gen1000_mut0.05_elite2_tour3,200,1000,0.0500,2,3,4,3,10,True,0.0175,1,1,200,9559.00,0.00,0.0000
pop200_gen1000_mut0.05_elite2_tour5,200,1000,0.0500,2,5,4,3,1,True,0.0678,4,4,800,9558.60,4743.00,-0.1140
pop200_gen1000_mut0.05_elite2_tour5,200,1000,0.0500,2,5,4,3,2,True,0.0358,2,2,400,9559.00,4678.40,-0.0180
pop200_gen1000_mut0.05_elite2_tour5,200,1000,0.0500,2,5,4,3,3,True,0.0362,2,2,400,9559.00,9342.40,-0.0210
pop200_gen1000_mut0.05_elite2_tour5,200,1000,0.0500,2,5,4,3,4,True,0.0548,3,3,600,9558.60,4743.00,-0.0570
pop200_gen1000_mut0.05_elite2_tour5,200,1000,0.0500,2,5,4,3,5,True,0.0683,4,4,800,9568.60,9417.40,-0.1240
pop200_gen1000_mut0.05_elite2_tour5,200,1000,0.0500,2,5,4,3,6,True,0.0361,2,2,400,9554.00,4623.40,-0.0200
pop200_gen1000_mut0.05_elite2_tour5,200,1000,0.0500,2,5,4,3,7,True,0.0348,2,2,400,9563.60,9412.80,-0.0270
pop200_gen1000_mut0.05_elite2_tour5,200,1000,0.0500,2,5,4,3,8,True,0.0538,3,3,600,9568.60,9414.80,-0.0920
pop200_gen1000_mut0.05_elite2_tour5,200,1000,0.0500,2,5,4,3,9,True,0.0169,1,1,200,9559.40,0.00,0.0000
pop200_gen1000_mut0.05_elite2_tour5,200,1000,0.0500,2,5,4,3,10,True,0.0177,1,1,200,9559.40,0.00,0.0000
pop300_gen1000_mut0.05_elite2_tour2,300,1000,0.0500,2,2,4,3,1,True,0.1376,4,4,1200,9558.60,4743.00,-0.0650
pop300_gen1000_mut0.05_elite2_tour2,300,1000,0.0500,2,2,4,3,2,True,0.0339,1,1,300,9559.40,0.00,0.0000
pop300_gen1000_mut0.05_elite2_tour2,300,1000,0.0500,2,2,4,3,3,True,0.0353,1,1,300,9559.40,0.00,0.0000
pop300_gen1000_mut0.05_elite2_tour2,300,1000,0.0500,2,2,4,3,4,True,0.2014,6,6,1800,9563.60,4806.00,-0.0930
pop300_gen1000_mut0.05_elite2_tour2,300,1000,0.0500,2,2,4,3,5,True,0.0350,1,1,300,9549.40,0.00,0.0000
pop300_gen1000_mut0.05_elite2_tour2,300,1000,0.0500,2,2,4,3,6,True,0.0365,1,1,300,9559.40,0.00,0.0000
pop300_gen1000_mut0.05_elite2_tour2,300,1000,0.0500,2,2,4,3,7,True,0.0698,2,2,600,9559.00,4678.40,-0.0190
pop300_gen1000_mut0.05_elite2_tour2,300,1000,0.0500,2,2,4,3,8,True,0.1013,3,3,900,9563.60,9412.80,-0.0570
pop300_gen1000_mut0.05_elite2_tour2,300,1000,0.0500,2,2,4,3,9,True,0.0659,2,2,600,9558.60,4736.40,-0.0330
pop300_gen1000_mut0.05_elite2_tour2,300,1000,0.0500,2,2,4,3,10,True,0.0669,2,2,600,9568.60,4741.40,-0.0270
pop300_gen1000_mut0.05_elite2_tour3,300,1000,0.0500,2,3,4,3,1,True,0.0725,2,2,600,9554.00,4623.40,-0.0260
pop300_gen1000_mut0.05_elite2_tour3,300,1000,0.0500,2,3,4,3,2,True,0.0337,1,1,300,9559.40,0.00,0.0000
pop300_gen1000_mut0.05_elite2_tour3,300,1000,0.0500,2,3,4,3,3,True,0.0676,2,2,600,9544.40,4663.40,-0.0210
pop300_gen1000_mut0.05_elite2_tour3,300,1000,0.0500,2,3,4,3,4,True,0.1004,3,3,900,9554.40,4738.00,-0.0280
pop300_gen1000_mut0.05_elite2_tour3,300,1000,0.0500,2,3,4,3,5,True,0.1632,5,5,1500,9554.40,4738.00,-0.0990
pop300_gen1000_mut0.05_elite2_tour3,300,1000,0.0500,2,3,4,3,6,True,0.0358,1,1,300,9559.00,0.00,0.0000
pop300_gen1000_mut0.05_elite2_tour3,300,1000,0.0500,2,3,4,3,7,True,0.0353,1,1,300,9559.40,0.00,0.0000
pop300_gen1000_mut0.05_elite2_tour3,300,1000,0.0500,2,3,4,3,8,True,0.1009,3,3,900,9554.40,4738.00,-0.0420
pop300_gen1000_mut0.05_elite2_tour3,300,1000,0.0500,2,3,4,3,9,True,0.0656,2,2,600,9554.00,4736.40,-0.0240
pop300_gen1000_mut0.05_elite2_tour3,300,1000,0.0500,2,3,4,3,10,True,0.1057,3,3,900,9559.00,4693.00,-0.0550
pop300_gen1000_mut0.05_elite2_tour5,300,1000,0.0500,2,5,4,3,1,True,0.1058,3,3,900,9558.60,4743.00,-0.0670
pop300_gen1000_mut0.05_elite2_tour5,300,1000,0.0500,2,5,4,3,2,True,0.0682,2,2,600,9554.00,4736.40,-0.0300
pop300_gen1000_mut0.05_elite2_tour5,300,1000,0.0500,2,5,4,3,3,True,0.1081,3,3,900,9559.00,9342.40,-0.0790
pop300_gen1000_mut0.05_elite2_tour5,300,1000,0.0500,2,5,4,3,4,True,0.0698,2,2,600,9554.00,4623.40,-0.0200
pop300_gen1000_mut0.05_elite2_tour5,300,1000,0.0500,2,5,4,3,5,True,0.1020,3,3,900,9563.20,9402.80,-0.0770
pop300_gen1000_mut0.05_elite2_tour5,300,1000,0.0500,2,5,4,3,6,True,0.0413,1,1,300,9554.00,0.00,0.0000
pop300_gen1000_mut0.05_elite2_tour5,300,1000,0.0500,2,5,4,3,7,True,0.0358,1,1,300,9549.80,0.00,0.0000
pop300_gen1000_mut0.05_elite2_tour5,300,1000,0.0500,2,5,4,3,8,True,0.0729,2,2,600,9060.20,4238.00,-0.0340
pop300_gen1000_mut0.05_elite2_tour5,300,1000,0.0500,2,5,4,3,9,True,0.0708,2,2,600,9544.40,4663.40,-0.0180
pop300_gen1000_mut0.05_elite2_tour5,300,1000,0.0500,2,5,4,3,10,True,0.0701,2,2,600,9544.40,4663.40,-0.0140
pop100_gen500_mut0.01_elite5_tour2,100,500,0.0100,5,2,4,3,1,True,0.0345,6,6,600,9554.40,4688.40,-0.0520
pop100_gen500_mut0.01_elite5_tour2,100,500,0.0100,5,2,4,3,2,True,0.0672,12,12,1200,9559.00,4801.40,-0.0170
pop100_gen500_mut0.01_elite5_tour2,100,500,0.0100,5,2,4,3,3,True,0.0164,3,3,300,9563.60,4736.40,-0.0050
pop100_gen500_mut0.01_elite5_tour2,100,500,0.0100,5,2,4,3,4,True,0.0156,2,2,200,9554.00,4683.40,-0.0040
pop100_gen500_mut0.01_elite5_tour2,100,500,0.0100,5,2,4,3,5,True,0.0081,1,1,100,9559.40,0.00,0.0000
pop100_gen500_mut0.01_elite5_tour2,100,500,0.0100,5,2,4,3,6,True,0.0065,1,1,100,9559.40,0.00,0.0000
pop100_gen500_mut0.01_elite5_tour2,100,500,0.0100,5,2,4,3,7,True,0.0450,8,8,800,9554.40,9337.80,-0.0530
pop100_gen500_mut0.01_elite5_tour2,100,500,0.0100,5,2,4,3,8,True,0.0058,1,1,100,9554.00,0.00,0.0000
pop100_gen500_mut0.01_elite5_tour2,100,500,0.0100,5,2,4,3,9,True,0.0395,7,7,700,9563.60,9412.80,-0.0680
pop100_gen500_mut0.01_elite5_tour2,100,500,0.0100,5,2,4,3,10,True,0.0400,7,7,700,9559.00,4801.40,-0.0550
pop100_gen500_mut0.01_elite5_tour3,100,500,0.0100,5,3,4,3,1,True,0.0283,5,5,500,9554.40,4688.40,-0.0420
pop100_gen500_mut0.01_elite5_tour3,100,500,0.0100,5,3,4,3,2,True,0.0181,2,2,200,9563.60,4736.40,-0.0090
pop100_gen500_mut0.01_elite5_tour3,100,500,0.0100,5,3,4,3,3,True,0.0429,6,6,600,9558.60,4743.00,-0.0760
pop100_gen500_mut0.01_elite5_tour3,100,500,0.0100,5,3,4,3,4,True,0.0396,7,7,700,9563.60,9412.80,-0.1050
pop100_gen500_mut0.01_elite5_tour3,100,500,0.0100,5,3,4,3,5,True,0.0058,1,1,100,9544.80,0.00,0.0000
pop100_gen500_mut0.01_elite5_tour3,100,500,0.0100,5,3,4,3,6,True,0.0104,2,2,200,9558.60,4736.40,-0.0040
pop100_gen500_mut0.01_elite5_tour3,100,500,0.0100,5,3,4,3,7,True,0.0300,5,5,500,9554.40,4623.40,-0.0360
pop100_gen500_mut0.01_elite5_tour3,100,500,0.0100,5,3,4,3,8,True,0.0113,2,2,200,9554.00,4683.40,-0.0050
pop100_gen500_mut0.01_elite5_tour3,100,500,0.0100,5,3,4,3,9,True,0.0313,5,5,500,9558.60,4743.00,-0.0210
pop100_gen500_mut0.01_elite5_tour3,100,500,0.0100,5,3,4,3,10,True,0.0129,2,2,200,9558.60,4736.40,-0.0090
pop100_gen500_mut0.01_elite5_tour5,100,500,0.0100,5,5,4,3,1,True,0.0068,1,1,100,9554.80,0.00,0.0000
pop100_gen500_mut0.01_elite5_tour5,100,500,0.0100,5,5,4,3,2,True,0.0710,12,12,1200,9559.40,4693.40,-0.0030
pop100_gen500_mut0.01_elite5_tour5,100,500,0.0100,5,5,4,3,3,True,0.0117,2,2,200,9554.00,4623.40,-0.0040
pop100_gen500_mut0.01_elite5_tour5,100,500,0.0100,5,5,4,3,4,True,0.0068,1,1,100,9559.40,0.00,0.0000
pop100_gen500_mut0.01_elite5_tour5,100,500,0.0100,5,5,4,3,5,True,0.0120,2,2,200,9549.40,4623.40,-0.0040
pop100_gen500_mut0.01_elite5_tour5,100,500,0.0100,5,5,4,3,6,True,0.0221,4,4,400,9544.40,4663.40,-0.0390
pop100_gen500_mut0.01_elite5_tour5,100,500,0.0100,5,5,4,3,7,True,0.0231,4,4,400,9559.00,9342.40,-0.0590
pop100_gen500_mut0.01_elite5_tour5,100,500,0.0100,5,5,4,3,8,True,0.0281,5,5,500,9544.40,4663.40,-0.0550
pop100_gen500_mut0.01_elite5_tour5,100,500,0.0100,5,5,4,3,9,True,0.0061,1,1,100,9544.80,0.00,0.0000
pop100_gen500_mut0.01_elite5_tour5,100,500,0.0100,5,5,4,3,10,True,0.0327,6,6,600,9558.60,4736.40,-0.0150
pop200_gen500_mut0.01_elite5_tour2,200,500,0.0100,5,2,4,3,1,True,0.0216,1,1,200,9559.40,0.00,0.0000
pop200_gen500_mut0.01_elite5_tour2,200,500,0.0100,5,2,4,3,2,True,0.0352,2,2,400,9554.40,4623.40,-0.0020
pop200_gen500_mut0.01_elite5_tour2,200,500,0.0100,5,2,4,3,3,True,0.0165,1,1,200,9558.60,0.00,0.0000
pop200_gen500_mut0.01_elite5_tour2,200,500,0.0100,5,2,4,3,4,True,0.0344,2,2,400,9563.60,4736.40,-0.0070
pop200_gen500_mut0.01_elite5_tour2,200,500,0.0100,5,2,4,3,5,True,0.0332,2,2,400,9563.60,4736.40,-0.0060
pop200_gen500_mut0.01_elite5_tour2,200,500,0.0100,5,2,4,3,6,True,0.0189,1,1,200,9559.40,0.00,0.0000
pop200_gen500_mut0.01_elite5_tour2,200,500,0.0100,5,2,4,3,7,True,0.0166,1,1,200,9544.80,0.00,0.0000
pop200_gen500_mut0.01_elite5_tour2,200,500,0.0100,5,2,4,3,8,True,0.0170,1,1,200,9558.60,0.00,0.0000
pop200_gen500_mut0.01_elite5_tour2,200,500,0.0100,5,2,4,3,9,True,0.0173,1,1,200,9554.80,0.00,0.0000
pop200_gen500_mut0.01_elite5_tour2,200,500,0.0100,5,2,4,3,10,True,0.0177,1,1,200,9558.60,0.00,0.0000
pop200_gen500_mut0.01_elite5_tour3,200,500,0.0100,5,3,4,3,1,True,0.0553,3,3,600,9554.40,4623.40,-0.0040
pop200_gen500_mut0.01_elite5_tour3,200,500,0.0100,5,3,4,3,2,True,0.0336,2,2,400,9544.40,4663.40,-0.0050
pop200_gen500_mut0.01_elite5_tour3,200,500,0.0100,5,3,4,3,3,True,0.0506,3,3,600,9559.00,9342.40,-0.0130
pop200_gen500_mut0.01_elite5_tour3,200,500,0.0100,5,3,4,3,4,True,0.0330,2,2,400,9558.60,4736.40,-0.0100
pop200_gen500_mut0.01_elite5_tour3,200,500,0.0100,5,3,4,3,5,True,0.0714,4,4,800,9558.60,4743.00,-0.0340
pop200_gen500_mut0.01_elite5_tour3,200,500,0.0100,5,3,4,3,6,True,0.0355,2,2,400,9558.60,4736.40,-0.0080
pop200_gen500_mut0.01_elite5_tour3,200,500,0.0100,5,3,4,3,7,True,0.0186,1,1,200,9544.40,0.00,0.0000
pop200_gen500_mut0.01_elite5_tour3,200,500,0.0100,5,3,4,3,8,True,0.0184,1,1,200,9549.40,0.00,0.0000
pop200_gen500_mut0.01_elite5_tour3,200,500,0.0100,5,3,4,3,9,True,0.0873,4,4,800,9563.20,9412.80,-0.0420
pop200_gen500_mut0.01_elite5_tour3,200,500,0.0100,5,3,4,3,10,True,0.0383,2,2,400,9563.60,4741.40,-0.0060
pop200_gen500_mut0.01_elite5_tour5,200,500,0.0100,5,5,4,3,1,True,0.0519,3,3,600,9563.60,9412.80,-0.0280
pop200_gen500_mut0.01_elite5_tour5,200,500,0.0100,5,5,4,3,2,True,0.0856,5,5,1000,9554.40,4688.40,-0.0760
pop200_gen500_mut0.01_elite5_tour5,200,500,0.0100,5,5,4,3,3,True,0.1200,7,7,1400,9563.60,4803.40,-0.1050
pop200_gen500_mut0.01_elite5_tour5,200,500,0.0100,5,5,4,3,4,True,0.0681,4,4,800,9554.40,4738.00,-0.0530
pop200_gen500_mut0.01_elite5_tour5,200,500,0.0100,5,5,4,3,5,True,0.0166,1,1,200,9559.40,0.00,0.0000
pop200_gen500_mut0.01_elite5_tour5,200,500,0.0100,5,5,4,3,6,True,0.0181,1,1,200,9559.40,0.00,0.0000
pop200_gen500_mut0.01_elite5_tour5,200,500,0.0100,5,5,4,3,7,True,0.0179,1,1,200,9559.40,0.00,0.0000
pop200_gen500_mut0.01_elite5_tour5,200,500,0.0100,5,5,4,3,8,True,0.0334,2,2,400,9568.60,4741.40,-0.0080
pop200_gen500_mut0.01_elite5_tour5,200,500,0.0100,5,5,4,3,9,True,0.0341,2,2,400,9554.00,4623.40,-0.0030
pop200_gen500_mut0.01_elite5_tour5,200,500,0.0100,5,5,4,3,10,True,0.0528,3,3,600,9563.60,4736.40,-0.0100
pop300_gen500_mut0.01_elite5_tour2,300,500,0.0100,5,2,4,3,1,True,0.0679,2,2,600,9544.40,4663.40,-0.0020
pop300_gen500_mut0.01_elite5_tour2,300,500,0.0100,5,2,4,3,2,True,0.0679,2,2,600,9544.40,4663.40,-0.0080
pop300_gen500_mut0.01_elite5_tour2,300,500,0.0100,5,2,4,3,3,True,0.2030,6,6,1800,9558.60,4743.00,-0.0420
pop300_gen500_mut0.01_elite5_tour2,300,500,0.0100,5,2,4,3,4,True,0.1861,5,5,1500,9558.60,4743.00,-0.0220
pop300_gen500_mut0.01_elite5_tour2,300,500,0.0100,5,2,4,3,5,True,0.0715,2,2,600,9554.00,4623.40,-0.0040
pop300_gen500_mut0.01_elite5_tour2,300,500,0.0100,5,2,4,3,6,True,0.0699,2,2,600,9554.00,4683.40,-0.0060
pop300_gen500_mut0.01_elite5_tour2,300,500,0.0100,5,2,4,3,7,True,0.1643,5,5,1500,9568.60,9414.80,-0.0390
pop300_gen500_mut0.01_elite5_tour2,300,500,0.0100,5,2,4,3,8,True,0.1002,3,3,900,9563.60,4741.40,-0.0090
pop300_gen500_mut0.01_elite5_tour2,300,500,0.0100,5,2,4,3,9,True,0.0700,2,2,600,9554.00,4623.40,-0.0060
pop300_gen500_mut0.01_elite5_tour2,300,500,0.0100,5,2,4,3,10,True,0.0686,2,2,600,9554.00,4683.40,-0.0080
pop300_gen500_mut0.01_elite5_tour3,300,500,0.0100,5,3,4,3,1,True,0.0669,2,2,600,9554.00,4683.40,-0.0040
pop300_gen500_mut0.01_elite5_tour3,300,500,0.0100,5,3,4,3,2,True,0.0681,2,2,600,9554.00,4683.40,-0.0090
pop300_gen500_mut0.01_elite5_tour3,300,500,0.0100,5,3,4,3,3,True,0.1017,3,3,900,9558.60,4743.00,-0.0160
pop300_gen500_mut0.01_elite5_tour3,300,500,0.0100,5,3,4,3,4,True,0.0347,1,1,300,9549.40,0.00,0.0000
pop300_gen500_mut0.01_elite5_tour3,300,500,0.0100,5,3,4,3,5,True,0.1300,4,4,1200,9563.20,9412.80,-0.0460
pop300_gen500_mut0.01_elite5_tour3,300,500,0.0100,5,3,4,3,6,True,0.1668,5,5,1500,9563.20,9402.80,-0.0510
pop300_gen500_mut0.01_elite5_tour3,300,500,0.0100,5,3,4,3,7,True,0.0351,1,1,300,9544.80,0.00,0.0000
pop300_gen500_mut0.01_elite5_tour3,300,500,0.0100,5,3,4,3,8,True,0.0338,1,1,300,9544.40,0.00,0.0000
pop300_gen500_mut0.01_elite5_tour3,300,500,0.0100,5,3,4,3,9,True,0.1663,5,5,1500,9554.80,4688.80,-0.0620
pop300_gen500_mut0.01_elite5_tour3,300,500,0.0100,5,3,4,3,10,True,0.0397,1,1,300,9559.40,0.00,0.0000
pop300_gen500_mut0.01_elite5_tour5,300,500,0.0100,5,5,4,3,1,True,0.0333,1,1,300,9559.40,0.00,0.0000
pop300_gen500_mut0.01_elite5_tour5,300,500,0.0100,5,5,4,3,2,True,0.1759,5,5,1500,9559.40,4693.40,-0.0730
pop300_gen500_mut0.01_elite5_tour5,300,500,0.0100,5,5,4,3,3,True,0.0358,1,1,300,9559.40,0.00,0.0000
pop300_gen500_mut0.01_elite5_tour5,300,500,0.0100,5,5,4,3,4,True,0.0670,2,2,600,9554.40,4623.40,-0.0050
pop300_gen500_mut0.01_elite5_tour5,300,500,0.0100,5,5,4,3,5,True,0.0676,2,2,600,9563.60,4741.40,-0.0040
pop300_gen500_mut0.01_elite5_tour5,300,500,0.0100,5,5,4,3,6,True,0.1023,3,3,900,9554.00,4623.40,-0.0080
pop300_gen500_mut0.01_elite5_tour5,300,500,0.0100,5,5,4,3,7,True,0.1682,5,5,1500,9563.20,9402.80,-0.0540
pop300_gen500_mut0.01_elite5_tour5,300,500,0.0100,5,5,4,3,8,True,0.1736,5,5,1500,9558.60,4743.00,-0.0860
pop300_gen500_mut0.01_elite5_tour5,300,500,0.0100,5,5,4,3,9,True,0.0672,2,2,600,9558.60,4734.40,-0.0050
pop300_gen500_mut0.01_elite5_tour5,300,500,0.0100,5,5,4,3,10,True,0.0358,1,1,300,9554.00,0.00,0.0000
pop100_gen500_mut0.03_elite5_tour2,100,500,0.0300,5,2,4,3,1,True,0.0058,1,1,100,9559.00,0.00,0.0000
pop100_gen500_mut0.03_elite5_tour2,100,500,0.0300,5,2,4,3,2,True,0.0057,1,1,100,9559.40,0.00,0.0000
pop100_gen500_mut0.03_elite5_tour2,100,500,0.0300,5,2,4,3,3,True,0.0112,2,2,200,9563.60,4736.40,-0.0200
pop100_gen500_mut0.03_elite5_tour2,100,500,0.0300,5,2,4,3,4,True,0.0401,7,7,700,9559.00,4693.00,-0.1180
pop100_gen500_mut0.03_elite5_tour2,100,500,0.0300,5,2,4,3,5,True,0.0057,1,1,100,9559.00,0.00,0.0000
pop100_gen500_mut0.03_elite5_tour2,100,500,0.0300,5,2,4,3,6,True,0.0380,5,5,500,9568.60,9414.80,-0.1200
pop100_gen500_mut0.03_elite5_tour2,100,500,0.0300,5,2,4,3,7,True,0.0156,2,2,200,9554.00,4683.40,-0.0100
pop100_gen500_mut0.03_elite5_tour2,100,500,0.0300,5,2,4,3,8,True,0.0370,6,6,600,9554.40,4688.40,-0.0790
pop100_gen500_mut0.03_elite5_tour2,100,500,0.0300,5,2,4,3,9,True,0.0121,2,2,200,9568.60,4741.40,-0.0150
pop100_gen500_mut0.03_elite5_tour2,100,500,0.0300,5,2,4,3,10,True,0.0067,1,1,100,9559.40,0.00,0.0000
pop100_gen500_mut0.03_elite5_tour3,100,500,0.0300,5,3,4,3,1,True,0.0247,4,4,400,9558.60,4743.00,-0.0710
pop100_gen500_mut0.03_elite5_tour3,100,500,0.0300,5,3,4,3,2,True,0.0109,2,2,200,9554.00,4736.40,-0.0120
pop100_gen500_mut0.03_elite5_tour3,100,500,0.0300,5,3,4,3,3,True,0.0116,2,2,200,9563.60,4736.40,-0.0170
pop100_gen500_mut0.03_elite5_tour3,100,500,0.0300,5,3,4,3,4,True,0.0061,1,1,100,9559.40,0.00,0.0000
pop100_gen500_mut0.03_elite5_tour3,100,500,0.0300,5,3,4,3,5,True,0.0183,3,3,300,9554.00,4623.40,-0.0110
pop100_gen500_mut0.03_elite5_tour3,100,500,0.0300,5,3,4,3,6,True,0.0284,5,5,500,9568.20,9417.40,-0.0340
pop100_gen500_mut0.03_elite5_tour3,100,500,0.0300,5,3,4,3,7,True,0.0195,3,3,300,9563.60,9412.80,-0.0620
pop100_gen500_mut0.03_elite5_tour3,100,500,0.0300,5,3,4,3,8,True,0.0108,2,2,200,9558.60,4736.40,-0.0200
pop100_gen500_mut0.03_elite5_tour3,100,500,0.0300,5,3,4,3,9,True,0.0123,2,2,200,9554.00,4623.40,-0.0100
pop100_gen500_mut0.03_elite5_tour3,100,500,0.0300,5,3,4,3,10,True,0.0055,1,1,100,9559.40,0.00,0.0000
pop100_gen500_mut0.03_elite5_tour5,100,500,0.0300,5,5,4,3,1,True,0.0116,2,2,200,9544.40,4663.40,-0.0140
pop100_gen500_mut0.03_elite5_tour5,100,500,0.0300,5,5,4,3,2,True,0.0064,1,1,100,9559.40,0.00,0.0000
pop100_gen500_mut0.03_elite5_tour5,100,500,0.0300,5,5,4,3,3,True,0.0169,3,3,300,9559.00,9342.40,-0.0310
pop100_gen500_mut0.03_elite5_tour5,100,500,0.0300,5,5,4,3,4,True,0.0109,2,2,200,9558.60,4736.40,-0.0120
pop100_gen500_mut0.03_elite5_tour5,100,500,0.0300,5,5,4,3,5,True,0.0183,3,3,300,9554.00,4623.40,-0.0340
pop100_gen500_mut0.03_elite5_tour5,100,500,0.0300,5,5,4,3,6,True,0.0268,4,4,400,9554.40,4688.40,-0.0780
pop100_gen500_mut0.03_elite5_tour5,100,500,0.0300,5,5,4,3,7,True,0.0251,4,4,400,9563.20,9402.80,-0.1010
pop100_gen500_mut0.03_elite5_tour5,100,500,0.0300,5,5,4,3,8,True,0.0056,1,1,100,9558.60,0.00,0.0000
pop100_gen500_mut0.03_elite5_tour5,100,500,0.0300,5,5,4,3,9,True,0.0192,3,3,300,9559.00,9342.40,-0.0440
pop100_gen500_mut0.03_elite5_tour5,100,500,0.0300,5,5,4,3,10,True,0.0122,2,2,200,9554.00,4736.40,-0.0150
pop200_gen500_mut0.03_elite5_tour2,200,500,0.0300,5,2,4,3,1,True,0.0354,2,2,400,9568.60,4741.40,-0.0200
pop200_gen500_mut0.03_elite5_tour2,200,500,0.0300,5,2,4,3,2,True,0.0177,1,1,200,9558.60,0.00,0.0000
pop200_gen500_mut0.03_elite5_tour2,200,500,0.0300,5,2,4,3,3,True,0.0176,1,1,200,9544.80,0.00,0.0000
pop200_gen500_mut0.03_elite5_tour2,200,500,0.0300,5,2,4,3,4,True,0.0191,1,1,200,9559.40,0.00,0.0000
pop200_gen500_mut0.03_elite5_tour2,200,500,0.0300,5,2,4,3,5,True,0.0358,2,2,400,9559.00,4678.40,-0.0090
pop200_gen500_mut0.03_elite5_tour2,200,500,0.0300,5,2,4,3,6,True,0.0337,2,2,400,9554.00,4683.40,-0.0170
pop200_gen500_mut0.03_elite5_tour2,200,500,0.0300,5,2,4,3,7,True,0.0360,2,2,400,9559.00,4678.40,-0.0180
pop200_gen500_mut0.03_elite5_tour2,200,500,0.0300,5,2,4,3,8,True,0.0360,2,2,400,9568.60,4741.40,-0.0150
pop200_gen500_mut0.03_elite5_tour2,200,500,0.0300,5,2,4,3,9,True,0.0335,2,2,400,9558.60,4736.40,-0.0250
pop200_gen500_mut0.03_elite5_tour2,200,500,0.0300,5,2,4,3,10,True,0.0348,2,2,400,9563.60,4736.40,-0.0150
pop200_gen500_mut0.03_elite5_tour3,200,500,0.0300,5,3,4,3,1,True,0.0365,2,2,400,9554.40,4623.40,-0.0110
pop200_gen500_mut0.03_elite5_tour3,200,500,0.0300,5,3,4,3,2,True,0.0371,2,2,400,9554.00,4623.40,-0.0140
pop200_gen500_mut0.03_elite5_tour3,200,500,0.0300,5,3,4,3,3,True,0.0350,2,2,400,9549.40,4623.40,-0.0090
pop200_gen500_mut0.03_elite5_tour3,200,500,0.0300,5,3,4,3,4,True,0.0361,2,2,400,9554.40,4623.40,-0.0130
pop200_gen500_mut0.03_elite5_tour3,200,500,0.0300,5,3,4,3,5,True,0.0337,2,2,400,9558.60,4736.40,-0.0180
pop200_gen500_mut0.03_elite5_tour3,200,500,0.0300,5,3,4,3,6,True,0.0347,2,2,400,9554.00,4623.40,-0.0120
pop200_gen500_mut0.03_elite5_tour3,200,500,0.0300,5,3,4,3,7,True,0.0332,2,2,400,9563.60,4736.40,-0.0220
pop200_gen500_mut0.03_elite5_tour3,200,500,0.0300,5,3,4,3,8,True,0.0810,4,4,800,9563.20,9412.80,-0.0730
pop200_gen500_mut0.03_elite5_tour3,200,500,0.0300,5,3,4,3,9,True,0.1005,5,5,1000,9558.60,4743.00,-0.0970
pop200_gen500_mut0.03_elite5_tour3,200,500,0.0300,5,3,4,3,10,True,0.0183,1,1,200,9559.40,0.00,0.0000
pop200_gen500_mut0.03_elite5_tour5,200,500,0.0300,5,5,4,3,1,True,0.0180,1,1,200,9558.60,0.00,0.0000
pop200_gen500_mut0.03_elite5_tour5,200,500,0.0300,5,5,4,3,2,True,0.0170,1,1,200,9549.40,0.00,0.0000
pop200_gen500_mut0.03_elite5_tour5,200,500,0.0300,5,5,4,3,3,True,0.0339,2,2,400,9563.60,4736.40,-0.0170
pop200_gen500_mut0.03_elite5_tour5,200,500,0.0300,5,5,4,3,4,True,0.0331,2,2,400,9549.40,4623.40,-0.0080
pop200_gen500_mut0.03_elite5_tour5,200,500,0.0300,5,5,4,3,5,True,0.0164,1,1,200,9544.80,0.00,0.0000
pop200_gen500_mut0.03_elite5_tour5,200,500,0.0300,5,5,4,3,6,True,0.0345,2,2,400,9554.40,4623.40,-0.0080
pop200_gen500_mut0.03_elite5_tour5,200,500,0.0300,5,5,4,3,7,True,0.0364,2,2,400,9554.40,4623.40,-0.0060
pop200_gen500_mut0.03_elite5_tour5,200,500,0.0300,5,5,4,3,8,True,0.0177,1,1,200,9559.40,0.00,0.0000
pop200_gen500_mut0.03_elite5_tour5,200,500,0.0300,5,5,4,3,9,True,0.0347,2,2,400,9558.60,4736.40,-0.0230
pop200_gen500_mut0.03_elite5_tour5,200,500,0.0300,5,5,4,3,10,True,0.1011,6,6,1200,9559.00,4798.80,-0.1240
pop300_gen500_mut0.03_elite5_tour2,300,500,0.0300,5,2,4,3,1,True,0.0675,2,2,600,9544.40,4663.40,-0.0140
pop300_gen500_mut0.03_elite5_tour2,300,500,0.0300,5,2,4,3,2,True,0.0670,2,2,600,9568.60,9407.80,-0.0210
pop300_gen500_mut0.03_elite5_tour2,300,500,0.0300,5,2,4,3,3,True,0.0345,1,1,300,9544.80,0.00,0.0000
pop300_gen500_mut0.03_elite5_tour2,300,500,0.0300,5,2,4,3,4,True,0.1042,3,3,900,9558.60,4743.00,-0.0310
pop300_gen500_mut0.03_elite5_tour2,300,500,0.0300,5,2,4,3,5,True,0.0349,1,1,300,9554.00,0.00,0.0000
pop300_gen500_mut0.03_elite5_tour2,300,500,0.0300,5,2,4,3,6,True,0.2397,7,7,2100,9064.80,4304.60,-0.1310
pop300_gen500_mut0.03_elite5_tour2,300,500,0.0300,5,2,4,3,7,True,0.2289,7,7,2100,9559.00,4801.40,-0.0910
pop300_gen500_mut0.03_elite5_tour2,300,500,0.0300,5,2,4,3,8,True,0.0346,1,1,300,9549.40,0.00,0.0000
pop300_gen500_mut0.03_elite5_tour2,300,500,0.0300,5,2,4,3,9,True,0.0355,1,1,300,9554.00,0.00,0.0000
pop300_gen500_mut0.03_elite5_tour2,300,500,0.0300,5,2,4,3,10,True,0.0682,2,2,600,9544.40,4663.40,-0.0090
pop300_gen500_mut0.03_elite5_tour3,300,500,0.0300,5,3,4,3,1,True,0.0350,1,1,300,9559.40,0.00,0.0000
pop300_gen500_mut0.03_elite5_tour3,300,500,0.0300,5,3,4,3,2,True,0.0664,2,2,600,9568.60,4741.40,-0.0210
pop300_gen500_mut0.03_elite5_tour3,300,500,0.0300,5,3,4,3,3,True,0.0674,2,2,600,9544.40,4663.40,-0.0090
pop300_gen500_mut0.03_elite5_tour3,300,500,0.0300,5,3,4,3,4,True,0.0991,3,3,900,9563.60,9412.80,-0.0450
pop300_gen500_mut0.03_elite5_tour3,300,500,0.0300,5,3,4,3,5,True,0.1016,3,3,900,9563.60,9412.80,-0.0350
pop300_gen500_mut0.03_elite5_tour3,300,500,0.0300,5,3,4,3,6,True,0.0652,2,2,600,9558.60,4736.40,-0.0150
pop300_gen500_mut0.03_elite5_tour3,300,500,0.0300,5,3,4,3,7,True,0.0333,1,1,300,9559.40,0.00,0.0000
pop300_gen500_mut0.03_elite5_tour3,300,500,0.0300,5,3,4,3,8,True,0.0675,2,2,600,9558.20,4671.40,-0.0130
pop300_gen500_mut0.03_elite5_tour3,300,500,0.0300,5,3,4,3,9,True,0.0682,2,2,600,9568.60,4741.40,-0.0200
pop300_gen500_mut0.03_elite5_tour3,300,500,0.0300,5,3,4,3,10,True,0.1736,5,5,1500,9563.60,4806.00,-0.0680
pop300_gen500_mut0.03_elite5_tour5,300,500,0.0300,5,5,4,3,1,True,0.0329,1,1,300,9558.60,0.00,0.0000
pop300_gen500_mut0.03_elite5_tour5,300,500,0.0300,5,5,4,3,2,True,0.0346,1,1,300,9559.40,0.00,0.0000
pop300_gen500_mut0.03_elite5_tour5,300,500,0.0300,5,5,4,3,3,True,0.0358,1,1,300,9549.40,0.00,0.0000
pop300_gen500_mut0.03_elite5_tour5,300,500,0.0300,5,5,4,3,4,True,0.0678,2,2,600,9554.40,4683.80,-0.0140
pop300_gen500_mut0.03_elite5_tour5,300,500,0.0300,5,5,4,3,5,True,0.1380,4,4,1200,9558.60,4743.00,-0.0900
pop300_gen500_mut0.03_elite5_tour5,300,500,0.0300,5,5,4,3,6,True,0.1011,3,3,900,9554.40,4688.40,-0.0390
pop300_gen500_mut0.03_elite5_tour5,300,500,0.0300,5,5,4,3,7,True,0.1002,3,3,900,9563.20,9402.80,-0.0500
pop300_gen500_mut0.03_elite5_tour5,300,500,0.0300,5,5,4,3,8,True,0.0689,2,2,600,9563.20,9412.80,-0.0180
pop300_gen500_mut0.03_elite5_tour5,300,500,0.0300,5,5,4,3,9,True,0.0690,2,2,600,9563.60,4683.40,-0.0170
pop300_gen500_mut0.03_elite5_tour5,300,500,0.0300,5,5,4,3,10,True,0.1008,3,3,900,9568.20,9417.40,-0.0600
pop100_gen500_mut0.05_elite5_tour2,100,500,0.0500,5,2,4,3,1,True,0.0057,1,1,100,9559.40,0.00,0.0000
pop100_gen500_mut0.05_elite5_tour2,100,500,0.0500,5,2,4,3,2,True,0.0117,2,2,200,9558.20,4687.60,-0.0280
pop100_gen500_mut0.05_elite5_tour2,100,500,0.0500,5,2,4,3,3,True,0.0058,1,1,100,9559.40,0.00,0.0000
pop100_gen500_mut0.05_elite5_tour2,100,500,0.0500,5,2,4,3,4,True,0.0063,1,1,100,9559.40,0.00,0.0000
pop100_gen500_mut0.05_elite5_tour2,100,500,0.0500,5,2,4,3,5,True,0.0062,1,1,100,9559.40,0.00,0.0000
pop100_gen500_mut0.05_elite5_tour2,100,500,0.0500,5,2,4,3,6,True,0.0233,4,4,400,9568.60,9414.80,-0.0950
pop100_gen500_mut0.05_elite5_tour2,100,500,0.0500,5,2,4,3,7,True,0.0112,2,2,200,9544.40,4663.40,-0.0160
pop100_gen500_mut0.05_elite5_tour2,100,500,0.0500,5,2,4,3,8,True,0.0117,2,2,200,9544.40,4663.40,-0.0140
pop100_gen500_mut0.05_elite5_tour2,100,500,0.0500,5,2,4,3,9,True,0.0123,2,2,200,9559.00,4678.40,-0.0180
pop100_gen500_mut0.05_elite5_tour2,100,500,0.0500,5,2,4,3,10,True,0.0059,1,1,100,9559.40,0.00,0.0000
pop100_gen500_mut0.05_elite5_tour3,100,500,0.0500,5,3,4,3,1,True,0.0168,3,3,300,9568.60,9482.80,-0.0660
pop100_gen500_mut0.05_elite5_tour3,100,500,0.0500,5,3,4,3,2,True,0.0122,2,2,200,9563.60,4683.40,-0.0200
pop100_gen500_mut0.05_elite5_tour3,100,500,0.0500,5,3,4,3,3,True,0.0120,2,2,200,9559.00,4734.80,-0.0330
pop100_gen500_mut0.05_elite5_tour3,100,500,0.0500,5,3,4,3,4,True,0.0299,5,5,500,9568.20,9417.40,-0.1250
pop100_gen500_mut0.05_elite5_tour3,100,500,0.0500,5,3,4,3,5,True,0.0063,1,1,100,9559.40,0.00,0.0000
pop100_gen500_mut0.05_elite5_tour3,100,500,0.0500,5,3,4,3,6,True,0.0123,2,2,200,9554.00,4623.40,-0.0150
pop100_gen500_mut0.05_elite5_tour3,100,500,0.0500,5,3,4,3,7,True,0.0058,1,1,100,9554.00,0.00,0.0000
pop100_gen500_mut0.05_elite5_tour3,100,500,0.0500,5,3,4,3,8,True,0.0058,1,1,100,9554.00,0.00,0.0000
pop100_gen500_mut0.05_elite5_tour3,100,500,0.0500,5,3,4,3,9,True,0.0117,2,2,200,9563.60,4736.40,-0.0180
pop100_gen500_mut0.05_elite5_tour3,100,500,0.0500,5,3,4,3,10,True,0.0111,2,2,200,9564.00,9412.80,-0.0370
pop100_gen500_mut0.05_elite5_tour5,100,500,0.0500,5,5,4,3,1,True,0.0116,2,2,200,9558.60,4736.40,-0.0280
pop100_gen500_mut0.05_elite5_tour5,100,500,0.0500,5,5,4,3,2,True,0.0112,2,2,200,9563.60,4683.40,-0.0240
pop100_gen500_mut0.05_elite5_tour5,100,500,0.0500,5,5,4,3,3,True,0.0129,2,2,200,9554.40,4623.40,-0.0160
pop100_gen500_mut0.05_elite5_tour5,100,500,0.0500,5,5,4,3,4,True,0.0110,2,2,200,9549.40,4623.40,-0.0070
pop100_gen500_mut0.05_elite5_tour5,100,500,0.0500,5,5,4,3,5,True,0.0124,2,2,200,9554.00,4683.40,-0.0090
pop100_gen500_mut0.05_elite5_tour5,100,500,0.0500,5,5,4,3,6,True,0.0117,2,2,200,9554.00,4683.40,-0.0180
pop100_gen500_mut0.05_elite5_tour5,100,500,0.0500,5,5,4,3,7,True,0.0225,4,4,400,9559.00,4801.40,-0.0680
pop100_gen500_mut0.05_elite5_tour5,100,500,0.0500,5,5,4,3,8,True,0.0074,1,1,100,9544.40,0.00,0.0000
pop100_gen500_mut0.05_elite5_tour5,100,500,0.0500,5,5,4,3,9,True,0.0178,3,3,300,9558.60,4743.00,-0.0470
pop100_gen500_mut0.05_elite5_tour5,100,500,0.0500,5,5,4,3,10,True,0.0124,2,2,200,9554.00,4683.40,-0.0170
pop200_gen500_mut0.05_elite5_tour2,200,500,0.0500,5,2,4,3,1,True,0.0526,3,3,600,9559.00,9342.40,-0.0370
pop200_gen500_mut0.05_elite5_tour2,200,500,0.0500,5,2,4,3,2,True,0.0693,4,4,800,9554.80,4688.80,-0.0870
pop200_gen500_mut0.05_elite5_tour2,200,500,0.0500,5,2,4,3,3,True,0.0185,1,1,200,9554.80,0.00,0.0000
pop200_gen500_mut0.05_elite5_tour2,200,500,0.0500,5,2,4,3,4,True,0.0519,3,3,600,9559.00,9342.40,-0.0440
pop200_gen500_mut0.05_elite5_tour2,200,500,0.0500,5,2,4,3,5,True,0.0357,2,2,400,9554.00,4623.40,-0.0190
pop200_gen500_mut0.05_elite5_tour2,200,500,0.0500,5,2,4,3,6,True,0.0356,2,2,400,9568.60,4741.40,-0.0360
pop200_gen500_mut0.05_elite5_tour2,200,500,0.0500,5,2,4,3,7,True,0.0189,1,1,200,9559.40,0.00,0.0000
pop200_gen500_mut0.05_elite5_tour2,200,500,0.0500,5,2,4,3,8,True,0.0165,1,1,200,9559.40,0.00,0.0000
pop200_gen500_mut0.05_elite5_tour2,200,500,0.0500,5,2,4,3,9,True,0.0169,1,1,200,9559.40,0.00,0.0000
pop200_gen500_mut0.05_elite5_tour2,200,500,0.0500,5,2,4,3,10,True,0.0367,2,2,400,9563.60,4738.40,-0.0270
pop200_gen500_mut0.05_elite5_tour3,200,500,0.0500,5,3,4,3,1,True,0.0527,3,3,600,9558.60,4743.00,-0.0470
pop200_gen500_mut0.05_elite5_tour3,200,500,0.0500,5,3,4,3,2,True,0.0334,2,2,400,9544.40,4663.40,-0.0220
pop200_gen500_mut0.05_elite5_tour3,200,500,0.0500,5,3,4,3,3,True,0.0364,2,2,400,9544.40,4663.40,-0.0210
pop200_gen500_mut0.05_elite5_tour3,200,500,0.0500,5,3,4,3,4,True,0.0180,1,1,200,9559.40,0.00,0.0000
pop200_gen500_mut0.05_elite5_tour3,200,500,0.0500,5,3,4,3,5,True,0.0516,3,3,600,9558.20,4742.60,-0.0590
pop200_gen500_mut0.05_elite5_tour3,200,500,0.0500,5,3,4,3,6,True,0.0339,2,2,400,9568.60,4741.40,-0.0240
pop200_gen500_mut0.05_elite5_tour3,200,500,0.0500,5,3,4,3,7,True,0.0363,2,2,400,9568.20,4688.00,-0.0260
pop200_gen500_mut0.05_elite5_tour3,200,500,0.0500,5,3,4,3,8,True,0.0323,2,2,400,9558.60,4736.40,-0.0260
pop200_gen500_mut0.05_elite5_tour3,200,500,0.0500,5,3,4,3,9,True,0.0408,2,2,400,9554.40,4683.80,-0.0240
pop200_gen500_mut0.05_elite5_tour3,200,500,0.0500,5,3,4,3,10,True,0.0812,4,4,800,9558.60,4743.00,-0.0780
pop200_gen500_mut0.05_elite5_tour5,200,500,0.0500,5,5,4,3,1,True,0.0333,2,2,400,9568.60,9407.80,-0.0370
pop200_gen500_mut0.05_elite5_tour5,200,500,0.0500,5,5,4,3,2,True,0.0364,2,2,400,9559.40,4678.80,-0.0180
pop200_gen500_mut0.05_elite5_tour5,200,500,0.0500,5,5,4,3,3,True,0.0889,5,5,1000,9563.60,4803.40,-0.1510
pop200_gen500_mut0.05_elite5_tour5,200,500,0.0500,5,5,4,3,4,True,0.0355,2,2,400,9554.00,4623.40,-0.0160
pop200_gen500_mut0.05_elite5_tour5,200,500,0.0500,5,5,4,3,5,True,0.0223,1,1,200,9559.00,0.00,0.0000
pop200_gen500_mut0.05_elite5_tour5,200,500,0.0500,5,5,4,3,6,True,0.0529,3,3,600,9563.60,4738.40,-0.0740
pop200_gen500_mut0.05_elite5_tour5,200,500,0.0500,5,5,4,3,7,True,0.0397,2,2,400,9563.60,4683.40,-0.0290
pop200_gen500_mut0.05_elite5_tour5,200,500,0.0500,5,5,4,3,8,True,0.0170,1,1,200,9558.60,0.00,0.0000
pop200_gen500_mut0.05_elite5_tour5,200,500,0.0500,5,5,4,3,9,True,0.0190,1,1,200,9544.40,0.00,0.0000
pop200_gen500_mut0.05_elite5_tour5,200,500,0.0500,5,5,4,3,10,True,0.0178,1,1,200,9559.40,0.00,0.0000
pop300_gen500_mut0.05_elite5_tour2,300,500,0.0500,5,2,4,3,1,True,0.0658,2,2,600,9563.20,9402.80,-0.0360
pop300_gen500_mut0.05_elite5_tour2,300,500,0.0500,5,2,4,3,2,True,0.0334,1,1,300,9558.60,0.00,0.0000
pop300_gen500_mut0.05_elite5_tour2,300,500,0.0500,5,2,4,3,3,True,0.1377,4,4,1200,9554.80,4688.80,-0.0840
pop300_gen500_mut0.05_elite5_tour2,300,500,0.0500,5,2,4,3,4,True,0.0333,1,1,300,9559.40,0.00,0.0000
pop300_gen500_mut0.05_elite5_tour2,300,500,0.0500,5,2,4,3,5,True,0.1457,4,4,1200,9554.40,4688.40,-0.0700
pop300_gen500_mut0.05_elite5_tour2,300,500,0.0500,5,2,4,3,6,True,0.0365,1,1,300,9559.40,0.00,0.0000
pop300_gen500_mut0.05_elite5_tour2,300,500,0.0500,5,2,4,3,7,True,0.0385,1,1,300,9559.40,0.00,0.0000
pop300_gen500_mut0.05_elite5_tour2,300,500,0.0500,5,2,4,3,8,True,0.0738,2,2,600,9544.40,4663.40,-0.0190
pop300_gen500_mut0.05_elite5_tour2,300,500,0.0500,5,2,4,3,9,True,0.0712,2,2,600,9554.00,4623.40,-0.0250
pop300_gen500_mut0.05_elite5_tour2,300,500,0.0500,5,2,4,3,10,True,0.0380,1,1,300,9559.00,0.00,0.0000
pop300_gen500_mut0.05_elite5_tour3,300,500,0.0500,5,3,4,3,1,True,0.0354,1,1,300,9559.40,0.00,0.0000
pop300_gen500_mut0.05_elite5_tour3,300,500,0.0500,5,3,4,3,2,True,0.0696,2,2,600,9554.40,4623.40,-0.0170
pop300_gen500_mut0.05_elite5_tour3,300,500,0.0500,5,3,4,3,3,True,0.0687,2,2,600,9554.00,4683.40,-0.0180
pop300_gen500_mut0.05_elite5_tour3,300,500,0.0500,5,3,4,3,4,True,0.0353,1,1,300,9554.00,0.00,0.0000
pop300_gen500_mut0.05_elite5_tour3,300,500,0.0500,5,3,4,3,5,True,0.1006,3,3,900,9563.20,9412.40,-0.0690
pop300_gen500_mut0.05_elite5_tour3,300,500,0.0500,5,3,4,3,6,True,0.0660,2,2,600,9558.20,4671.40,-0.0250
pop300_gen500_mut0.05_elite5_tour3,300,500,0.0500,5,3,4,3,7,True,0.0685,2,2,600,9559.00,4678.40,-0.0160
pop300_gen500_mut0.05_elite5_tour3,300,500,0.0500,5,3,4,3,8,True,0.1007,3,3,900,9568.60,9482.80,-0.0660
pop300_gen500_mut0.05_elite5_tour3,300,500,0.0500,5,3,4,3,9,True,0.0675,2,2,600,9554.00,4736.40,-0.0250
pop300_gen500_mut0.05_elite5_tour3,300,500,0.0500,5,3,4,3,10,True,0.0345,1,1,300,9559.40,0.00,0.0000
pop300_gen500_mut0.05_elite5_tour5,300,500,0.0500,5,5,4,3,1,True,0.0359,1,1,300,9559.40,0.00,0.0000
pop300_gen500_mut0.05_elite5_tour5,300,500,0.0500,5,5,4,3,2,True,0.0669,2,2,600,9558.60,4736.40,-0.0300
pop300_gen500_mut0.05_elite5_tour5,300,500,0.0500,5,5,4,3,3,True,0.0703,2,2,600,9554.40,4683.80,-0.0250
pop300_gen500_mut0.05_elite5_tour5,300,500,0.0500,5,5,4,3,4,True,0.1008,3,3,900,9563.60,9412.80,-0.0790
pop300_gen500_mut0.05_elite5_tour5,300,500,0.0500,5,5,4,3,5,True,0.0701,2,2,600,9554.40,4623.40,-0.0220
pop300_gen500_mut0.05_elite5_tour5,300,500,0.0500,5,5,4,3,6,True,0.1383,4,4,1200,9558.60,4743.00,-0.1100
pop300_gen500_mut0.05_elite5_tour5,300,500,0.0500,5,5,4,3,7,True,0.0684,2,2,600,9558.20,4627.60,-0.0220
pop300_gen500_mut0.05_elite5_tour5,300,500,0.0500,5,5,4,3,8,True,0.0701,2,2,600,9563.60,4736.40,-0.0210
pop300_gen500_mut0.05_elite5_tour5,300,500,0.0500,5,5,4,3,9,True,0.1050,3,3,900,9558.60,4743.00,-0.0480
pop300_gen500_mut0.05_elite5_tour5,300,500,0.0500,5,5,4,3,10,True,0.0358,1,1,300,9559.40,0.00,0.0000
pop100_gen1000_mut0.01_elite5_tour2,100,1000,0.0100,5,2,4,3,1,True,0.0054,1,1,100,9549.40,0.00,0.0000
pop100_gen1000_mut0.01_elite5_tour2,100,1000,0.0100,5,2,4,3,2,True,0.0180,3,3,300,9554.00,4623.40,-0.0090
pop100_gen1000_mut0.01_elite5_tour2,100,1000,0.0100,5,2,4,3,3,True,0.0278,5,5,500,9568.60,9417.40,-0.0550
pop100_gen1000_mut0.01_elite5_tour2,100,1000,0.0100,5,2,4,3,4,True,0.0426,7,7,700,9563.60,4736.40,-0.0940
pop100_gen1000_mut0.01_elite5_tour2,100,1000,0.0100,5,2,4,3,5,True,0.0057,1,1,100,9554.00,0.00,0.0000
pop100_gen1000_mut0.01_elite5_tour2,100,1000,0.0100,5,2,4,3,6,True,0.0290,5,5,500,9568.60,9482.80,-0.0510
pop100_gen1000_mut0.01_elite5_tour2,100,1000,0.0100,5,2,4,3,7,True,0.0607,11,11,1100,9563.60,4806.00,-0.0590
pop100_gen1000_mut0.01_elite5_tour2,100,1000,0.0100,5,2,4,3,8,True,0.0165,3,3,300,9563.60,4736.40,-0.0100
pop100_gen1000_mut0.01_elite5_tour2,100,1000,0.0100,5,2,4,3,9,True,0.0238,4,4,400,9563.20,9402.80,-0.0390
pop100_gen1000_mut0.01_elite5_tour2,100,1000,0.0100,5,2,4,3,10,True,0.0542,9,9,900,9558.60,4743.00,-0.1050
pop100_gen1000_mut0.01_elite5_tour3,100,1000,0.0100,5,3,4,3,1,True,0.0057,1,1,100,9558.60,0.00,0.0000
pop100_gen1000_mut0.01_elite5_tour3,100,1000,0.0100,5,3,4,3,2,True,0.0310,5,5,500,9554.40,4688.40,-0.0860
pop100_gen1000_mut0.01_elite5_tour3,100,1000,0.0100,5,3,4,3,3,True,0.0181,3,3,300,9563.60,4683.40,-0.0070
pop100_gen1000_mut0.01_elite5_tour3,100,1000,0.0100,5,3,4,3,4,True,0.0223,4,4,400,9563.60,4736.40,-0.0180
pop100_gen1000_mut0.01_elite5_tour3,100,1000,0.0100,5,3,4,3,5,True,0.0129,2,2,200,9554.40,4623.40,-0.0050
pop100_gen1000_mut0.01_elite5_tour3,100,1000,0.0100,5,3,4,3,6,True,0.0134,2,2,200,9554.00,4683.40,-0.0030
pop100_gen1000_mut0.01_elite5_tour3,100,1000,0.0100,5,3,4,3,7,True,0.0341,6,6,600,9568.60,9414.80,-0.0820
pop100_gen1000_mut0.01_elite5_tour3,100,1000,0.0100,5,3,4,3,8,True,0.0292,5,5,500,9568.60,9407.80,-0.0570
pop100_gen1000_mut0.01_elite5_tour3,100,1000,0.0100,5,3,4,3,9,True,0.0175,3,3,300,9568.60,4741.40,-0.0180
pop100_gen1000_mut0.01_elite5_tour3,100,1000,0.0100,5,3,4,3,10,True,0.0178,3,3,300,9563.60,4741.40,-0.0060
pop100_gen1000_mut0.01_elite5_tour5,100,1000,0.0100,5,5,4,3,1,True,0.0315,5,5,500,9559.00,9342.40,-0.0680
pop100_gen1000_mut0.01_elite5_tour5,100,1000,0.0100,5,5,4,3,2,True,0.0190,3,3,300,9563.60,4736.40,-0.0120
pop100_gen1000_mut0.01_elite5_tour5,100,1000,0.0100,5,5,4,3,3,True,0.0117,2,2,200,9544.40,4663.40,-0.0060
pop100_gen1000_mut0.01_elite5_tour5,100,1000,0.0100,5,5,4,3,4,True,0.0284,5,5,500,9544.40,4663.40,-0.0170
pop100_gen1000_mut0.01_elite5_tour5,100,1000,0.0100,5,5,4,3,5,True,0.0056,1,1,100,9544.40,0.00,0.0000
pop100_gen1000_mut0.01_elite5_tour5,100,1000,0.0100,5,5,4,3,6,True,0.0060,1,1,100,9559.40,0.00,0.0000
pop100_gen1000_mut0.01_elite5_tour5,100,1000,0.0100,5,5,4,3,7,True,0.0084,1,1,100,9549.80,0.00,0.0000
pop100_gen1000_mut0.01_elite5_tour5,100,1000,0.0100,5,5,4,3,8,True,0.0066,1,1,100,9559.00,0.00,0.0000
pop100_gen1000_mut0.01_elite5_tour5,100,1000,0.0100,5,5,4,3,9,True,0.0237,4,4,400,9554.40,4623.40,-0.0300
pop100_gen1000_mut0.01_elite5_tour5,100,1000,0.0100,5,5,4,3,10,True,0.0304,5,5,500,9563.60,9412.80,-0.0400
pop200_gen1000_mut0.01_elite5_tour2,200,1000,0.0100,5,2,4,3,1,True,0.0174,1,1,200,9559.40,0.00,0.0000
pop200_gen1000_mut0.01_elite5_tour2,200,1000,0.0100,5,2,4,3,2,True,0.0328,2,2,400,9554.00,4736.40,-0.0070
pop200_gen1000_mut0.01_elite5_tour2,200,1000,0.0100,5,2,4,3,3,True,0.0871,5,5,1000,9558.20,4742.60,-0.0580
pop200_gen1000_mut0.01_elite5_tour2,200,1000,0.0100,5,2,4,3,4,True,0.0355,2,2,400,9544.40,4663.40,-0.0050
pop200_gen1000_mut0.01_elite5_tour2,200,1000,0.0100,5,2,4,3,5,True,0.0327,2,2,400,9563.60,4736.40,-0.0080
pop200_gen1000_mut0.01_elite5_tour2,200,1000,0.0100,5,2,4,3,6,True,0.1369,8,8,1600,9559.40,4693.40,-0.0960
pop200_gen1000_mut0.01_elite5_tour2,200,1000,0.0100,5,2,4,3,7,True,0.0183,1,1,200,9554.80,0.00,0.0000
pop200_gen1000_mut0.01_elite5_tour2,200,1000,0.0100,5,2,4,3,8,True,0.0331,2,2,400,9563.60,4683.40,-0.0050
pop200_gen1000_mut0.01_elite5_tour2,200,1000,0.0100,5,2,4,3,9,True,0.0532,3,3,600,9554.00,4683.40,-0.0130
pop200_gen1000_mut0.01_elite5_tour2,200,1000,0.0100,5,2,4,3,10,True,0.0332,2,2,400,9554.00,4683.40,-0.0040
pop200_gen1000_mut0.01_elite5_tour3,200,1000,0.0100,5,3,4,3,1,True,0.0350,2,2,400,9558.20,4671.40,-0.0070
pop200_gen1000_mut0.01_elite5_tour3,200,1000,0.0100,5,3,4,3,2,True,0.0509,3,3,600,9554.00,4683.40,-0.0090
pop200_gen1000_mut0.01_elite5_tour3,200,1000,0.0100,5,3,4,3,3,True,0.0177,1,1,200,9559.40,0.00,0.0000
pop200_gen1000_mut0.01_elite5_tour3,200,1000,0.0100,5,3,4,3,4,True,0.0832,5,5,1000,9558.60,4734.40,-0.0420
pop200_gen1000_mut0.01_elite5_tour3,200,1000,0.0100,5,3,4,3,5,True,0.0672,4,4,800,9549.40,4623.40,-0.0170
pop200_gen1000_mut0.01_elite5_tour3,200,1000,0.0100,5,3,4,3,6,True,0.0356,2,2,400,9558.60,4736.40,-0.0060
pop200_gen1000_mut0.01_elite5_tour3,200,1000,0.0100,5,3,4,3,7,True,0.0806,5,5,1000,9563.20,9402.80,-0.0540
pop200_gen1000_mut0.01_elite5_tour3,200,1000,0.0100,5,3,4,3,8,True,0.0184,1,1,200,9559.40,0.00,0.0000
pop200_gen1000_mut0.01_elite5_tour3,200,1000,0.0100,5,3,4,3,9,True,0.0344,2,2,400,9563.20,4683.40,-0.0110
pop200_gen1000_mut0.01_elite5_tour3,200,1000,0.0100,5,3,4,3,10,True,0.0173,1,1,200,9559.40,0.00,0.0000
pop200_gen1000_mut0.01_elite5_tour5,200,1000,0.0100,5,5,4,3,1,True,0.0338,2,2,400,9559.00,4678.40,-0.0040
pop200_gen1000_mut0.01_elite5_tour5,200,1000,0.0100,5,5,4,3,2,True,0.0177,1,1,200,9559.40,0.00,0.0000
pop200_gen1000_mut0.01_elite5_tour5,200,1000,0.0100,5,5,4,3,3,True,0.0358,2,2,400,9568.60,4741.40,-0.0060
pop200_gen1000_mut0.01_elite5_tour5,200,1000,0.0100,5,5,4,3,4,True,0.0183,1,1,200,9554.00,0.00,0.0000
pop200_gen1000_mut0.01_elite5_tour5,200,1000,0.0100,5,5,4,3,5,True,0.0677,4,4,800,9554.40,4688.40,-0.0460
pop200_gen1000_mut0.01_elite5_tour5,200,1000,0.0100,5,5,4,3,6,True,0.0880,5,5,1000,9558.60,4743.00,-0.0380
pop200_gen1000_mut0.01_elite5_tour5,200,1000,0.0100,5,5,4,3,7,True,0.0182,1,1,200,9559.40,0.00,0.0000
pop200_gen1000_mut0.01_elite5_tour5,200,1000,0.0100,5,5,4,3,8,True,0.0680,4,4,800,9554.00,4731.80,-0.0380
pop200_gen1000_mut0.01_elite5_tour5,200,1000,0.0100,5,5,4,3,9,True,0.0348,2,2,400,9558.60,4736.40,-0.0100
pop200_gen1000_mut0.01_elite5_tour5,200,1000,0.0100,5,5,4,3,10,True,0.0667,4,4,800,9563.60,9412.80,-0.0390
pop300_gen1000_mut0.01_elite5_tour2,300,1000,0.0100,5,2,4,3,1,True,0.0345,1,1,300,9559.40,0.00,0.0000
pop300_gen1000_mut0.01_elite5_tour2,300,1000,0.0100,5,2,4,3,2,True,0.0377,1,1,300,9559.40,0.00,0.0000
pop300_gen1000_mut0.01_elite5_tour2,300,1000,0.0100,5,2,4,3,3,True,0.0347,1,1,300,9559.40,0.00,0.0000
pop300_gen1000_mut0.01_elite5_tour2,300,1000,0.0100,5,2,4,3,4,True,0.1330,4,4,1200,9554.00,4736.40,-0.0210
pop300_gen1000_mut0.01_elite5_tour2,300,1000,0.0100,5,2,4,3,5,True,0.0685,2,2,600,9558.60,4734.40,-0.0040
pop300_gen1000_mut0.01_elite5_tour2,300,1000,0.0100,5,2,4,3,6,True,0.1265,3,3,900,9563.60,4736.40,-0.0100
pop300_gen1000_mut0.01_elite5_tour2,300,1000,0.0100,5,2,4,3,7,True,0.0702,2,2,600,9559.00,4678.40,-0.0030
pop300_gen1000_mut0.01_elite5_tour2,300,1000,0.0100,5,2,4,3,8,True,0.0662,2,2,600,9568.60,4741.40,-0.0070
pop300_gen1000_mut0.01_elite5_tour2,300,1000,0.0100,5,2,4,3,9,True,0.0340,1,1,300,9544.40,0.00,0.0000
pop300_gen1000_mut0.01_elite5_tour2,300,1000,0.0100,5,2,4,3,10,True,0.0380,1,1,300,9559.40,0.00,0.0000
pop300_gen1000_mut0.01_elite5_tour3,300,1000,0.0100,5,3,4,3,1,True,0.0704,2,2,600,9544.40,4663.40,-0.0030
pop300_gen1000_mut0.01_elite5_tour3,300,1000,0.0100,5,3,4,3,2,True,0.1714,5,5,1500,9563.60,4803.40,-0.0720
pop300_gen1000_mut0.01_elite5_tour3,300,1000,0.0100,5,3,4,3,3,True,0.2780,8,8,2400,9563.20,4803.00,-0.1450
pop300_gen1000_mut0.01_elite5_tour3,300,1000,0.0100,5,3,4,3,4,True,0.0704,2,2,600,9554.40,4623.40,-0.0040
pop300_gen1000_mut0.01_elite5_tour3,300,1000,0.0100,5,3,4,3,5,True,0.1334,4,4,1200,9558.60,4743.00,-0.0330
pop300_gen1000_mut0.01_elite5_tour3,300,1000,0.0100,5,3,4,3,6,True,0.0696,2,2,600,9563.60,4736.40,-0.0060
pop300_gen1000_mut0.01_elite5_tour3,300,1000,0.0100,5,3,4,3,7,True,0.1349,4,4,1200,9559.00,9342.40,-0.0390
pop300_gen1000_mut0.01_elite5_tour3,300,1000,0.0100,5,3,4,3,8,True,0.0734,2,2,600,9544.40,4663.40,-0.0020
pop300_gen1000_mut0.01_elite5_tour3,300,1000,0.0100,5,3,4,3,9,True,0.0692,2,2,600,9558.60,4734.40,-0.0090
pop300_gen1000_mut0.01_elite5_tour3,300,1000,0.0100,5,3,4,3,10,True,0.0988,3,3,900,9544.40,4663.40,-0.0120
pop300_gen1000_mut0.01_elite5_tour5,300,1000,0.0100,5,5,4,3,1,True,0.0705,2,2,600,9554.00,4623.40,-0.0020
pop300_gen1000_mut0.01_elite5_tour5,300,1000,0.0100,5,5,4,3,2,True,0.0334,1,1,300,9544.80,0.00,0.0000
pop300_gen1000_mut0.01_elite5_tour5,300,1000,0.0100,5,5,4,3,3,True,0.0678,2,2,600,9558.60,4736.40,-0.0050
pop300_gen1000_mut0.01_elite5_tour5,300,1000,0.0100,5,5,4,3,4,True,0.1367,4,4,1200,9554.40,4688.40,-0.0650
pop300_gen1000_mut0.01_elite5_tour5,300,1000,0.0100,5,5,4,3,5,True,0.0997,3,3,900,9563.60,4736.40,-0.0140
pop300_gen1000_mut0.01_elite5_tour5,300,1000,0.0100,5,5,4,3,6,True,0.1700,5,5,1500,9559.00,4693.00,-0.1060
pop300_gen1000_mut0.01_elite5_tour5,300,1000,0.0100,5,5,4,3,7,True,0.1369,4,4,1200,9568.60,9482.80,-0.0460
pop300_gen1000_mut0.01_elite5_tour5,300,1000,0.0100,5,5,4,3,8,True,0.0668,2,2,600,9563.60,4736.40,-0.0050
pop300_gen1000_mut0.01_elite5_tour5,300,1000,0.0100,5,5,4,3,9,True,0.0701,2,2,600,9554.00,4623.40,-0.0030
pop300_gen1000_mut0.01_elite5_tour5,300,1000,0.0100,5,5,4,3,10,True,0.1326,4,4,1200,9568.60,9407.80,-0.0620
pop100_gen1000_mut0.03_elite5_tour2,100,1000,0.0300,5,2,4,3,1,True,0.0108,2,2,200,9549.40,4623.40,-0.0040
pop100_gen1000_mut0.03_elite5_tour2,100,1000,0.0300,5,2,4,3,2,True,0.0114,2,2,200,9554.40,4673.40,-0.0060
pop100_gen1000_mut0.03_elite5_tour2,100,1000,0.0300,5,2,4,3,3,True,0.0227,4,4,400,9558.60,4743.00,-0.0610
pop100_gen1000_mut0.03_elite5_tour2,100,1000,0.0300,5,2,4,3,4,True,0.0117,2,2,200,9554.40,4623.40,-0.0150
pop100_gen1000_mut0.03_elite5_tour2,100,1000,0.0300,5,2,4,3,5,True,0.0119,2,2,200,9558.60,4734.40,-0.0220
pop100_gen1000_mut0.03_elite5_tour2,100,1000,0.0300,5,2,4,3,6,True,0.0462,8,8,800,9563.60,4803.40,-0.1240
pop100_gen1000_mut0.03_elite5_tour2,100,1000,0.0300,5,2,4,3,7,True,0.0056,1,1,100,9554.00,0.00,0.0000
pop100_gen1000_mut0.03_elite5_tour2,100,1000,0.0300,5,2,4,3,8,True,0.0315,5,5,500,9554.40,4688.40,-0.0680
pop100_gen1000_mut0.03_elite5_tour2,100,1000,0.0300,5,2,4,3,9,True,0.0347,6,6,600,9554.80,4688.80,-0.0960
pop100_gen1000_mut0.03_elite5_tour2,100,1000,0.0300,5,2,4,3,10,True,0.0261,4,4,400,9554.40,4688.40,-0.0460
pop100_gen1000_mut0.03_elite5_tour3,100,1000,0.0300,5,3,4,3,1,True,0.0117,2,2,200,9554.00,4683.40,-0.0200
pop100_gen1000_mut0.03_elite5_tour3,100,1000,0.0300,5,3,4,3,2,True,0.0167,3,3,300,9563.20,9402.80,-0.0560
pop100_gen1000_mut0.03_elite5_tour3,100,1000,0.0300,5,3,4,3,3,True,0.0061,1,1,100,9559.00,0.00,0.0000
pop100_gen1000_mut0.03_elite5_tour3,100,1000,0.0300,5,3,4,3,4,True,0.0223,4,4,400,9568.60,4741.40,-0.0520
pop100_gen1000_mut0.03_elite5_tour3,100,1000,0.0300,5,3,4,3,5,True,0.0116,2,2,200,9544.40,4663.40,-0.0120
pop100_gen1000_mut0.03_elite5_tour3,100,1000,0.0300,5,3,4,3,6,True,0.0167,3,3,300,9563.60,9412.80,-0.0590
pop100_gen1000_mut0.03_elite5_tour3,100,1000,0.0300,5,3,4,3,7,True,0.0358,6,6,600,9554.40,4688.40,-0.1100
pop100_gen1000_mut0.03_elite5_tour3,100,1000,0.0300,5,3,4,3,8,True,0.0113,2,2,200,9544.40,4663.40,-0.0120
pop100_gen1000_mut0.03_elite5_tour3,100,1000,0.0300,5,3,4,3,9,True,0.0138,2,2,200,9554.00,4683.40,-0.0090
pop100_gen1000_mut0.03_elite5_tour3,100,1000,0.0300,5,3,4,3,10,True,0.0060,1,1,100,9559.40,0.00,0.0000
pop100_gen1000_mut0.03_elite5_tour5,100,1000,0.0300,5,5,4,3,1,True,0.0173,3,3,300,9554.00,4628.00,-0.0210
pop100_gen1000_mut0.03_elite5_tour5,100,1000,0.0300,5,5,4,3,2,True,0.0122,2,2,200,9563.60,4736.40,-0.0050
pop100_gen1000_mut0.03_elite5_tour5,100,1000,0.0300,5,5,4,3,3,True,0.0107,2,2,200,9558.60,4736.40,-0.0220
pop100_gen1000_mut0.03_elite5_tour5,100,1000,0.0300,5,5,4,3,4,True,0.0058,1,1,100,9559.40,0.00,0.0000
pop100_gen1000_mut0.03_elite5_tour5,100,1000,0.0300,5,5,4,3,5,True,0.0060,1,1,100,9544.80,0.00,0.0000
pop100_gen1000_mut0.03_elite5_tour5,100,1000,0.0300,5,5,4,3,6,True,0.0286,5,5,500,9554.40,4738.00,-0.0390
pop100_gen1000_mut0.03_elite5_tour5,100,1000,0.0300,5,5,4,3,7,True,0.0118,2,2,200,9554.40,4673.40,-0.0120
pop100_gen1000_mut0.03_elite5_tour5,100,1000,0.0300,5,5,4,3,8,True,0.0234,4,4,400,9568.20,9417.40,-0.1000
pop100_gen1000_mut0.03_elite5_tour5,100,1000,0.0300,5,5,4,3,9,True,0.0309,5,5,500,9559.00,9342.40,-0.0710
pop100_gen1000_mut0.03_elite5_tour5,100,1000,0.0300,5,5,4,3,10,True,0.0182,3,3,300,9549.40,4623.40,-0.0170
pop200_gen1000_mut0.03_elite5_tour2,200,1000,0.0300,5,2,4,3,1,True,0.0358,2,2,400,9563.60,4736.40,-0.0150
pop200_gen1000_mut0.03_elite5_tour2,200,1000,0.0300,5,2,4,3,2,True,0.0366,2,2,400,9544.40,4663.40,-0.0160
pop200_gen1000_mut0.03_elite5_tour2,200,1000,0.0300,5,2,4,3,3,True,0.0690,4,4,800,9558.60,4743.00,-0.0420
pop200_gen1000_mut0.03_elite5_tour2,200,1000,0.0300,5,2,4,3,4,True,0.0174,1,1,200,9554.80,0.00,0.0000
pop200_gen1000_mut0.03_elite5_tour2,200,1000,0.0300,5,2,4,3,5,True,0.1386,8,8,1600,9563.60,4803.40,-0.1300
pop200_gen1000_mut0.03_elite5_tour2,200,1000,0.0300,5,2,4,3,6,True,0.0349,2,2,400,9554.40,4623.40,-0.0140
pop200_gen1000_mut0.03_elite5_tour2,200,1000,0.0300,5,2,4,3,7,True,0.0359,2,2,400,9563.20,4683.40,-0.0170
pop200_gen1000_mut0.03_elite5_tour2,200,1000,0.0300,5,2,4,3,8,True,0.0352,2,2,400,9554.00,4623.40,-0.0140
pop200_gen1000_mut0.03_elite5_tour2,200,1000,0.0300,5,2,4,3,9,True,0.0172,1,1,200,9559.00,0.00,0.0000
pop200_gen1000_mut0.03_elite5_tour2,200,1000,0.0300,5,2,4,3,10,True,0.0175,1,1,200,9559.40,0.00,0.0000
pop200_gen1000_mut0.03_elite5_tour3,200,1000,0.0300,5,3,4,3,1,True,0.0178,1,1,200,9558.60,0.00,0.0000
pop200_gen1000_mut0.03_elite5_tour3,200,1000,0.0300,5,3,4,3,2,True,0.0530,3,3,600,9563.60,4736.40,-0.0290
pop200_gen1000_mut0.03_elite5_tour3,200,1000,0.0300,5,3,4,3,3,True,0.0170,1,1,200,9559.40,0.00,0.0000
pop200_gen1000_mut0.03_elite5_tour3,200,1000,0.0300,5,3,4,3,4,True,0.0828,5,5,1000,9559.00,4801.40,-0.0580
pop200_gen1000_mut0.03_elite5_tour3,200,1000,0.0300,5,3,4,3,5,True,0.0188,1,1,200,9554.00,0.00,0.0000
pop200_gen1000_mut0.03_elite5_tour3,200,1000,0.0300,5,3,4,3,6,True,0.0334,2,2,400,9568.60,9407.80,-0.0180
pop200_gen1000_mut0.03_elite5_tour3,200,1000,0.0300,5,3,4,3,7,True,0.0664,4,4,800,9563.20,9412.80,-0.0670
pop200_gen1000_mut0.03_elite5_tour3,200,1000,0.0300,5,3,4,3,8,True,0.0169,1,1,200,9559.40,0.00,0.0000
pop200_gen1000_mut0.03_elite5_tour3,200,1000,0.0300,5,3,4,3,9,True,0.0354,2,2,400,9544.40,4663.40,-0.0120
pop200_gen1000_mut0.03_elite5_tour3,200,1000,0.0300,5,3,4,3,10,True,0.0359,2,2,400,9568.60,4741.40,-0.0150
pop200_gen1000_mut0.03_elite5_tour5,200,1000,0.0300,5,5,4,3,1,True,0.0167,1,1,200,9559.40,0.00,0.0000
pop200_gen1000_mut0.03_elite5_tour5,200,1000,0.0300,5,5,4,3,2,True,0.0187,1,1,200,9549.40,0.00,0.0000
pop200_gen1000_mut0.03_elite5_tour5,200,1000,0.0300,5,5,4,3,3,True,0.0505,3,3,600,9568.60,9414.80,-0.0560
pop200_gen1000_mut0.03_elite5_tour5,200,1000,0.0300,5,5,4,3,4,True,0.0174,1,1,200,9559.40,0.00,0.0000
pop200_gen1000_mut0.03_elite5_tour5,200,1000,0.0300,5,5,4,3,5,True,0.0521,3,3,600,9559.00,9342.40,-0.0360
pop200_gen1000_mut0.03_elite5_tour5,200,1000,0.0300,5,5,4,3,6,True,0.0321,2,2,400,9558.60,4736.40,-0.0160
pop200_gen1000_mut0.03_elite5_tour5,200,1000,0.0300,5,5,4,3,7,True,0.0348,2,2,400,9544.40,4663.40,-0.0110
pop200_gen1000_mut0.03_elite5_tour5,200,1000,0.0300,5,5,4,3,8,True,0.0189,1,1,200,9554.00,0.00,0.0000
pop200_gen1000_mut0.03_elite5_tour5,200,1000,0.0300,5,5,4,3,9,True,0.0172,1,1,200,9549.40,0.00,0.0000
pop200_gen1000_mut0.03_elite5_tour5,200,1000,0.0300,5,5,4,3,10,True,0.0524,3,3,600,9554.40,4688.40,-0.0500
pop300_gen1000_mut0.03_elite5_tour2,300,1000,0.0300,5,2,4,3,1,True,0.0727,2,2,600,9554.40,4623.40,-0.0080
pop300_gen1000_mut0.03_elite5_tour2,300,1000,0.0300,5,2,4,3,2,True,0.0349,1,1,300,9544.40,0.00,0.0000
pop300_gen1000_mut0.03_elite5_tour2,300,1000,0.0300,5,2,4,3,3,True,0.0700,2,2,600,9549.40,4623.40,-0.0090
pop300_gen1000_mut0.03_elite5_tour2,300,1000,0.0300,5,2,4,3,4,True,0.0686,2,2,600,9563.60,4741.40,-0.0170
pop300_gen1000_mut0.03_elite5_tour2,300,1000,0.0300,5,2,4,3,5,True,0.0691,2,2,600,9544.40,4663.40,-0.0090
pop300_gen1000_mut0.03_elite5_tour2,300,1000,0.0300,5,2,4,3,6,True,0.0375,1,1,300,9559.40,0.00,0.0000
pop300_gen1000_mut0.03_elite5_tour2,300,1000,0.0300,5,2,4,3,7,True,0.0705,2,2,600,9563.20,4683.40,-0.0210
pop300_gen1000_mut0.03_elite5_tour2,300,1000,0.0300,5,2,4,3,8,True,0.1443,4,4,1200,9559.00,9342.40,-0.0550
pop300_gen1000_mut0.03_elite5_tour2,300,1000,0.0300,5,2,4,3,9,True,0.1486,4,4,1200,9563.20,9402.80,-0.0690
pop300_gen1000_mut0.03_elite5_tour2,300,1000,0.0300,5,2,4,3,10,True,0.0653,2,2,600,9563.60,4736.40,-0.0170
pop300_gen1000_mut0.03_elite5_tour3,300,1000,0.0300,5,3,4,3,1,True,0.0692,2,2,600,9544.40,4663.40,-0.0090
pop300_gen1000_mut0.03_elite5_tour3,300,1000,0.0300,5,3,4,3,2,True,0.0770,2,2,600,9544.40,4663.40,-0.0130
pop300_gen1000_mut0.03_elite5_tour3,300,1000,0.0300,5,3,4,3,3,True,0.2077,6,6,1800,9563.60,4803.40,-0.1070
pop300_gen1000_mut0.03_elite5_tour3,300,1000,0.0300,5,3,4,3,4,True,0.0672,2,2,600,9563.60,4736.40,-0.0170
pop300_gen1000_mut0.03_elite5_tour3,300,1000,0.0300,5,3,4,3,5,True,0.1466,4,4,1200,9554.40,4688.40,-0.0670
pop300_gen1000_mut0.03_elite5_tour3,300,1000,0.0300,5,3,4,3,6,True,0.0331,1,1,300,9559.00,0.00,0.0000
pop300_gen1000_mut0.03_elite5_tour3,300,1000,0.0300,5,3,4,3,7,True,0.1339,4,4,1200,9559.00,4801.40,-0.0580
pop300_gen1000_mut0.03_elite5_tour3,300,1000,0.0300,5,3,4,3,8,True,0.0704,2,2,600,9559.00,4678.40,-0.0140
pop300_gen1000_mut0.03_elite5_tour3,300,1000,0.0300,5,3,4,3,9,True,0.0349,1,1,300,9559.00,0.00,0.0000
pop300_gen1000_mut0.03_elite5_tour3,300,1000,0.0300,5,3,4,3,10,True,0.0374,1,1,300,9544.40,0.00,0.0000
pop300_gen1000_mut0.03_elite5_tour5,300,1000,0.0300,5,5,4,3,1,True,0.0988,3,3,900,9568.60,9407.80,-0.0410
pop300_gen1000_mut0.03_elite5_tour5,300,1000,0.0300,5,5,4,3,2,True,0.1354,4,4,1200,9559.00,4693.00,-0.0940
pop300_gen1000_mut0.03_elite5_tour5,300,1000,0.0300,5,5,4,3,3,True,0.0329,1,1,300,9554.00,0.00,0.0000
pop300_gen1000_mut0.03_elite5_tour5,300,1000,0.0300,5,5,4,3,4,True,0.0357,1,1,300,9559.40,0.00,0.0000
pop300_gen1000_mut0.03_elite5_tour5,300,1000,0.0300,5,5,4,3,5,True,0.0678,2,2,600,9558.60,4736.40,-0.0230
pop300_gen1000_mut0.03_elite5_tour5,300,1000,0.0300,5,5,4,3,6,True,0.0332,1,1,300,9554.00,0.00,0.0000
pop300_gen1000_mut0.03_elite5_tour5,300,1000,0.0300,5,5,4,3,7,True,0.0731,2,2,600,9558.20,4671.40,-0.0130
pop300_gen1000_mut0.03_elite5_tour5,300,1000,0.0300,5,5,4,3,8,True,0.0335,1,1,300,9544.80,0.00,0.0000
pop300_gen1000_mut0.03_elite5_tour5,300,1000,0.0300,5,5,4,3,9,True,0.1401,4,4,1200,9558.60,4743.00,-0.0810
pop300_gen1000_mut0.03_elite5_tour5,300,1000,0.0300,5,5,4,3,10,True,0.0353,1,1,300,9554.00,0.00,0.0000
pop100_gen1000_mut0.05_elite5_tour2,100,1000,0.0500,5,2,4,3,1,True,0.0164,3,3,300,9554.00,4736.40,-0.0390
pop100_gen1000_mut0.05_elite5_tour2,100,1000,0.0500,5,2,4,3,2,True,0.0136,2,2,200,9554.40,4623.40,-0.0150
pop100_gen1000_mut0.05_elite5_tour2,100,1000,0.0500,5,2,4,3,3,True,0.0113,2,2,200,9558.20,4671.40,-0.0300
pop100_gen1000_mut0.05_elite5_tour2,100,1000,0.0500,5,2,4,3,4,True,0.0116,2,2,200,9544.40,4663.40,-0.0170
pop100_gen1000_mut0.05_elite5_tour2,100,1000,0.0500,5,2,4,3,5,True,0.0230,4,4,400,9568.60,9482.80,-0.0930
pop100_gen1000_mut0.05_elite5_tour2,100,1000,0.0500,5,2,4,3,6,True,0.0128,2,2,200,9549.40,4623.40,-0.0160
pop100_gen1000_mut0.05_elite5_tour2,100,1000,0.0500,5,2,4,3,7,True,0.0224,4,4,400,9563.60,9412.80,-0.0900
pop100_gen1000_mut0.05_elite5_tour2,100,1000,0.0500,5,2,4,3,8,True,0.0121,2,2,200,9558.60,4736.40,-0.0340
pop100_gen1000_mut0.05_elite5_tour2,100,1000,0.0500,5,2,4,3,9,True,0.0126,2,2,200,9558.60,4736.40,-0.0270
pop100_gen1000_mut0.05_elite5_tour2,100,1000,0.0500,5,2,4,3,10,True,0.0115,2,2,200,9554.40,4673.40,-0.0120
pop100_gen1000_mut0.05_elite5_tour3,100,1000,0.0500,5,3,4,3,1,True,0.0129,2,2,200,9554.00,4683.40,-0.0260
pop100_gen1000_mut0.05_elite5_tour3,100,1000,0.0500,5,3,4,3,2,True,0.0120,2,2,200,9554.40,4688.40,-0.0240
pop100_gen1000_mut0.05_elite5_tour3,100,1000,0.0500,5,3,4,3,3,True,0.0170,3,3,300,9558.20,4740.60,-0.0540
pop100_gen1000_mut0.05_elite5_tour3,100,1000,0.0500,5,3,4,3,4,True,0.0055,1,1,100,9559.00,0.00,0.0000
pop100_gen1000_mut0.05_elite5_tour3,100,1000,0.0500,5,3,4,3,5,True,0.0231,4,4,400,9559.40,4693.40,-0.1090
pop100_gen1000_mut0.05_elite5_tour3,100,1000,0.0500,5,3,4,3,6,True,0.0138,2,2,200,9554.00,4683.40,-0.0170
pop100_gen1000_mut0.05_elite5_tour3,100,1000,0.0500,5,3,4,3,7,True,0.0056,1,1,100,9559.00,0.00,0.0000
pop100_gen1000_mut0.05_elite5_tour3,100,1000,0.0500,5,3,4,3,8,True,0.0080,1,1,100,9559.00,0.00,0.0000
pop100_gen1000_mut0.05_elite5_tour3,100,1000,0.0500,5,3,4,3,9,True,0.0059,1,1,100,9559.40,0.00,0.0000
pop100_gen1000_mut0.05_elite5_tour3,100,1000,0.0500,5,3,4,3,10,True,0.0119,2,2,200,9563.60,4741.40,-0.0240
pop100_gen1000_mut0.05_elite5_tour5,100,1000,0.0500,5,5,4,3,1,True,0.0057,1,1,100,9559.40,0.00,0.0000
pop100_gen1000_mut0.05_elite5_tour5,100,1000,0.0500,5,5,4,3,2,True,0.0124,2,2,200,9554.00,4623.40,-0.0190
pop100_gen1000_mut0.05_elite5_tour5,100,1000,0.0500,5,5,4,3,3,True,0.0058,1,1,100,9559.40,0.00,0.0000
pop100_gen1000_mut0.05_elite5_tour5,100,1000,0.0500,5,5,4,3,4,True,0.0123,2,2,200,9563.60,4683.40,-0.0200
pop100_gen1000_mut0.05_elite5_tour5,100,1000,0.0500,5,5,4,3,5,True,0.0062,1,1,100,9559.40,0.00,0.0000
pop100_gen1000_mut0.05_elite5_tour5,100,1000,0.0500,5,5,4,3,6,True,0.0119,2,2,200,9554.00,4683.40,-0.0280
pop100_gen1000_mut0.05_elite5_tour5,100,1000,0.0500,5,5,4,3,7,True,0.0063,1,1,100,9554.80,0.00,0.0000
pop100_gen1000_mut0.05_elite5_tour5,100,1000,0.0500,5,5,4,3,8,True,0.0167,3,3,300,9563.20,9412.80,-0.0720
pop100_gen1000_mut0.05_elite5_tour5,100,1000,0.0500,5,5,4,3,9,True,0.0058,1,1,100,9559.40,0.00,0.0000
pop100_gen1000_mut0.05_elite5_tour5,100,1000,0.0500,5,5,4,3,10,True,0.0240,4,4,400,9559.00,4693.00,-0.1060
pop200_gen1000_mut0.05_elite5_tour2,200,1000,0.0500,5,2,4,3,1,True,0.0208,1,1,200,9559.40,0.00,0.0000
pop200_gen1000_mut0.05_elite5_tour2,200,1000,0.0500,5,2,4,3,2,True,0.1237,7,7,1400,9563.60,4803.40,-0.1570
pop200_gen1000_mut0.05_elite5_tour2,200,1000,0.0500,5,2,4,3,3,True,0.0540,3,3,600,9554.40,4688.40,-0.0490
pop200_gen1000_mut0.05_elite5_tour2,200,1000,0.0500,5,2,4,3,4,True,0.0342,2,2,400,9554.00,4623.40,-0.0150
pop200_gen1000_mut0.05_elite5_tour2,200,1000,0.0500,5,2,4,3,5,True,0.0356,2,2,400,9060.20,4238.00,-0.0240
pop200_gen1000_mut0.05_elite5_tour2,200,1000,0.0500,5,2,4,3,6,True,0.0704,4,4,800,9554.40,4688.40,-0.0690
pop200_gen1000_mut0.05_elite5_tour2,200,1000,0.0500,5,2,4,3,7,True,0.0167,1,1,200,9554.00,0.00,0.0000
pop200_gen1000_mut0.05_elite5_tour2,200,1000,0.0500,5,2,4,3,8,True,0.0359,2,2,400,9554.00,4623.40,-0.0180
pop200_gen1000_mut0.05_elite5_tour2,200,1000,0.0500,5,2,4,3,9,True,0.0359,2,2,400,9544.40,4663.40,-0.0230
pop200_gen1000_mut0.05_elite5_tour2,200,1000,0.0500,5,2,4,3,10,True,0.0189,1,1,200,9559.40,0.00,0.0000
pop200_gen1000_mut0.05_elite5_tour3,200,1000,0.0500,5,3,4,3,1,True,0.0603,3,3,600,9060.20,4238.00,-0.0510
pop200_gen1000_mut0.05_elite5_tour3,200,1000,0.0500,5,3,4,3,2,True,0.0751,4,4,800,9554.80,4688.80,-0.0930
pop200_gen1000_mut0.05_elite5_tour3,200,1000,0.0500,5,3,4,3,3,True,0.0171,1,1,200,9559.40,0.00,0.0000
pop200_gen1000_mut0.05_elite5_tour3,200,1000,0.0500,5,3,4,3,4,True,0.0336,2,2,400,9558.60,4736.40,-0.0290
pop200_gen1000_mut0.05_elite5_tour3,200,1000,0.0500,5,3,4,3,5,True,0.0322,2,2,400,9558.60,4736.40,-0.0290
pop200_gen1000_mut0.05_elite5_tour3,200,1000,0.0500,5,3,4,3,6,True,0.0367,2,2,400,9559.00,4734.80,-0.0350
pop200_gen1000_mut0.05_elite5_tour3,200,1000,0.0500,5,3,4,3,7,True,0.0340,2,2,400,9568.20,4688.40,-0.0280
pop200_gen1000_mut0.05_elite5_tour3,200,1000,0.0500,5,3,4,3,8,True,0.0362,2,2,400,9559.00,4628.00,-0.0190
pop200_gen1000_mut0.05_elite5_tour3,200,1000,0.0500,5,3,4,3,9,True,0.0364,2,2,400,9554.00,4623.40,-0.0220
pop200_gen1000_mut0.05_elite5_tour3,200,1000,0.0500,5,3,4,3,10,True,0.0341,2,2,400,9558.60,4736.40,-0.0320
pop200_gen1000_mut0.05_elite5_tour5,200,1000,0.0500,5,5,4,3,1,True,0.0523,3,3,600,9568.60,9417.40,-0.0750
pop200_gen1000_mut0.05_elite5_tour5,200,1000,0.0500,5,5,4,3,2,True,0.0521,3,3,600,9559.00,9342.40,-0.0740
pop200_gen1000_mut0.05_elite5_tour5,200,1000,0.0500,5,5,4,3,3,True,0.0690,4,4,800,9563.60,4738.40,-0.1220
pop200_gen1000_mut0.05_elite5_tour5,200,1000,0.0500,5,5,4,3,4,True,0.0358,2,2,400,9549.40,4623.40,-0.0110
pop200_gen1000_mut0.05_elite5_tour5,200,1000,0.0500,5,5,4,3,5,True,0.0327,2,2,400,9060.20,4238.00,-0.0340
pop200_gen1000_mut0.05_elite5_tour5,200,1000,0.0500,5,5,4,3,6,True,0.0173,1,1,200,9559.40,0.00,0.0000
pop200_gen1000_mut0.05_elite5_tour5,200,1000,0.0500,5,5,4,3,7,True,0.0228,1,1,200,9554.80,0.00,0.0000
pop200_gen1000_mut0.05_elite5_tour5,200,1000,0.0500,5,5,4,3,8,True,0.0551,3,3,600,9559.00,9342.40,-0.0570
pop200_gen1000_mut0.05_elite5_tour5,200,1000,0.0500,5,5,4,3,9,True,0.0338,2,2,400,9549.00,4668.00,-0.0210
pop200_gen1000_mut0.05_elite5_tour5,200,1000,0.0500,5,5,4,3,10,True,0.0187,1,1,200,9554.80,0.00,0.0000
pop300_gen1000_mut0.05_elite5_tour2,300,1000,0.0500,5,2,4,3,1,True,0.0342,1,1,300,9558.60,0.00,0.0000
pop300_gen1000_mut0.05_elite5_tour2,300,1000,0.0500,5,2,4,3,2,True,0.0691,2,2,600,9559.00,4734.80,-0.0330
pop300_gen1000_mut0.05_elite5_tour2,300,1000,0.0500,5,2,4,3,3,True,0.0365,1,1,300,9554.00,0.00,0.0000
pop300_gen1000_mut0.05_elite5_tour2,300,1000,0.0500,5,2,4,3,4,True,0.1041,3,3,900,9563.20,9412.80,-0.0740
pop300_gen1000_mut0.05_elite5_tour2,300,1000,0.0500,5,2,4,3,5,True,0.0746,2,2,600,9563.60,4738.40,-0.0270
pop300_gen1000_mut0.05_elite5_tour2,300,1000,0.0500,5,2,4,3,6,True,0.0358,1,1,300,9559.40,0.00,0.0000
pop300_gen1000_mut0.05_elite5_tour2,300,1000,0.0500,5,2,4,3,7,True,0.0703,2,2,600,9544.40,4663.40,-0.0200
pop300_gen1000_mut0.05_elite5_tour2,300,1000,0.0500,5,2,4,3,8,True,0.0685,2,2,600,9558.20,4671.40,-0.0300
pop300_gen1000_mut0.05_elite5_tour2,300,1000,0.0500,5,2,4,3,9,True,0.0352,1,1,300,9549.80,0.00,0.0000
pop300_gen1000_mut0.05_elite5_tour2,300,1000,0.0500,5,2,4,3,10,True,0.0331,1,1,300,9559.40,0.00,0.0000
pop300_gen1000_mut0.05_elite5_tour3,300,1000,0.0500,5,3,4,3,1,True,0.1022,3,3,900,9554.40,4688.40,-0.0590
pop300_gen1000_mut0.05_elite5_tour3,300,1000,0.0500,5,3,4,3,2,True,0.0374,1,1,300,9559.40,0.00,0.0000
pop300_gen1000_mut0.05_elite5_tour3,300,1000,0.0500,5,3,4,3,3,True,0.0705,2,2,600,9554.40,4623.40,-0.0150
pop300_gen1000_mut0.05_elite5_tour3,300,1000,0.0500,5,3,4,3,4,True,0.0366,1,1,300,9559.40,0.00,0.0000
pop300_gen1000_mut0.05_elite5_tour3,300,1000,0.0500,5,3,4,3,5,True,0.0343,1,1,300,9549.80,0.00,0.0000
pop300_gen1000_mut0.05_elite5_tour3,300,1000,0.0500,5,3,4,3,6,True,0.0676,2,2,600,9563.60,4736.40,-0.0220
pop300_gen1000_mut0.05_elite5_tour3,300,1000,0.0500,5,3,4,3,7,True,0.1399,4,4,1200,9559.00,4801.40,-0.0650
pop300_gen1000_mut0.05_elite5_tour3,300,1000,0.0500,5,3,4,3,8,True,0.0984,2,2,600,9544.40,4663.40,-0.0220
pop300_gen1000_mut0.05_elite5_tour3,300,1000,0.0500,5,3,4,3,9,True,0.0964,2,2,600,9559.00,4678.40,-0.0190
pop300_gen1000_mut0.05_elite5_tour3,300,1000,0.0500,5,3,4,3,10,True,0.0879,2,2,600,9563.60,4736.40,-0.0320
pop300_gen1000_mut0.05_elite5_tour5,300,1000,0.0500,5,5,4,3,1,True,0.1010,2,2,600,9563.60,4736.40,-0.0230
pop300_gen1000_mut0.05_elite5_tour5,300,1000,0.0500,5,5,4,3,2,True,0.0400,1,1,300,9554.80,0.00,0.0000
pop300_gen1000_mut0.05_elite5_tour5,300,1000,0.0500,5,5,4,3,3,True,0.0903,2,2,600,9544.40,4663.40,-0.0180
pop300_gen1000_mut0.05_elite5_tour5,300,1000,0.0500,5,5,4,3,4,True,0.0975,2,2,600,9563.60,4736.40,-0.0240
pop300_gen1000_mut0.05_elite5_tour5,300,1000,0.0500,5,5,4,3,5,True,0.0500,1,1,300,9554.00,0.00,0.0000
pop300_gen1000_mut0.05_elite5_tour5,300,1000,0.0500,5,5,4,3,6,True,0.1311,3,3,900,9563.20,9402.80,-0.0740
pop300_gen1000_mut0.05_elite5_tour5,300,1000,0.0500,5,5,4,3,7,True,0.0878,2,2,600,9554.40,4673.40,-0.0170
pop300_gen1000_mut0.05_elite5_tour5,300,1000,0.0500,5,5,4,3,8,True,0.0455,1,1,300,9558.60,0.00,0.0000
pop300_gen1000_mut0.05_elite5_tour5,300,1000,0.0500,5,5,4,3,9,True,0.0424,1,1,300,9544.80,0.00,0.0000
pop300_gen1000_mut0.05_elite5_tour5,300,1000,0.0500,5,5,4,3,10,True,0.0336,1,1,300,9554.00,0.00,0.0000
