config_id,pop_size,generations,mut_rate,elite,tour_k,board_size,num_colors,run_number,success,time,generations_executed,generations_to_solution,fitness_evals,final_fitness,fitness_improvement,diversity_loss
pop150_gen800_mut0.02_elite1_tour2,150,800,0.0200,1,2,10,5,1,True,0.2393,6,6,900,15531.40,9747.60,-0.0400
pop150_gen800_mut0.02_elite1_tour2,150,800,0.0200,1,2,10,5,2,False,27.8207,677,,101700,15504.00,9445.40,-0.0060
pop150_gen800_mut0.02_elite1_tour2,150,800,0.0200,1,2,10,5,3,True,0.1670,4,4,600,15478.40,9159.80,-0.0160
pop150_gen800_mut0.02_elite1_tour2,150,800,0.0200,1,2,10,5,4,False,31.1110,760,,114150,15503.20,5017.60,-0.0070
pop150_gen800_mut0.02_elite1_tour2,150,800,0.0200,1,2,10,5,5,True,0.8669,21,21,3150,15539.80,14263.80,-0.1000
pop150_gen800_mut0.02_elite1_tour3,150,800,0.0200,1,3,10,5,1,True,0.4495,11,11,1650,15515.00,9422.40,-0.0690
pop150_gen800_mut0.02_elite1_tour3,150,800,0.0200,1,3,10,5,2,False,21.5162,526,,79050,15488.80,18846.00,-0.0050
pop150_gen800_mut0.02_elite1_tour3,150,800,0.0200,1,3,10,5,3,True,0.3300,8,8,1200,15532.20,9586.20,-0.0430
pop150_gen800_mut0.02_elite1_tour3,150,800,0.0200,1,3,10,5,4,True,1.0805,27,27,4050,15503.60,9459.60,-0.0650
pop150_gen800_mut0.02_elite1_tour3,150,800,0.0200,1,3,10,5,5,True,0.0869,2,2,300,15513.00,4659.40,-0.0060
pop150_gen800_mut0.02_elite1_tour4,150,800,0.0200,1,4,10,5,1,True,0.0529,1,1,150,15521.00,0.00,0.0000
pop150_gen800_mut0.02_elite1_tour4,150,800,0.0200,1,4,10,5,2,True,0.0530,1,1,150,15511.80,0.00,0.0000
pop150_gen800_mut0.02_elite1_tour4,150,800,0.0200,1,4,10,5,3,True,0.7031,17,17,2550,15557.80,19108.80,-0.0970
pop150_gen800_mut0.02_elite1_tour4,150,800,0.0200,1,4,10,5,4,True,12.6625,324,324,48600,15564.40,19153.60,-0.0200
pop150_gen800_mut0.02_elite1_tour4,150,800,0.0200,1,4,10,5,5,True,0.1353,3,3,450,15509.80,9204.00,-0.0190
pop175_gen800_mut0.02_elite1_tour2,175,800,0.0200,1,2,10,5,1,True,1.4879,52,52,9100,15522.20,9609.20,-0.0740
pop175_gen800_mut0.02_elite1_tour2,175,800,0.0200,1,2,10,5,2,True,0.0647,1,1,175,15502.60,0.00,0.0000
pop175_gen800_mut0.02_elite1_tour2,175,800,0.0200,1,2,10,5,3,True,0.4634,9,9,1575,15515.20,9369.40,-0.0640
pop175_gen800_mut0.02_elite1_tour2,175,800,0.0200,1,2,10,5,4,True,4.3352,87,87,15225,15547.40,19303.20,-0.0720
pop175_gen800_mut0.02_elite1_tour2,175,800,0.0200,1,2,10,5,5,True,2.0842,41,41,7175,15539.40,19231.00,-0.0800
pop175_gen800_mut0.02_elite1_tour3,175,800,0.0200,1,3,10,5,1,True,3.6454,71,71,12425,15506.80,4771.40,-0.0180
pop175_gen800_mut0.02_elite1_tour3,175,800,0.0200,1,3,10,5,2,True,0.0644,1,1,175,15503.00,0.00,0.0000
pop175_gen800_mut0.02_elite1_tour3,175,800,0.0200,1,3,10,5,3,False,24.7713,485,,85050,15465.60,14368.40,-0.0100
pop175_gen800_mut0.02_elite1_tour3,175,800,0.0200,1,3,10,5,4,True,1.3062,27,27,4725,15555.80,14606.00,-0.0780
pop175_gen800_mut0.02_elite1_tour3,175,800,0.0200,1,3,10,5,5,True,0.4175,8,8,1400,15539.00,4838.00,-0.0660
pop175_gen800_mut0.02_elite1_tour4,175,800,0.0200,1,4,10,5,1,True,0.9052,17,17,2975,15578.20,14990.20,-0.0620
pop175_gen800_mut0.02_elite1_tour4,175,800,0.0200,1,4,10,5,2,True,0.0669,1,1,175,15519.60,0.00,0.0000
pop175_gen800_mut0.02_elite1_tour4,175,800,0.0200,1,4,10,5,3,True,3.0819,59,59,10325,15520.60,9531.00,-0.0470
pop175_gen800_mut0.02_elite1_tour4,175,800,0.0200,1,4,10,5,4,True,2.4995,48,48,8400,15537.40,14315.80,-0.0520
pop175_gen800_mut0.02_elite1_tour4,175,800,0.0200,1,4,10,5,5,True,2.1941,42,42,7350,15562.80,9905.00,-0.0600
pop200_gen800_mut0.02_elite1_tour2,200,800,0.0200,1,2,10,5,1,True,0.3667,6,6,1200,15531.80,4763.00,-0.0360
pop200_gen800_mut0.02_elite1_tour2,200,800,0.0200,1,2,10,5,2,True,8.0795,121,121,24200,15550.80,9828.00,-0.0880
pop200_gen800_mut0.02_elite1_tour2,200,800,0.0200,1,2,10,5,3,True,0.6620,11,11,2200,15528.20,14539.60,-0.0610
pop200_gen800_mut0.02_elite1_tour2,200,800,0.0200,1,2,10,5,4,False,37.4032,584,,117000,15409.20,9450.80,-0.0100
pop200_gen800_mut0.02_elite1_tour2,200,800,0.0200,1,2,10,5,5,False,40.4871,628,,125800,15504.00,9545.00,-0.0050
pop200_gen800_mut0.02_elite1_tour3,200,800,0.0200,1,3,10,5,1,True,1.9928,31,31,6200,15567.80,14644.00,-0.0800
pop200_gen800_mut0.02_elite1_tour3,200,800,0.0200,1,3,10,5,2,True,0.3139,5,5,1000,15485.40,4688.40,-0.0250
pop200_gen800_mut0.02_elite1_tour3,200,800,0.0200,1,3,10,5,3,True,0.7666,12,12,2400,15522.00,4727.40,-0.0930
pop200_gen800_mut0.02_elite1_tour3,200,800,0.0200,1,3,10,5,4,True,0.8873,14,14,2800,15512.80,9629.00,-0.0870
pop200_gen800_mut0.02_elite1_tour3,200,800,0.0200,1,3,10,5,5,True,1.1862,19,19,3800,15534.00,14201.60,-0.0820
pop200_gen800_mut0.02_elite1_tour4,200,800,0.0200,1,4,10,5,1,True,0.1334,2,2,400,15518.00,4623.40,-0.0070
pop200_gen800_mut0.02_elite1_tour4,200,800,0.0200,1,4,10,5,2,True,0.3169,5,5,1000,15517.60,4748.40,-0.0280
pop200_gen800_mut0.02_elite1_tour4,200,800,0.0200,1,4,10,5,3,False,49.4332,800,,160000,15437.20,9804.80,-0.0150
pop200_gen800_mut0.02_elite1_tour4,200,800,0.0200,1,4,10,5,4,True,0.1957,3,3,600,15496.40,4566.00,-0.0130
pop200_gen800_mut0.02_elite1_tour4,200,800,0.0200,1,4,10,5,5,False,37.9965,592,,118600,15489.00,4810.40,-0.0110
pop225_gen800_mut0.02_elite1_tour2,225,800,0.0200,1,2,10,5,1,True,2.5635,34,34,7650,15547.00,19264.20,-0.1080
pop225_gen800_mut0.02_elite1_tour2,225,800,0.0200,1,2,10,5,2,True,1.6289,21,21,4725,15539.80,4965.20,-0.0860
pop225_gen800_mut0.02_elite1_tour2,225,800,0.0200,1,2,10,5,3,True,0.2913,4,4,900,15508.40,9426.80,-0.0210
pop225_gen800_mut0.02_elite1_tour2,225,800,0.0200,1,2,10,5,4,True,4.0236,54,54,12150,15555.40,19418.60,-0.1050
pop225_gen800_mut0.02_elite1_tour2,225,800,0.0200,1,2,10,5,5,False,61.3720,800,,180000,15442.20,9748.20,-0.0210
pop225_gen800_mut0.02_elite1_tour3,225,800,0.0200,1,3,10,5,1,True,0.0952,1,1,225,15525.00,0.00,0.0000
pop225_gen800_mut0.02_elite1_tour3,225,800,0.0200,1,3,10,5,2,True,0.1592,2,2,450,15498.40,4623.40,-0.0070
pop225_gen800_mut0.02_elite1_tour3,225,800,0.0200,1,3,10,5,3,True,2.9389,38,38,8550,15564.80,14349.40,-0.0460
pop225_gen800_mut0.02_elite1_tour3,225,800,0.0200,1,3,10,5,4,True,0.4490,6,6,1350,15531.80,9824.40,-0.0300
pop225_gen800_mut0.02_elite1_tour3,225,800,0.0200,1,3,10,5,5,True,3.3879,43,43,9675,15597.40,14735.80,-0.0790
pop225_gen800_mut0.02_elite1_tour4,225,800,0.0200,1,4,10,5,1,True,2.3203,30,30,6750,15524.00,9514.20,-0.0880
pop225_gen800_mut0.02_elite1_tour4,225,800,0.0200,1,4,10,5,2,True,0.8754,12,12,2700,15507.20,14060.00,-0.0610
pop225_gen800_mut0.02_elite1_tour4,225,800,0.0200,1,4,10,5,3,True,2.5987,35,35,7875,15558.60,14769.00,-0.0510
pop225_gen800_mut0.02_elite1_tour4,225,800,0.0200,1,4,10,5,4,True,1.4457,34,34,7650,15494.80,4888.20,-0.0440
pop225_gen800_mut0.02_elite1_tour4,225,800,0.0200,1,4,10,5,5,True,1.6357,21,21,4725,15568.60,10216.40,-0.0780
pop250_gen800_mut0.02_elite1_tour2,250,800,0.0200,1,2,10,5,1,True,0.1088,1,1,250,15519.80,0.00,0.0000
pop250_gen800_mut0.02_elite1_tour2,250,800,0.0200,1,2,10,5,2,True,3.7520,41,41,10250,15588.20,10189.20,-0.0870
pop250_gen800_mut0.02_elite1_tour2,250,800,0.0200,1,2,10,5,3,True,0.1872,2,2,500,15515.00,4753.40,-0.0060
pop250_gen800_mut0.02_elite1_tour2,250,800,0.0200,1,2,10,5,4,True,0.1153,1,1,250,15520.20,0.00,0.0000
pop250_gen800_mut0.02_elite1_tour2,250,800,0.0200,1,2,10,5,5,True,3.1899,36,36,9000,15527.80,5163.00,-0.0930
pop250_gen800_mut0.02_elite1_tour3,250,800,0.0200,1,3,10,5,1,False,46.3336,564,,141250,10356.40,4577.80,-0.0050
pop250_gen800_mut0.02_elite1_tour3,250,800,0.0200,1,3,10,5,2,True,0.1912,2,2,500,15498.40,4563.40,-0.0060
pop250_gen800_mut0.02_elite1_tour3,250,800,0.0200,1,3,10,5,3,True,0.1886,2,2,500,15523.40,9323.80,-0.0080
pop250_gen800_mut0.02_elite1_tour3,250,800,0.0200,1,3,10,5,4,True,1.7197,19,19,4750,15537.80,9819.80,-0.0970
pop250_gen800_mut0.02_elite1_tour3,250,800,0.0200,1,3,10,5,5,True,0.4448,5,5,1250,15515.00,4749.20,-0.0300
pop250_gen800_mut0.02_elite1_tour4,250,800,0.0200,1,4,10,5,1,True,1.2745,14,14,3500,15528.60,9726.20,-0.0690
pop250_gen800_mut0.02_elite1_tour4,250,800,0.0200,1,4,10,5,2,True,0.7011,8,8,2000,15509.00,9553.80,-0.0450
pop250_gen800_mut0.02_elite1_tour4,250,800,0.0200,1,4,10,5,3,True,4.7626,63,63,15750,15539.20,14215.60,-0.0420
pop250_gen800_mut0.02_elite1_tour4,250,800,0.0200,1,4,10,5,4,True,0.1100,1,1,250,15530.20,0.00,0.0000
pop250_gen800_mut0.02_elite1_tour4,250,800,0.0200,1,4,10,5,5,True,3.4678,38,38,9500,15519.80,4772.80,-0.0280
pop150_gen800_mut0.025_elite1_tour2,150,800,0.0250,1,2,10,5,1,True,0.0877,2,2,300,15512.20,4608.40,-0.0100
pop150_gen800_mut0.025_elite1_tour2,150,800,0.0250,1,2,10,5,2,False,27.0454,665,,99900,15498.40,4969.20,-0.0150
pop150_gen800_mut0.025_elite1_tour2,150,800,0.0250,1,2,10,5,3,True,0.0529,1,1,150,15521.00,0.00,0.0000
pop150_gen800_mut0.025_elite1_tour2,150,800,0.0250,1,2,10,5,4,True,0.0529,1,1,150,15518.80,0.00,0.0000
pop150_gen800_mut0.025_elite1_tour2,150,800,0.0250,1,2,10,5,5,True,1.4406,36,36,5400,15526.20,9629.20,-0.1340
pop150_gen800_mut0.025_elite1_tour3,150,800,0.0250,1,3,10,5,1,True,0.8607,21,21,3150,15548.00,9701.60,-0.0720
pop150_gen800_mut0.025_elite1_tour3,150,800,0.0250,1,3,10,5,2,True,0.1343,3,3,450,15531.00,4849.00,-0.0210
pop150_gen800_mut0.025_elite1_tour3,150,800,0.0250,1,3,10,5,3,True,5.5540,138,138,20700,15584.00,14658.60,-0.0340
pop150_gen800_mut0.025_elite1_tour3,150,800,0.0250,1,3,10,5,4,False,20.3363,511,,76800,11071.00,14717.20,-0.0160
pop150_gen800_mut0.025_elite1_tour3,150,800,0.0250,1,3,10,5,5,True,0.1657,4,4,600,15535.80,9354.40,-0.0340
pop150_gen800_mut0.025_elite1_tour4,150,800,0.0250,1,4,10,5,1,True,0.2796,7,7,1050,15530.60,9740.60,-0.0480
pop150_gen800_mut0.025_elite1_tour4,150,800,0.0250,1,4,10,5,2,True,0.7397,18,18,2700,15526.00,9524.40,-0.0690
pop150_gen800_mut0.025_elite1_tour4,150,800,0.0250,1,4,10,5,3,True,0.3107,8,8,1200,15529.40,9572.40,-0.0740
pop150_gen800_mut0.025_elite1_tour4,150,800,0.0250,1,4,10,5,4,True,1.2924,60,60,9000,15509.40,9531.40,-0.0380
pop150_gen800_mut0.025_elite1_tour4,150,800,0.0250,1,4,10,5,5,True,0.3317,8,8,1200,15519.00,4945.60,-0.0450
pop175_gen800_mut0.025_elite1_tour2,175,800,0.0250,1,2,10,5,1,True,0.5707,11,11,1925,15556.80,9556.40,-0.0790
pop175_gen800_mut0.025_elite1_tour2,175,800,0.0250,1,2,10,5,2,True,10.1077,182,182,31850,15538.20,14143.60,-0.0520
pop175_gen800_mut0.025_elite1_tour2,175,800,0.0250,1,2,10,5,3,True,0.9674,19,19,3325,15514.60,14416.80,-0.0960
pop175_gen800_mut0.025_elite1_tour2,175,800,0.0250,1,2,10,5,4,True,0.6875,13,13,2275,15585.60,4931.20,-0.0610
pop175_gen800_mut0.025_elite1_tour2,175,800,0.0250,1,2,10,5,5,True,2.0060,38,38,6650,15556.60,9913.20,-0.1310
pop175_gen800_mut0.025_elite1_tour3,175,800,0.0250,1,3,10,5,1,True,1.4728,29,29,5075,15536.60,19240.20,-0.0870
pop175_gen800_mut0.025_elite1_tour3,175,800,0.0250,1,3,10,5,2,True,0.4935,10,10,1750,15540.60,9822.00,-0.0850
pop175_gen800_mut0.025_elite1_tour3,175,800,0.0250,1,3,10,5,3,True,0.3974,8,8,1400,15508.20,9490.60,-0.0620
pop175_gen800_mut0.025_elite1_tour3,175,800,0.0250,1,3,10,5,4,True,0.4104,8,8,1400,15541.00,9455.40,-0.0690
pop175_gen800_mut0.025_elite1_tour3,175,800,0.0250,1,3,10,5,5,True,0.0653,1,1,175,15523.00,0.00,0.0000
pop175_gen800_mut0.025_elite1_tour4,175,800,0.0250,1,4,10,5,1,False,27.5609,556,,97475,15373.00,5057.80,-0.0080
pop175_gen800_mut0.025_elite1_tour4,175,800,0.0250,1,4,10,5,2,True,0.2426,5,5,875,15538.20,9617.40,-0.0420
pop175_gen800_mut0.025_elite1_tour4,175,800,0.0250,1,4,10,5,3,False,24.6350,477,,83650,15416.60,9417.40,-0.0050
pop175_gen800_mut0.025_elite1_tour4,175,800,0.0250,1,4,10,5,4,True,0.2068,4,4,700,15519.20,4747.20,-0.0190
pop175_gen800_mut0.025_elite1_tour4,175,800,0.0250,1,4,10,5,5,True,0.3649,7,7,1225,15554.60,4811.80,-0.0300
pop200_gen800_mut0.025_elite1_tour2,200,800,0.0250,1,2,10,5,1,True,0.1322,2,2,400,15511.40,4589.00,-0.0090
pop200_gen800_mut0.025_elite1_tour2,200,800,0.0250,1,2,10,5,2,True,1.4514,23,23,4600,15560.20,10066.60,-0.0890
pop200_gen800_mut0.025_elite1_tour2,200,800,0.0250,1,2,10,5,3,True,0.9601,15,15,3000,15527.00,9853.20,-0.0760
pop200_gen800_mut0.025_elite1_tour2,200,800,0.0250,1,2,10,5,4,True,0.3791,6,6,1200,15522.20,9282.80,-0.0410
pop200_gen800_mut0.025_elite1_tour2,200,800,0.0250,1,2,10,5,5,True,3.1879,50,50,10000,15539.80,9780.00,-0.0810
pop200_gen800_mut0.025_elite1_tour3,200,800,0.0250,1,3,10,5,1,True,0.7739,12,12,2400,15517.80,4840.20,-0.0820
pop200_gen800_mut0.025_elite1_tour3,200,800,0.0250,1,3,10,5,2,True,1.1800,19,19,3800,15567.00,14482.80,-0.1150
pop200_gen800_mut0.025_elite1_tour3,200,800,0.0250,1,3,10,5,3,True,2.1432,34,34,6800,15527.40,5171.60,-0.0960
pop200_gen800_mut0.025_elite1_tour3,200,800,0.0250,1,3,10,5,4,True,0.4578,7,7,1400,15521.00,4771.60,-0.0600
pop200_gen800_mut0.025_elite1_tour3,200,800,0.0250,1,3,10,5,5,True,1.4040,22,22,4400,15537.40,14568.20,-0.0970
pop200_gen800_mut0.025_elite1_tour4,200,800,0.0250,1,4,10,5,1,False,31.7924,533,,106800,15367.80,4998.00,-0.0120
pop200_gen800_mut0.025_elite1_tour4,200,800,0.0250,1,4,10,5,2,True,2.2628,36,36,7200,15539.80,4874.80,-0.0730
pop200_gen800_mut0.025_elite1_tour4,200,800,0.0250,1,4,10,5,3,True,0.1332,2,2,400,15516.00,4623.40,-0.0090
pop200_gen800_mut0.025_elite1_tour4,200,800,0.0250,1,4,10,5,4,True,0.3088,5,5,1000,15511.40,9730.00,-0.0510
pop200_gen800_mut0.025_elite1_tour4,200,800,0.0250,1,4,10,5,5,True,1.0387,17,17,3400,15547.80,10073.40,-0.0830
pop225_gen800_mut0.025_elite1_tour2,225,800,0.0250,1,2,10,5,1,True,2.2847,29,29,6525,15540.20,4996.80,-0.0960
pop225_gen800_mut0.025_elite1_tour2,225,800,0.0250,1,2,10,5,2,True,2.3035,30,30,6750,15539.00,5028.20,-0.1100
pop225_gen800_mut0.025_elite1_tour2,225,800,0.0250,1,2,10,5,3,True,-0.2281,12,12,2700,15503.80,4799.80,-0.0690
pop225_gen800_mut0.025_elite1_tour2,225,800,0.0250,1,2,10,5,4,True,0.2379,3,3,675,15531.40,9405.80,-0.0160
pop225_gen800_mut0.025_elite1_tour2,225,800,0.0250,1,2,10,5,5,True,5.1138,65,65,14625,15565.40,19323.60,-0.1200
pop225_gen800_mut0.025_elite1_tour3,225,800,0.0250,1,3,10,5,1,True,0.0931,1,1,225,15520.60,0.00,0.0000
pop225_gen800_mut0.025_elite1_tour3,225,800,0.0250,1,3,10,5,2,True,2.1063,28,28,6300,15564.60,24121.00,-0.1260
pop225_gen800_mut0.025_elite1_tour3,225,800,0.0250,1,3,10,5,3,True,1.0699,14,14,3150,15528.00,9619.00,-0.0520
pop225_gen800_mut0.025_elite1_tour3,225,800,0.0250,1,3,10,5,4,True,0.0948,1,1,225,15508.00,0.00,0.0000
pop225_gen800_mut0.025_elite1_tour3,225,800,0.0250,1,3,10,5,5,False,44.0074,572,,128925,15499.20,4924.80,-0.0060
pop225_gen800_mut0.025_elite1_tour4,225,800,0.0250,1,4,10,5,1,True,0.9263,12,12,2700,15519.40,4777.00,-0.0960
pop225_gen800_mut0.025_elite1_tour4,225,800,0.0250,1,4,10,5,2,True,0.2396,3,3,675,15511.80,9392.80,-0.0210
pop225_gen800_mut0.025_elite1_tour4,225,800,0.0250,1,4,10,5,3,True,0.9672,13,13,2925,15610.80,19739.60,-0.0900
pop225_gen800_mut0.025_elite1_tour4,225,800,0.0250,1,4,10,5,4,True,1.7956,23,23,5175,15537.00,9613.80,-0.0710
pop225_gen800_mut0.025_elite1_tour4,225,800,0.0250,1,4,10,5,5,True,1.0845,14,14,3150,15537.40,9907.20,-0.0670
pop250_gen800_mut0.025_elite1_tour2,250,800,0.0250,1,2,10,5,1,True,25.6516,279,279,69750,15519.80,9666.60,-0.0610
pop250_gen800_mut0.025_elite1_tour2,250,800,0.0250,1,2,10,5,2,True,2.5545,27,27,6750,15587.40,10020.20,-0.1180
pop250_gen800_mut0.025_elite1_tour2,250,800,0.0250,1,2,10,5,3,True,0.1838,2,2,500,15532.20,4629.00,-0.0070
pop250_gen800_mut0.025_elite1_tour2,250,800,0.0250,1,2,10,5,4,True,0.1886,2,2,500,15511.20,4571.00,-0.0050
pop250_gen800_mut0.025_elite1_tour2,250,800,0.0250,1,2,10,5,5,True,0.1113,1,1,250,15523.40,0.00,0.0000
pop250_gen800_mut0.025_elite1_tour3,250,800,0.0250,1,3,10,5,1,True,0.1104,1,1,250,15523.40,0.00,0.0000
pop250_gen800_mut0.025_elite1_tour3,250,800,0.0250,1,3,10,5,2,True,16.1130,188,188,47000,15580.40,14789.40,-0.0520
pop250_gen800_mut0.025_elite1_tour3,250,800,0.0250,1,3,10,5,3,True,0.1924,2,2,500,15503.40,4623.40,-0.0060
pop250_gen800_mut0.025_elite1_tour3,250,800,0.0250,1,3,10,5,4,True,4.2331,46,46,11500,15521.40,14246.80,-0.0810
pop250_gen800_mut0.025_elite1_tour3,250,800,0.0250,1,3,10,5,5,True,0.1868,2,2,500,15534.20,4758.00,-0.0080
pop250_gen800_mut0.025_elite1_tour4,250,800,0.0250,1,4,10,5,1,True,0.1112,1,1,250,15525.00,0.00,0.0000
pop250_gen800_mut0.025_elite1_tour4,250,800,0.0250,1,4,10,5,2,True,4.4995,50,50,12500,15552.80,19304.40,-0.0300
pop250_gen800_mut0.025_elite1_tour4,250,800,0.0250,1,4,10,5,3,True,5.5556,60,60,15000,15580.40,15045.00,-0.0590
pop250_gen800_mut0.025_elite1_tour4,250,800,0.0250,1,4,10,5,4,True,5.6768,61,61,15250,15590.40,14747.40,-0.0430
pop250_gen800_mut0.025_elite1_tour4,250,800,0.0250,1,4,10,5,5,True,1.0029,11,11,2750,15507.40,9393.20,-0.0910
pop150_gen800_mut0.03_elite1_tour2,150,800,0.0300,1,2,10,5,1,True,0.4776,12,12,1800,15510.20,14060.40,-0.0720
pop150_gen800_mut0.03_elite1_tour2,150,800,0.0300,1,2,10,5,2,True,1.0508,52,52,7800,15565.00,14824.20,-0.1420
pop150_gen800_mut0.03_elite1_tour2,150,800,0.0300,1,2,10,5,3,False,25.3429,593,,89100,15488.60,14182.80,-0.0160
pop150_gen800_mut0.03_elite1_tour2,150,800,0.0300,1,2,10,5,4,True,0.0856,2,2,300,15525.00,4683.80,-0.0090
pop150_gen800_mut0.03_elite1_tour2,150,800,0.0300,1,2,10,5,5,True,0.4041,10,10,1500,15517.00,9380.20,-0.0980
pop150_gen800_mut0.03_elite1_tour3,150,800,0.0300,1,3,10,5,1,True,1.0906,26,26,3900,15562.80,14643.20,-0.0910
pop150_gen800_mut0.03_elite1_tour3,150,800,0.0300,1,3,10,5,2,True,0.9367,23,23,3450,15536.60,14344.60,-0.1080
pop150_gen800_mut0.03_elite1_tour3,150,800,0.0300,1,3,10,5,3,True,0.0524,1,1,150,15519.80,0.00,0.0000
pop150_gen800_mut0.03_elite1_tour3,150,800,0.0300,1,3,10,5,4,True,0.0537,1,1,150,15502.60,0.00,0.0000
pop150_gen800_mut0.03_elite1_tour3,150,800,0.0300,1,3,10,5,5,True,0.6504,16,16,2400,15530.60,9833.20,-0.0850
pop150_gen800_mut0.03_elite1_tour4,150,800,0.0300,1,4,10,5,1,True,0.1986,5,5,750,15530.60,9297.80,-0.0390
pop150_gen800_mut0.03_elite1_tour4,150,800,0.0300,1,4,10,5,2,True,0.1217,3,3,450,15529.40,9309.60,-0.0260
pop150_gen800_mut0.03_elite1_tour4,150,800,0.0300,1,4,10,5,3,True,0.1648,4,4,600,15506.40,9355.60,-0.0360
pop150_gen800_mut0.03_elite1_tour4,150,800,0.0300,1,4,10,5,4,True,0.5735,14,14,2100,15528.60,14420.20,-0.0940
pop150_gen800_mut0.03_elite1_tour4,150,800,0.0300,1,4,10,5,5,True,0.3593,9,9,1350,15536.60,14394.60,-0.0810
pop175_gen800_mut0.03_elite1_tour2,175,800,0.0300,1,2,10,5,1,True,2.0719,59,59,10325,15552.80,9560.20,-0.1050
pop175_gen800_mut0.03_elite1_tour2,175,800,0.0300,1,2,10,5,2,True,0.0690,1,1,175,15511.00,0.00,0.0000
pop175_gen800_mut0.03_elite1_tour2,175,800,0.0300,1,2,10,5,3,True,2.0579,39,39,6825,15536.20,9490.60,-0.1120
pop175_gen800_mut0.03_elite1_tour2,175,800,0.0300,1,2,10,5,4,True,0.4178,8,8,1400,15520.40,9367.40,-0.0780
pop175_gen800_mut0.03_elite1_tour2,175,800,0.0300,1,2,10,5,5,False,28.0129,549,,96250,15383.20,13956.20,-0.0240
pop175_gen800_mut0.03_elite1_tour3,175,800,0.0300,1,3,10,5,1,True,0.0662,1,1,175,15518.40,0.00,0.0000
pop175_gen800_mut0.03_elite1_tour3,175,800,0.0300,1,3,10,5,2,True,0.2573,5,5,875,15538.40,4848.60,-0.0370
pop175_gen800_mut0.03_elite1_tour3,175,800,0.0300,1,3,10,5,3,True,1.2373,23,23,4025,15552.40,4839.40,-0.1040
pop175_gen800_mut0.03_elite1_tour3,175,800,0.0300,1,3,10,5,4,True,0.6156,12,12,2100,15515.80,9525.60,-0.1120
pop175_gen800_mut0.03_elite1_tour3,175,800,0.0300,1,3,10,5,5,True,1.5089,30,30,5250,15523.20,9894.20,-0.0850
pop175_gen800_mut0.03_elite1_tour4,175,800,0.0300,1,4,10,5,1,False,26.5547,516,,90475,15480.20,9592.00,-0.0130
pop175_gen800_mut0.03_elite1_tour4,175,800,0.0300,1,4,10,5,2,True,0.6457,13,13,2275,15549.80,14682.20,-0.1000
pop175_gen800_mut0.03_elite1_tour4,175,800,0.0300,1,4,10,5,3,True,0.3573,7,7,1225,15543.20,19279.60,-0.0680
pop175_gen800_mut0.03_elite1_tour4,175,800,0.0300,1,4,10,5,4,True,0.0775,1,1,175,15515.40,0.00,0.0000
pop175_gen800_mut0.03_elite1_tour4,175,800,0.0300,1,4,10,5,5,True,0.1565,3,3,525,15495.80,4743.00,-0.0130
pop200_gen800_mut0.03_elite1_tour2,200,800,0.0300,1,2,10,5,1,True,17.7103,275,275,55000,15564.00,10012.20,-0.0520
pop200_gen800_mut0.03_elite1_tour2,200,800,0.0300,1,2,10,5,2,True,0.4266,7,7,1400,15528.60,9907.60,-0.0740
pop200_gen800_mut0.03_elite1_tour2,200,800,0.0300,1,2,10,5,3,True,0.0831,1,1,200,15524.20,0.00,0.0000
pop200_gen800_mut0.03_elite1_tour2,200,800,0.0300,1,2,10,5,4,True,3.9060,62,62,12400,15514.00,5084.80,-0.1060
pop200_gen800_mut0.03_elite1_tour2,200,800,0.0300,1,2,10,5,5,True,0.2510,4,4,800,15498.40,4747.60,-0.0230
pop200_gen800_mut0.03_elite1_tour3,200,800,0.0300,1,3,10,5,1,True,1.9677,30,30,6000,15543.60,14445.00,-0.0800
pop200_gen800_mut0.03_elite1_tour3,200,800,0.0300,1,3,10,5,2,True,0.3198,5,5,1000,15525.20,4773.00,-0.0490
pop200_gen800_mut0.03_elite1_tour3,200,800,0.0300,1,3,10,5,3,True,2.4051,37,37,7400,15595.40,10295.60,-0.0890
pop200_gen800_mut0.03_elite1_tour3,200,800,0.0300,1,3,10,5,4,True,2.4036,38,38,7600,15537.40,19052.40,-0.0960
pop200_gen800_mut0.03_elite1_tour3,200,800,0.0300,1,3,10,5,5,True,3.0304,63,63,12600,15560.80,14548.60,-0.0870
pop200_gen800_mut0.03_elite1_tour4,200,800,0.0300,1,4,10,5,1,True,0.0804,1,1,200,15525.00,0.00,0.0000
pop200_gen800_mut0.03_elite1_tour4,200,800,0.0300,1,4,10,5,2,True,3.3129,51,51,10200,15594.60,14617.80,-0.0740
pop200_gen800_mut0.03_elite1_tour4,200,800,0.0300,1,4,10,5,3,True,0.3280,5,5,1000,15514.40,9260.40,-0.0430
pop200_gen800_mut0.03_elite1_tour4,200,800,0.0300,1,4,10,5,4,True,0.1328,2,2,400,15527.60,4637.00,-0.0090
pop200_gen800_mut0.03_elite1_tour4,200,800,0.0300,1,4,10,5,5,True,2.3039,36,36,7200,15600.80,19851.60,-0.0760
pop225_gen800_mut0.03_elite1_tour2,225,800,0.0300,1,2,10,5,1,True,8.7528,115,115,25875,15522.20,4997.00,-0.0410
pop225_gen800_mut0.03_elite1_tour2,225,800,0.0300,1,2,10,5,2,True,0.3123,4,4,900,15532.60,9416.60,-0.0320
pop225_gen800_mut0.03_elite1_tour2,225,800,0.0300,1,2,10,5,3,True,0.1556,2,2,450,15489.20,4623.40,-0.0090
pop225_gen800_mut0.03_elite1_tour2,225,800,0.0300,1,2,10,5,4,True,0.1609,2,2,450,15503.80,4563.40,-0.0090
pop225_gen800_mut0.03_elite1_tour2,225,800,0.0300,1,2,10,5,5,True,4.5980,57,57,12825,15519.00,9812.00,-0.1080
pop225_gen800_mut0.03_elite1_tour3,225,800,0.0300,1,3,10,5,1,True,0.4594,6,6,1350,15522.20,13878.60,-0.0560
pop225_gen800_mut0.03_elite1_tour3,225,800,0.0300,1,3,10,5,2,True,0.8979,12,12,2700,15539.00,9722.00,-0.0970
pop225_gen800_mut0.03_elite1_tour3,225,800,0.0300,1,3,10,5,3,True,1.4155,19,19,4275,15509.40,9545.80,-0.1150
pop225_gen800_mut0.03_elite1_tour3,225,800,0.0300,1,3,10,5,4,True,3.8061,50,50,11250,15539.00,14510.60,-0.0670
pop225_gen800_mut0.03_elite1_tour3,225,800,0.0300,1,3,10,5,5,True,0.1595,2,2,450,15507.20,4668.40,-0.0100
pop225_gen800_mut0.03_elite1_tour4,225,800,0.0300,1,4,10,5,1,True,0.0951,1,1,225,15524.60,0.00,0.0000
pop225_gen800_mut0.03_elite1_tour4,225,800,0.0300,1,4,10,5,2,True,0.9640,27,27,6075,15548.60,9648.40,-0.1040
pop225_gen800_mut0.03_elite1_tour4,225,800,0.0300,1,4,10,5,3,False,36.4965,480,,108225,15442.00,14198.40,-0.0160
pop225_gen800_mut0.03_elite1_tour4,225,800,0.0300,1,4,10,5,4,True,1.3187,17,17,3825,15534.40,9899.80,-0.0860
pop225_gen800_mut0.03_elite1_tour4,225,800,0.0300,1,4,10,5,5,False,41.1302,538,,121275,15345.20,14822.60,-0.0180
pop250_gen800_mut0.03_elite1_tour2,250,800,0.0300,1,2,10,5,1,True,0.7254,8,8,2000,15511.80,4882.20,-0.0600
pop250_gen800_mut0.03_elite1_tour2,250,800,0.0300,1,2,10,5,2,True,0.4678,5,5,1250,15514.80,9291.20,-0.0490
pop250_gen800_mut0.03_elite1_tour2,250,800,0.0300,1,2,10,5,3,True,4.9274,52,52,13000,15595.00,15018.00,-0.1140
pop250_gen800_mut0.03_elite1_tour2,250,800,0.0300,1,2,10,5,4,True,11.8738,139,139,34750,15556.20,9968.60,-0.0880
pop250_gen800_mut0.03_elite1_tour2,250,800,0.0300,1,2,10,5,5,True,2.9724,32,32,8000,15539.00,9907.80,-0.1030
pop250_gen800_mut0.03_elite1_tour3,250,800,0.0300,1,3,10,5,1,False,46.9412,515,,129000,15423.40,13806.80,-0.0150
pop250_gen800_mut0.03_elite1_tour3,250,800,0.0300,1,3,10,5,2,True,11.8825,138,138,34500,15597.60,20142.60,-0.0770
pop250_gen800_mut0.03_elite1_tour3,250,800,0.0300,1,3,10,5,3,True,1.2152,13,13,3250,15528.20,9651.80,-0.0860
pop250_gen800_mut0.03_elite1_tour3,250,800,0.0300,1,3,10,5,4,True,0.6269,7,7,1750,15510.60,9332.20,-0.0590
pop250_gen800_mut0.03_elite1_tour3,250,800,0.0300,1,3,10,5,5,True,0.1117,1,1,250,15525.40,0.00,0.0000
pop250_gen800_mut0.03_elite1_tour4,250,800,0.0300,1,4,10,5,1,True,0.1873,2,2,500,15518.00,4623.40,-0.0090
pop250_gen800_mut0.03_elite1_tour4,250,800,0.0300,1,4,10,5,2,True,4.7223,51,51,12750,15582.00,10029.20,-0.0680
pop250_gen800_mut0.03_elite1_tour4,250,800,0.0300,1,4,10,5,3,False,43.9955,487,,122000,15299.60,14352.80,-0.0200
pop250_gen800_mut0.03_elite1_tour4,250,800,0.0300,1,4,10,5,4,True,0.1089,1,1,250,15494.20,0.00,0.0000
pop250_gen800_mut0.03_elite1_tour4,250,800,0.0300,1,4,10,5,5,True,0.8036,9,9,2250,15541.40,9764.60,-0.0820
pop150_gen800_mut0.035_elite1_tour2,150,800,0.0350,1,2,10,5,1,True,0.9403,23,23,3450,15597.80,10047.00,-0.1190
pop150_gen800_mut0.035_elite1_tour2,150,800,0.0350,1,2,10,5,2,True,0.0861,2,2,300,15510.60,4663.40,-0.0140
pop150_gen800_mut0.035_elite1_tour2,150,800,0.0350,1,2,10,5,3,True,1.6290,39,39,5850,15539.00,9332.20,-0.1450
pop150_gen800_mut0.035_elite1_tour2,150,800,0.0350,1,2,10,5,4,True,0.2477,6,6,900,15530.60,4901.20,-0.0550
pop150_gen800_mut0.035_elite1_tour2,150,800,0.0350,1,2,10,5,5,False,23.4289,572,,85950,15464.20,9338.40,-0.0380
pop150_gen800_mut0.035_elite1_tour3,150,800,0.0350,1,3,10,5,1,True,0.0544,1,1,150,15501.80,0.00,0.0000
pop150_gen800_mut0.035_elite1_tour3,150,800,0.0350,1,3,10,5,2,True,0.2808,7,7,1050,15530.60,9606.40,-0.0650
pop150_gen800_mut0.035_elite1_tour3,150,800,0.0350,1,3,10,5,3,True,1.2761,31,31,4650,15556.20,19238.00,-0.1130
pop150_gen800_mut0.035_elite1_tour3,150,800,0.0350,1,3,10,5,4,True,4.1883,97,97,14550,15516.00,9539.20,-0.0360
pop150_gen800_mut0.035_elite1_tour3,150,800,0.0350,1,3,10,5,5,True,1.3478,33,33,4950,15532.40,9838.00,-0.0880
pop150_gen800_mut0.035_elite1_tour4,150,800,0.0350,1,4,10,5,1,True,0.0558,1,1,150,15524.20,0.00,0.0000
pop150_gen800_mut0.035_elite1_tour4,150,800,0.0350,1,4,10,5,2,True,0.1257,3,3,450,15498.60,4821.80,-0.0320
pop150_gen800_mut0.035_elite1_tour4,150,800,0.0350,1,4,10,5,3,True,0.7309,18,18,2700,15567.00,9918.60,-0.1040
pop150_gen800_mut0.035_elite1_tour4,150,800,0.0350,1,4,10,5,4,True,0.4835,11,11,1650,15557.80,14687.40,-0.0990
pop150_gen800_mut0.035_elite1_tour4,150,800,0.0350,1,4,10,5,5,True,0.5340,13,13,1950,15528.60,4788.80,-0.1180
pop175_gen800_mut0.035_elite1_tour2,175,800,0.0350,1,2,10,5,1,True,0.1077,2,2,350,15520.20,4648.40,-0.0130
pop175_gen800_mut0.035_elite1_tour2,175,800,0.0350,1,2,10,5,2,True,3.1863,81,81,14175,15607.40,14921.20,-0.1360
pop175_gen800_mut0.035_elite1_tour2,175,800,0.0350,1,2,10,5,3,True,0.0663,1,1,175,15521.00,0.00,0.0000
pop175_gen800_mut0.035_elite1_tour2,175,800,0.0350,1,2,10,5,4,False,33.4873,653,,114450,15504.00,4943.20,-0.0120
pop175_gen800_mut0.035_elite1_tour2,175,800,0.0350,1,2,10,5,5,False,41.7072,800,,140000,15415.20,19746.60,-0.0690
pop175_gen800_mut0.035_elite1_tour3,175,800,0.0350,1,3,10,5,1,True,0.2091,4,4,700,15527.60,9327.40,-0.0300
pop175_gen800_mut0.035_elite1_tour3,175,800,0.0350,1,3,10,5,2,True,3.8747,72,72,12600,15563.20,19308.20,-0.0850
pop175_gen800_mut0.035_elite1_tour3,175,800,0.0350,1,3,10,5,3,True,1.7206,32,32,5600,15557.40,9694.80,-0.1190
pop175_gen800_mut0.035_elite1_tour3,175,800,0.0350,1,3,10,5,4,True,0.3484,7,7,1225,15579.60,4723.60,-0.0850
pop175_gen800_mut0.035_elite1_tour3,175,800,0.0350,1,3,10,5,5,True,0.4715,9,9,1575,15529.40,9337.40,-0.0870
pop175_gen800_mut0.035_elite1_tour4,175,800,0.0350,1,4,10,5,1,True,0.1608,3,3,525,15478.40,9159.80,-0.0200
pop175_gen800_mut0.035_elite1_tour4,175,800,0.0350,1,4,10,5,2,True,1.4028,27,27,4725,15555.40,14620.20,-0.1110
pop175_gen800_mut0.035_elite1_tour4,175,800,0.0350,1,4,10,5,3,True,0.1045,2,2,350,15523.40,5040.40,-0.0120
pop175_gen800_mut0.035_elite1_tour4,175,800,0.0350,1,4,10,5,4,False,24.2140,477,,83650,15488.60,9574.00,-0.0100
pop175_gen800_mut0.035_elite1_tour4,175,800,0.0350,1,4,10,5,5,True,0.0653,1,1,175,15515.00,0.00,0.0000
pop200_gen800_mut0.035_elite1_tour2,200,800,0.0350,1,2,10,5,1,True,3.1180,48,48,9600,15572.80,14788.20,-0.1210
pop200_gen800_mut0.035_elite1_tour2,200,800,0.0350,1,2,10,5,2,True,9.8480,154,154,30800,15543.80,19231.60,-0.1300
pop200_gen800_mut0.035_elite1_tour2,200,800,0.0350,1,2,10,5,3,True,0.0764,1,1,200,15493.40,0.00,0.0000
pop200_gen800_mut0.035_elite1_tour2,200,800,0.0350,1,2,10,5,4,True,0.6300,10,10,2000,15486.00,9536.60,-0.0660
pop200_gen800_mut0.035_elite1_tour2,200,800,0.0350,1,2,10,5,5,True,0.0785,1,1,200,15522.20,0.00,0.0000
pop200_gen800_mut0.035_elite1_tour3,200,800,0.0350,1,3,10,5,1,True,0.1292,2,2,400,15504.20,4576.00,-0.0090
pop200_gen800_mut0.035_elite1_tour3,200,800,0.0350,1,3,10,5,2,True,1.0820,17,17,3400,15517.20,5076.00,-0.0540
pop200_gen800_mut0.035_elite1_tour3,200,800,0.0350,1,3,10,5,3,True,0.1313,2,2,400,15518.40,4623.40,-0.0100
pop200_gen800_mut0.035_elite1_tour3,200,800,0.0350,1,3,10,5,4,True,0.0803,1,1,200,15504.60,0.00,0.0000
pop200_gen800_mut0.035_elite1_tour3,200,800,0.0350,1,3,10,5,5,True,0.0820,1,1,200,15519.80,0.00,0.0000
pop200_gen800_mut0.035_elite1_tour4,200,800,0.0350,1,4,10,5,1,True,1.6607,26,26,5200,15543.20,19145.60,-0.1120
pop200_gen800_mut0.035_elite1_tour4,200,800,0.0350,1,4,10,5,2,True,-0.0840,16,16,3200,15538.60,9571.20,-0.0980
pop200_gen800_mut0.035_elite1_tour4,200,800,0.0350,1,4,10,5,3,False,31.9054,508,,101800,15422.40,14323.60,-0.0130
pop200_gen800_mut0.035_elite1_tour4,200,800,0.0350,1,4,10,5,4,True,1.9509,31,31,6200,15596.20,19997.40,-0.1290
pop200_gen800_mut0.035_elite1_tour4,200,800,0.0350,1,4,10,5,5,True,1.3683,22,22,4400,15510.20,5226.80,-0.0990
pop225_gen800_mut0.035_elite1_tour2,225,800,0.0350,1,2,10,5,1,True,0.4367,6,6,1350,15520.60,14344.60,-0.0720
pop225_gen800_mut0.035_elite1_tour2,225,800,0.0350,1,2,10,5,2,True,0.5957,8,8,1800,15549.00,9887.80,-0.0710
pop225_gen800_mut0.035_elite1_tour2,225,800,0.0350,1,2,10,5,3,True,0.0964,1,1,225,15505.80,0.00,0.0000
pop225_gen800_mut0.035_elite1_tour2,225,800,0.0350,1,2,10,5,4,True,0.0934,1,1,225,15522.20,0.00,0.0000
pop225_gen800_mut0.035_elite1_tour2,225,800,0.0350,1,2,10,5,5,True,3.4973,46,46,10350,15535.40,19165.40,-0.1500
pop225_gen800_mut0.035_elite1_tour3,225,800,0.0350,1,3,10,5,1,True,1.5875,20,20,4500,15538.20,9499.60,-0.0940
pop225_gen800_mut0.035_elite1_tour3,225,800,0.0350,1,3,10,5,2,True,2.0265,26,26,5850,15537.00,14614.40,-0.1260
pop225_gen800_mut0.035_elite1_tour3,225,800,0.0350,1,3,10,5,3,True,1.3727,18,18,4050,15523.80,14535.60,-0.1260
pop225_gen800_mut0.035_elite1_tour3,225,800,0.0350,1,3,10,5,4,True,0.2399,3,3,675,15529.00,4832.00,-0.0290
pop225_gen800_mut0.035_elite1_tour3,225,800,0.0350,1,3,10,5,5,True,1.1977,16,16,3600,15516.00,9434.80,-0.0970
pop225_gen800_mut0.035_elite1_tour4,225,800,0.0350,1,4,10,5,1,True,2.1179,27,27,6075,15538.60,9471.00,-0.0920
pop225_gen800_mut0.035_elite1_tour4,225,800,0.0350,1,4,10,5,2,True,0.1547,2,2,450,15490.40,4861.00,-0.0080
pop225_gen800_mut0.035_elite1_tour4,225,800,0.0350,1,4,10,5,3,True,0.8602,11,11,2475,15552.20,9684.60,-0.0840
pop225_gen800_mut0.035_elite1_tour4,225,800,0.0350,1,4,10,5,4,True,0.3941,5,5,1125,15510.40,4673.20,-0.0490
pop225_gen800_mut0.035_elite1_tour4,225,800,0.0350,1,4,10,5,5,True,0.6944,9,9,2025,15549.00,5053.60,-0.0600
pop250_gen800_mut0.035_elite1_tour2,250,800,0.0350,1,2,10,5,1,True,0.5338,6,6,1500,15538.20,14671.60,-0.0730
pop250_gen800_mut0.035_elite1_tour2,250,800,0.0350,1,2,10,5,2,True,0.1100,1,1,250,15515.00,0.00,0.0000
pop250_gen800_mut0.035_elite1_tour2,250,800,0.0350,1,2,10,5,3,True,0.1865,2,2,500,15516.80,4683.40,-0.0120
pop250_gen800_mut0.035_elite1_tour2,250,800,0.0350,1,2,10,5,4,True,0.1097,1,1,250,15520.20,0.00,0.0000
pop250_gen800_mut0.035_elite1_tour2,250,800,0.0350,1,2,10,5,5,True,0.4634,5,5,1250,15519.80,4727.40,-0.0490
pop250_gen800_mut0.035_elite1_tour3,250,800,0.0350,1,3,10,5,1,False,40.5462,450,,112750,15145.40,18979.00,-0.0460
pop250_gen800_mut0.035_elite1_tour3,250,800,0.0350,1,3,10,5,2,True,0.2622,3,3,750,15508.60,9514.60,-0.0310
pop250_gen800_mut0.035_elite1_tour3,250,800,0.0350,1,3,10,5,3,True,0.9515,23,23,5750,15552.40,19319.40,-0.0860
pop250_gen800_mut0.035_elite1_tour3,250,800,0.0350,1,3,10,5,4,True,4.5111,48,48,12000,15585.00,9974.20,-0.1240
pop250_gen800_mut0.035_elite1_tour3,250,800,0.0350,1,3,10,5,5,True,0.1069,1,1,250,15480.00,0.00,0.0000
pop250_gen800_mut0.035_elite1_tour4,250,800,0.0350,1,4,10,5,1,True,0.3715,4,4,1000,15530.20,14240.20,-0.0460
pop250_gen800_mut0.035_elite1_tour4,250,800,0.0350,1,4,10,5,2,True,0.3503,4,4,1000,15520.60,14169.40,-0.0540
pop250_gen800_mut0.035_elite1_tour4,250,800,0.0350,1,4,10,5,3,True,0.1095,1,1,250,15505.80,0.00,0.0000
pop250_gen800_mut0.035_elite1_tour4,250,800,0.0350,1,4,10,5,4,True,0.3568,4,4,1000,15513.80,4693.00,-0.0330
pop250_gen800_mut0.035_elite1_tour4,250,800,0.0350,1,4,10,5,5,True,0.1120,1,1,250,15523.00,0.00,0.0000
pop150_gen800_mut0.04_elite1_tour2,150,800,0.0400,1,2,10,5,1,True,0.0552,1,1,150,15523.40,0.00,0.0000
pop150_gen800_mut0.04_elite1_tour2,150,800,0.0400,1,2,10,5,2,True,0.2100,5,5,750,15528.00,4773.00,-0.0400
pop150_gen800_mut0.04_elite1_tour2,150,800,0.0400,1,2,10,5,3,True,0.1682,4,4,600,15515.80,9476.00,-0.0480
pop150_gen800_mut0.04_elite1_tour2,150,800,0.0400,1,2,10,5,4,True,0.0534,1,1,150,15511.00,0.00,0.0000
pop150_gen800_mut0.04_elite1_tour2,150,800,0.0400,1,2,10,5,5,True,0.0536,1,1,150,15525.40,0.00,0.0000
pop150_gen800_mut0.04_elite1_tour3,150,800,0.0400,1,3,10,5,1,True,0.7604,18,18,2700,15578.60,19464.40,-0.0990
pop150_gen800_mut0.04_elite1_tour3,150,800,0.0400,1,3,10,5,2,True,1.6759,42,42,6300,15498.00,4891.40,-0.0720
pop150_gen800_mut0.04_elite1_tour3,150,800,0.0400,1,3,10,5,3,False,22.6237,566,,85050,15499.20,5046.00,-0.0150
pop150_gen800_mut0.04_elite1_tour3,150,800,0.0400,1,3,10,5,4,True,0.6748,17,17,2550,15547.40,14550.40,-0.1010
pop150_gen800_mut0.04_elite1_tour3,150,800,0.0400,1,3,10,5,5,True,0.6738,16,16,2400,15530.20,5069.00,-0.0870
pop150_gen800_mut0.04_elite1_tour4,150,800,0.0400,1,4,10,5,1,True,1.3082,33,33,4950,15527.40,14421.60,-0.0950
pop150_gen800_mut0.04_elite1_tour4,150,800,0.0400,1,4,10,5,2,True,0.4742,12,12,1800,15547.00,14304.20,-0.0940
pop150_gen800_mut0.04_elite1_tour4,150,800,0.0400,1,4,10,5,3,True,0.9748,23,23,3450,15579.00,9920.40,-0.0650
pop150_gen800_mut0.04_elite1_tour4,150,800,0.0400,1,4,10,5,4,True,0.0535,1,1,150,15517.20,0.00,0.0000
pop150_gen800_mut0.04_elite1_tour4,150,800,0.0400,1,4,10,5,5,False,21.7540,511,,76800,15479.80,14620.60,-0.0150
pop175_gen800_mut0.04_elite1_tour2,175,800,0.0400,1,2,10,5,1,True,3.0996,58,58,10150,15517.40,5093.20,-0.1160
pop175_gen800_mut0.04_elite1_tour2,175,800,0.0400,1,2,10,5,2,True,1.4964,28,28,4900,15538.40,9694.00,-0.1000
pop175_gen800_mut0.04_elite1_tour2,175,800,0.0400,1,2,10,5,3,True,-0.8284,6,6,1050,15519.40,9505.00,-0.0800
pop175_gen800_mut0.04_elite1_tour2,175,800,0.0400,1,2,10,5,4,True,0.0654,1,1,175,15523.00,0.00,0.0000
pop175_gen800_mut0.04_elite1_tour2,175,800,0.0400,1,2,10,5,5,True,0.2928,6,6,1050,15497.60,9345.40,-0.0540
pop175_gen800_mut0.04_elite1_tour3,175,800,0.0400,1,3,10,5,1,True,0.8577,16,16,2800,15509.00,4990.20,-0.0910
pop175_gen800_mut0.04_elite1_tour3,175,800,0.0400,1,3,10,5,2,True,1.0938,21,21,3675,15536.20,14614.80,-0.1320
pop175_gen800_mut0.04_elite1_tour3,175,800,0.0400,1,3,10,5,3,True,0.4705,9,9,1575,15531.00,4972.20,-0.0790
pop175_gen800_mut0.04_elite1_tour3,175,800,0.0400,1,3,10,5,4,False,27.7300,515,,90300,15438.20,9573.20,-0.0350
pop175_gen800_mut0.04_elite1_tour3,175,800,0.0400,1,3,10,5,5,True,0.2025,4,4,700,15502.60,9252.80,-0.0410
pop175_gen800_mut0.04_elite1_tour4,175,800,0.0400,1,4,10,5,1,True,0.8478,16,16,2800,15521.40,4967.40,-0.1180
pop175_gen800_mut0.04_elite1_tour4,175,800,0.0400,1,4,10,5,2,True,-0.2399,18,18,3150,15490.60,4763.20,-0.0820
pop175_gen800_mut0.04_elite1_tour4,175,800,0.0400,1,4,10,5,3,True,0.2122,4,4,700,15516.80,4732.60,-0.0410
pop175_gen800_mut0.04_elite1_tour4,175,800,0.0400,1,4,10,5,4,True,0.1581,3,3,525,15520.20,4728.40,-0.0270
pop175_gen800_mut0.04_elite1_tour4,175,800,0.0400,1,4,10,5,5,True,0.1565,3,3,525,15527.40,4861.60,-0.0340
pop200_gen800_mut0.04_elite1_tour2,200,800,0.0400,1,2,10,5,1,True,0.0791,1,1,200,15515.80,0.00,0.0000
pop200_gen800_mut0.04_elite1_tour2,200,800,0.0400,1,2,10,5,2,True,0.1330,2,2,400,15520.80,4623.40,-0.0090
pop200_gen800_mut0.04_elite1_tour2,200,800,0.0400,1,2,10,5,3,True,3.2284,50,50,10000,15520.60,5134.40,-0.1140
pop200_gen800_mut0.04_elite1_tour2,200,800,0.0400,1,2,10,5,4,True,3.6261,56,56,11200,15515.00,9528.60,-0.1350
pop200_gen800_mut0.04_elite1_tour2,200,800,0.0400,1,2,10,5,5,True,0.1246,2,2,400,15502.20,4691.20,-0.0130
pop200_gen800_mut0.04_elite1_tour3,200,800,0.0400,1,3,10,5,1,True,1.9405,30,30,6000,15565.40,19222.40,-0.1060
pop200_gen800_mut0.04_elite1_tour3,200,800,0.0400,1,3,10,5,2,True,0.0786,1,1,200,15499.20,0.00,0.0000
pop200_gen800_mut0.04_elite1_tour3,200,800,0.0400,1,3,10,5,3,True,0.1315,2,2,400,15516.80,4683.40,-0.0140
pop200_gen800_mut0.04_elite1_tour3,200,800,0.0400,1,3,10,5,4,True,1.0507,17,17,3400,15549.80,14629.00,-0.1070
pop200_gen800_mut0.04_elite1_tour3,200,800,0.0400,1,3,10,5,5,True,0.0792,1,1,200,15495.40,0.00,0.0000
pop200_gen800_mut0.04_elite1_tour4,200,800,0.0400,1,4,10,5,1,True,0.4572,7,7,1400,15516.00,4723.80,-0.0870
pop200_gen800_mut0.04_elite1_tour4,200,800,0.0400,1,4,10,5,2,True,1.0474,16,16,3200,15525.80,9789.40,-0.1160
pop200_gen800_mut0.04_elite1_tour4,200,800,0.0400,1,4,10,5,3,True,1.7156,27,27,5400,15600.00,15168.40,-0.1140
pop200_gen800_mut0.04_elite1_tour4,200,800,0.0400,1,4,10,5,4,True,2.2511,33,33,6600,15534.60,18812.20,-0.1100
pop200_gen800_mut0.04_elite1_tour4,200,800,0.0400,1,4,10,5,5,True,0.6875,11,11,2200,15537.80,9638.60,-0.0940
pop225_gen800_mut0.04_elite1_tour2,225,800,0.0400,1,2,10,5,1,True,0.7207,9,9,2025,15533.20,4731.20,-0.1000
pop225_gen800_mut0.04_elite1_tour2,225,800,0.0400,1,2,10,5,2,True,4.5511,59,59,13275,15528.60,5227.00,-0.1170
pop225_gen800_mut0.04_elite1_tour2,225,800,0.0400,1,2,10,5,3,True,2.9829,37,37,8325,15566.60,9706.40,-0.1500
pop225_gen800_mut0.04_elite1_tour2,225,800,0.0400,1,2,10,5,4,True,2.5999,33,33,7425,15567.40,14772.80,-0.1680
pop225_gen800_mut0.04_elite1_tour2,225,800,0.0400,1,2,10,5,5,True,1.1092,14,14,3150,15527.00,4759.60,-0.1290
pop225_gen800_mut0.04_elite1_tour3,225,800,0.0400,1,3,10,5,1,True,0.3746,5,5,1125,15489.00,4635.60,-0.0580
pop225_gen800_mut0.04_elite1_tour3,225,800,0.0400,1,3,10,5,2,True,4.9869,76,76,17100,15571.40,19383.60,-0.1220
pop225_gen800_mut0.04_elite1_tour3,225,800,0.0400,1,3,10,5,3,True,0.3060,4,4,900,15530.60,19010.60,-0.0410
pop225_gen800_mut0.04_elite1_tour3,225,800,0.0400,1,3,10,5,4,False,45.4337,611,,137700,10477.80,9776.20,-0.0410
pop225_gen800_mut0.04_elite1_tour3,225,800,0.0400,1,3,10,5,5,True,1.4584,19,19,4275,15522.20,4944.00,-0.0940
pop225_gen800_mut0.04_elite1_tour4,225,800,0.0400,1,4,10,5,1,True,0.9297,12,12,2700,15521.00,9454.40,-0.0810
pop225_gen800_mut0.04_elite1_tour4,225,800,0.0400,1,4,10,5,2,True,3.2767,41,41,9225,15551.20,14659.20,-0.1180
pop225_gen800_mut0.04_elite1_tour4,225,800,0.0400,1,4,10,5,3,False,37.2590,487,,109800,15355.80,9693.20,-0.0250
pop225_gen800_mut0.04_elite1_tour4,225,800,0.0400,1,4,10,5,4,True,0.0954,1,1,225,15525.00,0.00,0.0000
pop225_gen800_mut0.04_elite1_tour4,225,800,0.0400,1,4,10,5,5,True,0.3041,4,4,900,15534.00,9956.60,-0.0600
pop250_gen800_mut0.04_elite1_tour2,250,800,0.0400,1,2,10,5,1,True,0.1900,2,2,500,15531.80,4584.20,-0.0160
pop250_gen800_mut0.04_elite1_tour2,250,800,0.0400,1,2,10,5,2,True,7.1126,88,88,22000,15539.80,14720.40,-0.1350
pop250_gen800_mut0.04_elite1_tour2,250,800,0.0400,1,2,10,5,3,True,1.2966,14,14,3500,15532.60,5033.60,-0.0940
pop250_gen800_mut0.04_elite1_tour2,250,800,0.0400,1,2,10,5,4,True,3.7023,39,39,9750,15549.00,9859.80,-0.1350
pop250_gen800_mut0.04_elite1_tour2,250,800,0.0400,1,2,10,5,5,True,0.8444,9,9,2250,15517.80,9372.80,-0.1030
pop250_gen800_mut0.04_elite1_tour3,250,800,0.0400,1,3,10,5,1,True,1.3295,14,14,3500,15535.20,14127.20,-0.1090
pop250_gen800_mut0.04_elite1_tour3,250,800,0.0400,1,3,10,5,2,False,46.6355,535,,134000,10989.00,489.60,-0.0480
pop250_gen800_mut0.04_elite1_tour3,250,800,0.0400,1,3,10,5,3,True,2.0061,34,34,8500,15526.20,9925.00,-0.1230
pop250_gen800_mut0.04_elite1_tour3,250,800,0.0400,1,3,10,5,4,True,0.1111,1,1,250,15526.60,0.00,0.0000
pop250_gen800_mut0.04_elite1_tour3,250,800,0.0400,1,3,10,5,5,True,1.7972,19,19,4750,15580.20,5114.40,-0.0850
pop250_gen800_mut0.04_elite1_tour4,250,800,0.0400,1,4,10,5,1,True,1.1944,13,13,3250,15516.80,4863.80,-0.0820
pop250_gen800_mut0.04_elite1_tour4,250,800,0.0400,1,4,10,5,2,True,1.1708,13,13,3250,15518.60,9386.20,-0.1060
pop250_gen800_mut0.04_elite1_tour4,250,800,0.0400,1,4,10,5,3,True,0.3579,4,4,1000,15523.00,4789.00,-0.0430
pop250_gen800_mut0.04_elite1_tour4,250,800,0.0400,1,4,10,5,4,True,0.1112,1,1,250,15521.00,0.00,0.0000
pop250_gen800_mut0.04_elite1_tour4,250,800,0.0400,1,4,10,5,5,True,0.1105,1,1,250,15515.00,0.00,0.0000
pop150_gen1000_mut0.02_elite1_tour2,150,1000,0.0200,1,2,10,5,1,True,1.1610,27,27,4050,15558.60,5052.40,-0.0920
pop150_gen1000_mut0.02_elite1_tour2,150,1000,0.0200,1,2,10,5,2,True,1.0285,26,26,3900,15530.20,9762.40,-0.0920
pop150_gen1000_mut0.02_elite1_tour2,150,1000,0.0200,1,2,10,5,3,True,0.2462,6,6,900,15521.00,4762.60,-0.0290
pop150_gen1000_mut0.02_elite1_tour2,150,1000,0.0200,1,2,10,5,4,True,6.8944,166,166,24900,15512.80,4940.40,-0.0410
pop150_gen1000_mut0.02_elite1_tour2,150,1000,0.0200,1,2,10,5,5,True,1.0788,26,26,3900,15566.80,14652.80,-0.0460
pop150_gen1000_mut0.02_elite1_tour3,150,1000,0.0200,1,3,10,5,1,True,0.0840,2,2,300,15475.80,4623.40,-0.0050
pop150_gen1000_mut0.02_elite1_tour3,150,1000,0.0200,1,3,10,5,2,True,0.5150,13,13,1950,15522.20,9451.60,-0.0720
pop150_gen1000_mut0.02_elite1_tour3,150,1000,0.0200,1,3,10,5,3,True,0.4646,12,12,1800,15510.60,4929.80,-0.0920
pop150_gen1000_mut0.02_elite1_tour3,150,1000,0.0200,1,3,10,5,4,True,0.0533,1,1,150,15523.00,0.00,0.0000
pop150_gen1000_mut0.02_elite1_tour3,150,1000,0.0200,1,3,10,5,5,True,0.0861,2,2,300,15518.00,4622.60,-0.0070
pop150_gen1000_mut0.02_elite1_tour4,150,1000,0.0200,1,4,10,5,1,True,2.4581,62,62,9300,15510.60,9532.60,-0.0330
pop150_gen1000_mut0.02_elite1_tour4,150,1000,0.0200,1,4,10,5,2,True,3.6673,91,91,13650,15573.20,9985.20,-0.0230
pop150_gen1000_mut0.02_elite1_tour4,150,1000,0.0200,1,4,10,5,3,True,0.1688,4,4,600,15507.60,4673.00,-0.0280
pop150_gen1000_mut0.02_elite1_tour4,150,1000,0.0200,1,4,10,5,4,True,1.5237,37,37,5550,15527.00,9657.60,-0.0730
pop150_gen1000_mut0.02_elite1_tour4,150,1000,0.0200,1,4,10,5,5,True,0.0514,1,1,150,15485.40,0.00,0.0000
pop175_gen1000_mut0.02_elite1_tour2,175,1000,0.0200,1,2,10,5,1,True,0.2997,6,6,1050,15508.80,9387.80,-0.0300
pop175_gen1000_mut0.02_elite1_tour2,175,1000,0.0200,1,2,10,5,2,True,0.7810,15,15,2625,15495.20,4836.20,-0.0940
pop175_gen1000_mut0.02_elite1_tour2,175,1000,0.0200,1,2,10,5,3,False,36.6758,752,,131775,15000.80,9001.80,-0.0120
pop175_gen1000_mut0.02_elite1_tour2,175,1000,0.0200,1,2,10,5,4,True,0.1090,2,2,350,15517.20,4706.40,-0.0060
pop175_gen1000_mut0.02_elite1_tour2,175,1000,0.0200,1,2,10,5,5,True,2.6007,49,49,8575,15550.80,9697.60,-0.0760
pop175_gen1000_mut0.02_elite1_tour3,175,1000,0.0200,1,3,10,5,1,True,0.0669,1,1,175,15502.60,0.00,0.0000
pop175_gen1000_mut0.02_elite1_tour3,175,1000,0.0200,1,3,10,5,2,True,2.4512,48,48,8400,15519.40,9476.80,-0.0390
pop175_gen1000_mut0.02_elite1_tour3,175,1000,0.0200,1,3,10,5,3,True,0.2158,4,4,700,15521.80,14009.40,-0.0440
pop175_gen1000_mut0.02_elite1_tour3,175,1000,0.0200,1,3,10,5,4,True,0.5454,11,11,1925,15521.40,9803.40,-0.0770
pop175_gen1000_mut0.02_elite1_tour3,175,1000,0.0200,1,3,10,5,5,True,0.5114,10,10,1750,15542.20,9877.60,-0.0630
pop175_gen1000_mut0.02_elite1_tour4,175,1000,0.0200,1,4,10,5,1,True,0.2137,4,4,700,15499.80,4731.20,-0.0330
pop175_gen1000_mut0.02_elite1_tour4,175,1000,0.0200,1,4,10,5,2,True,2.7807,54,54,9450,15585.40,14691.20,-0.0480
pop175_gen1000_mut0.02_elite1_tour4,175,1000,0.0200,1,4,10,5,3,True,0.7179,14,14,2450,15517.80,4990.20,-0.0490
pop175_gen1000_mut0.02_elite1_tour4,175,1000,0.0200,1,4,10,5,4,True,0.6659,13,13,2275,15494.00,9331.40,-0.0740
pop175_gen1000_mut0.02_elite1_tour4,175,1000,0.0200,1,4,10,5,5,True,1.9286,37,37,6475,15535.40,14502.60,-0.0750
pop200_gen1000_mut0.02_elite1_tour2,200,1000,0.0200,1,2,10,5,1,True,4.8967,78,78,15600,15594.20,10188.80,-0.0960
pop200_gen1000_mut0.02_elite1_tour2,200,1000,0.0200,1,2,10,5,2,True,0.0874,1,1,200,15511.00,0.00,0.0000
pop200_gen1000_mut0.02_elite1_tour2,200,1000,0.0200,1,2,10,5,3,True,3.7285,57,57,11400,15560.40,14501.00,-0.1050
pop200_gen1000_mut0.02_elite1_tour2,200,1000,0.0200,1,2,10,5,4,True,2.3836,36,36,7200,15557.80,5206.80,-0.1140
pop200_gen1000_mut0.02_elite1_tour2,200,1000,0.0200,1,2,10,5,5,True,5.3427,83,83,16600,15585.80,14706.80,-0.1030
pop200_gen1000_mut0.02_elite1_tour3,200,1000,0.0200,1,3,10,5,1,True,0.1428,2,2,400,15511.80,4643.40,-0.0080
pop200_gen1000_mut0.02_elite1_tour3,200,1000,0.0200,1,3,10,5,2,True,1.5192,24,24,4800,15554.40,14576.80,-0.0620
pop200_gen1000_mut0.02_elite1_tour3,200,1000,0.0200,1,3,10,5,3,True,0.3885,6,6,1200,15550.20,4752.40,-0.0410
pop200_gen1000_mut0.02_elite1_tour3,200,1000,0.0200,1,3,10,5,4,False,36.9443,601,,120400,15436.40,14063.60,-0.0070
pop200_gen1000_mut0.02_elite1_tour3,200,1000,0.0200,1,3,10,5,5,True,2.5128,41,41,8200,15519.80,5251.20,-0.0820
pop200_gen1000_mut0.02_elite1_tour4,200,1000,0.0200,1,4,10,5,1,True,0.9795,16,16,3200,15558.60,14393.40,-0.0810
pop200_gen1000_mut0.02_elite1_tour4,200,1000,0.0200,1,4,10,5,2,True,0.7254,12,12,2400,15568.20,14817.20,-0.0900
pop200_gen1000_mut0.02_elite1_tour4,200,1000,0.0200,1,4,10,5,3,True,0.0798,1,1,200,15525.40,0.00,0.0000
pop200_gen1000_mut0.02_elite1_tour4,200,1000,0.0200,1,4,10,5,4,True,0.6821,11,11,2200,15530.60,9927.20,-0.0760
pop200_gen1000_mut0.02_elite1_tour4,200,1000,0.0200,1,4,10,5,5,True,0.3983,6,6,1200,15518.20,9301.20,-0.0470
pop225_gen1000_mut0.02_elite1_tour2,225,1000,0.0200,1,2,10,5,1,True,2.1019,27,27,6075,15572.00,9923.00,-0.0940
pop225_gen1000_mut0.02_elite1_tour2,225,1000,0.0200,1,2,10,5,2,True,0.0956,1,1,225,15514.60,0.00,0.0000
pop225_gen1000_mut0.02_elite1_tour2,225,1000,0.0200,1,2,10,5,3,False,50.0645,667,,150300,15470.40,14370.80,-0.0150
pop225_gen1000_mut0.02_elite1_tour2,225,1000,0.0200,1,2,10,5,4,True,2.2029,29,29,6525,15540.20,9643.20,-0.0920
pop225_gen1000_mut0.02_elite1_tour2,225,1000,0.0200,1,2,10,5,5,True,0.4562,6,6,1350,15496.00,4630.60,-0.0400
pop225_gen1000_mut0.02_elite1_tour3,225,1000,0.0200,1,3,10,5,1,True,3.4276,45,45,10125,15507.40,4914.00,-0.0670
pop225_gen1000_mut0.02_elite1_tour3,225,1000,0.0200,1,3,10,5,2,True,0.1608,2,2,450,15522.20,4729.40,-0.0080
pop225_gen1000_mut0.02_elite1_tour3,225,1000,0.0200,1,3,10,5,3,True,0.4676,6,6,1350,15546.40,4943.40,-0.0380
pop225_gen1000_mut0.02_elite1_tour3,225,1000,0.0200,1,3,10,5,4,True,0.1036,1,1,225,15521.00,0.00,0.0000
pop225_gen1000_mut0.02_elite1_tour3,225,1000,0.0200,1,3,10,5,5,True,0.1634,2,2,450,15529.20,4704.40,-0.0070
pop225_gen1000_mut0.02_elite1_tour4,225,1000,0.0200,1,4,10,5,1,False,45.0337,584,,131625,15499.20,14267.60,-0.0050
pop225_gen1000_mut0.02_elite1_tour4,225,1000,0.0200,1,4,10,5,2,True,0.4579,6,6,1350,15533.00,4844.80,-0.0500
pop225_gen1000_mut0.02_elite1_tour4,225,1000,0.0200,1,4,10,5,3,True,1.5222,20,20,4500,15529.40,9654.20,-0.0750
pop225_gen1000_mut0.02_elite1_tour4,225,1000,0.0200,1,4,10,5,4,True,0.6858,9,9,2025,15530.20,14344.80,-0.0610
pop225_gen1000_mut0.02_elite1_tour4,225,1000,0.0200,1,4,10,5,5,True,0.5237,7,7,1575,15509.60,9413.20,-0.0330
pop250_gen1000_mut0.02_elite1_tour2,250,1000,0.0200,1,2,10,5,1,True,1.6536,19,19,4750,15537.80,9684.40,-0.0730
pop250_gen1000_mut0.02_elite1_tour2,250,1000,0.0200,1,2,10,5,2,True,1.2858,14,14,3500,15510.80,4669.20,-0.1040
pop250_gen1000_mut0.02_elite1_tour2,250,1000,0.0200,1,2,10,5,3,True,1.3649,15,15,3750,15529.80,4994.00,-0.0630
pop250_gen1000_mut0.02_elite1_tour2,250,1000,0.0200,1,2,10,5,4,True,24.2222,269,269,67250,15576.40,19528.00,-0.0700
pop250_gen1000_mut0.02_elite1_tour2,250,1000,0.0200,1,2,10,5,5,True,0.1088,1,1,250,15495.80,0.00,0.0000
pop250_gen1000_mut0.02_elite1_tour3,250,1000,0.0200,1,3,10,5,1,True,7.3653,90,90,22500,15526.40,14390.00,-0.0360
pop250_gen1000_mut0.02_elite1_tour3,250,1000,0.0200,1,3,10,5,2,True,0.3710,4,4,1000,15518.00,4688.00,-0.0210
pop250_gen1000_mut0.02_elite1_tour3,250,1000,0.0200,1,3,10,5,3,True,10.0122,108,108,27000,15553.00,14794.00,-0.0810
pop250_gen1000_mut0.02_elite1_tour3,250,1000,0.0200,1,3,10,5,4,True,2.0274,22,22,5500,15524.60,9658.80,-0.0830
pop250_gen1000_mut0.02_elite1_tour3,250,1000,0.0200,1,3,10,5,5,True,1.6797,19,19,4750,15555.00,14603.60,-0.0960
pop250_gen1000_mut0.02_elite1_tour4,250,1000,0.0200,1,4,10,5,1,True,4.9149,55,55,13750,15555.20,5148.20,-0.0280
pop250_gen1000_mut0.02_elite1_tour4,250,1000,0.0200,1,4,10,5,2,True,2.0115,22,22,5500,15607.40,14887.40,-0.0670
pop250_gen1000_mut0.02_elite1_tour4,250,1000,0.0200,1,4,10,5,3,True,0.1864,2,2,500,15515.60,4587.40,-0.0070
pop250_gen1000_mut0.02_elite1_tour4,250,1000,0.0200,1,4,10,5,4,True,0.1117,1,1,250,15515.00,0.00,0.0000
pop250_gen1000_mut0.02_elite1_tour4,250,1000,0.0200,1,4,10,5,5,True,3.8246,43,43,10750,15531.20,14518.80,-0.0600
pop150_gen1000_mut0.025_elite1_tour2,150,1000,0.0250,1,2,10,5,1,True,0.2440,6,6,900,15534.20,9538.20,-0.0360
pop150_gen1000_mut0.025_elite1_tour2,150,1000,0.0250,1,2,10,5,2,True,0.2652,7,7,1050,15522.60,4776.00,-0.0540
pop150_gen1000_mut0.025_elite1_tour2,150,1000,0.0250,1,2,10,5,3,True,0.0897,2,2,300,15523.80,4753.00,-0.0080
pop150_gen1000_mut0.025_elite1_tour2,150,1000,0.0250,1,2,10,5,4,True,2.8995,71,71,10650,15538.20,19119.80,-0.1000
pop150_gen1000_mut0.025_elite1_tour2,150,1000,0.0250,1,2,10,5,5,True,2.4595,88,88,13200,15579.20,14564.20,-0.1290
pop150_gen1000_mut0.025_elite1_tour3,150,1000,0.0250,1,3,10,5,1,True,0.3518,9,9,1350,15531.80,9698.00,-0.0900
pop150_gen1000_mut0.025_elite1_tour3,150,1000,0.0250,1,3,10,5,2,True,0.1672,4,4,600,15526.00,4823.00,-0.0320
pop150_gen1000_mut0.025_elite1_tour3,150,1000,0.0250,1,3,10,5,3,True,1.1025,26,26,3900,15597.40,10014.00,-0.0810
pop150_gen1000_mut0.025_elite1_tour3,150,1000,0.0250,1,3,10,5,4,True,0.2089,5,5,750,15519.40,9570.40,-0.0590
pop150_gen1000_mut0.025_elite1_tour3,150,1000,0.0250,1,3,10,5,5,True,1.0924,27,27,4050,15528.60,9896.00,-0.0960
pop150_gen1000_mut0.025_elite1_tour4,150,1000,0.0250,1,4,10,5,1,True,0.1233,3,3,450,15509.00,4904.80,-0.0270
pop150_gen1000_mut0.025_elite1_tour4,150,1000,0.0250,1,4,10,5,2,False,26.1193,601,,90300,15420.40,19212.80,-0.0180
pop150_gen1000_mut0.025_elite1_tour4,150,1000,0.0250,1,4,10,5,3,True,0.2382,6,6,900,15530.20,14414.40,-0.0420
pop150_gen1000_mut0.025_elite1_tour4,150,1000,0.0250,1,4,10,5,4,True,0.1643,4,4,600,15522.60,4753.00,-0.0300
pop150_gen1000_mut0.025_elite1_tour4,150,1000,0.0250,1,4,10,5,5,True,0.5156,13,13,1950,15562.00,9948.60,-0.0880
pop175_gen1000_mut0.025_elite1_tour2,175,1000,0.0250,1,2,10,5,1,True,0.6388,12,12,2100,15511.20,9507.60,-0.0650
pop175_gen1000_mut0.025_elite1_tour2,175,1000,0.0250,1,2,10,5,2,True,2.3985,68,68,11900,15578.20,9869.40,-0.0860
pop175_gen1000_mut0.025_elite1_tour2,175,1000,0.0250,1,2,10,5,3,True,0.6714,13,13,2275,15524.40,9498.80,-0.0860
pop175_gen1000_mut0.025_elite1_tour2,175,1000,0.0250,1,2,10,5,4,True,9.9218,182,182,31850,15552.80,19179.80,-0.0720
pop175_gen1000_mut0.025_elite1_tour2,175,1000,0.0250,1,2,10,5,5,True,0.3116,6,6,1050,15533.40,4790.60,-0.0410
pop175_gen1000_mut0.025_elite1_tour3,175,1000,0.0250,1,3,10,5,1,True,0.1577,3,3,525,15516.80,4771.00,-0.0150
pop175_gen1000_mut0.025_elite1_tour3,175,1000,0.0250,1,3,10,5,2,True,1.3363,27,27,4725,15549.00,9982.60,-0.0920
pop175_gen1000_mut0.025_elite1_tour3,175,1000,0.0250,1,3,10,5,3,True,0.1082,2,2,350,15520.20,4648.40,-0.0100
pop175_gen1000_mut0.025_elite1_tour3,175,1000,0.0250,1,3,10,5,4,True,0.5375,11,11,1925,15549.80,14427.40,-0.0630
pop175_gen1000_mut0.025_elite1_tour3,175,1000,0.0250,1,3,10,5,5,True,0.1072,2,2,350,15504.20,4709.40,-0.0070
pop175_gen1000_mut0.025_elite1_tour4,175,1000,0.0250,1,4,10,5,1,True,0.2063,4,4,700,15489.60,4693.00,-0.0200
pop175_gen1000_mut0.025_elite1_tour4,175,1000,0.0250,1,4,10,5,2,True,1.2008,23,23,4025,15539.00,5179.80,-0.0970
pop175_gen1000_mut0.025_elite1_tour4,175,1000,0.0250,1,4,10,5,3,True,0.1552,3,3,525,15493.80,4747.60,-0.0110
pop175_gen1000_mut0.025_elite1_tour4,175,1000,0.0250,1,4,10,5,4,False,32.3222,631,,110600,15279.20,14786.40,-0.0140
pop175_gen1000_mut0.025_elite1_tour4,175,1000,0.0250,1,4,10,5,5,True,0.0663,1,1,175,15524.20,0.00,0.0000
pop200_gen1000_mut0.025_elite1_tour2,200,1000,0.0250,1,2,10,5,1,True,11.0292,166,166,33200,15539.00,9782.40,-0.0940
pop200_gen1000_mut0.025_elite1_tour2,200,1000,0.0250,1,2,10,5,2,True,0.9679,16,16,3200,15557.00,14680.40,-0.0860
pop200_gen1000_mut0.025_elite1_tour2,200,1000,0.0250,1,2,10,5,3,True,0.0876,1,1,200,15511.00,0.00,0.0000
pop200_gen1000_mut0.025_elite1_tour2,200,1000,0.0250,1,2,10,5,4,True,0.9684,15,15,3000,15525.00,4824.60,-0.1050
pop200_gen1000_mut0.025_elite1_tour2,200,1000,0.0250,1,2,10,5,5,True,1.6586,46,46,9200,15510.20,5142.00,-0.0970
pop200_gen1000_mut0.025_elite1_tour3,200,1000,0.0250,1,3,10,5,1,True,1.2862,20,20,4000,15521.00,14046.60,-0.0850
pop200_gen1000_mut0.025_elite1_tour3,200,1000,0.0250,1,3,10,5,2,True,0.7992,13,13,2600,15547.80,19300.60,-0.1020
pop200_gen1000_mut0.025_elite1_tour3,200,1000,0.0250,1,3,10,5,3,True,2.0650,33,33,6600,15586.60,10045.00,-0.0980
pop200_gen1000_mut0.025_elite1_tour3,200,1000,0.0250,1,3,10,5,4,True,0.2491,4,4,800,15529.40,9935.80,-0.0320
pop200_gen1000_mut0.025_elite1_tour3,200,1000,0.0250,1,3,10,5,5,True,0.9108,14,14,2800,15579.40,24260.20,-0.1010
pop200_gen1000_mut0.025_elite1_tour4,200,1000,0.0250,1,4,10,5,1,True,0.1329,2,2,400,15519.00,4648.40,-0.0110
pop200_gen1000_mut0.025_elite1_tour4,200,1000,0.0250,1,4,10,5,2,True,0.6180,10,10,2000,15538.60,14343.00,-0.0710
pop200_gen1000_mut0.025_elite1_tour4,200,1000,0.0250,1,4,10,5,3,True,2.1659,33,33,6600,15554.80,14422.20,-0.0760
pop200_gen1000_mut0.025_elite1_tour4,200,1000,0.0250,1,4,10,5,4,True,0.6056,10,10,2000,15529.40,4988.80,-0.0640
pop200_gen1000_mut0.025_elite1_tour4,200,1000,0.0250,1,4,10,5,5,False,40.0508,633,,126800,15427.20,9884.60,-0.0080
pop225_gen1000_mut0.025_elite1_tour2,225,1000,0.0250,1,2,10,5,1,True,0.7805,10,10,2250,15516.80,4895.20,-0.0640
pop225_gen1000_mut0.025_elite1_tour2,225,1000,0.0250,1,2,10,5,2,True,0.0956,1,1,225,15505.80,0.00,0.0000
pop225_gen1000_mut0.025_elite1_tour2,225,1000,0.0250,1,2,10,5,3,True,2.7016,34,34,7650,15579.00,10002.20,-0.1020
pop225_gen1000_mut0.025_elite1_tour2,225,1000,0.0250,1,2,10,5,4,True,0.0942,1,1,225,15518.40,0.00,0.0000
pop225_gen1000_mut0.025_elite1_tour2,225,1000,0.0250,1,2,10,5,5,True,0.1589,2,2,450,15514.60,4638.80,-0.0080
pop225_gen1000_mut0.025_elite1_tour3,225,1000,0.0250,1,3,10,5,1,True,0.0953,1,1,225,15501.80,0.00,0.0000
pop225_gen1000_mut0.025_elite1_tour3,225,1000,0.0250,1,3,10,5,2,True,0.9957,13,13,2925,15549.40,9761.00,-0.0990
pop225_gen1000_mut0.025_elite1_tour3,225,1000,0.0250,1,3,10,5,3,True,1.0115,13,13,2925,15548.60,9829.60,-0.0910
pop225_gen1000_mut0.025_elite1_tour3,225,1000,0.0250,1,3,10,5,4,True,0.0946,1,1,225,15517.60,0.00,0.0000
pop225_gen1000_mut0.025_elite1_tour3,225,1000,0.0250,1,3,10,5,5,True,1.6619,21,21,4725,15541.60,9554.00,-0.1190
pop225_gen1000_mut0.025_elite1_tour4,225,1000,0.0250,1,4,10,5,1,False,53.1661,706,,159075,15431.80,14470.40,-0.0120
pop225_gen1000_mut0.025_elite1_tour4,225,1000,0.0250,1,4,10,5,2,True,1.3123,17,17,3825,15516.20,5086.20,-0.0810
pop225_gen1000_mut0.025_elite1_tour4,225,1000,0.0250,1,4,10,5,3,True,1.6210,21,21,4725,15539.00,9641.60,-0.0850
pop225_gen1000_mut0.025_elite1_tour4,225,1000,0.0250,1,4,10,5,4,True,0.3800,5,5,1125,15518.60,4722.20,-0.0470
pop225_gen1000_mut0.025_elite1_tour4,225,1000,0.0250,1,4,10,5,5,True,1.7400,22,22,4950,15546.20,14427.20,-0.0830
pop250_gen1000_mut0.025_elite1_tour2,250,1000,0.0250,1,2,10,5,1,True,3.7490,41,41,10250,15492.80,9388.20,-0.0840
pop250_gen1000_mut0.025_elite1_tour2,250,1000,0.0250,1,2,10,5,2,True,0.1064,1,1,250,15474.20,0.00,0.0000
pop250_gen1000_mut0.025_elite1_tour2,250,1000,0.0250,1,2,10,5,3,True,1.8398,20,20,5000,15529.80,9723.80,-0.0850
pop250_gen1000_mut0.025_elite1_tour2,250,1000,0.0250,1,2,10,5,4,True,7.4195,90,90,22500,15534.60,14417.20,-0.1290
pop250_gen1000_mut0.025_elite1_tour2,250,1000,0.0250,1,2,10,5,5,True,0.5486,6,6,1500,15506.80,4771.40,-0.0350
pop250_gen1000_mut0.025_elite1_tour3,250,1000,0.0250,1,3,10,5,1,True,0.8036,9,9,2250,15510.60,4992.40,-0.0880
pop250_gen1000_mut0.025_elite1_tour3,250,1000,0.0250,1,3,10,5,2,True,1.6274,18,18,4500,15540.20,9645.20,-0.0830
pop250_gen1000_mut0.025_elite1_tour3,250,1000,0.0250,1,3,10,5,3,True,7.2402,78,78,19500,15586.60,14857.00,-0.0710
pop250_gen1000_mut0.025_elite1_tour3,250,1000,0.0250,1,3,10,5,4,True,0.1095,1,1,250,15508.40,0.00,0.0000
pop250_gen1000_mut0.025_elite1_tour3,250,1000,0.0250,1,3,10,5,5,True,0.2726,3,3,750,15533.00,5253.00,-0.0160
pop250_gen1000_mut0.025_elite1_tour4,250,1000,0.0250,1,4,10,5,1,True,1.2878,14,14,3500,15564.60,14762.00,-0.0760
pop250_gen1000_mut0.025_elite1_tour4,250,1000,0.0250,1,4,10,5,2,True,0.7438,8,8,2000,15541.40,5045.40,-0.0620
pop250_gen1000_mut0.025_elite1_tour4,250,1000,0.0250,1,4,10,5,3,False,50.2833,570,,142750,15442.00,14434.40,-0.0090
pop250_gen1000_mut0.025_elite1_tour4,250,1000,0.0250,1,4,10,5,4,True,1.8554,20,20,5000,15595.60,9992.80,-0.0500
pop250_gen1000_mut0.025_elite1_tour4,250,1000,0.0250,1,4,10,5,5,True,7.1321,77,77,19250,15521.00,9840.60,-0.0470
pop150_gen1000_mut0.03_elite1_tour2,150,1000,0.0300,1,2,10,5,1,True,3.1848,77,77,11550,15554.00,9785.40,-0.0920
pop150_gen1000_mut0.03_elite1_tour2,150,1000,0.0300,1,2,10,5,2,True,0.4130,10,10,1500,15520.60,4808.40,-0.0750
pop150_gen1000_mut0.03_elite1_tour2,150,1000,0.0300,1,2,10,5,3,True,3.8814,93,93,13950,15600.00,15205.80,-0.1080
pop150_gen1000_mut0.03_elite1_tour2,150,1000,0.0300,1,2,10,5,4,True,3.6963,89,89,13350,15552.40,14424.60,-0.1070
pop150_gen1000_mut0.03_elite1_tour2,150,1000,0.0300,1,2,10,5,5,True,0.1906,5,5,750,15511.40,4729.20,-0.0420
pop150_gen1000_mut0.03_elite1_tour3,150,1000,0.0300,1,3,10,5,1,False,25.3960,610,,91650,15336.60,14845.60,-0.0250
pop150_gen1000_mut0.03_elite1_tour3,150,1000,0.0300,1,3,10,5,2,True,1.2965,31,31,4650,15552.80,9946.00,-0.1100
pop150_gen1000_mut0.03_elite1_tour3,150,1000,0.0300,1,3,10,5,3,True,1.3098,33,33,4950,15560.80,10023.00,-0.1120
pop150_gen1000_mut0.03_elite1_tour3,150,1000,0.0300,1,3,10,5,4,True,0.1612,4,4,600,15485.60,9295.40,-0.0330
pop150_gen1000_mut0.03_elite1_tour3,150,1000,0.0300,1,3,10,5,5,True,0.1223,3,3,450,15514.20,9472.20,-0.0240
pop150_gen1000_mut0.03_elite1_tour4,150,1000,0.0300,1,4,10,5,1,True,0.2447,6,6,900,15523.80,9454.80,-0.0400
pop150_gen1000_mut0.03_elite1_tour4,150,1000,0.0300,1,4,10,5,2,True,1.4420,35,35,5250,15519.80,9508.60,-0.0710
pop150_gen1000_mut0.03_elite1_tour4,150,1000,0.0300,1,4,10,5,3,True,5.6399,133,133,19950,15521.20,9718.80,-0.0290
pop150_gen1000_mut0.03_elite1_tour4,150,1000,0.0300,1,4,10,5,4,True,0.9968,24,24,3600,15529.40,9702.80,-0.0890
pop150_gen1000_mut0.03_elite1_tour4,150,1000,0.0300,1,4,10,5,5,True,1.6934,66,66,9900,15577.00,14886.20,-0.0610
pop175_gen1000_mut0.03_elite1_tour2,175,1000,0.0300,1,2,10,5,1,True,0.0652,1,1,175,15517.20,0.00,0.0000
pop175_gen1000_mut0.03_elite1_tour2,175,1000,0.0300,1,2,10,5,2,True,0.7535,15,15,2625,15537.00,14707.20,-0.1080
pop175_gen1000_mut0.03_elite1_tour2,175,1000,0.0300,1,2,10,5,3,True,0.0650,1,1,175,15523.00,0.00,0.0000
pop175_gen1000_mut0.03_elite1_tour2,175,1000,0.0300,1,2,10,5,4,False,38.2649,734,,128625,15493.40,14021.60,-0.0120
pop175_gen1000_mut0.03_elite1_tour2,175,1000,0.0300,1,2,10,5,5,True,0.0674,1,1,175,15511.00,0.00,0.0000
pop175_gen1000_mut0.03_elite1_tour3,175,1000,0.0300,1,3,10,5,1,True,3.8427,74,74,12950,15565.40,19610.60,-0.0750
pop175_gen1000_mut0.03_elite1_tour3,175,1000,0.0300,1,3,10,5,2,True,0.1522,3,3,525,15496.40,9392.00,-0.0220
pop175_gen1000_mut0.03_elite1_tour3,175,1000,0.0300,1,3,10,5,3,True,0.8800,17,17,2975,15534.20,14125.40,-0.0940
pop175_gen1000_mut0.03_elite1_tour3,175,1000,0.0300,1,3,10,5,4,True,1.8126,34,34,5950,15547.40,9942.40,-0.1000
pop175_gen1000_mut0.03_elite1_tour3,175,1000,0.0300,1,3,10,5,5,True,2.8249,54,54,9450,15537.80,5064.80,-0.0600
pop175_gen1000_mut0.03_elite1_tour4,175,1000,0.0300,1,4,10,5,1,True,0.2606,5,5,875,15517.20,4836.80,-0.0370
pop175_gen1000_mut0.03_elite1_tour4,175,1000,0.0300,1,4,10,5,2,True,0.1493,3,3,525,15520.60,9572.80,-0.0210
pop175_gen1000_mut0.03_elite1_tour4,175,1000,0.0300,1,4,10,5,3,True,2.6715,50,50,8750,15607.60,14752.40,-0.1130
pop175_gen1000_mut0.03_elite1_tour4,175,1000,0.0300,1,4,10,5,4,True,1.3164,25,25,4375,15578.20,19605.40,-0.0730
pop175_gen1000_mut0.03_elite1_tour4,175,1000,0.0300,1,4,10,5,5,True,1.3945,27,27,4725,15608.20,10268.00,-0.0910
pop200_gen1000_mut0.03_elite1_tour2,200,1000,0.0300,1,2,10,5,1,True,0.1369,2,2,400,15502.20,4563.40,-0.0100
pop200_gen1000_mut0.03_elite1_tour2,200,1000,0.0300,1,2,10,5,2,True,1.4557,23,23,4600,15544.80,14366.80,-0.1180
pop200_gen1000_mut0.03_elite1_tour2,200,1000,0.0300,1,2,10,5,3,True,4.0925,63,63,12600,15552.80,19335.60,-0.1100
pop200_gen1000_mut0.03_elite1_tour2,200,1000,0.0300,1,2,10,5,4,True,0.1305,2,2,400,15520.20,4648.40,-0.0100
pop200_gen1000_mut0.03_elite1_tour2,200,1000,0.0300,1,2,10,5,5,True,1.6605,43,43,8600,15562.60,14510.60,-0.1370
pop200_gen1000_mut0.03_elite1_tour3,200,1000,0.0300,1,3,10,5,1,True,0.1383,2,2,400,15516.80,4648.40,-0.0110
pop200_gen1000_mut0.03_elite1_tour3,200,1000,0.0300,1,3,10,5,2,True,0.4842,8,8,1600,15529.80,9809.20,-0.0590
pop200_gen1000_mut0.03_elite1_tour3,200,1000,0.0300,1,3,10,5,3,True,0.4254,7,7,1400,15535.20,9872.40,-0.0570
pop200_gen1000_mut0.03_elite1_tour3,200,1000,0.0300,1,3,10,5,4,True,0.4966,8,8,1600,15539.00,9814.40,-0.0850
pop200_gen1000_mut0.03_elite1_tour3,200,1000,0.0300,1,3,10,5,5,True,0.9021,14,14,2800,15530.60,9739.00,-0.0950
pop200_gen1000_mut0.03_elite1_tour4,200,1000,0.0300,1,4,10,5,1,False,38.8627,650,,130200,15455.00,23908.60,-0.0190
pop200_gen1000_mut0.03_elite1_tour4,200,1000,0.0300,1,4,10,5,2,True,1.9164,30,30,6000,15569.20,14581.00,-0.1070
pop200_gen1000_mut0.03_elite1_tour4,200,1000,0.0300,1,4,10,5,3,True,0.6357,10,10,2000,15529.40,9651.60,-0.0840
pop200_gen1000_mut0.03_elite1_tour4,200,1000,0.0300,1,4,10,5,4,True,0.8714,14,14,2800,15533.60,14312.20,-0.0900
pop200_gen1000_mut0.03_elite1_tour4,200,1000,0.0300,1,4,10,5,5,True,1.7754,27,27,5400,15577.40,15167.40,-0.0860
pop225_gen1000_mut0.03_elite1_tour2,225,1000,0.0300,1,2,10,5,1,False,74.4441,962,,216675,15480.00,19205.60,-0.0270
pop225_gen1000_mut0.03_elite1_tour2,225,1000,0.0300,1,2,10,5,2,True,0.0947,1,1,225,15513.00,0.00,0.0000
pop225_gen1000_mut0.03_elite1_tour2,225,1000,0.0300,1,2,10,5,3,True,1.6409,21,21,4725,15548.20,9664.40,-0.1190
pop225_gen1000_mut0.03_elite1_tour2,225,1000,0.0300,1,2,10,5,4,True,9.7675,144,144,32400,15520.60,4995.40,-0.0390
pop225_gen1000_mut0.03_elite1_tour2,225,1000,0.0300,1,2,10,5,5,True,2.0440,27,27,6075,15522.60,4843.60,-0.0820
pop225_gen1000_mut0.03_elite1_tour3,225,1000,0.0300,1,3,10,5,1,False,49.6724,656,,147825,15493.60,19081.40,-0.0080
pop225_gen1000_mut0.03_elite1_tour3,225,1000,0.0300,1,3,10,5,2,True,5.0561,78,78,17550,15561.20,14771.40,-0.0890
pop225_gen1000_mut0.03_elite1_tour3,225,1000,0.0300,1,3,10,5,3,True,0.1558,2,2,450,15515.00,4720.20,-0.0110
pop225_gen1000_mut0.03_elite1_tour3,225,1000,0.0300,1,3,10,5,4,True,0.0943,1,1,225,15523.80,0.00,0.0000
pop225_gen1000_mut0.03_elite1_tour3,225,1000,0.0300,1,3,10,5,5,True,2.6355,33,33,7425,15542.40,14309.80,-0.0740
pop225_gen1000_mut0.03_elite1_tour4,225,1000,0.0300,1,4,10,5,1,True,0.7593,10,10,2250,15538.20,14495.60,-0.0730
pop225_gen1000_mut0.03_elite1_tour4,225,1000,0.0300,1,4,10,5,2,True,0.3910,5,5,1125,15529.60,9296.80,-0.0390
pop225_gen1000_mut0.03_elite1_tour4,225,1000,0.0300,1,4,10,5,3,True,1.4561,19,19,4275,15535.80,14334.20,-0.1280
pop225_gen1000_mut0.03_elite1_tour4,225,1000,0.0300,1,4,10,5,4,False,47.3167,622,,140175,15452.00,19344.40,-0.0170
pop225_gen1000_mut0.03_elite1_tour4,225,1000,0.0300,1,4,10,5,5,False,41.4033,567,,127800,15309.40,4812.20,-0.0120
pop250_gen1000_mut0.03_elite1_tour2,250,1000,0.0300,1,2,10,5,1,True,6.0599,64,64,16000,15577.40,14601.40,-0.0940
pop250_gen1000_mut0.03_elite1_tour2,250,1000,0.0300,1,2,10,5,2,True,4.0108,43,43,10750,15524.80,9511.20,-0.0900
pop250_gen1000_mut0.03_elite1_tour2,250,1000,0.0300,1,2,10,5,3,True,0.1806,2,2,500,15522.60,5050.00,-0.0100
pop250_gen1000_mut0.03_elite1_tour2,250,1000,0.0300,1,2,10,5,4,True,5.3924,58,58,14500,15517.20,9559.00,-0.1510
pop250_gen1000_mut0.03_elite1_tour2,250,1000,0.0300,1,2,10,5,5,True,5.4272,56,56,14000,15578.60,9913.60,-0.1180
pop250_gen1000_mut0.03_elite1_tour3,250,1000,0.0300,1,3,10,5,1,True,1.2682,14,14,3500,15549.00,10010.20,-0.0930
pop250_gen1000_mut0.03_elite1_tour3,250,1000,0.0300,1,3,10,5,2,True,1.0036,11,11,2750,15551.00,9819.20,-0.0960
pop250_gen1000_mut0.03_elite1_tour3,250,1000,0.0300,1,3,10,5,3,True,0.2715,3,3,750,15499.20,4733.80,-0.0130
pop250_gen1000_mut0.03_elite1_tour3,250,1000,0.0300,1,3,10,5,4,True,0.1873,2,2,500,15500.80,4623.40,-0.0060
pop250_gen1000_mut0.03_elite1_tour3,250,1000,0.0300,1,3,10,5,5,True,0.9161,10,10,2500,15541.40,9637.20,-0.0710
pop250_gen1000_mut0.03_elite1_tour4,250,1000,0.0300,1,4,10,5,1,True,2.2245,36,36,9000,15575.80,19227.00,-0.1090
pop250_gen1000_mut0.03_elite1_tour4,250,1000,0.0300,1,4,10,5,2,True,0.1851,2,2,500,15517.60,4623.40,-0.0090
pop250_gen1000_mut0.03_elite1_tour4,250,1000,0.0300,1,4,10,5,3,True,1.3115,14,14,3500,15512.00,4670.40,-0.1070
pop250_gen1000_mut0.03_elite1_tour4,250,1000,0.0300,1,4,10,5,4,True,3.9910,44,44,11000,15578.20,10183.00,-0.0780
pop250_gen1000_mut0.03_elite1_tour4,250,1000,0.0300,1,4,10,5,5,True,0.6394,7,7,1750,15503.80,13937.40,-0.0400
pop150_gen1000_mut0.035_elite1_tour2,150,1000,0.0350,1,2,10,5,1,True,0.2904,7,7,1050,15513.00,4873.00,-0.0480
pop150_gen1000_mut0.035_elite1_tour2,150,1000,0.0350,1,2,10,5,2,True,4.9779,119,119,17850,15552.80,14485.00,-0.0900
pop150_gen1000_mut0.035_elite1_tour2,150,1000,0.0350,1,2,10,5,3,True,0.4854,12,12,1800,15545.00,9452.80,-0.1140
pop150_gen1000_mut0.035_elite1_tour2,150,1000,0.0350,1,2,10,5,4,True,0.0526,1,1,150,15493.40,0.00,0.0000
pop150_gen1000_mut0.035_elite1_tour2,150,1000,0.0350,1,2,10,5,5,True,5.1908,125,125,18750,15577.40,14698.60,-0.1160
pop150_gen1000_mut0.035_elite1_tour3,150,1000,0.0350,1,3,10,5,1,True,1.1487,29,29,4350,15528.20,14449.40,-0.1150
pop150_gen1000_mut0.035_elite1_tour3,150,1000,0.0350,1,3,10,5,2,True,0.0529,1,1,150,15524.20,0.00,0.0000
pop150_gen1000_mut0.035_elite1_tour3,150,1000,0.0350,1,3,10,5,3,True,0.0845,2,2,300,15491.00,4618.40,-0.0140
pop150_gen1000_mut0.035_elite1_tour3,150,1000,0.0350,1,3,10,5,4,True,0.4989,12,12,1800,15538.20,9537.80,-0.0960
pop150_gen1000_mut0.035_elite1_tour3,150,1000,0.0350,1,3,10,5,5,False,35.0403,855,,128400,15484.80,14280.60,-0.0170
pop150_gen1000_mut0.035_elite1_tour4,150,1000,0.0350,1,4,10,5,1,True,0.8122,20,20,3000,15517.80,5122.00,-0.1110
pop150_gen1000_mut0.035_elite1_tour4,150,1000,0.0350,1,4,10,5,2,True,2.0123,49,49,7350,15570.00,14811.80,-0.0740
pop150_gen1000_mut0.035_elite1_tour4,150,1000,0.0350,1,4,10,5,3,True,0.0534,1,1,150,15494.60,0.00,0.0000
pop150_gen1000_mut0.035_elite1_tour4,150,1000,0.0350,1,4,10,5,4,True,0.2796,7,7,1050,15521.00,9597.20,-0.0790
pop150_gen1000_mut0.035_elite1_tour4,150,1000,0.0350,1,4,10,5,5,True,0.4659,12,12,1800,15547.40,14389.60,-0.0890
pop175_gen1000_mut0.035_elite1_tour2,175,1000,0.0350,1,2,10,5,1,True,0.0654,1,1,175,15518.40,0.00,0.0000
pop175_gen1000_mut0.035_elite1_tour2,175,1000,0.0350,1,2,10,5,2,False,47.9687,1000,,175000,10272.40,9369.80,-0.0300
pop175_gen1000_mut0.035_elite1_tour2,175,1000,0.0350,1,2,10,5,3,True,3.2544,62,62,10850,15558.60,14475.80,-0.1110
pop175_gen1000_mut0.035_elite1_tour2,175,1000,0.0350,1,2,10,5,4,True,1.9191,36,36,6300,15530.60,4998.00,-0.1050
pop175_gen1000_mut0.035_elite1_tour2,175,1000,0.0350,1,2,10,5,5,False,39.5926,755,,132300,15469.00,9731.80,-0.0300
pop175_gen1000_mut0.035_elite1_tour3,175,1000,0.0350,1,3,10,5,1,True,0.3182,6,6,1050,15508.20,13883.20,-0.0700
pop175_gen1000_mut0.035_elite1_tour3,175,1000,0.0350,1,3,10,5,2,True,3.1249,61,61,10675,15514.00,5093.60,-0.0960
pop175_gen1000_mut0.035_elite1_tour3,175,1000,0.0350,1,3,10,5,3,True,1.8211,58,58,10150,15600.00,19766.80,-0.1060
pop175_gen1000_mut0.035_elite1_tour3,175,1000,0.0350,1,3,10,5,4,False,37.0198,721,,126350,15494.40,5022.00,-0.0170
pop175_gen1000_mut0.035_elite1_tour3,175,1000,0.0350,1,3,10,5,5,True,3.6220,67,67,11725,15558.60,9691.80,-0.0720
pop175_gen1000_mut0.035_elite1_tour4,175,1000,0.0350,1,4,10,5,1,True,0.5980,12,12,2100,15490.20,4675.80,-0.0900
pop175_gen1000_mut0.035_elite1_tour4,175,1000,0.0350,1,4,10,5,2,True,0.4895,10,10,1750,15529.40,9811.80,-0.1020
pop175_gen1000_mut0.035_elite1_tour4,175,1000,0.0350,1,4,10,5,3,True,1.0607,20,20,3500,15506.60,9551.20,-0.1210
pop175_gen1000_mut0.035_elite1_tour4,175,1000,0.0350,1,4,10,5,4,True,0.1019,2,2,350,15502.20,5085.60,-0.0090
pop175_gen1000_mut0.035_elite1_tour4,175,1000,0.0350,1,4,10,5,5,True,0.0666,1,1,175,15520.00,0.00,0.0000
pop200_gen1000_mut0.035_elite1_tour2,200,1000,0.0350,1,2,10,5,1,True,1.8124,28,28,5600,15529.80,9677.00,-0.1220
pop200_gen1000_mut0.035_elite1_tour2,200,1000,0.0350,1,2,10,5,2,True,0.7721,12,12,2400,15549.80,14106.40,-0.0780
pop200_gen1000_mut0.035_elite1_tour2,200,1000,0.0350,1,2,10,5,3,True,1.0645,17,17,3400,15519.00,5087.20,-0.1110
pop200_gen1000_mut0.035_elite1_tour2,200,1000,0.0350,1,2,10,5,4,True,1.0408,16,16,3200,15529.80,9591.80,-0.1020
pop200_gen1000_mut0.035_elite1_tour2,200,1000,0.0350,1,2,10,5,5,True,0.0786,1,1,200,15519.80,0.00,0.0000
pop200_gen1000_mut0.035_elite1_tour3,200,1000,0.0350,1,3,10,5,1,True,1.1056,18,18,3600,15527.00,9831.40,-0.1140
pop200_gen1000_mut0.035_elite1_tour3,200,1000,0.0350,1,3,10,5,2,True,0.0786,1,1,200,15500.40,0.00,0.0000
pop200_gen1000_mut0.035_elite1_tour3,200,1000,0.0350,1,3,10,5,3,True,0.5438,9,9,1800,15492.60,4966.20,-0.0750
pop200_gen1000_mut0.035_elite1_tour3,200,1000,0.0350,1,3,10,5,4,True,0.0875,1,1,200,15523.40,0.00,0.0000
pop200_gen1000_mut0.035_elite1_tour3,200,1000,0.0350,1,3,10,5,5,True,1.0970,17,17,3400,15566.80,14498.80,-0.0830
pop200_gen1000_mut0.035_elite1_tour4,200,1000,0.0350,1,4,10,5,1,True,2.7273,43,43,8600,15520.60,4870.20,-0.0460
pop200_gen1000_mut0.035_elite1_tour4,200,1000,0.0350,1,4,10,5,2,True,3.4168,53,53,10600,15520.60,4888.60,-0.0210
pop200_gen1000_mut0.035_elite1_tour4,200,1000,0.0350,1,4,10,5,3,False,34.3678,577,,115600,11070.00,491.20,-0.0280
pop200_gen1000_mut0.035_elite1_tour4,200,1000,0.0350,1,4,10,5,4,False,36.5912,596,,119400,15517.60,4781.00,-0.0050
pop200_gen1000_mut0.035_elite1_tour4,200,1000,0.0350,1,4,10,5,5,True,1.1999,19,19,3800,15529.40,14301.40,-0.0990
pop225_gen1000_mut0.035_elite1_tour2,225,1000,0.0350,1,2,10,5,1,True,1.9618,25,25,5625,15527.80,9386.80,-0.1220
pop225_gen1000_mut0.035_elite1_tour2,225,1000,0.0350,1,2,10,5,2,True,6.6930,85,85,19125,15518.20,9511.80,-0.1230
pop225_gen1000_mut0.035_elite1_tour2,225,1000,0.0350,1,2,10,5,3,True,0.1022,1,1,225,15518.40,0.00,0.0000
pop225_gen1000_mut0.035_elite1_tour2,225,1000,0.0350,1,2,10,5,4,True,1.0438,14,14,3150,15540.20,9804.00,-0.1000
pop225_gen1000_mut0.035_elite1_tour2,225,1000,0.0350,1,2,10,5,5,True,0.3130,4,4,900,15520.60,4750.00,-0.0350
pop225_gen1000_mut0.035_elite1_tour3,225,1000,0.0350,1,3,10,5,1,True,2.8445,36,36,8100,15553.20,14736.80,-0.1080
pop225_gen1000_mut0.035_elite1_tour3,225,1000,0.0350,1,3,10,5,2,True,3.9695,51,51,11475,15596.20,15068.60,-0.1060
pop225_gen1000_mut0.035_elite1_tour3,225,1000,0.0350,1,3,10,5,3,True,1.8610,24,24,5400,15528.60,4974.60,-0.1000
pop225_gen1000_mut0.035_elite1_tour3,225,1000,0.0350,1,3,10,5,4,True,0.3162,4,4,900,15526.40,9773.20,-0.0470
pop225_gen1000_mut0.035_elite1_tour3,225,1000,0.0350,1,3,10,5,5,True,4.9175,63,63,14175,15557.00,5060.20,-0.0710
pop225_gen1000_mut0.035_elite1_tour4,225,1000,0.0350,1,4,10,5,1,True,0.7546,10,10,2250,15550.60,19285.20,-0.0690
pop225_gen1000_mut0.035_elite1_tour4,225,1000,0.0350,1,4,10,5,2,True,-0.4229,10,10,2250,15533.60,9707.00,-0.0910
pop225_gen1000_mut0.035_elite1_tour4,225,1000,0.0350,1,4,10,5,3,True,0.2425,3,3,675,15495.20,4629.80,-0.0260
pop225_gen1000_mut0.035_elite1_tour4,225,1000,0.0350,1,4,10,5,4,False,48.3652,629,,141750,15493.40,9539.40,-0.0090
pop225_gen1000_mut0.035_elite1_tour4,225,1000,0.0350,1,4,10,5,5,True,1.6384,21,21,4725,15567.80,10034.80,-0.1100
pop250_gen1000_mut0.035_elite1_tour2,250,1000,0.0350,1,2,10,5,1,True,2.3264,25,25,6250,15544.40,9597.00,-0.1120
pop250_gen1000_mut0.035_elite1_tour2,250,1000,0.0350,1,2,10,5,2,True,0.1109,1,1,250,15523.00,0.00,0.0000
pop250_gen1000_mut0.035_elite1_tour2,250,1000,0.0350,1,2,10,5,3,True,3.9836,42,42,10500,15519.00,9410.40,-0.1100
pop250_gen1000_mut0.035_elite1_tour2,250,1000,0.0350,1,2,10,5,4,False,65.9546,723,,181000,15473.40,9602.60,-0.0280
pop250_gen1000_mut0.035_elite1_tour2,250,1000,0.0350,1,2,10,5,5,True,0.1096,1,1,250,15518.40,0.00,0.0000
pop250_gen1000_mut0.035_elite1_tour3,250,1000,0.0350,1,3,10,5,1,True,0.7306,8,8,2000,15559.00,19203.60,-0.0870
pop250_gen1000_mut0.035_elite1_tour3,250,1000,0.0350,1,3,10,5,2,True,4.8451,66,66,16500,15593.00,10299.80,-0.1160
pop250_gen1000_mut0.035_elite1_tour3,250,1000,0.0350,1,3,10,5,3,True,0.9880,11,11,2750,15529.00,9837.80,-0.0830
pop250_gen1000_mut0.035_elite1_tour3,250,1000,0.0350,1,3,10,5,4,True,3.0249,32,32,8000,15561.60,14705.40,-0.1150
pop250_gen1000_mut0.035_elite1_tour3,250,1000,0.0350,1,3,10,5,5,True,1.2635,14,14,3500,15508.60,4692.20,-0.1190
pop250_gen1000_mut0.035_elite1_tour4,250,1000,0.0350,1,4,10,5,1,True,2.0175,22,22,5500,15507.40,9525.20,-0.0840
pop250_gen1000_mut0.035_elite1_tour4,250,1000,0.0350,1,4,10,5,2,True,1.7090,19,19,4750,15585.80,24386.20,-0.1240
pop250_gen1000_mut0.035_elite1_tour4,250,1000,0.0350,1,4,10,5,3,True,2.6698,28,28,7000,15591.60,10173.80,-0.1010
pop250_gen1000_mut0.035_elite1_tour4,250,1000,0.0350,1,4,10,5,4,True,0.4573,5,5,1250,15496.80,4739.00,-0.0510
pop250_gen1000_mut0.035_elite1_tour4,250,1000,0.0350,1,4,10,5,5,True,0.8303,9,9,2250,15510.80,9445.80,-0.1080
pop150_gen1000_mut0.04_elite1_tour2,150,1000,0.0400,1,2,10,5,1,True,0.0909,2,2,300,15543.40,4709.40,-0.0120
pop150_gen1000_mut0.04_elite1_tour2,150,1000,0.0400,1,2,10,5,2,True,0.0549,1,1,150,15523.00,0.00,0.0000
pop150_gen1000_mut0.04_elite1_tour2,150,1000,0.0400,1,2,10,5,3,True,1.2241,29,29,4350,15531.20,14175.20,-0.1360
pop150_gen1000_mut0.04_elite1_tour2,150,1000,0.0400,1,2,10,5,4,True,4.8309,115,115,17250,15541.40,9711.00,-0.0780
pop150_gen1000_mut0.04_elite1_tour2,150,1000,0.0400,1,2,10,5,5,True,3.7425,86,86,12900,15565.40,19573.60,-0.1350
pop150_gen1000_mut0.04_elite1_tour3,150,1000,0.0400,1,3,10,5,1,True,1.2368,31,31,4650,15576.60,10246.60,-0.1210
pop150_gen1000_mut0.04_elite1_tour3,150,1000,0.0400,1,3,10,5,2,True,0.0526,1,1,150,15498.40,0.00,0.0000
pop150_gen1000_mut0.04_elite1_tour3,150,1000,0.0400,1,3,10,5,3,True,0.8865,21,21,3150,15553.60,14264.00,-0.1130
pop150_gen1000_mut0.04_elite1_tour3,150,1000,0.0400,1,3,10,5,4,True,0.2993,7,7,1050,15522.20,14016.40,-0.0620
pop150_gen1000_mut0.04_elite1_tour3,150,1000,0.0400,1,3,10,5,5,True,1.1807,30,30,4500,15547.00,10162.80,-0.1390
pop150_gen1000_mut0.04_elite1_tour4,150,1000,0.0400,1,4,10,5,1,True,0.2084,5,5,750,15520.00,9358.40,-0.0430
pop150_gen1000_mut0.04_elite1_tour4,150,1000,0.0400,1,4,10,5,2,True,0.1626,4,4,600,15511.80,9418.40,-0.0530
pop150_gen1000_mut0.04_elite1_tour4,150,1000,0.0400,1,4,10,5,3,True,0.0547,1,1,150,15513.00,0.00,0.0000
pop150_gen1000_mut0.04_elite1_tour4,150,1000,0.0400,1,4,10,5,4,True,0.0514,1,1,150,15483.00,0.00,0.0000
pop150_gen1000_mut0.04_elite1_tour4,150,1000,0.0400,1,4,10,5,5,True,-0.5796,15,15,2250,15596.20,14818.60,-0.1130
pop175_gen1000_mut0.04_elite1_tour2,175,1000,0.0400,1,2,10,5,1,False,47.6207,900,,157675,15452.00,19018.20,-0.0730
pop175_gen1000_mut0.04_elite1_tour2,175,1000,0.0400,1,2,10,5,2,True,0.0676,1,1,175,15524.20,0.00,0.0000
pop175_gen1000_mut0.04_elite1_tour2,175,1000,0.0400,1,2,10,5,3,True,0.0662,1,1,175,15524.60,0.00,0.0000
pop175_gen1000_mut0.04_elite1_tour2,175,1000,0.0400,1,2,10,5,4,True,0.0617,1,1,175,15476.60,0.00,0.0000
pop175_gen1000_mut0.04_elite1_tour2,175,1000,0.0400,1,2,10,5,5,True,0.0651,1,1,175,15498.40,0.00,0.0000
pop175_gen1000_mut0.04_elite1_tour3,175,1000,0.0400,1,3,10,5,1,True,0.2647,5,5,875,15519.40,4712.20,-0.0590
pop175_gen1000_mut0.04_elite1_tour3,175,1000,0.0400,1,3,10,5,2,True,6.4406,119,119,20825,15531.00,9746.80,-0.0290
pop175_gen1000_mut0.04_elite1_tour3,175,1000,0.0400,1,3,10,5,3,True,0.2158,4,4,700,15513.60,9297.60,-0.0550
pop175_gen1000_mut0.04_elite1_tour3,175,1000,0.0400,1,3,10,5,4,True,4.1774,75,75,13125,15543.40,4782.60,-0.0930
pop175_gen1000_mut0.04_elite1_tour3,175,1000,0.0400,1,3,10,5,5,True,0.0667,1,1,175,15525.00,0.00,0.0000
pop175_gen1000_mut0.04_elite1_tour4,175,1000,0.0400,1,4,10,5,1,True,1.6511,31,31,5425,15529.80,5057.40,-0.0960
pop175_gen1000_mut0.04_elite1_tour4,175,1000,0.0400,1,4,10,5,2,True,0.1054,2,2,350,15511.80,4616.80,-0.0130
pop175_gen1000_mut0.04_elite1_tour4,175,1000,0.0400,1,4,10,5,3,True,0.0662,1,1,175,15533.80,0.00,0.0000
pop175_gen1000_mut0.04_elite1_tour4,175,1000,0.0400,1,4,10,5,4,False,28.5790,540,,94675,15137.00,14140.80,-0.0260
pop175_gen1000_mut0.04_elite1_tour4,175,1000,0.0400,1,4,10,5,5,True,0.9193,17,17,2975,15598.20,9998.40,-0.0730
pop200_gen1000_mut0.04_elite1_tour2,200,1000,0.0400,1,2,10,5,1,True,0.4976,8,8,1600,15520.20,4914.80,-0.0830
pop200_gen1000_mut0.04_elite1_tour2,200,1000,0.0400,1,2,10,5,2,True,0.1318,2,2,400,15518.00,4623.40,-0.0150
pop200_gen1000_mut0.04_elite1_tour2,200,1000,0.0400,1,2,10,5,3,True,0.3152,5,5,1000,15507.80,4818.00,-0.0590
pop200_gen1000_mut0.04_elite1_tour2,200,1000,0.0400,1,2,10,5,4,True,7.0267,127,127,25400,15535.20,9803.00,-0.0850
pop200_gen1000_mut0.04_elite1_tour2,200,1000,0.0400,1,2,10,5,5,True,1.2839,20,20,4000,15539.00,14184.80,-0.1030
pop200_gen1000_mut0.04_elite1_tour3,200,1000,0.0400,1,3,10,5,1,True,0.1346,2,2,400,15529.40,4601.20,-0.0160
pop200_gen1000_mut0.04_elite1_tour3,200,1000,0.0400,1,3,10,5,2,True,0.1345,2,2,400,15534.60,4621.40,-0.0110
pop200_gen1000_mut0.04_elite1_tour3,200,1000,0.0400,1,3,10,5,3,True,0.0816,1,1,200,15494.60,0.00,0.0000
pop200_gen1000_mut0.04_elite1_tour3,200,1000,0.0400,1,3,10,5,4,False,43.3785,677,,135600,15475.40,14260.00,-0.0220
pop200_gen1000_mut0.04_elite1_tour3,200,1000,0.0400,1,3,10,5,5,True,0.3887,6,6,1200,15518.60,4653.00,-0.0720
pop200_gen1000_mut0.04_elite1_tour4,200,1000,0.0400,1,4,10,5,1,True,0.0784,1,1,200,15519.80,0.00,0.0000
pop200_gen1000_mut0.04_elite1_tour4,200,1000,0.0400,1,4,10,5,2,True,2.1018,32,32,6400,15528.20,9503.80,-0.1060
pop200_gen1000_mut0.04_elite1_tour4,200,1000,0.0400,1,4,10,5,3,True,0.7073,11,11,2200,15521.40,4967.20,-0.0790
pop200_gen1000_mut0.04_elite1_tour4,200,1000,0.0400,1,4,10,5,4,True,0.0748,1,1,200,15470.40,0.00,0.0000
pop200_gen1000_mut0.04_elite1_tour4,200,1000,0.0400,1,4,10,5,5,False,38.9173,608,,121800,15499.20,14136.40,-0.0150
pop225_gen1000_mut0.04_elite1_tour2,225,1000,0.0400,1,2,10,5,1,True,0.1544,2,2,450,15505.00,4833.40,-0.0120
pop225_gen1000_mut0.04_elite1_tour2,225,1000,0.0400,1,2,10,5,2,True,0.7875,10,10,2250,15533.40,14249.60,-0.0920
pop225_gen1000_mut0.04_elite1_tour2,225,1000,0.0400,1,2,10,5,3,True,0.0946,1,1,225,15495.80,0.00,0.0000
pop225_gen1000_mut0.04_elite1_tour2,225,1000,0.0400,1,2,10,5,4,True,0.1596,2,2,450,15504.60,4593.40,-0.0120
pop225_gen1000_mut0.04_elite1_tour2,225,1000,0.0400,1,2,10,5,5,False,71.5801,919,,207000,10867.20,5164.40,-0.1520
pop225_gen1000_mut0.04_elite1_tour3,225,1000,0.0400,1,3,10,5,1,True,1.3084,17,17,3825,15557.80,14771.80,-0.1120
pop225_gen1000_mut0.04_elite1_tour3,225,1000,0.0400,1,3,10,5,2,True,0.1027,1,1,225,15522.60,0.00,0.0000
pop225_gen1000_mut0.04_elite1_tour3,225,1000,0.0400,1,3,10,5,3,True,0.2263,3,3,675,15520.20,9407.80,-0.0270
pop225_gen1000_mut0.04_elite1_tour3,225,1000,0.0400,1,3,10,5,4,True,1.1848,15,15,3375,15519.40,4659.60,-0.1260
pop225_gen1000_mut0.04_elite1_tour3,225,1000,0.0400,1,3,10,5,5,True,2.0386,26,26,5850,15559.00,10054.40,-0.1390
pop225_gen1000_mut0.04_elite1_tour4,225,1000,0.0400,1,4,10,5,1,False,49.4591,660,,148725,15349.80,4738.60,-0.0300
pop225_gen1000_mut0.04_elite1_tour4,225,1000,0.0400,1,4,10,5,2,True,0.7842,10,10,2250,15544.80,9584.40,-0.0870
pop225_gen1000_mut0.04_elite1_tour4,225,1000,0.0400,1,4,10,5,3,True,1.0657,14,14,3150,15521.40,4887.40,-0.0930
pop225_gen1000_mut0.04_elite1_tour4,225,1000,0.0400,1,4,10,5,4,True,0.0941,1,1,225,15522.20,0.00,0.0000
pop225_gen1000_mut0.04_elite1_tour4,225,1000,0.0400,1,4,10,5,5,True,0.1564,2,2,450,15532.20,4702.80,-0.0150
pop250_gen1000_mut0.04_elite1_tour2,250,1000,0.0400,1,2,10,5,1,True,0.1129,1,1,250,15522.20,0.00,0.0000
pop250_gen1000_mut0.04_elite1_tour2,250,1000,0.0400,1,2,10,5,2,True,6.4434,70,70,17500,15513.60,9498.20,-0.1210
pop250_gen1000_mut0.04_elite1_tour2,250,1000,0.0400,1,2,10,5,3,True,20.8081,215,215,53750,15568.40,19461.40,-0.1380
pop250_gen1000_mut0.04_elite1_tour2,250,1000,0.0400,1,2,10,5,4,True,0.1880,2,2,500,15520.60,4706.80,-0.0160
pop250_gen1000_mut0.04_elite1_tour2,250,1000,0.0400,1,2,10,5,5,True,-1.0962,1,1,250,15530.00,0.00,0.0000
pop250_gen1000_mut0.04_elite1_tour3,250,1000,0.0400,1,3,10,5,1,False,53.3053,618,,154750,15489.60,14406.80,-0.0150
pop250_gen1000_mut0.04_elite1_tour3,250,1000,0.0400,1,3,10,5,2,True,5.2150,57,57,14250,15530.60,4870.20,-0.0570
pop250_gen1000_mut0.04_elite1_tour3,250,1000,0.0400,1,3,10,5,3,True,0.2778,3,3,750,15509.00,4759.20,-0.0290
pop250_gen1000_mut0.04_elite1_tour3,250,1000,0.0400,1,3,10,5,4,True,3.5287,38,38,9500,15573.00,24250.20,-0.1640
pop250_gen1000_mut0.04_elite1_tour3,250,1000,0.0400,1,3,10,5,5,True,0.1105,1,1,250,15488.80,0.00,0.0000
pop250_gen1000_mut0.04_elite1_tour4,250,1000,0.0400,1,4,10,5,1,True,4.7650,63,63,15750,15509.00,14154.60,-0.0540
pop250_gen1000_mut0.04_elite1_tour4,250,1000,0.0400,1,4,10,5,2,False,53.7815,591,,148000,15504.00,9468.80,-0.0090
pop250_gen1000_mut0.04_elite1_tour4,250,1000,0.0400,1,4,10,5,3,True,1.4483,16,16,4000,15539.80,9785.20,-0.1020
pop250_gen1000_mut0.04_elite1_tour4,250,1000,0.0400,1,4,10,5,4,True,0.1079,1,1,250,15477.60,0.00,0.0000
pop250_gen1000_mut0.04_elite1_tour4,250,1000,0.0400,1,4,10,5,5,True,2.3141,25,25,6250,15556.20,9771.20,-0.1120
pop150_gen1200_mut0.02_elite1_tour2,150,1200,0.0200,1,2,10,5,1,True,0.2735,7,7,1050,15527.40,9826.00,-0.0550
pop150_gen1200_mut0.02_elite1_tour2,150,1200,0.0200,1,2,10,5,2,True,-0.5295,17,17,2550,15509.00,4681.20,-0.0980
pop150_gen1200_mut0.02_elite1_tour2,150,1200,0.0200,1,2,10,5,3,True,0.0847,2,2,300,15498.40,4688.40,-0.0060
pop150_gen1200_mut0.02_elite1_tour2,150,1200,0.0200,1,2,10,5,4,True,1.5557,38,38,5700,15559.00,14885.00,-0.1040
pop150_gen1200_mut0.02_elite1_tour2,150,1200,0.0200,1,2,10,5,5,True,6.9830,166,166,24900,15576.20,9797.60,-0.0430
pop150_gen1200_mut0.02_elite1_tour3,150,1200,0.0200,1,3,10,5,1,False,32.6852,804,,120750,15504.00,4765.40,-0.0060
pop150_gen1200_mut0.02_elite1_tour3,150,1200,0.0200,1,3,10,5,2,True,0.7466,18,18,2700,15565.80,9945.40,-0.0680
pop150_gen1200_mut0.02_elite1_tour3,150,1200,0.0200,1,3,10,5,3,True,0.3434,9,9,1350,15539.40,14257.60,-0.0710
pop150_gen1200_mut0.02_elite1_tour3,150,1200,0.0200,1,3,10,5,4,True,0.0865,2,2,300,15533.00,4716.00,-0.0060
pop150_gen1200_mut0.02_elite1_tour3,150,1200,0.0200,1,3,10,5,5,True,0.0880,2,2,300,15535.00,4893.40,-0.0060
pop150_gen1200_mut0.02_elite1_tour4,150,1200,0.0200,1,4,10,5,1,True,1.3583,34,34,5100,15519.40,4783.00,-0.0510
pop150_gen1200_mut0.02_elite1_tour4,150,1200,0.0200,1,4,10,5,2,False,27.6812,670,,100650,15370.20,14134.40,-0.0060
pop150_gen1200_mut0.02_elite1_tour4,150,1200,0.0200,1,4,10,5,3,False,30.6179,743,,111600,15479.20,10107.40,-0.0070
pop150_gen1200_mut0.02_elite1_tour4,150,1200,0.0200,1,4,10,5,4,True,0.0860,2,2,300,15543.40,4578.40,-0.0050
pop150_gen1200_mut0.02_elite1_tour4,150,1200,0.0200,1,4,10,5,5,True,0.0546,1,1,150,15515.00,0.00,0.0000
pop175_gen1200_mut0.02_elite1_tour2,175,1200,0.0200,1,2,10,5,1,True,0.0679,1,1,175,15515.40,0.00,0.0000
pop175_gen1200_mut0.02_elite1_tour2,175,1200,0.0200,1,2,10,5,2,True,1.4908,29,29,5075,15547.60,14343.80,-0.0540
pop175_gen1200_mut0.02_elite1_tour2,175,1200,0.0200,1,2,10,5,3,True,2.7152,54,54,9450,15546.20,19096.00,-0.1100
pop175_gen1200_mut0.02_elite1_tour2,175,1200,0.0200,1,2,10,5,4,True,0.1033,2,2,350,15490.40,4734.40,-0.0050
pop175_gen1200_mut0.02_elite1_tour2,175,1200,0.0200,1,2,10,5,5,True,1.9071,37,37,6475,15561.60,14941.20,-0.1000
pop175_gen1200_mut0.02_elite1_tour3,175,1200,0.0200,1,3,10,5,1,True,1.6311,32,32,5600,15544.60,14480.40,-0.0940
pop175_gen1200_mut0.02_elite1_tour3,175,1200,0.0200,1,3,10,5,2,True,0.3137,6,6,1050,15503.80,9371.40,-0.0210
pop175_gen1200_mut0.02_elite1_tour3,175,1200,0.0200,1,3,10,5,3,True,1.4969,29,29,5075,15504.80,9485.60,-0.0560
pop175_gen1200_mut0.02_elite1_tour3,175,1200,0.0200,1,3,10,5,4,True,0.4644,9,9,1575,15524.60,14054.80,-0.0710
pop175_gen1200_mut0.02_elite1_tour3,175,1200,0.0200,1,3,10,5,5,False,32.7983,631,,110600,15150.00,14351.40,-0.0360
pop175_gen1200_mut0.02_elite1_tour4,175,1200,0.0200,1,4,10,5,1,True,1.2871,25,25,4375,15529.40,14321.20,-0.0660
pop175_gen1200_mut0.02_elite1_tour4,175,1200,0.0200,1,4,10,5,2,True,2.4611,48,48,8400,15574.20,9997.80,-0.0620
pop175_gen1200_mut0.02_elite1_tour4,175,1200,0.0200,1,4,10,5,3,True,1.3949,27,27,4725,15564.00,9920.60,-0.0510
pop175_gen1200_mut0.02_elite1_tour4,175,1200,0.0200,1,4,10,5,4,True,0.9429,18,18,3150,15528.00,9509.00,-0.0420
pop175_gen1200_mut0.02_elite1_tour4,175,1200,0.0200,1,4,10,5,5,True,0.7670,15,15,2625,15536.20,14345.20,-0.0850
pop200_gen1200_mut0.02_elite1_tour2,200,1200,0.0200,1,2,10,5,1,True,0.1304,2,2,400,15508.00,4623.40,-0.0050
pop200_gen1200_mut0.02_elite1_tour2,200,1200,0.0200,1,2,10,5,2,True,0.0804,1,1,200,15533.00,0.00,0.0000
pop200_gen1200_mut0.02_elite1_tour2,200,1200,0.0200,1,2,10,5,3,True,2.1710,34,34,6800,15525.40,9758.60,-0.0930
pop200_gen1200_mut0.02_elite1_tour2,200,1200,0.0200,1,2,10,5,4,True,0.5905,29,29,5800,15583.80,14965.00,-0.1150
pop200_gen1200_mut0.02_elite1_tour2,200,1200,0.0200,1,2,10,5,5,True,1.3981,22,22,4400,15537.80,9793.80,-0.1120
pop200_gen1200_mut0.02_elite1_tour3,200,1200,0.0200,1,3,10,5,1,True,1.5442,24,24,4800,15514.00,9527.80,-0.0990
pop200_gen1200_mut0.02_elite1_tour3,200,1200,0.0200,1,3,10,5,2,True,0.5671,9,9,1800,15579.00,9751.80,-0.0610
pop200_gen1200_mut0.02_elite1_tour3,200,1200,0.0200,1,3,10,5,3,False,45.8547,729,,146000,15472.40,14478.80,-0.0070
pop200_gen1200_mut0.02_elite1_tour3,200,1200,0.0200,1,3,10,5,4,False,44.0098,743,,148800,15483.20,9699.60,-0.0070
pop200_gen1200_mut0.02_elite1_tour3,200,1200,0.0200,1,3,10,5,5,True,0.2133,23,23,4600,15519.40,9834.40,-0.0730
pop200_gen1200_mut0.02_elite1_tour4,200,1200,0.0200,1,4,10,5,1,False,42.5516,687,,137600,15004.40,8985.20,-0.0090
pop200_gen1200_mut0.02_elite1_tour4,200,1200,0.0200,1,4,10,5,2,True,0.3167,5,5,1000,15519.00,4928.20,-0.0360
pop200_gen1200_mut0.02_elite1_tour4,200,1200,0.0200,1,4,10,5,3,True,0.6526,10,10,2000,15547.80,14126.60,-0.0640
pop200_gen1200_mut0.02_elite1_tour4,200,1200,0.0200,1,4,10,5,4,True,0.6455,10,10,2000,15565.60,9889.60,-0.0500
pop200_gen1200_mut0.02_elite1_tour4,200,1200,0.0200,1,4,10,5,5,True,0.0800,1,1,200,15517.60,0.00,0.0000
pop225_gen1200_mut0.02_elite1_tour2,225,1200,0.0200,1,2,10,5,1,True,5.4399,70,70,15750,15512.80,4890.40,-0.0620
pop225_gen1200_mut0.02_elite1_tour2,225,1200,0.0200,1,2,10,5,2,True,7.1960,93,93,20925,15530.40,14507.80,-0.0930
pop225_gen1200_mut0.02_elite1_tour2,225,1200,0.0200,1,2,10,5,3,True,0.3155,4,4,900,15513.20,9289.60,-0.0270
pop225_gen1200_mut0.02_elite1_tour2,225,1200,0.0200,1,2,10,5,4,True,2.1037,28,28,6300,15535.40,19243.80,-0.1200
pop225_gen1200_mut0.02_elite1_tour2,225,1200,0.0200,1,2,10,5,5,True,0.5873,8,8,1800,15519.80,14400.80,-0.0520
pop225_gen1200_mut0.02_elite1_tour3,225,1200,0.0200,1,3,10,5,1,True,0.1619,2,2,450,15503.00,5086.40,-0.0070
pop225_gen1200_mut0.02_elite1_tour3,225,1200,0.0200,1,3,10,5,2,True,2.0425,26,26,5850,15537.40,19205.20,-0.0870
pop225_gen1200_mut0.02_elite1_tour3,225,1200,0.0200,1,3,10,5,3,True,-0.6819,7,7,1575,15513.00,4770.40,-0.0460
pop225_gen1200_mut0.02_elite1_tour3,225,1200,0.0200,1,3,10,5,4,True,2.2032,28,28,6300,15546.20,9845.80,-0.1150
pop225_gen1200_mut0.02_elite1_tour3,225,1200,0.0200,1,3,10,5,5,True,0.3025,4,4,900,15514.20,9241.80,-0.0260
pop225_gen1200_mut0.02_elite1_tour4,225,1200,0.0200,1,4,10,5,1,True,0.0931,1,1,225,15488.80,0.00,0.0000
pop225_gen1200_mut0.02_elite1_tour4,225,1200,0.0200,1,4,10,5,2,True,0.1634,2,2,450,15520.60,4648.40,-0.0080
pop225_gen1200_mut0.02_elite1_tour4,225,1200,0.0200,1,4,10,5,3,False,52.0751,715,,161100,15435.80,14872.00,-0.0090
pop225_gen1200_mut0.02_elite1_tour4,225,1200,0.0200,1,4,10,5,4,True,0.3642,5,5,1125,15526.40,9456.00,-0.0330
pop225_gen1200_mut0.02_elite1_tour4,225,1200,0.0200,1,4,10,5,5,True,0.3882,5,5,1125,15510.20,9406.80,-0.0360
pop250_gen1200_mut0.02_elite1_tour2,250,1200,0.0200,1,2,10,5,1,True,12.9484,148,148,37000,15496.80,4847.60,-0.0350
pop250_gen1200_mut0.02_elite1_tour2,250,1200,0.0200,1,2,10,5,2,True,3.8777,41,41,10250,15518.20,9604.20,-0.0900
pop250_gen1200_mut0.02_elite1_tour2,250,1200,0.0200,1,2,10,5,3,True,5.3208,56,56,14000,15572.60,14556.60,-0.1090
pop250_gen1200_mut0.02_elite1_tour2,250,1200,0.0200,1,2,10,5,4,True,1.0111,11,11,2750,15512.80,9365.40,-0.0750
pop250_gen1200_mut0.02_elite1_tour2,250,1200,0.0200,1,2,10,5,5,True,9.8009,104,104,26000,15550.00,14581.20,-0.1020
pop250_gen1200_mut0.02_elite1_tour3,250,1200,0.0200,1,3,10,5,1,True,0.4524,5,5,1250,15522.60,4693.40,-0.0250
pop250_gen1200_mut0.02_elite1_tour3,250,1200,0.0200,1,3,10,5,2,True,2.1326,23,23,5750,15547.40,9838.60,-0.0750
pop250_gen1200_mut0.02_elite1_tour3,250,1200,0.0200,1,3,10,5,3,True,3.1986,47,47,11750,15555.80,9769.00,-0.0790
pop250_gen1200_mut0.02_elite1_tour3,250,1200,0.0200,1,3,10,5,4,False,62.2636,691,,173000,15412.00,9799.40,-0.0090
pop250_gen1200_mut0.02_elite1_tour3,250,1200,0.0200,1,3,10,5,5,True,0.5560,6,6,1500,15520.20,9473.80,-0.0500
pop250_gen1200_mut0.02_elite1_tour4,250,1200,0.0200,1,4,10,5,1,True,1.5779,17,17,4250,15514.00,9584.80,-0.0740
pop250_gen1200_mut0.02_elite1_tour4,250,1200,0.0200,1,4,10,5,2,True,1.0164,11,11,2750,15598.20,10219.40,-0.0680
pop250_gen1200_mut0.02_elite1_tour4,250,1200,0.0200,1,4,10,5,3,True,0.5506,6,6,1500,15514.20,4708.40,-0.0390
pop250_gen1200_mut0.02_elite1_tour4,250,1200,0.0200,1,4,10,5,4,True,0.8988,10,10,2500,15520.20,9317.80,-0.0550
pop250_gen1200_mut0.02_elite1_tour4,250,1200,0.0200,1,4,10,5,5,True,0.5393,6,6,1500,15515.40,4984.60,-0.0740
pop150_gen1200_mut0.025_elite1_tour2,150,1200,0.0250,1,2,10,5,1,True,2.0386,51,51,7650,15522.80,9604.60,-0.0860
pop150_gen1200_mut0.025_elite1_tour2,150,1200,0.0250,1,2,10,5,2,True,2.2955,55,55,8250,15571.20,9883.40,-0.1020
pop150_gen1200_mut0.025_elite1_tour2,150,1200,0.0250,1,2,10,5,3,True,1.9710,49,49,7350,15559.40,9972.00,-0.0830
pop150_gen1200_mut0.025_elite1_tour2,150,1200,0.0250,1,2,10,5,4,True,1.3349,33,33,4950,15576.20,14857.60,-0.1090
pop150_gen1200_mut0.025_elite1_tour2,150,1200,0.0250,1,2,10,5,5,True,0.2382,6,6,900,15529.40,9748.40,-0.0580
pop150_gen1200_mut0.025_elite1_tour3,150,1200,0.0250,1,3,10,5,1,True,1.8867,44,44,6600,15519.40,9732.40,-0.0810
pop150_gen1200_mut0.025_elite1_tour3,150,1200,0.0250,1,3,10,5,2,True,2.7497,67,67,10050,15585.40,14962.60,-0.0900
pop150_gen1200_mut0.025_elite1_tour3,150,1200,0.0250,1,3,10,5,3,True,0.8483,21,21,3150,15539.00,9571.80,-0.0650
pop150_gen1200_mut0.025_elite1_tour3,150,1200,0.0250,1,3,10,5,4,True,0.5056,12,12,1800,15560.60,9775.60,-0.0650
pop150_gen1200_mut0.025_elite1_tour3,150,1200,0.0250,1,3,10,5,5,True,1.1553,28,28,4200,15526.60,9696.00,-0.0690
pop150_gen1200_mut0.025_elite1_tour4,150,1200,0.0250,1,4,10,5,1,True,0.0531,1,1,150,15526.40,0.00,0.0000
pop150_gen1200_mut0.025_elite1_tour4,150,1200,0.0250,1,4,10,5,2,False,39.7794,969,,145500,15470.20,9481.60,-0.0070
pop150_gen1200_mut0.025_elite1_tour4,150,1200,0.0250,1,4,10,5,3,True,0.0858,2,2,300,15504.60,4658.40,-0.0070
pop150_gen1200_mut0.025_elite1_tour4,150,1200,0.0250,1,4,10,5,4,True,0.0543,1,1,150,15521.80,0.00,0.0000
pop150_gen1200_mut0.025_elite1_tour4,150,1200,0.0250,1,4,10,5,5,True,0.4475,11,11,1650,15516.00,14051.40,-0.0610
pop175_gen1200_mut0.025_elite1_tour2,175,1200,0.0250,1,2,10,5,1,True,0.2118,4,4,700,15516.80,4632.60,-0.0270
pop175_gen1200_mut0.025_elite1_tour2,175,1200,0.0250,1,2,10,5,2,True,0.3808,32,32,5600,15530.60,9475.20,-0.0830
pop175_gen1200_mut0.025_elite1_tour2,175,1200,0.0250,1,2,10,5,3,True,2.7501,52,52,9100,15555.40,19207.60,-0.0990
pop175_gen1200_mut0.025_elite1_tour2,175,1200,0.0250,1,2,10,5,4,True,2.0195,39,39,6825,15557.80,14527.80,-0.0980
pop175_gen1200_mut0.025_elite1_tour2,175,1200,0.0250,1,2,10,5,5,True,0.2523,5,5,875,15530.20,9607.00,-0.0380
pop175_gen1200_mut0.025_elite1_tour3,175,1200,0.0250,1,3,10,5,1,True,0.1122,2,2,350,15541.80,4601.40,-0.0090
pop175_gen1200_mut0.025_elite1_tour3,175,1200,0.0250,1,3,10,5,2,True,2.8223,53,53,9275,15549.00,10004.00,-0.0750
pop175_gen1200_mut0.025_elite1_tour3,175,1200,0.0250,1,3,10,5,3,True,3.4295,66,66,11550,15516.80,4948.60,-0.0150
pop175_gen1200_mut0.025_elite1_tour3,175,1200,0.0250,1,3,10,5,4,True,1.8925,36,36,6300,15529.40,9667.60,-0.0600
pop175_gen1200_mut0.025_elite1_tour3,175,1200,0.0250,1,3,10,5,5,True,0.9652,19,19,3325,15519.00,9527.80,-0.0830
pop175_gen1200_mut0.025_elite1_tour4,175,1200,0.0250,1,4,10,5,1,True,0.1062,2,2,350,15490.00,4623.40,-0.0070
pop175_gen1200_mut0.025_elite1_tour4,175,1200,0.0250,1,4,10,5,2,True,0.3240,6,6,1050,15517.20,9414.80,-0.0430
pop175_gen1200_mut0.025_elite1_tour4,175,1200,0.0250,1,4,10,5,3,True,0.1117,2,2,350,15512.60,4608.80,-0.0080
pop175_gen1200_mut0.025_elite1_tour4,175,1200,0.0250,1,4,10,5,4,True,0.2606,5,5,875,15539.00,14095.40,-0.0460
pop175_gen1200_mut0.025_elite1_tour4,175,1200,0.0250,1,4,10,5,5,True,1.5381,29,29,5075,15544.60,14392.20,-0.0730
pop200_gen1200_mut0.025_elite1_tour2,200,1200,0.0250,1,2,10,5,1,True,1.4420,22,22,4400,15526.00,9461.80,-0.0770
pop200_gen1200_mut0.025_elite1_tour2,200,1200,0.0250,1,2,10,5,2,True,1.4766,22,22,4400,15540.80,4867.20,-0.1180
pop200_gen1200_mut0.025_elite1_tour2,200,1200,0.0250,1,2,10,5,3,True,4.4988,70,70,14000,15603.60,10265.80,-0.0760
pop200_gen1200_mut0.025_elite1_tour2,200,1200,0.0250,1,2,10,5,4,True,0.4339,7,7,1400,15584.40,5224.60,-0.0450
pop200_gen1200_mut0.025_elite1_tour2,200,1200,0.0250,1,2,10,5,5,True,0.1335,2,2,400,15529.60,4683.40,-0.0070
pop200_gen1200_mut0.025_elite1_tour3,200,1200,0.0250,1,3,10,5,1,True,2.3836,37,37,7400,15535.40,14306.20,-0.0830
pop200_gen1200_mut0.025_elite1_tour3,200,1200,0.0250,1,3,10,5,2,True,1.4750,24,24,4800,15595.80,19822.20,-0.1090
pop200_gen1200_mut0.025_elite1_tour3,200,1200,0.0250,1,3,10,5,3,True,2.0741,53,53,10600,15545.20,9640.60,-0.0700
pop200_gen1200_mut0.025_elite1_tour3,200,1200,0.0250,1,3,10,5,4,True,3.2902,51,51,10200,15539.80,5112.40,-0.0640
pop200_gen1200_mut0.025_elite1_tour3,200,1200,0.0250,1,3,10,5,5,True,2.1955,35,35,7000,15585.40,14837.80,-0.1070
pop200_gen1200_mut0.025_elite1_tour4,200,1200,0.0250,1,4,10,5,1,True,1.6276,26,26,5200,15523.40,14409.20,-0.0960
pop200_gen1200_mut0.025_elite1_tour4,200,1200,0.0250,1,4,10,5,2,True,0.0785,1,1,200,15517.60,0.00,0.0000
pop200_gen1200_mut0.025_elite1_tour4,200,1200,0.0250,1,4,10,5,3,True,1.9111,31,31,6200,15527.40,14356.20,-0.1000
pop200_gen1200_mut0.025_elite1_tour4,200,1200,0.0250,1,4,10,5,4,True,1.2843,21,21,4200,15565.40,19321.80,-0.0910
pop200_gen1200_mut0.025_elite1_tour4,200,1200,0.0250,1,4,10,5,5,False,70.8227,1200,,240000,11153.20,5248.40,-0.0120
pop225_gen1200_mut0.025_elite1_tour2,225,1200,0.0250,1,2,10,5,1,True,0.8290,11,11,2475,15515.20,14131.80,-0.0680
pop225_gen1200_mut0.025_elite1_tour2,225,1200,0.0250,1,2,10,5,2,True,4.0164,51,51,11475,15525.80,9662.00,-0.1020
pop225_gen1200_mut0.025_elite1_tour2,225,1200,0.0250,1,2,10,5,3,True,6.8134,87,87,19575,15555.80,14462.20,-0.1010
pop225_gen1200_mut0.025_elite1_tour2,225,1200,0.0250,1,2,10,5,4,True,1.5680,35,35,7875,15567.80,14466.60,-0.0950
pop225_gen1200_mut0.025_elite1_tour2,225,1200,0.0250,1,2,10,5,5,True,3.2799,43,43,9675,15607.20,10208.80,-0.1180
pop225_gen1200_mut0.025_elite1_tour3,225,1200,0.0250,1,3,10,5,1,True,0.2446,3,3,675,15517.80,9271.80,-0.0270
pop225_gen1200_mut0.025_elite1_tour3,225,1200,0.0250,1,3,10,5,2,True,0.2337,3,3,675,15500.20,9185.00,-0.0190
pop225_gen1200_mut0.025_elite1_tour3,225,1200,0.0250,1,3,10,5,3,True,0.6452,8,8,1800,15514.00,9290.40,-0.0590
pop225_gen1200_mut0.025_elite1_tour3,225,1200,0.0250,1,3,10,5,4,True,0.3010,4,4,900,15496.80,9358.20,-0.0320
pop225_gen1200_mut0.025_elite1_tour3,225,1200,0.0250,1,3,10,5,5,True,0.0939,1,1,225,15521.00,0.00,0.0000
pop225_gen1200_mut0.025_elite1_tour4,225,1200,0.0250,1,4,10,5,1,True,0.3155,4,4,900,15527.60,4688.40,-0.0230
pop225_gen1200_mut0.025_elite1_tour4,225,1200,0.0250,1,4,10,5,2,True,2.6227,34,34,7650,15575.40,14758.60,-0.0990
pop225_gen1200_mut0.025_elite1_tour4,225,1200,0.0250,1,4,10,5,3,True,0.3160,4,4,900,15526.40,4690.00,-0.0330
pop225_gen1200_mut0.025_elite1_tour4,225,1200,0.0250,1,4,10,5,4,True,2.4012,31,31,6975,15552.00,19279.80,-0.0740
pop225_gen1200_mut0.025_elite1_tour4,225,1200,0.0250,1,4,10,5,5,True,0.0948,1,1,225,15505.00,0.00,0.0000
pop250_gen1200_mut0.025_elite1_tour2,250,1200,0.0250,1,2,10,5,1,True,0.5241,6,6,1500,15529.80,9401.40,-0.0450
pop250_gen1200_mut0.025_elite1_tour2,250,1200,0.0250,1,2,10,5,2,True,2.8102,30,30,7500,15529.00,9704.60,-0.0980
pop250_gen1200_mut0.025_elite1_tour2,250,1200,0.0250,1,2,10,5,3,True,57.2158,645,645,161250,15592.20,15030.00,-0.1080
pop250_gen1200_mut0.025_elite1_tour2,250,1200,0.0250,1,2,10,5,4,True,0.1114,1,1,250,15520.60,0.00,0.0000
pop250_gen1200_mut0.025_elite1_tour2,250,1200,0.0250,1,2,10,5,5,True,6.0219,63,63,15750,15579.20,24370.80,-0.1300
pop250_gen1200_mut0.025_elite1_tour3,250,1200,0.0250,1,3,10,5,1,True,2.0583,22,22,5500,15541.40,14364.40,-0.0850
pop250_gen1200_mut0.025_elite1_tour3,250,1200,0.0250,1,3,10,5,2,True,0.1101,1,1,250,15493.00,0.00,0.0000
pop250_gen1200_mut0.025_elite1_tour3,250,1200,0.0250,1,3,10,5,3,True,0.1106,1,1,250,15498.40,0.00,0.0000
pop250_gen1200_mut0.025_elite1_tour3,250,1200,0.0250,1,3,10,5,4,True,0.8027,9,9,2250,15555.80,14652.40,-0.0880
pop250_gen1200_mut0.025_elite1_tour3,250,1200,0.0250,1,3,10,5,5,True,0.4538,5,5,1250,15518.40,4749.20,-0.0320
pop250_gen1200_mut0.025_elite1_tour4,250,1200,0.0250,1,4,10,5,1,True,1.0400,11,11,2750,15513.20,13986.00,-0.0750
pop250_gen1200_mut0.025_elite1_tour4,250,1200,0.0250,1,4,10,5,2,True,0.7853,9,9,2250,15514.40,14358.60,-0.0600
pop250_gen1200_mut0.025_elite1_tour4,250,1200,0.0250,1,4,10,5,3,True,1.0740,12,12,3000,15514.00,9625.60,-0.1010
pop250_gen1200_mut0.025_elite1_tour4,250,1200,0.0250,1,4,10,5,4,True,4.4692,47,47,11750,15595.40,14560.00,-0.0870
pop250_gen1200_mut0.025_elite1_tour4,250,1200,0.0250,1,4,10,5,5,True,57.4005,674,674,168500,15589.60,20033.40,-0.0590
pop150_gen1200_mut0.03_elite1_tour2,150,1200,0.0300,1,2,10,5,1,True,0.0615,1,1,150,15518.40,0.00,0.0000
pop150_gen1200_mut0.03_elite1_tour2,150,1200,0.0300,1,2,10,5,2,True,0.2903,7,7,1050,15531.00,4810.60,-0.0650
pop150_gen1200_mut0.03_elite1_tour2,150,1200,0.0300,1,2,10,5,3,True,1.5124,37,37,5550,15557.40,19330.20,-0.1120
pop150_gen1200_mut0.03_elite1_tour2,150,1200,0.0300,1,2,10,5,4,True,0.3499,9,9,1350,15529.00,9662.40,-0.0690
pop150_gen1200_mut0.03_elite1_tour2,150,1200,0.0300,1,2,10,5,5,True,0.0531,1,1,150,15522.20,0.00,0.0000
pop150_gen1200_mut0.03_elite1_tour3,150,1200,0.0300,1,3,10,5,1,False,29.6665,743,,111600,15417.60,19336.40,-0.0160
pop150_gen1200_mut0.03_elite1_tour3,150,1200,0.0300,1,3,10,5,2,True,1.4814,36,36,5400,15529.80,9826.20,-0.0670
pop150_gen1200_mut0.03_elite1_tour3,150,1200,0.0300,1,3,10,5,3,True,0.0885,2,2,300,15521.00,4692.40,-0.0110
pop150_gen1200_mut0.03_elite1_tour3,150,1200,0.0300,1,3,10,5,4,True,2.9043,65,65,9750,15529.00,9437.40,-0.0610
pop150_gen1200_mut0.03_elite1_tour3,150,1200,0.0300,1,3,10,5,5,True,0.2772,7,7,1050,15516.40,9567.80,-0.0540
pop150_gen1200_mut0.03_elite1_tour4,150,1200,0.0300,1,4,10,5,1,True,0.2032,5,5,750,15532.20,4986.40,-0.0450
pop150_gen1200_mut0.03_elite1_tour4,150,1200,0.0300,1,4,10,5,2,True,1.5582,38,38,5700,15564.00,9835.40,-0.0420
pop150_gen1200_mut0.03_elite1_tour4,150,1200,0.0300,1,4,10,5,3,True,0.2244,5,5,750,15533.00,9455.60,-0.0430
pop150_gen1200_mut0.03_elite1_tour4,150,1200,0.0300,1,4,10,5,4,False,29.7049,749,,112500,14986.60,4470.80,-0.0140
pop150_gen1200_mut0.03_elite1_tour4,150,1200,0.0300,1,4,10,5,5,True,0.0833,2,2,300,15508.60,5030.40,-0.0140
pop175_gen1200_mut0.03_elite1_tour2,175,1200,0.0300,1,2,10,5,1,True,2.0662,66,66,11550,15521.00,5434.20,-0.0910
pop175_gen1200_mut0.03_elite1_tour2,175,1200,0.0300,1,2,10,5,2,True,2.6956,50,50,8750,15558.20,4956.60,-0.1010
pop175_gen1200_mut0.03_elite1_tour2,175,1200,0.0300,1,2,10,5,3,True,9.5208,168,168,29400,15537.40,14395.80,-0.0770
pop175_gen1200_mut0.03_elite1_tour2,175,1200,0.0300,1,2,10,5,4,True,2.7028,52,52,9100,15556.20,14638.00,-0.1270
pop175_gen1200_mut0.03_elite1_tour2,175,1200,0.0300,1,2,10,5,5,True,0.2613,5,5,875,15521.00,4769.20,-0.0330
pop175_gen1200_mut0.03_elite1_tour3,175,1200,0.0300,1,3,10,5,1,True,0.3961,8,8,1400,15528.20,4918.20,-0.0790
pop175_gen1200_mut0.03_elite1_tour3,175,1200,0.0300,1,3,10,5,2,True,1.7720,33,33,5775,15549.80,14432.60,-0.0830
pop175_gen1200_mut0.03_elite1_tour3,175,1200,0.0300,1,3,10,5,3,True,0.6020,12,12,2100,15545.60,9794.20,-0.0820
pop175_gen1200_mut0.03_elite1_tour3,175,1200,0.0300,1,3,10,5,4,True,0.5807,11,11,1925,15551.00,14411.00,-0.0730
pop175_gen1200_mut0.03_elite1_tour3,175,1200,0.0300,1,3,10,5,5,True,1.2241,24,24,4200,15566.20,19597.20,-0.1050
pop175_gen1200_mut0.03_elite1_tour4,175,1200,0.0300,1,4,10,5,1,True,0.0660,1,1,175,15518.60,0.00,0.0000
pop175_gen1200_mut0.03_elite1_tour4,175,1200,0.0300,1,4,10,5,2,True,0.1087,2,2,350,15527.80,4590.40,-0.0130
pop175_gen1200_mut0.03_elite1_tour4,175,1200,0.0300,1,4,10,5,3,True,0.1620,3,3,525,15518.40,4695.40,-0.0180
pop175_gen1200_mut0.03_elite1_tour4,175,1200,0.0300,1,4,10,5,4,True,0.5231,10,10,1750,15533.00,9599.00,-0.0640
pop175_gen1200_mut0.03_elite1_tour4,175,1200,0.0300,1,4,10,5,5,True,0.0651,1,1,175,15520.60,0.00,0.0000
pop200_gen1200_mut0.03_elite1_tour2,200,1200,0.0300,1,2,10,5,1,True,0.1335,2,2,400,15532.60,4678.40,-0.0100
pop200_gen1200_mut0.03_elite1_tour2,200,1200,0.0300,1,2,10,5,2,True,3.9918,61,61,12200,15587.00,10218.20,-0.1180
pop200_gen1200_mut0.03_elite1_tour2,200,1200,0.0300,1,2,10,5,3,True,0.4547,7,7,1400,15549.40,14286.20,-0.0720
pop200_gen1200_mut0.03_elite1_tour2,200,1200,0.0300,1,2,10,5,4,True,3.1737,49,49,9800,15539.80,14469.00,-0.1130
pop200_gen1200_mut0.03_elite1_tour2,200,1200,0.0300,1,2,10,5,5,True,0.1303,2,2,400,15519.80,4648.40,-0.0120
pop200_gen1200_mut0.03_elite1_tour3,200,1200,0.0300,1,3,10,5,1,True,0.2475,4,4,800,15529.80,9702.40,-0.0360
pop200_gen1200_mut0.03_elite1_tour3,200,1200,0.0300,1,3,10,5,2,True,0.3198,5,5,1000,15521.00,4776.80,-0.0430
pop200_gen1200_mut0.03_elite1_tour3,200,1200,0.0300,1,3,10,5,3,True,1.5244,42,42,8400,15566.60,19533.00,-0.1130
pop200_gen1200_mut0.03_elite1_tour3,200,1200,0.0300,1,3,10,5,4,True,0.0797,1,1,200,15520.60,0.00,0.0000
pop200_gen1200_mut0.03_elite1_tour3,200,1200,0.0300,1,3,10,5,5,True,7.0517,109,109,21800,15531.60,9705.80,-0.0590
pop200_gen1200_mut0.03_elite1_tour4,200,1200,0.0300,1,4,10,5,1,True,0.2614,4,4,800,15501.80,9130.20,-0.0410
pop200_gen1200_mut0.03_elite1_tour4,200,1200,0.0300,1,4,10,5,2,True,0.0806,1,1,200,15531.80,0.00,0.0000
pop200_gen1200_mut0.03_elite1_tour4,200,1200,0.0300,1,4,10,5,3,True,2.5377,39,39,7800,15575.00,14941.20,-0.0930
pop200_gen1200_mut0.03_elite1_tour4,200,1200,0.0300,1,4,10,5,4,True,1.4303,22,22,4400,15519.00,14296.80,-0.0910
pop200_gen1200_mut0.03_elite1_tour4,200,1200,0.0300,1,4,10,5,5,False,42.7523,675,,135200,15480.00,9616.00,-0.0090
pop225_gen1200_mut0.03_elite1_tour2,225,1200,0.0300,1,2,10,5,1,True,0.5179,7,7,1575,15530.20,4763.00,-0.0620
pop225_gen1200_mut0.03_elite1_tour2,225,1200,0.0300,1,2,10,5,2,True,0.0960,1,1,225,15508.80,0.00,0.0000
pop225_gen1200_mut0.03_elite1_tour2,225,1200,0.0300,1,2,10,5,3,False,64.8698,851,,191700,15465.40,18906.40,-0.0250
pop225_gen1200_mut0.03_elite1_tour2,225,1200,0.0300,1,2,10,5,4,False,64.0280,843,,189900,15504.00,9280.40,-0.0100
pop225_gen1200_mut0.03_elite1_tour2,225,1200,0.0300,1,2,10,5,5,True,1.0464,14,14,3150,15535.40,14208.20,-0.1210
pop225_gen1200_mut0.03_elite1_tour3,225,1200,0.0300,1,3,10,5,1,True,1.6940,37,37,8325,15538.20,14338.40,-0.1080
pop225_gen1200_mut0.03_elite1_tour3,225,1200,0.0300,1,3,10,5,2,True,1.0410,14,14,3150,15545.40,9935.60,-0.0890
pop225_gen1200_mut0.03_elite1_tour3,225,1200,0.0300,1,3,10,5,3,False,66.8908,868,,195525,15447.40,14583.80,-0.0200
pop225_gen1200_mut0.03_elite1_tour3,225,1200,0.0300,1,3,10,5,4,True,0.0942,1,1,225,15514.60,0.00,0.0000
pop225_gen1200_mut0.03_elite1_tour3,225,1200,0.0300,1,3,10,5,5,True,3.0611,39,39,8775,15557.80,19485.40,-0.1160
pop225_gen1200_mut0.03_elite1_tour4,225,1200,0.0300,1,4,10,5,1,True,0.3692,5,5,1125,15507.20,9763.80,-0.0530
pop225_gen1200_mut0.03_elite1_tour4,225,1200,0.0300,1,4,10,5,2,True,0.6223,8,8,1800,15515.20,4854.00,-0.0700
pop225_gen1200_mut0.03_elite1_tour4,225,1200,0.0300,1,4,10,5,3,False,51.6414,688,,155025,15504.00,9570.00,-0.0080
pop225_gen1200_mut0.03_elite1_tour4,225,1200,0.0300,1,4,10,5,4,True,0.0948,1,1,225,15521.00,0.00,0.0000
pop225_gen1200_mut0.03_elite1_tour4,225,1200,0.0300,1,4,10,5,5,True,1.6449,21,21,4725,15531.80,14202.80,-0.0680
pop250_gen1200_mut0.03_elite1_tour2,250,1200,0.0300,1,2,10,5,1,True,0.3592,4,4,1000,15534.80,10033.80,-0.0310
pop250_gen1200_mut0.03_elite1_tour2,250,1200,0.0300,1,2,10,5,2,True,10.4009,110,110,27500,15567.00,10070.60,-0.0970
pop250_gen1200_mut0.03_elite1_tour2,250,1200,0.0300,1,2,10,5,3,True,0.4354,5,5,1250,15509.40,9643.20,-0.0440
pop250_gen1200_mut0.03_elite1_tour2,250,1200,0.0300,1,2,10,5,4,True,6.5499,69,69,17250,15574.00,14590.00,-0.1000
pop250_gen1200_mut0.03_elite1_tour2,250,1200,0.0300,1,2,10,5,5,True,3.6752,39,39,9750,15563.40,24118.60,-0.1430
pop250_gen1200_mut0.03_elite1_tour3,250,1200,0.0300,1,3,10,5,1,True,0.7102,8,8,2000,15542.20,9681.80,-0.0690
pop250_gen1200_mut0.03_elite1_tour3,250,1200,0.0300,1,3,10,5,2,False,69.3164,797,,199500,15461.60,19596.60,-0.0110
pop250_gen1200_mut0.03_elite1_tour3,250,1200,0.0300,1,3,10,5,3,True,4.1715,45,45,11250,15567.80,10159.80,-0.0920
pop250_gen1200_mut0.03_elite1_tour3,250,1200,0.0300,1,3,10,5,4,True,1.6124,17,17,4250,15559.40,9893.80,-0.0970
pop250_gen1200_mut0.03_elite1_tour3,250,1200,0.0300,1,3,10,5,5,True,4.5182,49,49,12250,15529.40,9603.60,-0.0630
pop250_gen1200_mut0.03_elite1_tour4,250,1200,0.0300,1,4,10,5,1,True,0.6968,8,8,2000,15506.80,14326.80,-0.0500
pop250_gen1200_mut0.03_elite1_tour4,250,1200,0.0300,1,4,10,5,2,True,0.6564,7,7,1750,15536.80,4787.60,-0.0660
pop250_gen1200_mut0.03_elite1_tour4,250,1200,0.0300,1,4,10,5,3,True,0.4491,5,5,1250,15502.20,14011.80,-0.0440
pop250_gen1200_mut0.03_elite1_tour4,250,1200,0.0300,1,4,10,5,4,True,1.2150,13,13,3250,15561.20,9969.20,-0.0940
pop250_gen1200_mut0.03_elite1_tour4,250,1200,0.0300,1,4,10,5,5,True,2.6459,29,29,7250,15553.60,9854.00,-0.0760
pop150_gen1200_mut0.035_elite1_tour2,150,1200,0.0350,1,2,10,5,1,True,5.2912,125,125,18750,15614.20,14724.60,-0.1180
pop150_gen1200_mut0.035_elite1_tour2,150,1200,0.0350,1,2,10,5,2,True,0.3010,7,7,1050,15525.00,9387.00,-0.0560
pop150_gen1200_mut0.035_elite1_tour2,150,1200,0.0350,1,2,10,5,3,True,1.5430,36,36,5400,15559.40,9651.20,-0.0980
pop150_gen1200_mut0.035_elite1_tour2,150,1200,0.0350,1,2,10,5,4,True,2.7490,66,66,9900,15566.60,19418.00,-0.1100
pop150_gen1200_mut0.035_elite1_tour2,150,1200,0.0350,1,2,10,5,5,True,1.8243,42,42,6300,15538.60,9726.00,-0.1090
pop150_gen1200_mut0.035_elite1_tour3,150,1200,0.0350,1,3,10,5,1,True,2.2188,56,56,8400,15563.40,9964.80,-0.1130
pop150_gen1200_mut0.035_elite1_tour3,150,1200,0.0350,1,3,10,5,2,True,0.1243,3,3,450,15509.40,9510.80,-0.0330
pop150_gen1200_mut0.035_elite1_tour3,150,1200,0.0350,1,3,10,5,3,True,0.9119,52,52,7800,15567.40,14622.60,-0.0930
pop150_gen1200_mut0.035_elite1_tour3,150,1200,0.0350,1,3,10,5,4,True,0.0874,2,2,300,15483.80,4603.40,-0.0100
pop150_gen1200_mut0.035_elite1_tour3,150,1200,0.0350,1,3,10,5,5,True,1.9050,44,44,6600,15565.80,9883.20,-0.0970
pop150_gen1200_mut0.035_elite1_tour4,150,1200,0.0350,1,4,10,5,1,True,0.1952,5,5,750,15497.40,13958.40,-0.0500
pop150_gen1200_mut0.035_elite1_tour4,150,1200,0.0350,1,4,10,5,2,True,2.7703,64,64,9600,15524.00,9589.60,-0.0620
pop150_gen1200_mut0.035_elite1_tour4,150,1200,0.0350,1,4,10,5,3,False,27.3310,675,,101400,15450.80,4614.40,-0.0100
pop150_gen1200_mut0.035_elite1_tour4,150,1200,0.0350,1,4,10,5,4,True,0.1678,4,4,600,15530.20,9334.80,-0.0450
pop150_gen1200_mut0.035_elite1_tour4,150,1200,0.0350,1,4,10,5,5,True,0.0866,2,2,300,15518.00,4623.40,-0.0110
pop175_gen1200_mut0.035_elite1_tour2,175,1200,0.0350,1,2,10,5,1,True,1.9267,38,38,6650,15535.80,14552.80,-0.1390
pop175_gen1200_mut0.035_elite1_tour2,175,1200,0.0350,1,2,10,5,2,True,6.8256,125,125,21875,15525.80,18927.60,-0.1590
pop175_gen1200_mut0.035_elite1_tour2,175,1200,0.0350,1,2,10,5,3,True,0.1116,2,2,350,15483.40,4496.80,-0.0120
pop175_gen1200_mut0.035_elite1_tour2,175,1200,0.0350,1,2,10,5,4,True,0.0663,1,1,175,15523.40,0.00,0.0000
pop175_gen1200_mut0.035_elite1_tour2,175,1200,0.0350,1,2,10,5,5,True,3.7895,70,70,12250,15547.80,9728.60,-0.1210
pop175_gen1200_mut0.035_elite1_tour3,175,1200,0.0350,1,3,10,5,1,True,0.4980,10,10,1750,15529.00,9988.20,-0.0950
pop175_gen1200_mut0.035_elite1_tour3,175,1200,0.0350,1,3,10,5,2,True,6.7359,128,128,22400,15566.60,9985.20,-0.0380
pop175_gen1200_mut0.035_elite1_tour3,175,1200,0.0350,1,3,10,5,3,True,3.0112,56,56,9800,15552.40,14398.60,-0.0770
pop175_gen1200_mut0.035_elite1_tour3,175,1200,0.0350,1,3,10,5,4,True,1.1496,22,22,3850,15577.80,19665.60,-0.1060
pop175_gen1200_mut0.035_elite1_tour3,175,1200,0.0350,1,3,10,5,5,True,0.0653,1,1,175,15505.40,0.00,0.0000
pop175_gen1200_mut0.035_elite1_tour4,175,1200,0.0350,1,4,10,5,1,True,0.2087,4,4,700,15551.80,4993.60,-0.0320
pop175_gen1200_mut0.035_elite1_tour4,175,1200,0.0350,1,4,10,5,2,True,0.4679,9,9,1575,15587.40,10048.60,-0.1210
pop175_gen1200_mut0.035_elite1_tour4,175,1200,0.0350,1,4,10,5,3,True,2.3263,43,43,7525,15553.80,9845.00,-0.1180
pop175_gen1200_mut0.035_elite1_tour4,175,1200,0.0350,1,4,10,5,4,True,0.5313,10,10,1750,15514.40,4917.80,-0.0940
pop175_gen1200_mut0.035_elite1_tour4,175,1200,0.0350,1,4,10,5,5,False,39.7208,790,,138425,15477.20,4734.80,-0.0120
pop200_gen1200_mut0.035_elite1_tour2,200,1200,0.0350,1,2,10,5,1,True,0.4400,7,7,1400,15519.80,9611.60,-0.0740
pop200_gen1200_mut0.035_elite1_tour2,200,1200,0.0350,1,2,10,5,2,True,0.3070,5,5,1000,15500.60,4943.40,-0.0430
pop200_gen1200_mut0.035_elite1_tour2,200,1200,0.0350,1,2,10,5,3,True,0.6372,10,10,2000,15492.20,13942.20,-0.0680
pop200_gen1200_mut0.035_elite1_tour2,200,1200,0.0350,1,2,10,5,4,True,6.1900,93,93,18600,15559.80,10030.80,-0.1030
pop200_gen1200_mut0.035_elite1_tour2,200,1200,0.0350,1,2,10,5,5,True,1.7973,29,29,5800,15517.40,14357.00,-0.1310
pop200_gen1200_mut0.035_elite1_tour3,200,1200,0.0350,1,3,10,5,1,True,0.7700,12,12,2400,15559.00,14646.40,-0.0800
pop200_gen1200_mut0.035_elite1_tour3,200,1200,0.0350,1,3,10,5,2,True,0.2583,4,4,800,15521.40,5055.40,-0.0420
pop200_gen1200_mut0.035_elite1_tour3,200,1200,0.0350,1,3,10,5,3,False,45.8221,774,,155000,15439.60,14222.80,-0.0190
pop200_gen1200_mut0.035_elite1_tour3,200,1200,0.0350,1,3,10,5,4,True,0.4498,7,7,1400,15521.80,4891.80,-0.0610
pop200_gen1200_mut0.035_elite1_tour3,200,1200,0.0350,1,3,10,5,5,True,0.1271,2,2,400,15511.80,5123.40,-0.0130
pop200_gen1200_mut0.035_elite1_tour4,200,1200,0.0350,1,4,10,5,1,True,0.2614,4,4,800,15521.00,9415.40,-0.0490
pop200_gen1200_mut0.035_elite1_tour4,200,1200,0.0350,1,4,10,5,2,True,0.1320,2,2,400,15533.40,4724.40,-0.0110
pop200_gen1200_mut0.035_elite1_tour4,200,1200,0.0350,1,4,10,5,3,True,0.4604,7,7,1400,15502.40,4722.40,-0.0940
pop200_gen1200_mut0.035_elite1_tour4,200,1200,0.0350,1,4,10,5,4,True,1.4474,22,22,4400,15528.60,5080.40,-0.0860
pop200_gen1200_mut0.035_elite1_tour4,200,1200,0.0350,1,4,10,5,5,True,0.2476,4,4,800,15521.80,5239.00,-0.0520
pop225_gen1200_mut0.035_elite1_tour2,225,1200,0.0350,1,2,10,5,1,True,0.7908,10,10,2250,15504.00,13969.00,-0.1030
pop225_gen1200_mut0.035_elite1_tour2,225,1200,0.0350,1,2,10,5,2,True,0.5292,7,7,1575,15508.40,9588.00,-0.0570
pop225_gen1200_mut0.035_elite1_tour2,225,1200,0.0350,1,2,10,5,3,True,2.0933,27,27,6075,15528.60,9645.00,-0.1360
pop225_gen1200_mut0.035_elite1_tour2,225,1200,0.0350,1,2,10,5,4,True,0.2983,4,4,900,15485.00,9314.80,-0.0200
pop225_gen1200_mut0.035_elite1_tour2,225,1200,0.0350,1,2,10,5,5,True,7.4625,94,94,21150,15546.00,14335.20,-0.0720
pop225_gen1200_mut0.035_elite1_tour3,225,1200,0.0350,1,3,10,5,1,True,0.2337,3,3,675,15514.40,9260.80,-0.0270
pop225_gen1200_mut0.035_elite1_tour3,225,1200,0.0350,1,3,10,5,2,True,1.8160,23,23,5175,15551.20,14701.60,-0.1390
pop225_gen1200_mut0.035_elite1_tour3,225,1200,0.0350,1,3,10,5,3,True,1.9314,24,24,5400,15569.00,14586.20,-0.0900
pop225_gen1200_mut0.035_elite1_tour3,225,1200,0.0350,1,3,10,5,4,True,0.0931,1,1,225,15519.80,0.00,0.0000
pop225_gen1200_mut0.035_elite1_tour3,225,1200,0.0350,1,3,10,5,5,True,0.0957,1,1,225,15521.00,0.00,0.0000
pop225_gen1200_mut0.035_elite1_tour4,225,1200,0.0350,1,4,10,5,1,True,0.6980,9,9,2025,15541.80,5005.00,-0.0820
pop225_gen1200_mut0.035_elite1_tour4,225,1200,0.0350,1,4,10,5,2,True,3.5360,44,44,9900,15577.00,14891.40,-0.0790
pop225_gen1200_mut0.035_elite1_tour4,225,1200,0.0350,1,4,10,5,3,False,53.3042,711,,160200,15494.40,14429.40,-0.0100
pop225_gen1200_mut0.035_elite1_tour4,225,1200,0.0350,1,4,10,5,4,True,0.4805,6,6,1350,15521.00,14178.60,-0.0580
pop225_gen1200_mut0.035_elite1_tour4,225,1200,0.0350,1,4,10,5,5,True,2.3212,30,30,6750,15553.80,23994.60,-0.1550
pop250_gen1200_mut0.035_elite1_tour2,250,1200,0.0350,1,2,10,5,1,True,7.9235,87,87,21750,15527.00,5066.80,-0.1010
pop250_gen1200_mut0.035_elite1_tour2,250,1200,0.0350,1,2,10,5,2,True,0.1118,1,1,250,15525.40,0.00,0.0000
pop250_gen1200_mut0.035_elite1_tour2,250,1200,0.0350,1,2,10,5,3,True,6.6660,84,84,21000,15599.60,15306.20,-0.1180
pop250_gen1200_mut0.035_elite1_tour2,250,1200,0.0350,1,2,10,5,4,True,0.1108,1,1,250,15508.00,0.00,0.0000
pop250_gen1200_mut0.035_elite1_tour2,250,1200,0.0350,1,2,10,5,5,True,0.2785,3,3,750,15504.40,9205.00,-0.0260
pop250_gen1200_mut0.035_elite1_tour3,250,1200,0.0350,1,3,10,5,1,True,0.1867,2,2,500,15494.60,4748.40,-0.0080
pop250_gen1200_mut0.035_elite1_tour3,250,1200,0.0350,1,3,10,5,2,True,0.8197,9,9,2250,15560.60,14752.80,-0.1070
pop250_gen1200_mut0.035_elite1_tour3,250,1200,0.0350,1,3,10,5,3,True,0.1122,1,1,250,15524.60,0.00,0.0000
pop250_gen1200_mut0.035_elite1_tour3,250,1200,0.0350,1,3,10,5,4,True,6.1065,66,66,16500,15520.60,4952.40,-0.0290
pop250_gen1200_mut0.035_elite1_tour3,250,1200,0.0350,1,3,10,5,5,True,0.4599,5,5,1250,15531.80,9751.80,-0.0480
pop250_gen1200_mut0.035_elite1_tour4,250,1200,0.0350,1,4,10,5,1,True,0.9268,10,10,2500,15520.20,5059.80,-0.0700
pop250_gen1200_mut0.035_elite1_tour4,250,1200,0.0350,1,4,10,5,2,True,1.7066,19,19,4750,15506.40,4849.00,-0.0680
pop250_gen1200_mut0.035_elite1_tour4,250,1200,0.0350,1,4,10,5,3,True,0.1086,1,1,250,15490.80,0.00,0.0000
pop250_gen1200_mut0.035_elite1_tour4,250,1200,0.0350,1,4,10,5,4,True,4.7545,51,51,12750,15548.20,9932.80,-0.0780
pop250_gen1200_mut0.035_elite1_tour4,250,1200,0.0350,1,4,10,5,5,True,0.5616,6,6,1500,15520.60,4803.00,-0.0700
pop150_gen1200_mut0.04_elite1_tour2,150,1200,0.0400,1,2,10,5,1,True,0.2074,5,5,750,15511.00,4672.00,-0.0540
pop150_gen1200_mut0.04_elite1_tour2,150,1200,0.0400,1,2,10,5,2,True,0.2053,5,5,750,15515.40,9517.20,-0.0730
pop150_gen1200_mut0.04_elite1_tour2,150,1200,0.0400,1,2,10,5,3,True,0.0536,1,1,150,15520.60,0.00,0.0000
pop150_gen1200_mut0.04_elite1_tour2,150,1200,0.0400,1,2,10,5,4,True,1.5824,37,37,5550,15558.60,9691.60,-0.1330
pop150_gen1200_mut0.04_elite1_tour2,150,1200,0.0400,1,2,10,5,5,True,0.2833,7,7,1050,15527.60,9760.20,-0.0720
pop150_gen1200_mut0.04_elite1_tour3,150,1200,0.0400,1,3,10,5,1,True,2.1949,52,52,7800,15533.60,14259.20,-0.0900
pop150_gen1200_mut0.04_elite1_tour3,150,1200,0.0400,1,3,10,5,2,True,4.7235,105,105,15750,15584.60,14262.40,-0.0860
pop150_gen1200_mut0.04_elite1_tour3,150,1200,0.0400,1,3,10,5,3,True,0.6770,16,16,2400,15543.00,14349.60,-0.0840
pop150_gen1200_mut0.04_elite1_tour3,150,1200,0.0400,1,3,10,5,4,True,0.8546,22,22,3300,15510.60,9823.60,-0.1150
pop150_gen1200_mut0.04_elite1_tour3,150,1200,0.0400,1,3,10,5,5,True,0.7384,18,18,2700,15565.80,15021.40,-0.1250
pop150_gen1200_mut0.04_elite1_tour4,150,1200,0.0400,1,4,10,5,1,True,0.8345,50,50,7500,15526.60,9790.20,-0.1000
pop150_gen1200_mut0.04_elite1_tour4,150,1200,0.0400,1,4,10,5,2,True,0.0528,1,1,150,15488.00,0.00,0.0000
pop150_gen1200_mut0.04_elite1_tour4,150,1200,0.0400,1,4,10,5,3,True,0.6888,17,17,2550,15500.20,9463.20,-0.0780
pop150_gen1200_mut0.04_elite1_tour4,150,1200,0.0400,1,4,10,5,4,True,1.1004,28,28,4200,15545.80,19309.60,-0.0970
pop150_gen1200_mut0.04_elite1_tour4,150,1200,0.0400,1,4,10,5,5,True,0.4460,11,11,1650,15538.20,9455.80,-0.1030
pop175_gen1200_mut0.04_elite1_tour2,175,1200,0.0400,1,2,10,5,1,True,0.4809,9,9,1575,15537.80,14116.80,-0.1110
pop175_gen1200_mut0.04_elite1_tour2,175,1200,0.0400,1,2,10,5,2,True,0.2122,4,4,700,15525.20,4817.20,-0.0370
pop175_gen1200_mut0.04_elite1_tour2,175,1200,0.0400,1,2,10,5,3,True,0.2603,5,5,875,15534.20,9576.60,-0.0500
pop175_gen1200_mut0.04_elite1_tour2,175,1200,0.0400,1,2,10,5,4,True,0.1672,3,3,525,15519.80,4727.20,-0.0280
pop175_gen1200_mut0.04_elite1_tour2,175,1200,0.0400,1,2,10,5,5,True,0.9836,19,19,3325,15522.80,18857.20,-0.0980
pop175_gen1200_mut0.04_elite1_tour3,175,1200,0.0400,1,3,10,5,1,True,0.6234,12,12,2100,15530.60,4980.60,-0.0820
pop175_gen1200_mut0.04_elite1_tour3,175,1200,0.0400,1,3,10,5,2,True,0.0665,1,1,175,15517.60,0.00,0.0000
pop175_gen1200_mut0.04_elite1_tour3,175,1200,0.0400,1,3,10,5,3,True,1.0464,20,20,3500,15535.00,18813.40,-0.1280
pop175_gen1200_mut0.04_elite1_tour3,175,1200,0.0400,1,3,10,5,4,True,0.2124,4,4,700,15538.40,9373.80,-0.0410
pop175_gen1200_mut0.04_elite1_tour3,175,1200,0.0400,1,3,10,5,5,True,2.0951,40,40,7000,15549.00,5198.60,-0.1120
pop175_gen1200_mut0.04_elite1_tour4,175,1200,0.0400,1,4,10,5,1,True,0.2997,6,6,1050,15531.40,5141.40,-0.0720
pop175_gen1200_mut0.04_elite1_tour4,175,1200,0.0400,1,4,10,5,2,True,0.3157,6,6,1050,15513.40,9501.40,-0.0610
pop175_gen1200_mut0.04_elite1_tour4,175,1200,0.0400,1,4,10,5,3,True,0.0671,1,1,175,15521.00,0.00,0.0000
pop175_gen1200_mut0.04_elite1_tour4,175,1200,0.0400,1,4,10,5,4,True,1.4148,27,27,4725,15522.80,9845.80,-0.1160
pop175_gen1200_mut0.04_elite1_tour4,175,1200,0.0400,1,4,10,5,5,True,0.3557,7,7,1225,15558.60,10011.80,-0.0740
pop200_gen1200_mut0.04_elite1_tour2,200,1200,0.0400,1,2,10,5,1,True,1.9296,29,29,5800,15544.80,14409.80,-0.1200
pop200_gen1200_mut0.04_elite1_tour2,200,1200,0.0400,1,2,10,5,2,True,0.0796,1,1,200,15518.40,0.00,0.0000
pop200_gen1200_mut0.04_elite1_tour2,200,1200,0.0400,1,2,10,5,3,True,0.0793,1,1,200,15519.80,0.00,0.0000
pop200_gen1200_mut0.04_elite1_tour2,200,1200,0.0400,1,2,10,5,4,True,13.8540,200,200,40000,15511.60,9428.40,-0.0970
pop200_gen1200_mut0.04_elite1_tour2,200,1200,0.0400,1,2,10,5,5,True,3.9207,78,78,15600,15539.00,9695.00,-0.1130
pop200_gen1200_mut0.04_elite1_tour3,200,1200,0.0400,1,3,10,5,1,True,0.1973,3,3,600,15538.00,9236.80,-0.0220
pop200_gen1200_mut0.04_elite1_tour3,200,1200,0.0400,1,3,10,5,2,True,0.0790,1,1,200,15520.20,0.00,0.0000
pop200_gen1200_mut0.04_elite1_tour3,200,1200,0.0400,1,3,10,5,3,True,1.7685,27,27,5400,15557.00,9870.00,-0.1250
pop200_gen1200_mut0.04_elite1_tour3,200,1200,0.0400,1,3,10,5,4,True,0.0795,1,1,200,15517.60,0.00,0.0000
pop200_gen1200_mut0.04_elite1_tour3,200,1200,0.0400,1,3,10,5,5,True,0.1391,2,2,400,15521.00,4649.20,-0.0140
pop200_gen1200_mut0.04_elite1_tour4,200,1200,0.0400,1,4,10,5,1,True,1.8589,29,29,5800,15512.80,9598.00,-0.1060
pop200_gen1200_mut0.04_elite1_tour4,200,1200,0.0400,1,4,10,5,2,True,0.0785,1,1,200,15511.40,0.00,0.0000
pop200_gen1200_mut0.04_elite1_tour4,200,1200,0.0400,1,4,10,5,3,True,0.1383,2,2,400,15523.40,4693.40,-0.0130
pop200_gen1200_mut0.04_elite1_tour4,200,1200,0.0400,1,4,10,5,4,True,0.1276,2,2,400,15526.40,5354.40,-0.0160
pop200_gen1200_mut0.04_elite1_tour4,200,1200,0.0400,1,4,10,5,5,True,1.9081,29,29,5800,15572.00,14501.20,-0.1080
pop225_gen1200_mut0.04_elite1_tour2,225,1200,0.0400,1,2,10,5,1,True,0.7825,10,10,2250,15515.60,9519.40,-0.0850
pop225_gen1200_mut0.04_elite1_tour2,225,1200,0.0400,1,2,10,5,2,True,0.1527,2,2,450,15520.20,5355.40,-0.0160
pop225_gen1200_mut0.04_elite1_tour2,225,1200,0.0400,1,2,10,5,3,True,9.5498,117,117,26325,15594.20,15486.20,-0.1250
pop225_gen1200_mut0.04_elite1_tour2,225,1200,0.0400,1,2,10,5,4,True,1.8060,23,23,5175,15539.80,5022.60,-0.1240
pop225_gen1200_mut0.04_elite1_tour2,225,1200,0.0400,1,2,10,5,5,True,0.3775,5,5,1125,15527.20,9804.40,-0.0560
pop225_gen1200_mut0.04_elite1_tour3,225,1200,0.0400,1,3,10,5,1,True,0.1596,2,2,450,15518.00,4623.40,-0.0110
pop225_gen1200_mut0.04_elite1_tour3,225,1200,0.0400,1,3,10,5,2,True,4.2944,56,56,12600,15532.60,18981.60,-0.1100
pop225_gen1200_mut0.04_elite1_tour3,225,1200,0.0400,1,3,10,5,3,True,1.0990,14,14,3150,15529.80,5040.60,-0.0880
pop225_gen1200_mut0.04_elite1_tour3,225,1200,0.0400,1,3,10,5,4,True,1.5149,19,19,4275,15558.20,14485.60,-0.1120
pop225_gen1200_mut0.04_elite1_tour3,225,1200,0.0400,1,3,10,5,5,False,68.4179,919,,207000,15460.60,14573.60,-0.0270
pop225_gen1200_mut0.04_elite1_tour4,225,1200,0.0400,1,4,10,5,1,True,0.4661,6,6,1350,15572.20,9786.00,-0.0730
pop225_gen1200_mut0.04_elite1_tour4,225,1200,0.0400,1,4,10,5,2,True,0.1673,2,2,450,15508.40,4623.40,-0.0110
pop225_gen1200_mut0.04_elite1_tour4,225,1200,0.0400,1,4,10,5,3,True,0.2332,3,3,675,15524.80,5229.20,-0.0330
pop225_gen1200_mut0.04_elite1_tour4,225,1200,0.0400,1,4,10,5,4,True,2.5487,32,32,7200,15536.20,14300.80,-0.1120
pop225_gen1200_mut0.04_elite1_tour4,225,1200,0.0400,1,4,10,5,5,False,51.0389,668,,150525,15512.80,4647.40,-0.0060
pop250_gen1200_mut0.04_elite1_tour2,250,1200,0.0400,1,2,10,5,1,True,0.1103,1,1,250,15502.20,0.00,0.0000
pop250_gen1200_mut0.04_elite1_tour2,250,1200,0.0400,1,2,10,5,2,True,0.5791,6,6,1500,15517.40,9281.80,-0.0850
pop250_gen1200_mut0.04_elite1_tour2,250,1200,0.0400,1,2,10,5,3,True,0.4472,5,5,1250,15491.00,4812.20,-0.0360
pop250_gen1200_mut0.04_elite1_tour2,250,1200,0.0400,1,2,10,5,4,True,0.3649,4,4,1000,15522.60,4772.60,-0.0320
pop250_gen1200_mut0.04_elite1_tour2,250,1200,0.0400,1,2,10,5,5,True,4.8482,65,65,16250,15560.40,14688.00,-0.1480
pop250_gen1200_mut0.04_elite1_tour3,250,1200,0.0400,1,3,10,5,1,False,64.9085,713,,178500,15382.80,19028.40,-0.0320
pop250_gen1200_mut0.04_elite1_tour3,250,1200,0.0400,1,3,10,5,2,True,17.5480,185,185,46250,15551.20,14825.60,-0.0830
pop250_gen1200_mut0.04_elite1_tour3,250,1200,0.0400,1,3,10,5,3,True,1.1002,12,12,3000,15516.60,9840.20,-0.1240
pop250_gen1200_mut0.04_elite1_tour3,250,1200,0.0400,1,3,10,5,4,True,0.7163,8,8,2000,15521.80,9807.40,-0.0720
pop250_gen1200_mut0.04_elite1_tour3,250,1200,0.0400,1,3,10,5,5,True,3.5506,37,37,9250,15562.80,9813.60,-0.1060
pop250_gen1200_mut0.04_elite1_tour4,250,1200,0.0400,1,4,10,5,1,True,0.8137,9,9,2250,15501.40,9486.60,-0.0550
pop250_gen1200_mut0.04_elite1_tour4,250,1200,0.0400,1,4,10,5,2,True,5.9830,76,76,19000,15547.00,14592.20,-0.1010
pop250_gen1200_mut0.04_elite1_tour4,250,1200,0.0400,1,4,10,5,3,True,1.3446,15,15,3750,15557.40,9841.60,-0.1040
pop250_gen1200_mut0.04_elite1_tour4,250,1200,0.0400,1,4,10,5,4,True,0.5412,6,6,1500,15503.80,9286.40,-0.0610
pop250_gen1200_mut0.04_elite1_tour4,250,1200,0.0400,1,4,10,5,5,True,0.1092,1,1,250,15505.40,0.00,0.0000
pop150_gen800_mut0.02_elite2_tour2,150,800,0.0200,2,2,10,5,1,True,0.7001,17,17,2550,15520.20,5024.80,-0.0700
pop150_gen800_mut0.02_elite2_tour2,150,800,0.0200,2,2,10,5,2,True,0.6224,15,15,2250,15497.60,9313.80,-0.0750
pop150_gen800_mut0.02_elite2_tour2,150,800,0.0200,2,2,10,5,3,True,0.7501,18,18,2700,15577.80,15032.20,-0.1040
pop150_gen800_mut0.02_elite2_tour2,150,800,0.0200,2,2,10,5,4,True,0.0806,2,2,300,15511.00,4650.40,-0.0080
pop150_gen800_mut0.02_elite2_tour2,150,800,0.0200,2,2,10,5,5,True,0.1248,3,3,450,15523.40,4734.80,-0.0120
pop150_gen800_mut0.02_elite2_tour3,150,800,0.0200,2,3,10,5,1,True,0.0834,2,2,300,15519.80,5345.40,-0.0080
pop150_gen800_mut0.02_elite2_tour3,150,800,0.0200,2,3,10,5,2,True,0.2495,6,6,900,15510.60,4673.00,-0.0420
pop150_gen800_mut0.02_elite2_tour3,150,800,0.0200,2,3,10,5,3,True,0.0864,2,2,300,15520.20,4648.40,-0.0080
pop150_gen800_mut0.02_elite2_tour3,150,800,0.0200,2,3,10,5,4,True,0.0855,2,2,300,15522.20,4904.40,-0.0080
pop150_gen800_mut0.02_elite2_tour3,150,800,0.0200,2,3,10,5,5,True,0.1651,4,4,600,15512.20,9476.80,-0.0250
pop150_gen800_mut0.02_elite2_tour4,150,800,0.0200,2,4,10,5,1,True,0.8842,22,22,3300,15505.20,9363.20,-0.0570
pop150_gen800_mut0.02_elite2_tour4,150,800,0.0200,2,4,10,5,2,False,29.9817,800,,120000,11048.80,5471.60,-0.0090
pop150_gen800_mut0.02_elite2_tour4,150,800,0.0200,2,4,10,5,3,True,0.0532,1,1,150,15506.60,0.00,0.0000
pop150_gen800_mut0.02_elite2_tour4,150,800,0.0200,2,4,10,5,4,True,0.8872,22,22,3300,15526.20,9630.20,-0.0720
pop150_gen800_mut0.02_elite2_tour4,150,800,0.0200,2,4,10,5,5,True,0.7514,18,18,2700,15519.40,5090.00,-0.0710
pop175_gen800_mut0.02_elite2_tour2,175,800,0.0200,2,2,10,5,1,True,0.0663,1,1,175,15514.20,0.00,0.0000
pop175_gen800_mut0.02_elite2_tour2,175,800,0.0200,2,2,10,5,2,True,0.1583,3,3,525,15531.00,4825.00,-0.0100
pop175_gen800_mut0.02_elite2_tour2,175,800,0.0200,2,2,10,5,3,False,32.1558,622,,109025,15499.20,9628.20,-0.0070
pop175_gen800_mut0.02_elite2_tour2,175,800,0.0200,2,2,10,5,4,True,2.1427,41,41,7175,15528.60,14382.00,-0.0960
pop175_gen800_mut0.02_elite2_tour2,175,800,0.0200,2,2,10,5,5,True,0.5587,11,11,1925,15498.20,9356.40,-0.0590
pop175_gen800_mut0.02_elite2_tour3,175,800,0.0200,2,3,10,5,1,True,1.0029,19,19,3325,15525.60,4749.80,-0.0570
pop175_gen800_mut0.02_elite2_tour3,175,800,0.0200,2,3,10,5,2,True,1.2236,24,24,4200,15530.60,9860.60,-0.0790
pop175_gen800_mut0.02_elite2_tour3,175,800,0.0200,2,3,10,5,3,True,0.5086,10,10,1750,15490.40,9322.60,-0.0460
pop175_gen800_mut0.02_elite2_tour3,175,800,0.0200,2,3,10,5,4,False,28.9496,560,,98175,15470.20,9410.80,-0.0070
pop175_gen800_mut0.02_elite2_tour3,175,800,0.0200,2,3,10,5,5,True,2.5735,51,51,8925,15528.80,9665.40,-0.0690
pop175_gen800_mut0.02_elite2_tour4,175,800,0.0200,2,4,10,5,1,True,0.5689,11,11,1925,15519.40,4984.80,-0.0400
pop175_gen800_mut0.02_elite2_tour4,175,800,0.0200,2,4,10,5,2,False,32.5434,692,,121275,11032.60,590.40,-0.0070
pop175_gen800_mut0.02_elite2_tour4,175,800,0.0200,2,4,10,5,3,True,1.1768,23,23,4025,15523.20,14228.20,-0.0690
pop175_gen800_mut0.02_elite2_tour4,175,800,0.0200,2,4,10,5,4,True,0.5542,11,11,1925,15511.80,4993.60,-0.0730
pop175_gen800_mut0.02_elite2_tour4,175,800,0.0200,2,4,10,5,5,True,6.4896,123,123,21525,15600.20,24630.60,-0.0280
pop200_gen800_mut0.02_elite2_tour2,200,800,0.0200,2,2,10,5,1,True,0.7640,12,12,2400,15520.60,9455.60,-0.0850
pop200_gen800_mut0.02_elite2_tour2,200,800,0.0200,2,2,10,5,2,False,47.6368,800,,160000,15426.60,15150.60,-0.0250
pop200_gen800_mut0.02_elite2_tour2,200,800,0.0200,2,2,10,5,3,True,1.3446,21,21,4200,15508.60,14295.00,-0.0960
pop200_gen800_mut0.02_elite2_tour2,200,800,0.0200,2,2,10,5,4,True,0.0798,1,1,200,15524.60,0.00,0.0000
pop200_gen800_mut0.02_elite2_tour2,200,800,0.0200,2,2,10,5,5,True,0.0790,1,1,200,15511.00,0.00,0.0000
pop200_gen800_mut0.02_elite2_tour3,200,800,0.0200,2,3,10,5,1,True,0.0781,1,1,200,15509.20,0.00,0.0000
pop200_gen800_mut0.02_elite2_tour3,200,800,0.0200,2,3,10,5,2,True,0.1330,2,2,400,15517.60,4683.40,-0.0060
pop200_gen800_mut0.02_elite2_tour3,200,800,0.0200,2,3,10,5,3,True,0.7712,12,12,2400,15559.40,9806.00,-0.0690
pop200_gen800_mut0.02_elite2_tour3,200,800,0.0200,2,3,10,5,4,True,0.8605,14,14,2800,15530.20,5016.80,-0.0710
pop200_gen800_mut0.02_elite2_tour3,200,800,0.0200,2,3,10,5,5,True,0.6729,11,11,2200,15542.00,14753.40,-0.0820
pop200_gen800_mut0.02_elite2_tour4,200,800,0.0200,2,4,10,5,1,False,29.3587,493,,98800,15384.40,19324.40,-0.0110
pop200_gen800_mut0.02_elite2_tour4,200,800,0.0200,2,4,10,5,2,True,0.4929,8,8,1600,15530.20,9687.00,-0.0610
pop200_gen800_mut0.02_elite2_tour4,200,800,0.0200,2,4,10,5,3,True,0.6368,10,10,2000,15532.20,9721.80,-0.0580
pop200_gen800_mut0.02_elite2_tour4,200,800,0.0200,2,4,10,5,4,True,0.5409,9,9,1800,15503.40,9824.20,-0.0240
pop200_gen800_mut0.02_elite2_tour4,200,800,0.0200,2,4,10,5,5,True,0.0805,1,1,200,15520.00,0.00,0.0000
pop225_gen800_mut0.02_elite2_tour2,225,800,0.0200,2,2,10,5,1,True,6.4787,82,82,18450,15577.40,14960.80,-0.0810
pop225_gen800_mut0.02_elite2_tour2,225,800,0.0200,2,2,10,5,2,True,0.2289,3,3,675,15522.60,9629.60,-0.0090
pop225_gen800_mut0.02_elite2_tour2,225,800,0.0200,2,2,10,5,3,True,0.0948,1,1,225,15525.40,0.00,0.0000
pop225_gen800_mut0.02_elite2_tour2,225,800,0.0200,2,2,10,5,4,True,0.1612,2,2,450,15519.80,4648.40,-0.0070
pop225_gen800_mut0.02_elite2_tour2,225,800,0.0200,2,2,10,5,5,False,41.7026,568,,128025,15330.00,14423.20,-0.0120
pop225_gen800_mut0.02_elite2_tour3,225,800,0.0200,2,3,10,5,1,True,0.3082,4,4,900,15506.40,9418.00,-0.0240
pop225_gen800_mut0.02_elite2_tour3,225,800,0.0200,2,3,10,5,2,True,0.5162,7,7,1575,15537.20,5135.60,-0.0590
pop225_gen800_mut0.02_elite2_tour3,225,800,0.0200,2,3,10,5,3,False,37.1807,478,,107775,15455.00,4925.20,-0.0110
pop225_gen800_mut0.02_elite2_tour3,225,800,0.0200,2,3,10,5,4,True,1.5738,20,20,4500,15510.00,4836.40,-0.1250
pop225_gen800_mut0.02_elite2_tour3,225,800,0.0200,2,3,10,5,5,True,1.7650,23,23,5175,15505.00,9546.00,-0.0890
pop225_gen800_mut0.02_elite2_tour4,225,800,0.0200,2,4,10,5,1,True,1.9420,25,25,5625,15541.20,14669.40,-0.0810
pop225_gen800_mut0.02_elite2_tour4,225,800,0.0200,2,4,10,5,2,True,0.0959,1,1,225,15520.60,0.00,0.0000
pop225_gen800_mut0.02_elite2_tour4,225,800,0.0200,2,4,10,5,3,True,0.6209,8,8,1800,15521.00,4859.80,-0.0590
pop225_gen800_mut0.02_elite2_tour4,225,800,0.0200,2,4,10,5,4,True,1.2005,15,15,3375,15551.80,9667.40,-0.0600
pop225_gen800_mut0.02_elite2_tour4,225,800,0.0200,2,4,10,5,5,True,0.0953,1,1,225,15528.00,0.00,0.0000
pop250_gen800_mut0.02_elite2_tour2,250,800,0.0200,2,2,10,5,1,True,0.1885,2,2,500,15514.20,4675.80,-0.0070
pop250_gen800_mut0.02_elite2_tour2,250,800,0.0200,2,2,10,5,2,True,2.4790,27,27,6750,15534.40,14479.60,-0.0940
pop250_gen800_mut0.02_elite2_tour2,250,800,0.0200,2,2,10,5,3,False,57.4307,624,,156250,15398.20,19834.40,-0.0130
pop250_gen800_mut0.02_elite2_tour2,250,800,0.0200,2,2,10,5,4,True,5.7792,63,63,15750,15514.00,9599.60,-0.0730
pop250_gen800_mut0.02_elite2_tour2,250,800,0.0200,2,2,10,5,5,True,4.8490,52,52,13000,15539.80,5002.60,-0.0760
pop250_gen800_mut0.02_elite2_tour3,250,800,0.0200,2,3,10,5,1,True,2.2161,24,24,6000,15539.40,14462.40,-0.0670
pop250_gen800_mut0.02_elite2_tour3,250,800,0.0200,2,3,10,5,2,True,0.3656,4,4,1000,15529.00,4958.00,-0.0240
pop250_gen800_mut0.02_elite2_tour3,250,800,0.0200,2,3,10,5,3,True,0.1128,1,1,250,15501.80,0.00,0.0000
pop250_gen800_mut0.02_elite2_tour3,250,800,0.0200,2,3,10,5,4,True,3.3423,50,50,12500,15586.60,10081.40,-0.0500
pop250_gen800_mut0.02_elite2_tour3,250,800,0.0200,2,3,10,5,5,True,0.9200,10,10,2500,15537.20,14233.20,-0.0810
pop250_gen800_mut0.02_elite2_tour4,250,800,0.0200,2,4,10,5,1,False,45.1133,500,,125250,15249.00,14490.80,-0.0170
pop250_gen800_mut0.02_elite2_tour4,250,800,0.0200,2,4,10,5,2,True,0.6092,7,7,1750,15510.60,4914.80,-0.0420
pop250_gen800_mut0.02_elite2_tour4,250,800,0.0200,2,4,10,5,3,True,1.0850,12,12,3000,15547.80,9817.00,-0.1110
pop250_gen800_mut0.02_elite2_tour4,250,800,0.0200,2,4,10,5,4,True,2.3858,26,26,6500,15548.60,14675.80,-0.0690
pop250_gen800_mut0.02_elite2_tour4,250,800,0.0200,2,4,10,5,5,True,2.7270,29,29,7250,15555.20,9945.80,-0.0850
pop150_gen800_mut0.025_elite2_tour2,150,800,0.0250,2,2,10,5,1,True,1.6049,39,39,5850,15531.60,14215.40,-0.1110
pop150_gen800_mut0.025_elite2_tour2,150,800,0.0250,2,2,10,5,2,True,1.1834,28,28,4200,15576.60,9863.80,-0.0870
pop150_gen800_mut0.025_elite2_tour2,150,800,0.0250,2,2,10,5,3,True,2.4550,61,61,9150,15547.00,9840.60,-0.1080
pop150_gen800_mut0.025_elite2_tour2,150,800,0.0250,2,2,10,5,4,True,0.2026,5,5,750,15515.80,14105.60,-0.0490
pop150_gen800_mut0.025_elite2_tour2,150,800,0.0250,2,2,10,5,5,True,0.0528,1,1,150,15518.40,0.00,0.0000
pop150_gen800_mut0.025_elite2_tour3,150,800,0.0250,2,3,10,5,1,True,0.4138,10,10,1500,15514.80,4677.40,-0.0840
pop150_gen800_mut0.025_elite2_tour3,150,800,0.0250,2,3,10,5,2,True,0.0535,1,1,150,15522.60,0.00,0.0000
pop150_gen800_mut0.025_elite2_tour3,150,800,0.0250,2,3,10,5,3,True,3.7059,119,119,17850,15514.80,9716.00,-0.0330
pop150_gen800_mut0.025_elite2_tour3,150,800,0.0250,2,3,10,5,4,True,1.6668,40,40,6000,15577.00,10147.80,-0.0920
pop150_gen800_mut0.025_elite2_tour3,150,800,0.0250,2,3,10,5,5,True,2.1485,53,53,7950,15548.60,19140.40,-0.0480
pop150_gen800_mut0.025_elite2_tour4,150,800,0.0250,2,4,10,5,1,True,0.8084,20,20,3000,15557.80,14772.20,-0.0890
pop150_gen800_mut0.025_elite2_tour4,150,800,0.0250,2,4,10,5,2,True,0.1707,4,4,600,15501.80,9438.80,-0.0310
pop150_gen800_mut0.025_elite2_tour4,150,800,0.0250,2,4,10,5,3,False,28.1615,740,,111150,11238.60,5401.20,-0.0100
pop150_gen800_mut0.025_elite2_tour4,150,800,0.0250,2,4,10,5,4,True,0.0846,2,2,300,15505.00,4647.00,-0.0080
pop150_gen800_mut0.025_elite2_tour4,150,800,0.0250,2,4,10,5,5,True,0.0546,1,1,150,15522.60,0.00,0.0000
pop175_gen800_mut0.025_elite2_tour2,175,800,0.0250,2,2,10,5,1,True,2.9540,58,58,10150,15565.00,14570.20,-0.1130
pop175_gen800_mut0.025_elite2_tour2,175,800,0.0250,2,2,10,5,2,True,0.4193,8,8,1400,15521.80,4860.20,-0.0530
pop175_gen800_mut0.025_elite2_tour2,175,800,0.0250,2,2,10,5,3,True,0.1090,2,2,350,15542.20,4663.40,-0.0090
pop175_gen800_mut0.025_elite2_tour2,175,800,0.0250,2,2,10,5,4,True,1.2303,24,24,4200,15557.40,9490.80,-0.1310
pop175_gen800_mut0.025_elite2_tour2,175,800,0.0250,2,2,10,5,5,True,3.8991,76,76,13300,15515.40,9585.20,-0.0870
pop175_gen800_mut0.025_elite2_tour3,175,800,0.0250,2,3,10,5,1,True,0.8599,16,16,2800,15578.60,14530.20,-0.0640
pop175_gen800_mut0.025_elite2_tour3,175,800,0.0250,2,3,10,5,2,False,29.9581,596,,104475,15479.20,14365.60,-0.0090
pop175_gen800_mut0.025_elite2_tour3,175,800,0.0250,2,3,10,5,3,True,0.1063,2,2,350,15537.20,5085.80,-0.0100
pop175_gen800_mut0.025_elite2_tour3,175,800,0.0250,2,3,10,5,4,True,0.5732,11,11,1925,15511.40,9491.80,-0.0830
pop175_gen800_mut0.025_elite2_tour3,175,800,0.0250,2,3,10,5,5,True,1.4972,29,29,5075,15536.60,14395.40,-0.1000
pop175_gen800_mut0.025_elite2_tour4,175,800,0.0250,2,4,10,5,1,False,25.4352,501,,87850,15475.20,19566.20,-0.0090
pop175_gen800_mut0.025_elite2_tour4,175,800,0.0250,2,4,10,5,2,True,0.1095,2,2,350,15520.60,4658.40,-0.0110
pop175_gen800_mut0.025_elite2_tour4,175,800,0.0250,2,4,10,5,3,True,2.0993,41,41,7175,15582.60,19606.40,-0.1100
pop175_gen800_mut0.025_elite2_tour4,175,800,0.0250,2,4,10,5,4,True,0.3719,7,7,1225,15521.40,9504.40,-0.0500
pop175_gen800_mut0.025_elite2_tour4,175,800,0.0250,2,4,10,5,5,True,0.1939,4,4,700,15507.20,9223.80,-0.0290
pop200_gen800_mut0.025_elite2_tour2,200,800,0.0250,2,2,10,5,1,True,1.4422,23,23,4600,15559.40,5047.60,-0.0970
pop200_gen800_mut0.025_elite2_tour2,200,800,0.0250,2,2,10,5,2,True,0.1882,3,3,600,15509.80,9197.80,-0.0200
pop200_gen800_mut0.025_elite2_tour2,200,800,0.0250,2,2,10,5,3,True,0.1321,2,2,400,15520.20,4648.40,-0.0090
pop200_gen800_mut0.025_elite2_tour2,200,800,0.0250,2,2,10,5,4,True,10.5983,156,156,31200,15540.80,19353.40,-0.0730
pop200_gen800_mut0.025_elite2_tour2,200,800,0.0250,2,2,10,5,5,True,3.2629,50,50,10000,15574.80,10226.20,-0.0920
pop200_gen800_mut0.025_elite2_tour3,200,800,0.0250,2,3,10,5,1,False,36.6667,649,,130000,11052.60,656.60,-0.0100
pop200_gen800_mut0.025_elite2_tour3,200,800,0.0250,2,3,10,5,2,True,0.1332,2,2,400,15506.00,4582.40,-0.0090
pop200_gen800_mut0.025_elite2_tour3,200,800,0.0250,2,3,10,5,3,False,31.6061,501,,100400,15475.00,14038.60,-0.0100
pop200_gen800_mut0.025_elite2_tour3,200,800,0.0250,2,3,10,5,4,True,2.5143,39,39,7800,15510.60,5062.00,-0.0530
pop200_gen800_mut0.025_elite2_tour3,200,800,0.0250,2,3,10,5,5,False,32.4849,518,,103800,15459.80,14285.80,-0.0080
pop200_gen800_mut0.025_elite2_tour4,200,800,0.0250,2,4,10,5,1,True,2.3255,35,35,7000,15581.40,9662.20,-0.0590
pop200_gen800_mut0.025_elite2_tour4,200,800,0.0250,2,4,10,5,2,True,0.3668,6,6,1200,15532.60,9468.40,-0.0420
pop200_gen800_mut0.025_elite2_tour4,200,800,0.0250,2,4,10,5,3,True,0.6453,10,10,2000,15556.60,14735.00,-0.0750
pop200_gen800_mut0.025_elite2_tour4,200,800,0.0250,2,4,10,5,4,True,0.0801,1,1,200,15523.80,0.00,0.0000
pop200_gen800_mut0.025_elite2_tour4,200,800,0.0250,2,4,10,5,5,True,0.3712,6,6,1200,15506.40,4656.20,-0.0530
pop225_gen800_mut0.025_elite2_tour2,225,800,0.0250,2,2,10,5,1,True,0.6977,9,9,2025,15503.00,4722.60,-0.0570
pop225_gen800_mut0.025_elite2_tour2,225,800,0.0250,2,2,10,5,2,True,2.1726,27,27,6075,15565.40,18942.60,-0.1310
pop225_gen800_mut0.025_elite2_tour2,225,800,0.0250,2,2,10,5,3,True,7.7904,99,99,22275,15585.80,19469.40,-0.0990
pop225_gen800_mut0.025_elite2_tour2,225,800,0.0250,2,2,10,5,4,True,7.8035,119,119,26775,15501.80,4930.80,-0.0410
pop225_gen800_mut0.025_elite2_tour2,225,800,0.0250,2,2,10,5,5,True,0.0941,1,1,225,15519.20,0.00,0.0000
pop225_gen800_mut0.025_elite2_tour3,225,800,0.0250,2,3,10,5,1,False,41.5061,522,,117675,15323.00,14825.40,-0.0130
pop225_gen800_mut0.025_elite2_tour3,225,800,0.0250,2,3,10,5,2,True,0.4701,6,6,1350,15538.20,9434.20,-0.0540
pop225_gen800_mut0.025_elite2_tour3,225,800,0.0250,2,3,10,5,3,True,0.0943,1,1,225,15500.20,0.00,0.0000
pop225_gen800_mut0.025_elite2_tour3,225,800,0.0250,2,3,10,5,4,False,36.4981,479,,108000,15258.40,9333.20,-0.0110
pop225_gen800_mut0.025_elite2_tour3,225,800,0.0250,2,3,10,5,5,True,1.5674,21,21,4725,15539.80,14354.60,-0.0910
pop225_gen800_mut0.025_elite2_tour4,225,800,0.0250,2,4,10,5,1,True,0.0996,1,1,225,15523.00,0.00,0.0000
pop225_gen800_mut0.025_elite2_tour4,225,800,0.0250,2,4,10,5,2,True,0.3898,5,5,1125,15521.80,4777.20,-0.0370
pop225_gen800_mut0.025_elite2_tour4,225,800,0.0250,2,4,10,5,3,True,1.4031,18,18,4050,15560.20,14439.60,-0.0970
pop225_gen800_mut0.025_elite2_tour4,225,800,0.0250,2,4,10,5,4,False,36.7310,479,,108000,15480.00,14444.60,-0.0080
pop225_gen800_mut0.025_elite2_tour4,225,800,0.0250,2,4,10,5,5,True,0.4666,6,6,1350,15540.20,9730.60,-0.0530
pop250_gen800_mut0.025_elite2_tour2,250,800,0.0250,2,2,10,5,1,True,0.1095,1,1,250,15521.80,0.00,0.0000
pop250_gen800_mut0.025_elite2_tour2,250,800,0.0250,2,2,10,5,2,True,3.9306,42,42,10500,15525.40,14500.80,-0.1260
pop250_gen800_mut0.025_elite2_tour2,250,800,0.0250,2,2,10,5,3,True,4.1903,58,58,14500,15559.40,9949.40,-0.1140
pop250_gen800_mut0.025_elite2_tour2,250,800,0.0250,2,2,10,5,4,True,11.9731,126,126,31500,15581.00,19717.20,-0.1050
pop250_gen800_mut0.025_elite2_tour2,250,800,0.0250,2,2,10,5,5,True,0.5448,6,6,1500,15553.00,4708.40,-0.0450
pop250_gen800_mut0.025_elite2_tour3,250,800,0.0250,2,3,10,5,1,True,3.5078,38,38,9500,15568.20,9995.80,-0.0900
pop250_gen800_mut0.025_elite2_tour3,250,800,0.0250,2,3,10,5,2,True,0.1086,1,1,250,15478.80,0.00,0.0000
pop250_gen800_mut0.025_elite2_tour3,250,800,0.0250,2,3,10,5,3,True,0.1100,1,1,250,15511.40,0.00,0.0000
pop250_gen800_mut0.025_elite2_tour3,250,800,0.0250,2,3,10,5,4,True,2.5300,27,27,6750,15509.40,9529.00,-0.0740
pop250_gen800_mut0.025_elite2_tour3,250,800,0.0250,2,3,10,5,5,True,0.1096,1,1,250,15499.20,0.00,0.0000
pop250_gen800_mut0.025_elite2_tour4,250,800,0.0250,2,4,10,5,1,True,2.8822,31,31,7750,15576.60,9827.20,-0.0890
pop250_gen800_mut0.025_elite2_tour4,250,800,0.0250,2,4,10,5,2,True,0.4559,5,5,1250,15490.60,4740.00,-0.0390
pop250_gen800_mut0.025_elite2_tour4,250,800,0.0250,2,4,10,5,3,True,4.7581,63,63,15750,15503.60,9529.20,-0.0510
pop250_gen800_mut0.025_elite2_tour4,250,800,0.0250,2,4,10,5,4,True,1.0418,11,11,2750,15518.20,9402.80,-0.0860
pop250_gen800_mut0.025_elite2_tour4,250,800,0.0250,2,4,10,5,5,False,52.6586,569,,142500,15417.00,19559.00,-0.0130
pop150_gen800_mut0.03_elite2_tour2,150,800,0.0300,2,2,10,5,1,True,0.2467,6,6,900,15517.60,9481.40,-0.0510
pop150_gen800_mut0.03_elite2_tour2,150,800,0.0300,2,2,10,5,2,True,1.3788,35,35,5250,15564.60,14900.00,-0.1410
pop150_gen800_mut0.03_elite2_tour2,150,800,0.0300,2,2,10,5,3,True,5.0177,121,121,18150,15543.60,9681.40,-0.0570
pop150_gen800_mut0.03_elite2_tour2,150,800,0.0300,2,2,10,5,4,True,0.4012,10,10,1500,15538.20,9386.20,-0.0940
pop150_gen800_mut0.03_elite2_tour2,150,800,0.0300,2,2,10,5,5,True,0.2097,5,5,750,15503.80,4741.80,-0.0280
pop150_gen800_mut0.03_elite2_tour3,150,800,0.0300,2,3,10,5,1,True,0.0568,1,1,150,15523.40,0.00,0.0000
pop150_gen800_mut0.03_elite2_tour3,150,800,0.0300,2,3,10,5,2,True,1.1590,28,28,4200,15556.60,19531.20,-0.1160
pop150_gen800_mut0.03_elite2_tour3,150,800,0.0300,2,3,10,5,3,True,0.7715,19,19,2850,15536.20,19119.20,-0.1100
pop150_gen800_mut0.03_elite2_tour3,150,800,0.0300,2,3,10,5,4,True,0.0539,1,1,150,15530.40,0.00,0.0000
pop150_gen800_mut0.03_elite2_tour3,150,800,0.0300,2,3,10,5,5,True,0.0842,2,2,300,15493.00,4693.40,-0.0080
pop150_gen800_mut0.03_elite2_tour4,150,800,0.0300,2,4,10,5,1,True,-0.9102,10,10,1500,15518.60,9631.80,-0.0900
pop150_gen800_mut0.03_elite2_tour4,150,800,0.0300,2,4,10,5,2,True,0.0533,1,1,150,15519.80,0.00,0.0000
pop150_gen800_mut0.03_elite2_tour4,150,800,0.0300,2,4,10,5,3,True,0.5193,12,12,1800,15503.60,13949.60,-0.0870
pop150_gen800_mut0.03_elite2_tour4,150,800,0.0300,2,4,10,5,4,True,1.6584,39,39,5850,15562.80,14364.80,-0.0720
pop150_gen800_mut0.03_elite2_tour4,150,800,0.0300,2,4,10,5,5,True,0.2051,5,5,750,15523.40,9497.80,-0.0320
pop175_gen800_mut0.03_elite2_tour2,175,800,0.0300,2,2,10,5,1,True,1.4250,27,27,4725,15575.40,19473.60,-0.1430
pop175_gen800_mut0.03_elite2_tour2,175,800,0.0300,2,2,10,5,2,True,0.4661,9,9,1575,15518.60,4776.20,-0.0840
pop175_gen800_mut0.03_elite2_tour2,175,800,0.0300,2,2,10,5,3,True,11.3503,214,214,37450,15519.20,14356.60,-0.0780
pop175_gen800_mut0.03_elite2_tour2,175,800,0.0300,2,2,10,5,4,True,0.9424,19,19,3325,15558.20,14374.00,-0.1070
pop175_gen800_mut0.03_elite2_tour2,175,800,0.0300,2,2,10,5,5,True,0.7476,15,15,2625,15547.40,14415.00,-0.1090
pop175_gen800_mut0.03_elite2_tour3,175,800,0.0300,2,3,10,5,1,True,0.1098,2,2,350,15500.00,4644.40,-0.0080
pop175_gen800_mut0.03_elite2_tour3,175,800,0.0300,2,3,10,5,2,True,0.0662,1,1,175,15519.80,0.00,0.0000
pop175_gen800_mut0.03_elite2_tour3,175,800,0.0300,2,3,10,5,3,True,0.1661,3,3,525,15481.60,4653.00,-0.0100
pop175_gen800_mut0.03_elite2_tour3,175,800,0.0300,2,3,10,5,4,True,0.0684,1,1,175,15524.20,0.00,0.0000
pop175_gen800_mut0.03_elite2_tour3,175,800,0.0300,2,3,10,5,5,True,0.4001,8,8,1400,15512.20,9714.80,-0.0610
pop175_gen800_mut0.03_elite2_tour4,175,800,0.0300,2,4,10,5,1,True,1.1599,22,22,3850,15510.40,9544.60,-0.1120
pop175_gen800_mut0.03_elite2_tour4,175,800,0.0300,2,4,10,5,2,True,0.0659,1,1,175,15525.20,0.00,0.0000
pop175_gen800_mut0.03_elite2_tour4,175,800,0.0300,2,4,10,5,3,True,1.6057,32,32,5600,15596.60,15131.60,-0.0840
pop175_gen800_mut0.03_elite2_tour4,175,800,0.0300,2,4,10,5,4,True,1.4058,26,26,4550,15560.20,9745.80,-0.0840
pop175_gen800_mut0.03_elite2_tour4,175,800,0.0300,2,4,10,5,5,True,0.0656,1,1,175,15518.40,0.00,0.0000
pop200_gen800_mut0.03_elite2_tour2,200,800,0.0300,2,2,10,5,1,True,6.7150,103,103,20600,15582.80,10174.40,-0.0950
pop200_gen800_mut0.03_elite2_tour2,200,800,0.0300,2,2,10,5,2,True,0.0817,1,1,200,15509.40,0.00,0.0000
pop200_gen800_mut0.03_elite2_tour2,200,800,0.0300,2,2,10,5,3,True,0.6405,10,10,2000,15516.80,4824.40,-0.0780
pop200_gen800_mut0.03_elite2_tour2,200,800,0.0300,2,2,10,5,4,False,41.3527,705,,141200,11033.40,9866.00,-0.0360
pop200_gen800_mut0.03_elite2_tour2,200,800,0.0300,2,2,10,5,5,False,43.1982,670,,134200,15470.20,9411.60,-0.0210
pop200_gen800_mut0.03_elite2_tour3,200,800,0.0300,2,3,10,5,1,True,0.8379,13,13,2600,15529.80,4994.00,-0.0690
pop200_gen800_mut0.03_elite2_tour3,200,800,0.0300,2,3,10,5,2,True,0.3265,5,5,1000,15517.20,4771.00,-0.0400
pop200_gen800_mut0.03_elite2_tour3,200,800,0.0300,2,3,10,5,3,True,0.1893,3,3,600,15529.80,5249.80,-0.0230
pop200_gen800_mut0.03_elite2_tour3,200,800,0.0300,2,3,10,5,4,True,2.5611,39,39,7800,15595.80,10298.00,-0.0950
pop200_gen800_mut0.03_elite2_tour3,200,800,0.0300,2,3,10,5,5,False,41.5843,725,,145200,10975.60,5247.20,-0.0230
pop200_gen800_mut0.03_elite2_tour4,200,800,0.0300,2,4,10,5,1,True,0.3283,5,5,1000,15508.40,4693.00,-0.0530
pop200_gen800_mut0.03_elite2_tour4,200,800,0.0300,2,4,10,5,2,True,2.0531,31,31,6200,15595.80,10053.60,-0.0680
pop200_gen800_mut0.03_elite2_tour4,200,800,0.0300,2,4,10,5,3,False,31.3881,504,,101000,15489.60,9899.20,-0.0100
pop200_gen800_mut0.03_elite2_tour4,200,800,0.0300,2,4,10,5,4,True,1.2765,20,20,4000,15535.80,9852.40,-0.0980
pop200_gen800_mut0.03_elite2_tour4,200,800,0.0300,2,4,10,5,5,True,0.0790,1,1,200,15520.60,0.00,0.0000
pop225_gen800_mut0.03_elite2_tour2,225,800,0.0300,2,2,10,5,1,True,0.9773,13,13,2925,15524.80,9469.00,-0.0940
pop225_gen800_mut0.03_elite2_tour2,225,800,0.0300,2,2,10,5,2,True,1.8578,24,24,5400,15498.00,13986.40,-0.1170
pop225_gen800_mut0.03_elite2_tour2,225,800,0.0300,2,2,10,5,3,True,11.2815,143,143,32175,15522.80,9679.80,-0.0740
pop225_gen800_mut0.03_elite2_tour2,225,800,0.0300,2,2,10,5,4,True,0.2265,3,3,675,15526.40,10037.80,-0.0200
pop225_gen800_mut0.03_elite2_tour2,225,800,0.0300,2,2,10,5,5,True,3.6431,46,46,10350,15527.80,5019.20,-0.1090
pop225_gen800_mut0.03_elite2_tour3,225,800,0.0300,2,3,10,5,1,True,2.5537,33,33,7425,15533.60,14434.40,-0.0770
pop225_gen800_mut0.03_elite2_tour3,225,800,0.0300,2,3,10,5,2,True,0.1560,2,2,450,15530.60,5340.40,-0.0100
pop225_gen800_mut0.03_elite2_tour3,225,800,0.0300,2,3,10,5,3,True,0.9351,12,12,2700,15544.40,9442.40,-0.0730
pop225_gen800_mut0.03_elite2_tour3,225,800,0.0300,2,3,10,5,4,True,0.1582,2,2,450,15532.60,4707.40,-0.0090
pop225_gen800_mut0.03_elite2_tour3,225,800,0.0300,2,3,10,5,5,True,0.5234,24,24,5400,15533.00,9564.40,-0.0640
pop225_gen800_mut0.03_elite2_tour4,225,800,0.0300,2,4,10,5,1,True,0.5388,7,7,1575,15518.60,4791.40,-0.0760
pop225_gen800_mut0.03_elite2_tour4,225,800,0.0300,2,4,10,5,2,True,1.6059,21,21,4725,15593.80,14780.00,-0.1160
pop225_gen800_mut0.03_elite2_tour4,225,800,0.0300,2,4,10,5,3,True,0.7080,9,9,2025,15521.00,4873.20,-0.0950
pop225_gen800_mut0.03_elite2_tour4,225,800,0.0300,2,4,10,5,4,True,0.3132,4,4,900,15507.20,9231.80,-0.0370
pop225_gen800_mut0.03_elite2_tour4,225,800,0.0300,2,4,10,5,5,True,2.3585,30,30,6750,15567.40,10189.40,-0.1060
pop250_gen800_mut0.03_elite2_tour2,250,800,0.0300,2,2,10,5,1,True,0.2038,2,2,500,15518.40,4725.20,-0.0100
pop250_gen800_mut0.03_elite2_tour2,250,800,0.0300,2,2,10,5,2,True,0.2781,3,3,750,15530.60,9368.00,-0.0210
pop250_gen800_mut0.03_elite2_tour2,250,800,0.0300,2,2,10,5,3,True,6.9244,73,73,18250,15552.40,14439.00,-0.1140
pop250_gen800_mut0.03_elite2_tour2,250,800,0.0300,2,2,10,5,4,True,0.1089,1,1,250,15490.40,0.00,0.0000
pop250_gen800_mut0.03_elite2_tour2,250,800,0.0300,2,2,10,5,5,True,0.3566,4,4,1000,15530.20,5232.00,-0.0300
pop250_gen800_mut0.03_elite2_tour3,250,800,0.0300,2,3,10,5,1,True,2.3829,26,26,6500,15549.80,4882.60,-0.0850
pop250_gen800_mut0.03_elite2_tour3,250,800,0.0300,2,3,10,5,2,True,2.1516,23,23,5750,15539.00,18916.20,-0.0830
pop250_gen800_mut0.03_elite2_tour3,250,800,0.0300,2,3,10,5,3,True,0.1871,2,2,500,15544.20,4669.20,-0.0090
pop250_gen800_mut0.03_elite2_tour3,250,800,0.0300,2,3,10,5,4,True,0.7184,8,8,2000,15510.60,9677.00,-0.0740
pop250_gen800_mut0.03_elite2_tour3,250,800,0.0300,2,3,10,5,5,True,0.8169,9,9,2250,15527.80,9512.40,-0.1030
pop250_gen800_mut0.03_elite2_tour4,250,800,0.0300,2,4,10,5,1,True,0.3576,4,4,1000,15530.20,9479.80,-0.0340
pop250_gen800_mut0.03_elite2_tour4,250,800,0.0300,2,4,10,5,2,True,0.1875,2,2,500,15511.00,4591.40,-0.0110
pop250_gen800_mut0.03_elite2_tour4,250,800,0.0300,2,4,10,5,3,True,0.1787,2,2,500,15508.40,4843.40,-0.0090
pop250_gen800_mut0.03_elite2_tour4,250,800,0.0300,2,4,10,5,4,True,1.9751,21,21,5250,15541.20,9638.00,-0.1060
pop250_gen800_mut0.03_elite2_tour4,250,800,0.0300,2,4,10,5,5,True,0.3727,4,4,1000,15517.60,4709.40,-0.0390
pop150_gen800_mut0.035_elite2_tour2,150,800,0.0350,2,2,10,5,1,True,1.0035,24,24,3600,15506.60,13937.00,-0.1340
pop150_gen800_mut0.035_elite2_tour2,150,800,0.0350,2,2,10,5,2,False,27.9221,685,,102900,15290.80,14022.20,-0.0310
pop150_gen800_mut0.035_elite2_tour2,150,800,0.0350,2,2,10,5,3,False,26.6371,658,,98850,15508.00,9476.00,-0.0100
pop150_gen800_mut0.035_elite2_tour2,150,800,0.0350,2,2,10,5,4,True,0.0534,1,1,150,15505.40,0.00,0.0000
pop150_gen800_mut0.035_elite2_tour2,150,800,0.0350,2,2,10,5,5,True,0.7181,17,17,2550,15554.60,18887.60,-0.1330
pop150_gen800_mut0.035_elite2_tour3,150,800,0.0350,2,3,10,5,1,True,0.1651,4,4,600,15520.60,4834.60,-0.0380
pop150_gen800_mut0.035_elite2_tour3,150,800,0.0350,2,3,10,5,2,True,0.7890,19,19,2850,15568.20,9878.20,-0.1190
pop150_gen800_mut0.035_elite2_tour3,150,800,0.0350,2,3,10,5,3,True,0.0871,2,2,300,15518.40,4683.40,-0.0130
pop150_gen800_mut0.035_elite2_tour3,150,800,0.0350,2,3,10,5,4,True,0.1192,3,3,450,15511.00,9588.60,-0.0270
pop150_gen800_mut0.035_elite2_tour3,150,800,0.0350,2,3,10,5,5,True,0.0914,2,2,300,15511.80,4609.20,-0.0130
pop150_gen800_mut0.035_elite2_tour4,150,800,0.0350,2,4,10,5,1,True,0.0871,2,2,300,15528.40,4898.40,-0.0100
pop150_gen800_mut0.035_elite2_tour4,150,800,0.0350,2,4,10,5,2,True,2.4709,57,57,8550,15553.40,14655.20,-0.0730
pop150_gen800_mut0.035_elite2_tour4,150,800,0.0350,2,4,10,5,3,True,0.5021,12,12,1800,15510.00,14110.40,-0.1050
pop150_gen800_mut0.035_elite2_tour4,150,800,0.0350,2,4,10,5,4,True,0.1718,4,4,600,15517.60,4791.80,-0.0420
pop150_gen800_mut0.035_elite2_tour4,150,800,0.0350,2,4,10,5,5,True,0.5948,14,14,2100,15541.20,9448.60,-0.0860
pop175_gen800_mut0.035_elite2_tour2,175,800,0.0350,2,2,10,5,1,True,3.1892,61,61,10675,15496.60,4851.40,-0.1230
pop175_gen800_mut0.035_elite2_tour2,175,800,0.0350,2,2,10,5,2,True,0.7330,14,14,2450,15504.00,4717.80,-0.1050
pop175_gen800_mut0.035_elite2_tour2,175,800,0.0350,2,2,10,5,3,True,0.4611,9,9,1575,15527.80,9676.80,-0.1000
pop175_gen800_mut0.035_elite2_tour2,175,800,0.0350,2,2,10,5,4,True,0.4189,8,8,1400,15528.20,9578.80,-0.0780
pop175_gen800_mut0.035_elite2_tour2,175,800,0.0350,2,2,10,5,5,True,1.3607,26,26,4550,15540.60,9719.60,-0.0890
pop175_gen800_mut0.035_elite2_tour3,175,800,0.0350,2,3,10,5,1,False,23.0515,476,,83475,11171.00,497.80,-0.0180
pop175_gen800_mut0.035_elite2_tour3,175,800,0.0350,2,3,10,5,2,False,31.9711,621,,108850,15485.00,4916.80,-0.0200
pop175_gen800_mut0.035_elite2_tour3,175,800,0.0350,2,3,10,5,3,False,25.6786,503,,88200,15477.20,9761.60,-0.0140
pop175_gen800_mut0.035_elite2_tour3,175,800,0.0350,2,3,10,5,4,True,0.3006,6,6,1050,15531.80,4757.60,-0.0600
pop175_gen800_mut0.035_elite2_tour3,175,800,0.0350,2,3,10,5,5,True,0.7959,15,15,2625,15562.80,14652.60,-0.1020
pop175_gen800_mut0.035_elite2_tour4,175,800,0.0350,2,4,10,5,1,False,41.0838,800,,140000,15268.60,9231.60,-0.0610
pop175_gen800_mut0.035_elite2_tour4,175,800,0.0350,2,4,10,5,2,True,0.0678,1,1,175,15534.80,0.00,0.0000
pop175_gen800_mut0.035_elite2_tour4,175,800,0.0350,2,4,10,5,3,True,1.2023,24,24,4200,15524.80,9854.40,-0.0950
pop175_gen800_mut0.035_elite2_tour4,175,800,0.0350,2,4,10,5,4,False,26.5265,513,,89950,15445.40,9594.80,-0.0170
pop175_gen800_mut0.035_elite2_tour4,175,800,0.0350,2,4,10,5,5,True,0.4450,9,9,1575,15507.20,14147.00,-0.0720
pop200_gen800_mut0.035_elite2_tour2,200,800,0.0350,2,2,10,5,1,True,3.7592,57,57,11400,15597.80,14909.40,-0.1070
pop200_gen800_mut0.035_elite2_tour2,200,800,0.0350,2,2,10,5,2,True,0.9522,36,36,7200,15545.20,5025.80,-0.0920
pop200_gen800_mut0.035_elite2_tour2,200,800,0.0350,2,2,10,5,3,True,1.4671,23,23,4600,15528.60,14460.40,-0.1100
pop200_gen800_mut0.035_elite2_tour2,200,800,0.0350,2,2,10,5,4,True,0.1330,2,2,400,15531.40,4623.40,-0.0150
pop200_gen800_mut0.035_elite2_tour2,200,800,0.0350,2,2,10,5,5,True,7.8020,119,119,23800,15595.00,10115.60,-0.1210
pop200_gen800_mut0.035_elite2_tour3,200,800,0.0350,2,3,10,5,1,True,0.2593,4,4,800,15517.60,4771.80,-0.0370
pop200_gen800_mut0.035_elite2_tour3,200,800,0.0350,2,3,10,5,2,True,0.0810,1,1,200,15511.00,0.00,0.0000
pop200_gen800_mut0.035_elite2_tour3,200,800,0.0350,2,3,10,5,3,True,0.2774,4,4,800,15515.20,4631.00,-0.0400
pop200_gen800_mut0.035_elite2_tour3,200,800,0.0350,2,3,10,5,4,True,0.0784,1,1,200,15511.00,0.00,0.0000
pop200_gen800_mut0.035_elite2_tour3,200,800,0.0350,2,3,10,5,5,True,1.8863,29,29,5800,15532.40,14360.80,-0.1050
pop200_gen800_mut0.035_elite2_tour4,200,800,0.0350,2,4,10,5,1,True,0.0798,1,1,200,15520.60,0.00,0.0000
pop200_gen800_mut0.035_elite2_tour4,200,800,0.0350,2,4,10,5,2,True,5.9762,93,93,18600,15585.40,15227.00,-0.0370
pop200_gen800_mut0.035_elite2_tour4,200,800,0.0350,2,4,10,5,3,True,7.2886,113,113,22600,15554.40,14427.60,-0.0380
pop200_gen800_mut0.035_elite2_tour4,200,800,0.0350,2,4,10,5,4,True,1.1626,18,18,3600,15511.60,9580.80,-0.0910
pop200_gen800_mut0.035_elite2_tour4,200,800,0.0350,2,4,10,5,5,True,0.6456,10,10,2000,15527.00,9525.40,-0.0960
pop225_gen800_mut0.035_elite2_tour2,225,800,0.0350,2,2,10,5,1,True,0.1037,1,1,225,15523.40,0.00,0.0000
pop225_gen800_mut0.035_elite2_tour2,225,800,0.0350,2,2,10,5,2,True,3.5385,62,62,13950,15548.20,9881.20,-0.1210
pop225_gen800_mut0.035_elite2_tour2,225,800,0.0350,2,2,10,5,3,True,4.1766,54,54,12150,15587.00,10177.20,-0.1250
pop225_gen800_mut0.035_elite2_tour2,225,800,0.0350,2,2,10,5,4,True,0.0949,1,1,225,15518.80,0.00,0.0000
pop225_gen800_mut0.035_elite2_tour2,225,800,0.0350,2,2,10,5,5,True,0.4585,6,6,1350,15504.20,4738.40,-0.0390
pop225_gen800_mut0.035_elite2_tour3,225,800,0.0350,2,3,10,5,1,True,0.3046,4,4,900,15543.60,4939.00,-0.0360
pop225_gen800_mut0.035_elite2_tour3,225,800,0.0350,2,3,10,5,2,True,0.7907,10,10,2250,15570.20,9806.20,-0.1020
pop225_gen800_mut0.035_elite2_tour3,225,800,0.0350,2,3,10,5,3,True,0.0948,1,1,225,15515.80,0.00,0.0000
pop225_gen800_mut0.035_elite2_tour3,225,800,0.0350,2,3,10,5,4,True,7.2939,94,94,21150,15578.20,10010.60,-0.0420
pop225_gen800_mut0.035_elite2_tour3,225,800,0.0350,2,3,10,5,5,False,46.8053,640,,144225,15444.00,9964.60,-0.0220
pop225_gen800_mut0.035_elite2_tour4,225,800,0.0350,2,4,10,5,1,True,0.0948,1,1,225,15522.20,0.00,0.0000
pop225_gen800_mut0.035_elite2_tour4,225,800,0.0350,2,4,10,5,2,True,0.7932,10,10,2250,15567.00,14748.60,-0.0990
pop225_gen800_mut0.035_elite2_tour4,225,800,0.0350,2,4,10,5,3,True,0.0971,1,1,225,15525.40,0.00,0.0000
pop225_gen800_mut0.035_elite2_tour4,225,800,0.0350,2,4,10,5,4,True,0.2284,3,3,675,15531.40,9854.80,-0.0310
pop225_gen800_mut0.035_elite2_tour4,225,800,0.0350,2,4,10,5,5,True,0.8611,28,28,6300,15521.80,9453.40,-0.0610
pop250_gen800_mut0.035_elite2_tour2,250,800,0.0350,2,2,10,5,1,True,7.6297,80,80,20000,15572.40,10167.20,-0.1020
pop250_gen800_mut0.035_elite2_tour2,250,800,0.0350,2,2,10,5,2,True,2.5093,27,27,6750,15492.00,9329.40,-0.1180
pop250_gen800_mut0.035_elite2_tour2,250,800,0.0350,2,2,10,5,3,True,7.7379,81,81,20250,15567.80,5081.20,-0.1060
pop250_gen800_mut0.035_elite2_tour2,250,800,0.0350,2,2,10,5,4,False,74.5788,800,,200000,15283.20,14363.40,-0.0970
pop250_gen800_mut0.035_elite2_tour2,250,800,0.0350,2,2,10,5,5,True,2.5809,41,41,10250,15579.40,10062.00,-0.1110
pop250_gen800_mut0.035_elite2_tour3,250,800,0.0350,2,3,10,5,1,True,2.1954,24,24,6000,15584.20,24388.20,-0.1350
pop250_gen800_mut0.035_elite2_tour3,250,800,0.0350,2,3,10,5,2,False,49.2507,534,,133750,15464.20,4997.80,-0.0270
pop250_gen800_mut0.035_elite2_tour3,250,800,0.0350,2,3,10,5,3,True,1.1215,12,12,3000,15532.80,4724.60,-0.1130
pop250_gen800_mut0.035_elite2_tour3,250,800,0.0350,2,3,10,5,4,True,0.1110,1,1,250,15508.40,0.00,0.0000
pop250_gen800_mut0.035_elite2_tour3,250,800,0.0350,2,3,10,5,5,False,48.0984,558,,139750,15484.00,19300.80,-0.0120
pop250_gen800_mut0.035_elite2_tour4,250,800,0.0350,2,4,10,5,1,True,0.3733,4,4,1000,15508.80,4693.40,-0.0360
pop250_gen800_mut0.035_elite2_tour4,250,800,0.0350,2,4,10,5,2,True,0.9468,10,10,2500,15519.40,4845.60,-0.0910
pop250_gen800_mut0.035_elite2_tour4,250,800,0.0350,2,4,10,5,3,True,0.5549,6,6,1500,15569.40,9940.60,-0.0820
pop250_gen800_mut0.035_elite2_tour4,250,800,0.0350,2,4,10,5,4,True,0.3709,4,4,1000,15518.00,4837.60,-0.0330
pop250_gen800_mut0.035_elite2_tour4,250,800,0.0350,2,4,10,5,5,True,1.6814,18,18,4500,15563.80,14796.00,-0.1180
pop150_gen800_mut0.04_elite2_tour2,150,800,0.0400,2,2,10,5,1,True,0.6731,17,17,2550,15521.40,9855.00,-0.1100
pop150_gen800_mut0.04_elite2_tour2,150,800,0.0400,2,2,10,5,2,True,2.2169,52,52,7800,15525.80,4941.40,-0.1460
pop150_gen800_mut0.04_elite2_tour2,150,800,0.0400,2,2,10,5,3,True,6.9824,161,161,24150,15548.20,9836.80,-0.0890
pop150_gen800_mut0.04_elite2_tour2,150,800,0.0400,2,2,10,5,4,True,0.3240,8,8,1200,15505.20,14088.00,-0.0750
pop150_gen800_mut0.04_elite2_tour2,150,800,0.0400,2,2,10,5,5,True,7.0386,193,193,28950,15525.20,18949.60,-0.0770
pop150_gen800_mut0.04_elite2_tour3,150,800,0.0400,2,3,10,5,1,False,21.6358,508,,76350,15498.80,9683.60,-0.0120
pop150_gen800_mut0.04_elite2_tour3,150,800,0.0400,2,3,10,5,2,True,1.4828,36,36,5400,15569.40,14434.40,-0.0800
pop150_gen800_mut0.04_elite2_tour3,150,800,0.0400,2,3,10,5,3,True,0.9389,22,22,3300,15557.00,9666.00,-0.0840
pop150_gen800_mut0.04_elite2_tour3,150,800,0.0400,2,3,10,5,4,False,21.5149,540,,81150,15269.60,14338.00,-0.0460
pop150_gen800_mut0.04_elite2_tour3,150,800,0.0400,2,3,10,5,5,True,0.0874,2,2,300,15528.80,4683.40,-0.0110
pop150_gen800_mut0.04_elite2_tour4,150,800,0.0400,2,4,10,5,1,True,0.7752,18,18,2700,15567.40,9724.60,-0.0830
pop150_gen800_mut0.04_elite2_tour4,150,800,0.0400,2,4,10,5,2,True,0.0532,1,1,150,15520.20,0.00,0.0000
pop150_gen800_mut0.04_elite2_tour4,150,800,0.0400,2,4,10,5,3,True,0.1276,3,3,450,15518.80,4750.40,-0.0230
pop150_gen800_mut0.04_elite2_tour4,150,800,0.0400,2,4,10,5,4,True,0.6517,16,16,2400,15536.00,14464.40,-0.0810
pop150_gen800_mut0.04_elite2_tour4,150,800,0.0400,2,4,10,5,5,True,1.0278,24,24,3600,15501.20,13998.20,-0.1000
pop175_gen800_mut0.04_elite2_tour2,175,800,0.0400,2,2,10,5,1,True,0.1072,2,2,350,15498.40,4692.00,-0.0120
pop175_gen800_mut0.04_elite2_tour2,175,800,0.0400,2,2,10,5,2,False,41.0598,800,,140000,15322.00,14581.20,-0.1010
pop175_gen800_mut0.04_elite2_tour2,175,800,0.0400,2,2,10,5,3,True,0.7988,15,15,2625,15519.80,4837.00,-0.0980
pop175_gen800_mut0.04_elite2_tour2,175,800,0.0400,2,2,10,5,4,True,12.6543,258,258,45150,15548.20,19253.60,-0.0720
pop175_gen800_mut0.04_elite2_tour2,175,800,0.0400,2,2,10,5,5,True,1.1433,22,22,3850,15538.20,9892.00,-0.1310
pop175_gen800_mut0.04_elite2_tour3,175,800,0.0400,2,3,10,5,1,True,0.1553,3,3,525,15508.60,4883.00,-0.0330
pop175_gen800_mut0.04_elite2_tour3,175,800,0.0400,2,3,10,5,2,True,0.1076,2,2,350,15503.40,4658.40,-0.0140
pop175_gen800_mut0.04_elite2_tour3,175,800,0.0400,2,3,10,5,3,True,2.2834,43,43,7525,15540.80,14652.20,-0.1230
pop175_gen800_mut0.04_elite2_tour3,175,800,0.0400,2,3,10,5,4,True,0.0662,1,1,175,15525.00,0.00,0.0000
pop175_gen800_mut0.04_elite2_tour3,175,800,0.0400,2,3,10,5,5,True,1.2214,23,23,4025,15582.40,14620.60,-0.1370
pop175_gen800_mut0.04_elite2_tour4,175,800,0.0400,2,4,10,5,1,True,0.4081,8,8,1400,15505.60,9529.00,-0.0820
pop175_gen800_mut0.04_elite2_tour4,175,800,0.0400,2,4,10,5,2,True,0.2089,4,4,700,15521.00,9261.80,-0.0490
pop175_gen800_mut0.04_elite2_tour4,175,800,0.0400,2,4,10,5,3,True,0.5498,11,11,1925,15525.40,5026.40,-0.1110
pop175_gen800_mut0.04_elite2_tour4,175,800,0.0400,2,4,10,5,4,False,24.6971,487,,85400,15498.40,14098.20,-0.0160
pop175_gen800_mut0.04_elite2_tour4,175,800,0.0400,2,4,10,5,5,True,0.0681,1,1,175,15519.20,0.00,0.0000
pop200_gen800_mut0.04_elite2_tour2,200,800,0.0400,2,2,10,5,1,True,0.8738,14,14,2800,15519.80,9496.40,-0.1000
pop200_gen800_mut0.04_elite2_tour2,200,800,0.0400,2,2,10,5,2,True,0.7868,13,13,2600,15540.20,5035.80,-0.0920
pop200_gen800_mut0.04_elite2_tour2,200,800,0.0400,2,2,10,5,3,True,0.0803,1,1,200,15514.60,0.00,0.0000
pop200_gen800_mut0.04_elite2_tour2,200,800,0.0400,2,2,10,5,4,True,0.4414,7,7,1400,15530.20,18998.80,-0.0770
pop200_gen800_mut0.04_elite2_tour2,200,800,0.0400,2,2,10,5,5,True,1.2617,20,20,4000,15555.40,10166.40,-0.1700
pop200_gen800_mut0.04_elite2_tour3,200,800,0.0400,2,3,10,5,1,True,3.5102,53,53,10600,15546.20,19295.00,-0.1450
pop200_gen800_mut0.04_elite2_tour3,200,800,0.0400,2,3,10,5,2,True,1.0056,15,15,3000,15547.40,4958.80,-0.1230
pop200_gen800_mut0.04_elite2_tour3,200,800,0.0400,2,3,10,5,3,True,1.6302,25,25,5000,15524.60,9649.00,-0.0960
pop200_gen800_mut0.04_elite2_tour3,200,800,0.0400,2,3,10,5,4,True,0.0794,1,1,200,15498.40,0.00,0.0000
pop200_gen800_mut0.04_elite2_tour3,200,800,0.0400,2,3,10,5,5,True,0.0803,1,1,200,15523.80,0.00,0.0000
pop200_gen800_mut0.04_elite2_tour4,200,800,0.0400,2,4,10,5,1,True,0.0802,1,1,200,15520.60,0.00,0.0000
pop200_gen800_mut0.04_elite2_tour4,200,800,0.0400,2,4,10,5,2,True,2.8447,44,44,8800,15596.20,14647.60,-0.1030
pop200_gen800_mut0.04_elite2_tour4,200,800,0.0400,2,4,10,5,3,True,1.7164,26,26,5200,15566.60,9839.40,-0.1160
pop200_gen800_mut0.04_elite2_tour4,200,800,0.0400,2,4,10,5,4,True,0.8501,13,13,2600,15502.20,4886.40,-0.0640
pop200_gen800_mut0.04_elite2_tour4,200,800,0.0400,2,4,10,5,5,True,3.0460,48,48,9600,15546.00,5048.40,-0.0450
pop225_gen800_mut0.04_elite2_tour2,225,800,0.0400,2,2,10,5,1,True,1.2331,16,16,3600,15502.60,4872.20,-0.0860
pop225_gen800_mut0.04_elite2_tour2,225,800,0.0400,2,2,10,5,2,True,4.5271,73,73,16425,15583.60,10031.80,-0.1310
pop225_gen800_mut0.04_elite2_tour2,225,800,0.0400,2,2,10,5,3,True,0.2407,3,3,675,15522.20,4764.00,-0.0280
pop225_gen800_mut0.04_elite2_tour2,225,800,0.0400,2,2,10,5,4,True,0.6160,8,8,1800,15521.40,4873.60,-0.0810
pop225_gen800_mut0.04_elite2_tour2,225,800,0.0400,2,2,10,5,5,True,2.5315,33,33,7425,15509.80,9635.60,-0.1350
pop225_gen800_mut0.04_elite2_tour3,225,800,0.0400,2,3,10,5,1,True,0.1596,2,2,450,15520.60,4658.40,-0.0150
pop225_gen800_mut0.04_elite2_tour3,225,800,0.0400,2,3,10,5,2,True,1.3323,17,17,3825,15536.40,9684.20,-0.0810
pop225_gen800_mut0.04_elite2_tour3,225,800,0.0400,2,3,10,5,3,True,0.2972,4,4,900,15503.80,9702.20,-0.0400
pop225_gen800_mut0.04_elite2_tour3,225,800,0.0400,2,3,10,5,4,True,0.2361,3,3,675,15525.00,9379.80,-0.0210
pop225_gen800_mut0.04_elite2_tour3,225,800,0.0400,2,3,10,5,5,True,0.5589,7,7,1575,15530.60,14150.80,-0.0790
pop225_gen800_mut0.04_elite2_tour4,225,800,0.0400,2,4,10,5,1,True,0.2972,4,4,900,15500.20,9492.00,-0.0520
pop225_gen800_mut0.04_elite2_tour4,225,800,0.0400,2,4,10,5,2,True,1.7657,23,23,5175,15536.60,14454.40,-0.1060
pop225_gen800_mut0.04_elite2_tour4,225,800,0.0400,2,4,10,5,3,True,0.0951,1,1,225,15524.20,0.00,0.0000
pop225_gen800_mut0.04_elite2_tour4,225,800,0.0400,2,4,10,5,4,True,0.0961,1,1,225,15521.00,0.00,0.0000
pop225_gen800_mut0.04_elite2_tour4,225,800,0.0400,2,4,10,5,5,False,37.5683,522,,117675,15421.20,14571.20,-0.0160
pop250_gen800_mut0.04_elite2_tour2,250,800,0.0400,2,2,10,5,1,True,0.1187,1,1,250,15500.00,0.00,0.0000
pop250_gen800_mut0.04_elite2_tour2,250,800,0.0400,2,2,10,5,2,True,0.3806,4,4,1000,15513.20,4666.20,-0.0450
pop250_gen800_mut0.04_elite2_tour2,250,800,0.0400,2,2,10,5,3,True,2.4687,26,26,6500,15533.40,14475.60,-0.1400
pop250_gen800_mut0.04_elite2_tour2,250,800,0.0400,2,2,10,5,4,True,2.9249,31,31,7750,15535.20,14165.40,-0.1170
pop250_gen800_mut0.04_elite2_tour2,250,800,0.0400,2,2,10,5,5,True,0.5471,6,6,1500,15498.80,4762.20,-0.0500
pop250_gen800_mut0.04_elite2_tour3,250,800,0.0400,2,3,10,5,1,True,0.1893,2,2,500,15521.40,4647.40,-0.0140
pop250_gen800_mut0.04_elite2_tour3,250,800,0.0400,2,3,10,5,2,True,3.4847,37,37,9250,15566.20,10217.00,-0.1360
pop250_gen800_mut0.04_elite2_tour3,250,800,0.0400,2,3,10,5,3,True,0.5461,6,6,1500,15530.60,9439.80,-0.0520
pop250_gen800_mut0.04_elite2_tour3,250,800,0.0400,2,3,10,5,4,True,1.3459,15,15,3750,15519.00,9752.80,-0.1270
pop250_gen800_mut0.04_elite2_tour3,250,800,0.0400,2,3,10,5,5,True,0.5353,20,20,5000,15567.80,9922.60,-0.1230
pop250_gen800_mut0.04_elite2_tour4,250,800,0.0400,2,4,10,5,1,True,1.4220,15,15,3750,15558.60,9700.60,-0.0850
pop250_gen800_mut0.04_elite2_tour4,250,800,0.0400,2,4,10,5,2,True,0.1840,2,2,500,15465.40,4623.40,-0.0090
pop250_gen800_mut0.04_elite2_tour4,250,800,0.0400,2,4,10,5,3,True,1.7901,20,20,5000,15517.40,5227.20,-0.0910
pop250_gen800_mut0.04_elite2_tour4,250,800,0.0400,2,4,10,5,4,True,0.4609,5,5,1250,15512.20,9333.80,-0.0620
pop250_gen800_mut0.04_elite2_tour4,250,800,0.0400,2,4,10,5,5,False,45.2933,498,,124750,15465.60,14546.00,-0.0240
pop150_gen1000_mut0.02_elite2_tour2,150,1000,0.0200,2,2,10,5,1,True,0.0538,1,1,150,15524.20,0.00,0.0000
pop150_gen1000_mut0.02_elite2_tour2,150,1000,0.0200,2,2,10,5,2,False,27.3569,673,,101100,15512.80,14182.00,-0.0040
pop150_gen1000_mut0.02_elite2_tour2,150,1000,0.0200,2,2,10,5,3,False,35.1932,906,,136050,10967.00,10101.20,-0.0250
pop150_gen1000_mut0.02_elite2_tour2,150,1000,0.0200,2,2,10,5,4,True,0.7775,20,20,3000,15523.80,14359.00,-0.1030
pop150_gen1000_mut0.02_elite2_tour2,150,1000,0.0200,2,2,10,5,5,False,38.9453,1000,,150000,10874.60,10340.60,-0.0160
pop150_gen1000_mut0.02_elite2_tour3,150,1000,0.0200,2,3,10,5,1,True,0.0546,1,1,150,15513.80,0.00,0.0000
pop150_gen1000_mut0.02_elite2_tour3,150,1000,0.0200,2,3,10,5,2,True,0.4548,11,11,1650,15542.00,4774.80,-0.0740
pop150_gen1000_mut0.02_elite2_tour3,150,1000,0.0200,2,3,10,5,3,True,0.0536,1,1,150,15521.60,0.00,0.0000
pop150_gen1000_mut0.02_elite2_tour3,150,1000,0.0200,2,3,10,5,4,True,0.0856,2,2,300,15533.40,4724.40,-0.0060
pop150_gen1000_mut0.02_elite2_tour3,150,1000,0.0200,2,3,10,5,5,True,0.8278,20,20,3000,15529.40,9839.20,-0.0720
pop150_gen1000_mut0.02_elite2_tour4,150,1000,0.0200,2,4,10,5,1,True,0.2878,7,7,1050,15529.00,9504.40,-0.0500
pop150_gen1000_mut0.02_elite2_tour4,150,1000,0.0200,2,4,10,5,2,True,0.3327,8,8,1200,15519.00,13978.80,-0.0450
pop150_gen1000_mut0.02_elite2_tour4,150,1000,0.0200,2,4,10,5,3,True,0.2492,6,6,900,15501.80,4736.40,-0.0390
pop150_gen1000_mut0.02_elite2_tour4,150,1000,0.0200,2,4,10,5,4,True,0.0528,1,1,150,15519.80,0.00,0.0000
pop150_gen1000_mut0.02_elite2_tour4,150,1000,0.0200,2,4,10,5,5,True,-0.4104,24,24,3600,15547.40,9818.00,-0.0730
pop175_gen1000_mut0.02_elite2_tour2,175,1000,0.0200,2,2,10,5,1,True,2.1091,42,42,7350,15562.80,14819.00,-0.0830
pop175_gen1000_mut0.02_elite2_tour2,175,1000,0.0200,2,2,10,5,2,True,0.0664,1,1,175,15506.60,0.00,0.0000
pop175_gen1000_mut0.02_elite2_tour2,175,1000,0.0200,2,2,10,5,3,True,0.2986,6,6,1050,15533.60,14702.40,-0.0480
pop175_gen1000_mut0.02_elite2_tour2,175,1000,0.0200,2,2,10,5,4,True,1.6244,30,30,5250,15569.00,5087.80,-0.0830
pop175_gen1000_mut0.02_elite2_tour2,175,1000,0.0200,2,2,10,5,5,True,2.1164,41,41,7175,15515.40,5029.80,-0.0840
pop175_gen1000_mut0.02_elite2_tour3,175,1000,0.0200,2,3,10,5,1,True,0.4660,9,9,1575,15524.80,4916.80,-0.0490
pop175_gen1000_mut0.02_elite2_tour3,175,1000,0.0200,2,3,10,5,2,False,33.7571,653,,114450,15478.60,9569.80,-0.0060
pop175_gen1000_mut0.02_elite2_tour3,175,1000,0.0200,2,3,10,5,3,True,0.0653,1,1,175,15495.80,0.00,0.0000
pop175_gen1000_mut0.02_elite2_tour3,175,1000,0.0200,2,3,10,5,4,True,0.3711,7,7,1225,15515.60,4702.40,-0.0710
pop175_gen1000_mut0.02_elite2_tour3,175,1000,0.0200,2,3,10,5,5,True,2.5241,50,50,8750,15514.80,5094.00,-0.0540
pop175_gen1000_mut0.02_elite2_tour4,175,1000,0.0200,2,4,10,5,1,True,0.0669,1,1,175,15523.00,0.00,0.0000
pop175_gen1000_mut0.02_elite2_tour4,175,1000,0.0200,2,4,10,5,2,False,32.0398,618,,108325,15498.40,9547.00,-0.0060
pop175_gen1000_mut0.02_elite2_tour4,175,1000,0.0200,2,4,10,5,3,True,3.9058,77,77,13475,15520.20,5050.20,-0.0270
pop175_gen1000_mut0.02_elite2_tour4,175,1000,0.0200,2,4,10,5,4,True,0.5109,10,10,1750,15498.00,9432.20,-0.0330
pop175_gen1000_mut0.02_elite2_tour4,175,1000,0.0200,2,4,10,5,5,True,1.3837,27,27,4725,15565.80,19223.00,-0.0690
pop200_gen1000_mut0.02_elite2_tour2,200,1000,0.0200,2,2,10,5,1,True,2.0685,32,32,6400,15515.80,14158.20,-0.0950
pop200_gen1000_mut0.02_elite2_tour2,200,1000,0.0200,2,2,10,5,2,True,0.8698,14,14,2800,15537.00,14281.00,-0.0890
pop200_gen1000_mut0.02_elite2_tour2,200,1000,0.0200,2,2,10,5,3,True,0.4354,7,7,1400,15518.60,4715.00,-0.0450
pop200_gen1000_mut0.02_elite2_tour2,200,1000,0.0200,2,2,10,5,4,True,0.4913,8,8,1600,15487.20,9244.20,-0.0350
pop200_gen1000_mut0.02_elite2_tour2,200,1000,0.0200,2,2,10,5,5,True,0.3761,6,6,1200,15513.00,4932.60,-0.0280
pop200_gen1000_mut0.02_elite2_tour3,200,1000,0.0200,2,3,10,5,1,True,2.8472,45,45,9000,15572.00,9988.00,-0.0700
pop200_gen1000_mut0.02_elite2_tour3,200,1000,0.0200,2,3,10,5,2,True,0.3120,5,5,1000,15518.60,9584.80,-0.0420
pop200_gen1000_mut0.02_elite2_tour3,200,1000,0.0200,2,3,10,5,3,False,38.7449,660,,132200,11038.00,10240.80,-0.0110
pop200_gen1000_mut0.02_elite2_tour3,200,1000,0.0200,2,3,10,5,4,True,1.4142,22,22,4400,15564.40,9871.20,-0.0750
pop200_gen1000_mut0.02_elite2_tour3,200,1000,0.0200,2,3,10,5,5,True,0.1323,2,2,400,15520.20,4648.40,-0.0090
pop200_gen1000_mut0.02_elite2_tour4,200,1000,0.0200,2,4,10,5,1,True,0.0814,1,1,200,15524.20,0.00,0.0000
pop200_gen1000_mut0.02_elite2_tour4,200,1000,0.0200,2,4,10,5,2,True,0.1380,2,2,400,15517.60,4706.40,-0.0070
pop200_gen1000_mut0.02_elite2_tour4,200,1000,0.0200,2,4,10,5,3,True,0.4655,7,7,1400,15519.20,9242.80,-0.0250
pop200_gen1000_mut0.02_elite2_tour4,200,1000,0.0200,2,4,10,5,4,True,1.1739,18,18,3600,15536.00,14218.20,-0.0500
pop200_gen1000_mut0.02_elite2_tour4,200,1000,0.0200,2,4,10,5,5,True,0.9020,14,14,2800,15519.80,4946.40,-0.0440
pop225_gen1000_mut0.02_elite2_tour2,225,1000,0.0200,2,2,10,5,1,False,61.8326,808,,182025,15460.60,9367.40,-0.0200
pop225_gen1000_mut0.02_elite2_tour2,225,1000,0.0200,2,2,10,5,2,True,0.3871,5,5,1125,15502.60,4785.60,-0.0310
pop225_gen1000_mut0.02_elite2_tour2,225,1000,0.0200,2,2,10,5,3,True,0.9850,13,13,2925,15525.40,14464.40,-0.0880
pop225_gen1000_mut0.02_elite2_tour2,225,1000,0.0200,2,2,10,5,4,True,0.9963,13,13,2925,15491.40,9296.00,-0.0650
pop225_gen1000_mut0.02_elite2_tour2,225,1000,0.0200,2,2,10,5,5,True,1.2839,17,17,3825,15509.40,4853.00,-0.1070
pop225_gen1000_mut0.02_elite2_tour3,225,1000,0.0200,2,3,10,5,1,True,3.7376,47,47,10575,15527.00,18840.60,-0.0540
pop225_gen1000_mut0.02_elite2_tour3,225,1000,0.0200,2,3,10,5,2,True,1.1959,16,16,3600,15545.80,9936.40,-0.1090
pop225_gen1000_mut0.02_elite2_tour3,225,1000,0.0200,2,3,10,5,3,True,2.7691,35,35,7875,15597.40,10517.20,-0.0880
pop225_gen1000_mut0.02_elite2_tour3,225,1000,0.0200,2,3,10,5,4,False,45.7935,600,,135225,15449.20,4983.20,-0.0070
pop225_gen1000_mut0.02_elite2_tour3,225,1000,0.0200,2,3,10,5,5,True,2.3270,30,30,6750,15547.40,14590.00,-0.0760
pop225_gen1000_mut0.02_elite2_tour4,225,1000,0.0200,2,4,10,5,1,True,0.0986,1,1,225,15526.20,0.00,0.0000
pop225_gen1000_mut0.02_elite2_tour4,225,1000,0.0200,2,4,10,5,2,True,3.8651,50,50,11250,15506.80,4771.40,-0.0130
pop225_gen1000_mut0.02_elite2_tour4,225,1000,0.0200,2,4,10,5,3,True,3.5941,45,45,10125,15597.00,14454.60,-0.0560
pop225_gen1000_mut0.02_elite2_tour4,225,1000,0.0200,2,4,10,5,4,True,2.2625,29,29,6525,15537.80,19126.60,-0.0710
pop225_gen1000_mut0.02_elite2_tour4,225,1000,0.0200,2,4,10,5,5,True,0.2927,4,4,900,15500.60,4826.80,-0.0250
pop250_gen1000_mut0.02_elite2_tour2,250,1000,0.0200,2,2,10,5,1,True,0.1084,1,1,250,15478.00,0.00,0.0000
pop250_gen1000_mut0.02_elite2_tour2,250,1000,0.0200,2,2,10,5,2,True,0.1112,1,1,250,15515.00,0.00,0.0000
pop250_gen1000_mut0.02_elite2_tour2,250,1000,0.0200,2,2,10,5,3,True,0.1822,2,2,500,15523.00,5064.40,-0.0060
pop250_gen1000_mut0.02_elite2_tour2,250,1000,0.0200,2,2,10,5,4,False,68.3104,758,,189750,15504.00,4943.60,-0.0060
pop250_gen1000_mut0.02_elite2_tour2,250,1000,0.0200,2,2,10,5,5,False,64.1560,702,,175750,15381.40,19366.80,-0.0220
pop250_gen1000_mut0.02_elite2_tour3,250,1000,0.0200,2,3,10,5,1,True,1.7598,19,19,4750,15539.80,9494.80,-0.0750
pop250_gen1000_mut0.02_elite2_tour3,250,1000,0.0200,2,3,10,5,2,True,0.1150,1,1,250,15515.40,0.00,0.0000
pop250_gen1000_mut0.02_elite2_tour3,250,1000,0.0200,2,3,10,5,3,True,2.0667,23,23,5750,15539.40,5113.80,-0.0640
pop250_gen1000_mut0.02_elite2_tour3,250,1000,0.0200,2,3,10,5,4,True,0.8354,9,9,2250,15553.20,14231.20,-0.0470
pop250_gen1000_mut0.02_elite2_tour3,250,1000,0.0200,2,3,10,5,5,True,0.1106,1,1,250,15520.60,0.00,0.0000
pop250_gen1000_mut0.02_elite2_tour4,250,1000,0.0200,2,4,10,5,1,True,0.8239,9,9,2250,15520.60,4759.60,-0.0880
pop250_gen1000_mut0.02_elite2_tour4,250,1000,0.0200,2,4,10,5,2,True,-0.4502,10,10,2500,15530.60,9481.20,-0.0730
pop250_gen1000_mut0.02_elite2_tour4,250,1000,0.0200,2,4,10,5,3,True,0.3578,4,4,1000,15519.80,14442.80,-0.0340
pop250_gen1000_mut0.02_elite2_tour4,250,1000,0.0200,2,4,10,5,4,True,0.4434,5,5,1250,15511.40,5027.00,-0.0440
pop250_gen1000_mut0.02_elite2_tour4,250,1000,0.0200,2,4,10,5,5,True,0.8053,9,9,2250,15527.80,14241.40,-0.0610
pop150_gen1000_mut0.025_elite2_tour2,150,1000,0.0250,2,2,10,5,1,True,0.0531,1,1,150,15512.20,0.00,0.0000
pop150_gen1000_mut0.025_elite2_tour2,150,1000,0.0250,2,2,10,5,2,True,1.2986,31,31,4650,15569.00,9934.20,-0.1050
pop150_gen1000_mut0.025_elite2_tour2,150,1000,0.0250,2,2,10,5,3,True,0.0535,1,1,150,15500.40,0.00,0.0000
pop150_gen1000_mut0.025_elite2_tour2,150,1000,0.0250,2,2,10,5,4,True,0.6806,16,16,2400,15519.80,4987.00,-0.0950
pop150_gen1000_mut0.025_elite2_tour2,150,1000,0.0250,2,2,10,5,5,True,2.6270,62,62,9300,15533.60,18877.20,-0.0700
pop150_gen1000_mut0.025_elite2_tour3,150,1000,0.0250,2,3,10,5,1,False,27.0161,666,,100050,15480.00,9708.80,-0.0090
pop150_gen1000_mut0.025_elite2_tour3,150,1000,0.0250,2,3,10,5,2,True,0.3932,10,10,1500,15528.60,9732.60,-0.0850
pop150_gen1000_mut0.025_elite2_tour3,150,1000,0.0250,2,3,10,5,3,True,0.2042,5,5,750,15504.80,9205.80,-0.0360
pop150_gen1000_mut0.025_elite2_tour3,150,1000,0.0250,2,3,10,5,4,True,0.2484,6,6,900,15538.80,9432.60,-0.0280
pop150_gen1000_mut0.025_elite2_tour3,150,1000,0.0250,2,3,10,5,5,True,0.1611,4,4,600,15509.20,9411.80,-0.0260
pop150_gen1000_mut0.025_elite2_tour4,150,1000,0.0250,2,4,10,5,1,False,25.6718,596,,89550,15494.40,9570.80,-0.0050
pop150_gen1000_mut0.025_elite2_tour4,150,1000,0.0250,2,4,10,5,2,True,0.5419,13,13,1950,15530.60,14255.40,-0.0450
pop150_gen1000_mut0.025_elite2_tour4,150,1000,0.0250,2,4,10,5,3,True,0.2430,6,6,900,15524.20,9529.60,-0.0430
pop150_gen1000_mut0.025_elite2_tour4,150,1000,0.0250,2,4,10,5,4,True,0.5869,14,14,2100,15590.60,5016.60,-0.0470
pop150_gen1000_mut0.025_elite2_tour4,150,1000,0.0250,2,4,10,5,5,True,0.8858,22,22,3300,15547.00,19001.60,-0.1040
pop175_gen1000_mut0.025_elite2_tour2,175,1000,0.0250,2,2,10,5,1,False,35.6750,714,,125125,15484.80,14420.00,-0.0090
pop175_gen1000_mut0.025_elite2_tour2,175,1000,0.0250,2,2,10,5,2,True,1.6218,31,31,5425,15516.60,9430.80,-0.1190
pop175_gen1000_mut0.025_elite2_tour2,175,1000,0.0250,2,2,10,5,3,True,0.5133,10,10,1750,15499.80,4806.80,-0.0620
pop175_gen1000_mut0.025_elite2_tour2,175,1000,0.0250,2,2,10,5,4,True,1.6778,32,32,5600,15522.00,14084.20,-0.0950
pop175_gen1000_mut0.025_elite2_tour2,175,1000,0.0250,2,2,10,5,5,True,10.2093,185,185,32375,15538.40,9818.80,-0.0950
pop175_gen1000_mut0.025_elite2_tour3,175,1000,0.0250,2,3,10,5,1,False,37.6995,724,,126875,15502.20,14043.80,-0.0060
pop175_gen1000_mut0.025_elite2_tour3,175,1000,0.0250,2,3,10,5,2,True,0.1137,2,2,350,15514.80,4667.00,-0.0100
pop175_gen1000_mut0.025_elite2_tour3,175,1000,0.0250,2,3,10,5,3,True,0.0653,1,1,175,15514.60,0.00,0.0000
pop175_gen1000_mut0.025_elite2_tour3,175,1000,0.0250,2,3,10,5,4,True,2.0354,41,41,7175,15519.40,9611.40,-0.0730
pop175_gen1000_mut0.025_elite2_tour3,175,1000,0.0250,2,3,10,5,5,True,1.1053,22,22,3850,15537.80,14218.00,-0.0690
pop175_gen1000_mut0.025_elite2_tour4,175,1000,0.0250,2,4,10,5,1,True,0.0666,1,1,175,15505.80,0.00,0.0000
pop175_gen1000_mut0.025_elite2_tour4,175,1000,0.0250,2,4,10,5,2,True,0.4716,9,9,1575,15539.00,9500.00,-0.0690
pop175_gen1000_mut0.025_elite2_tour4,175,1000,0.0250,2,4,10,5,3,True,0.5221,10,10,1750,15499.80,4867.80,-0.0550
pop175_gen1000_mut0.025_elite2_tour4,175,1000,0.0250,2,4,10,5,4,True,0.1105,2,2,350,15495.00,4666.00,-0.0060
pop175_gen1000_mut0.025_elite2_tour4,175,1000,0.0250,2,4,10,5,5,True,1.0135,20,20,3500,15525.60,4970.60,-0.0600
pop200_gen1000_mut0.025_elite2_tour2,200,1000,0.0250,2,2,10,5,1,True,-0.7974,9,9,1800,15528.60,4884.60,-0.0710
pop200_gen1000_mut0.025_elite2_tour2,200,1000,0.0250,2,2,10,5,2,True,6.3102,95,95,19000,15585.00,10304.60,-0.1140
pop200_gen1000_mut0.025_elite2_tour2,200,1000,0.0250,2,2,10,5,3,True,0.0815,1,1,200,15525.40,0.00,0.0000
pop200_gen1000_mut0.025_elite2_tour2,200,1000,0.0250,2,2,10,5,4,True,6.2157,96,96,19200,15528.60,4945.80,-0.0730
pop200_gen1000_mut0.025_elite2_tour2,200,1000,0.0250,2,2,10,5,5,True,0.0798,1,1,200,15515.00,0.00,0.0000
pop200_gen1000_mut0.025_elite2_tour3,200,1000,0.0250,2,3,10,5,1,True,0.0820,1,1,200,15526.20,0.00,0.0000
pop200_gen1000_mut0.025_elite2_tour3,200,1000,0.0250,2,3,10,5,2,True,1.9212,30,30,6000,15542.00,19272.40,-0.1070
pop200_gen1000_mut0.025_elite2_tour3,200,1000,0.0250,2,3,10,5,3,True,0.1365,2,2,400,15546.80,4623.40,-0.0100
pop200_gen1000_mut0.025_elite2_tour3,200,1000,0.0250,2,3,10,5,4,True,1.6661,26,26,5200,15516.60,9649.00,-0.1250
pop200_gen1000_mut0.025_elite2_tour3,200,1000,0.0250,2,3,10,5,5,True,0.1358,2,2,400,15518.00,4623.40,-0.0070
pop200_gen1000_mut0.025_elite2_tour4,200,1000,0.0250,2,4,10,5,1,True,0.2546,4,4,800,15522.60,4772.20,-0.0280
pop200_gen1000_mut0.025_elite2_tour4,200,1000,0.0250,2,4,10,5,2,True,0.4472,7,7,1400,15527.80,14503.60,-0.0610
pop200_gen1000_mut0.025_elite2_tour4,200,1000,0.0250,2,4,10,5,3,True,2.0694,32,32,6400,15557.80,14681.40,-0.0730
pop200_gen1000_mut0.025_elite2_tour4,200,1000,0.0250,2,4,10,5,4,True,0.5229,8,8,1600,15510.20,9756.40,-0.0570
pop200_gen1000_mut0.025_elite2_tour4,200,1000,0.0250,2,4,10,5,5,True,0.1391,2,2,400,15520.20,4648.40,-0.0100
pop225_gen1000_mut0.025_elite2_tour2,225,1000,0.0250,2,2,10,5,1,True,0.1611,2,2,450,15523.00,4648.40,-0.0090
pop225_gen1000_mut0.025_elite2_tour2,225,1000,0.0250,2,2,10,5,2,True,1.5587,21,21,4725,15530.60,14452.00,-0.0860
pop225_gen1000_mut0.025_elite2_tour2,225,1000,0.0250,2,2,10,5,3,True,0.0963,1,1,225,15521.00,0.00,0.0000
pop225_gen1000_mut0.025_elite2_tour2,225,1000,0.0250,2,2,10,5,4,True,0.1553,2,2,450,15481.00,4622.40,-0.0100
pop225_gen1000_mut0.025_elite2_tour2,225,1000,0.0250,2,2,10,5,5,True,0.6238,8,8,1800,15513.60,9366.20,-0.0730
pop225_gen1000_mut0.025_elite2_tour3,225,1000,0.0250,2,3,10,5,1,True,0.5538,7,7,1575,15522.00,9345.60,-0.0380
pop225_gen1000_mut0.025_elite2_tour3,225,1000,0.0250,2,3,10,5,2,True,0.1611,2,2,450,15524.20,4668.40,-0.0070
pop225_gen1000_mut0.025_elite2_tour3,225,1000,0.0250,2,3,10,5,3,True,0.0927,1,1,225,15485.00,0.00,0.0000
pop225_gen1000_mut0.025_elite2_tour3,225,1000,0.0250,2,3,10,5,4,False,40.7344,572,,128925,5896.60,5359.60,-0.0230
pop225_gen1000_mut0.025_elite2_tour3,225,1000,0.0250,2,3,10,5,5,True,0.4538,6,6,1350,15513.00,4797.00,-0.0450
pop225_gen1000_mut0.025_elite2_tour4,225,1000,0.0250,2,4,10,5,1,True,0.2924,4,4,900,15483.40,4712.00,-0.0270
pop225_gen1000_mut0.025_elite2_tour4,225,1000,0.0250,2,4,10,5,2,True,4.1082,51,51,11475,15532.40,19049.00,-0.0490
pop225_gen1000_mut0.025_elite2_tour4,225,1000,0.0250,2,4,10,5,3,True,0.0966,1,1,225,15518.00,0.00,0.0000
pop225_gen1000_mut0.025_elite2_tour4,225,1000,0.0250,2,4,10,5,4,True,0.0919,1,1,225,15491.00,0.00,0.0000
pop225_gen1000_mut0.025_elite2_tour4,225,1000,0.0250,2,4,10,5,5,True,0.0939,1,1,225,15501.00,0.00,0.0000
pop250_gen1000_mut0.025_elite2_tour2,250,1000,0.0250,2,2,10,5,1,True,0.5574,6,6,1500,15509.40,9273.80,-0.0580
pop250_gen1000_mut0.025_elite2_tour2,250,1000,0.0250,2,2,10,5,2,True,0.1119,1,1,250,15518.00,0.00,0.0000
pop250_gen1000_mut0.025_elite2_tour2,250,1000,0.0250,2,2,10,5,3,True,3.9827,42,42,10500,15560.20,10025.60,-0.0840
pop250_gen1000_mut0.025_elite2_tour2,250,1000,0.0250,2,2,10,5,4,True,5.1247,55,55,13750,15564.40,14762.40,-0.0920
pop250_gen1000_mut0.025_elite2_tour2,250,1000,0.0250,2,2,10,5,5,True,1.3542,15,15,3750,15566.00,5319.80,-0.0800
pop250_gen1000_mut0.025_elite2_tour3,250,1000,0.0250,2,3,10,5,1,True,0.3695,4,4,1000,15525.00,9398.40,-0.0260
pop250_gen1000_mut0.025_elite2_tour3,250,1000,0.0250,2,3,10,5,2,True,2.7764,30,30,7500,15514.80,18797.00,-0.0670
pop250_gen1000_mut0.025_elite2_tour3,250,1000,0.0250,2,3,10,5,3,True,0.4630,5,5,1250,15516.00,9248.20,-0.0480
pop250_gen1000_mut0.025_elite2_tour3,250,1000,0.0250,2,3,10,5,4,True,1.1349,12,12,3000,15567.40,9523.40,-0.0760
pop250_gen1000_mut0.025_elite2_tour3,250,1000,0.0250,2,3,10,5,5,True,2.0092,21,21,5250,15549.60,14192.20,-0.1300
pop250_gen1000_mut0.025_elite2_tour4,250,1000,0.0250,2,4,10,5,1,True,1.8491,20,20,5000,15568.60,4962.60,-0.1140
pop250_gen1000_mut0.025_elite2_tour4,250,1000,0.0250,2,4,10,5,2,True,0.1108,1,1,250,15524.60,0.00,0.0000
pop250_gen1000_mut0.025_elite2_tour4,250,1000,0.0250,2,4,10,5,3,True,0.1111,1,1,250,15522.20,0.00,0.0000
pop250_gen1000_mut0.025_elite2_tour4,250,1000,0.0250,2,4,10,5,4,True,0.9312,10,10,2500,15572.00,9558.80,-0.0640
pop250_gen1000_mut0.025_elite2_tour4,250,1000,0.0250,2,4,10,5,5,True,0.1113,1,1,250,15508.40,0.00,0.0000
pop150_gen1000_mut0.03_elite2_tour2,150,1000,0.0300,2,2,10,5,1,True,0.3748,9,9,1350,15506.00,9343.00,-0.0780
pop150_gen1000_mut0.03_elite2_tour2,150,1000,0.0300,2,2,10,5,2,True,0.1276,3,3,450,15510.20,4859.00,-0.0250
pop150_gen1000_mut0.03_elite2_tour2,150,1000,0.0300,2,2,10,5,3,True,0.7627,18,18,2700,15538.40,9510.20,-0.0820
pop150_gen1000_mut0.03_elite2_tour2,150,1000,0.0300,2,2,10,5,4,True,0.5680,14,14,2100,15537.40,14529.80,-0.1170
pop150_gen1000_mut0.03_elite2_tour2,150,1000,0.0300,2,2,10,5,5,True,5.5778,173,173,25950,15520.20,5135.00,-0.0460
pop150_gen1000_mut0.03_elite2_tour3,150,1000,0.0300,2,3,10,5,1,True,0.0526,1,1,150,15520.60,0.00,0.0000
pop150_gen1000_mut0.03_elite2_tour3,150,1000,0.0300,2,3,10,5,2,True,0.0865,2,2,300,15520.20,4648.40,-0.0110
pop150_gen1000_mut0.03_elite2_tour3,150,1000,0.0300,2,3,10,5,3,True,0.5809,14,14,2100,15508.60,9504.40,-0.0950
pop150_gen1000_mut0.03_elite2_tour3,150,1000,0.0300,2,3,10,5,4,True,0.0817,2,2,300,15502.20,4809.20,-0.0130
pop150_gen1000_mut0.03_elite2_tour3,150,1000,0.0300,2,3,10,5,5,True,1.3767,33,33,4950,15519.80,5171.20,-0.1010
pop150_gen1000_mut0.03_elite2_tour4,150,1000,0.0300,2,4,10,5,1,True,0.7697,18,18,2700,15520.60,4794.60,-0.0700
pop150_gen1000_mut0.03_elite2_tour4,150,1000,0.0300,2,4,10,5,2,True,3.5954,88,88,13200,15572.20,15017.40,-0.0660
pop150_gen1000_mut0.03_elite2_tour4,150,1000,0.0300,2,4,10,5,3,True,1.6225,39,39,5850,15544.40,19164.20,-0.0680
pop150_gen1000_mut0.03_elite2_tour4,150,1000,0.0300,2,4,10,5,4,True,0.5092,12,12,1800,15530.60,14207.20,-0.0930
pop150_gen1000_mut0.03_elite2_tour4,150,1000,0.0300,2,4,10,5,5,True,0.4813,12,12,1800,15531.80,9595.20,-0.0740
pop175_gen1000_mut0.03_elite2_tour2,175,1000,0.0300,2,2,10,5,1,True,0.0674,1,1,175,15515.20,0.00,0.0000
pop175_gen1000_mut0.03_elite2_tour2,175,1000,0.0300,2,2,10,5,2,True,4.7084,88,88,15400,15572.00,19588.80,-0.1030
pop175_gen1000_mut0.03_elite2_tour2,175,1000,0.0300,2,2,10,5,3,True,1.5587,30,30,5250,15558.60,19303.20,-0.1310
pop175_gen1000_mut0.03_elite2_tour2,175,1000,0.0300,2,2,10,5,4,False,36.9198,711,,124600,15508.00,4849.00,-0.0150
pop175_gen1000_mut0.03_elite2_tour2,175,1000,0.0300,2,2,10,5,5,True,0.2602,5,5,875,15527.00,5012.00,-0.0420
pop175_gen1000_mut0.03_elite2_tour3,175,1000,0.0300,2,3,10,5,1,True,3.3789,63,63,11025,15543.40,14734.80,-0.0910
pop175_gen1000_mut0.03_elite2_tour3,175,1000,0.0300,2,3,10,5,2,True,0.3102,6,6,1050,15502.20,9399.80,-0.0530
pop175_gen1000_mut0.03_elite2_tour3,175,1000,0.0300,2,3,10,5,3,True,1.4414,54,54,9450,15548.60,9957.00,-0.0760
pop175_gen1000_mut0.03_elite2_tour3,175,1000,0.0300,2,3,10,5,4,True,0.1036,2,2,350,15567.40,4939.40,-0.0130
pop175_gen1000_mut0.03_elite2_tour3,175,1000,0.0300,2,3,10,5,5,True,0.0689,1,1,175,15513.40,0.00,0.0000
pop175_gen1000_mut0.03_elite2_tour4,175,1000,0.0300,2,4,10,5,1,True,0.0669,1,1,175,15525.00,0.00,0.0000
pop175_gen1000_mut0.03_elite2_tour4,175,1000,0.0300,2,4,10,5,2,True,0.1096,2,2,350,15520.80,4688.40,-0.0080
pop175_gen1000_mut0.03_elite2_tour4,175,1000,0.0300,2,4,10,5,3,True,0.2125,4,4,700,15531.00,9213.80,-0.0350
pop175_gen1000_mut0.03_elite2_tour4,175,1000,0.0300,2,4,10,5,4,True,0.3722,7,7,1225,15479.00,4676.80,-0.0530
pop175_gen1000_mut0.03_elite2_tour4,175,1000,0.0300,2,4,10,5,5,False,29.8059,579,,101500,15451.00,24033.40,-0.0210
pop200_gen1000_mut0.03_elite2_tour2,200,1000,0.0300,2,2,10,5,1,True,5.0192,77,77,15400,15529.40,9675.00,-0.0990
pop200_gen1000_mut0.03_elite2_tour2,200,1000,0.0300,2,2,10,5,2,True,6.8616,105,105,21000,15584.60,10147.00,-0.1120
pop200_gen1000_mut0.03_elite2_tour2,200,1000,0.0300,2,2,10,5,3,True,4.5441,69,69,13800,15544.00,9726.40,-0.1090
pop200_gen1000_mut0.03_elite2_tour2,200,1000,0.0300,2,2,10,5,4,True,48.6224,771,771,154200,15554.20,14587.80,-0.0660
pop200_gen1000_mut0.03_elite2_tour2,200,1000,0.0300,2,2,10,5,5,True,0.7807,12,12,2400,15528.20,9530.00,-0.0760
pop200_gen1000_mut0.03_elite2_tour3,200,1000,0.0300,2,3,10,5,1,True,0.2514,4,4,800,15486.60,9200.60,-0.0230
pop200_gen1000_mut0.03_elite2_tour3,200,1000,0.0300,2,3,10,5,2,False,39.7500,654,,131000,15387.80,19226.00,-0.0180
pop200_gen1000_mut0.03_elite2_tour3,200,1000,0.0300,2,3,10,5,3,True,5.6563,85,85,17000,15506.60,14260.20,-0.0560
pop200_gen1000_mut0.03_elite2_tour3,200,1000,0.0300,2,3,10,5,4,True,0.0814,1,1,200,15524.20,0.00,0.0000
pop200_gen1000_mut0.03_elite2_tour3,200,1000,0.0300,2,3,10,5,5,True,2.0131,31,31,6200,15539.40,14398.40,-0.0830
pop200_gen1000_mut0.03_elite2_tour4,200,1000,0.0300,2,4,10,5,1,True,0.7681,12,12,2400,15539.80,9706.20,-0.0880
pop200_gen1000_mut0.03_elite2_tour4,200,1000,0.0300,2,4,10,5,2,True,0.9385,15,15,3000,15548.60,14554.40,-0.0790
pop200_gen1000_mut0.03_elite2_tour4,200,1000,0.0300,2,4,10,5,3,True,0.7698,12,12,2400,15531.00,5057.40,-0.0630
pop200_gen1000_mut0.03_elite2_tour4,200,1000,0.0300,2,4,10,5,4,True,0.8356,13,13,2600,15529.40,9683.60,-0.0680
pop200_gen1000_mut0.03_elite2_tour4,200,1000,0.0300,2,4,10,5,5,True,0.0778,1,1,200,15492.60,0.00,0.0000
pop225_gen1000_mut0.03_elite2_tour2,225,1000,0.0300,2,2,10,5,1,True,6.4417,80,80,18000,15571.20,14857.20,-0.1200
pop225_gen1000_mut0.03_elite2_tour2,225,1000,0.0300,2,2,10,5,2,True,2.6726,51,51,11475,15571.60,19145.60,-0.1150
pop225_gen1000_mut0.03_elite2_tour2,225,1000,0.0300,2,2,10,5,3,True,0.0928,1,1,225,15519.80,0.00,0.0000
pop225_gen1000_mut0.03_elite2_tour2,225,1000,0.0300,2,2,10,5,4,True,38.5828,512,512,115200,15578.80,19712.60,-0.1520
pop225_gen1000_mut0.03_elite2_tour2,225,1000,0.0300,2,2,10,5,5,False,50.7889,672,,151425,15512.80,9283.20,-0.0160
pop225_gen1000_mut0.03_elite2_tour3,225,1000,0.0300,2,3,10,5,1,True,4.6893,60,60,13500,15516.00,4947.80,-0.0340
pop225_gen1000_mut0.03_elite2_tour3,225,1000,0.0300,2,3,10,5,2,True,0.3133,4,4,900,15517.60,4727.20,-0.0320
pop225_gen1000_mut0.03_elite2_tour3,225,1000,0.0300,2,3,10,5,3,True,0.3956,5,5,1125,15521.00,9300.80,-0.0530
pop225_gen1000_mut0.03_elite2_tour3,225,1000,0.0300,2,3,10,5,4,True,0.6688,9,9,2025,15528.60,5030.00,-0.0810
pop225_gen1000_mut0.03_elite2_tour3,225,1000,0.0300,2,3,10,5,5,True,1.5392,20,20,4500,15519.80,4988.20,-0.1070
pop225_gen1000_mut0.03_elite2_tour4,225,1000,0.0300,2,4,10,5,1,True,1.3219,17,17,3825,15529.00,14261.80,-0.0910
pop225_gen1000_mut0.03_elite2_tour4,225,1000,0.0300,2,4,10,5,2,True,0.0951,1,1,225,15521.00,0.00,0.0000
pop225_gen1000_mut0.03_elite2_tour4,225,1000,0.0300,2,4,10,5,3,True,1.7449,22,22,4950,15519.00,5102.20,-0.0660
pop225_gen1000_mut0.03_elite2_tour4,225,1000,0.0300,2,4,10,5,4,True,1.3527,17,17,3825,15563.80,19354.60,-0.1150
pop225_gen1000_mut0.03_elite2_tour4,225,1000,0.0300,2,4,10,5,5,True,0.4680,6,6,1350,15511.60,4753.40,-0.0360
pop250_gen1000_mut0.03_elite2_tour2,250,1000,0.0300,2,2,10,5,1,True,2.3439,25,25,6250,15577.00,14574.60,-0.1590
pop250_gen1000_mut0.03_elite2_tour2,250,1000,0.0300,2,2,10,5,2,True,3.2349,34,34,8500,15586.20,19839.40,-0.1240
pop250_gen1000_mut0.03_elite2_tour2,250,1000,0.0300,2,2,10,5,3,True,0.1101,1,1,250,15505.40,0.00,0.0000
pop250_gen1000_mut0.03_elite2_tour2,250,1000,0.0300,2,2,10,5,4,True,3.3465,36,36,9000,15527.00,5085.80,-0.1090
pop250_gen1000_mut0.03_elite2_tour2,250,1000,0.0300,2,2,10,5,5,True,1.9386,21,21,5250,15548.20,5184.20,-0.1170
pop250_gen1000_mut0.03_elite2_tour3,250,1000,0.0300,2,3,10,5,1,True,0.7302,8,8,2000,15521.40,9508.80,-0.0560
pop250_gen1000_mut0.03_elite2_tour3,250,1000,0.0300,2,3,10,5,2,True,0.1106,1,1,250,15518.80,0.00,0.0000
pop250_gen1000_mut0.03_elite2_tour3,250,1000,0.0300,2,3,10,5,3,False,55.4766,639,,160000,15000.80,9001.80,-0.0090
pop250_gen1000_mut0.03_elite2_tour3,250,1000,0.0300,2,3,10,5,4,True,1.1688,13,13,3250,15516.40,9588.20,-0.0870
pop250_gen1000_mut0.03_elite2_tour3,250,1000,0.0300,2,3,10,5,5,True,2.5123,27,27,6750,15560.60,10095.20,-0.1050
pop250_gen1000_mut0.03_elite2_tour4,250,1000,0.0300,2,4,10,5,1,True,0.2714,3,3,750,15515.40,9725.00,-0.0360
pop250_gen1000_mut0.03_elite2_tour4,250,1000,0.0300,2,4,10,5,2,True,5.2628,53,53,13250,15509.40,9317.20,-0.0960
pop250_gen1000_mut0.03_elite2_tour4,250,1000,0.0300,2,4,10,5,3,True,0.8366,9,9,2250,15588.20,10000.00,-0.1190
pop250_gen1000_mut0.03_elite2_tour4,250,1000,0.0300,2,4,10,5,4,True,1.5046,16,16,4000,15561.40,4963.20,-0.0740
pop250_gen1000_mut0.03_elite2_tour4,250,1000,0.0300,2,4,10,5,5,True,1.8748,34,34,8500,15572.80,14814.40,-0.0790
pop150_gen1000_mut0.035_elite2_tour2,150,1000,0.0350,2,2,10,5,1,True,2.2583,53,53,7950,15563.60,9919.60,-0.1140
pop150_gen1000_mut0.035_elite2_tour2,150,1000,0.0350,2,2,10,5,2,True,0.6415,15,15,2250,15541.00,9493.80,-0.1040
pop150_gen1000_mut0.035_elite2_tour2,150,1000,0.0350,2,2,10,5,3,True,0.0878,2,2,300,15524.00,4623.40,-0.0160
pop150_gen1000_mut0.035_elite2_tour2,150,1000,0.0350,2,2,10,5,4,True,0.8896,22,22,3300,15516.20,9616.40,-0.1340
pop150_gen1000_mut0.035_elite2_tour2,150,1000,0.0350,2,2,10,5,5,True,0.7090,17,17,2550,15529.80,4965.40,-0.1220
pop150_gen1000_mut0.035_elite2_tour3,150,1000,0.0350,2,3,10,5,1,True,0.2871,7,7,1050,15520.20,9338.80,-0.0690
pop150_gen1000_mut0.035_elite2_tour3,150,1000,0.0350,2,3,10,5,2,True,1.3682,34,34,5100,15536.20,9933.80,-0.1140
pop150_gen1000_mut0.035_elite2_tour3,150,1000,0.0350,2,3,10,5,3,False,24.8296,614,,92250,15376.80,4950.20,-0.0110
pop150_gen1000_mut0.035_elite2_tour3,150,1000,0.0350,2,3,10,5,4,False,28.9340,687,,103200,15470.40,19646.40,-0.0110
pop150_gen1000_mut0.035_elite2_tour3,150,1000,0.0350,2,3,10,5,5,True,0.0527,1,1,150,15523.80,0.00,0.0000
pop150_gen1000_mut0.035_elite2_tour4,150,1000,0.0350,2,4,10,5,1,True,0.9299,22,22,3300,15507.40,9487.20,-0.0760
pop150_gen1000_mut0.035_elite2_tour4,150,1000,0.0350,2,4,10,5,2,True,0.0534,1,1,150,15523.00,0.00,0.0000
pop150_gen1000_mut0.035_elite2_tour4,150,1000,0.0350,2,4,10,5,3,True,0.2596,6,6,900,15514.00,9268.00,-0.0500
pop150_gen1000_mut0.035_elite2_tour4,150,1000,0.0350,2,4,10,5,4,True,-0.2109,29,29,4350,15598.60,5343.80,-0.1020
pop150_gen1000_mut0.035_elite2_tour4,150,1000,0.0350,2,4,10,5,5,True,1.0703,25,25,3750,15592.00,5215.20,-0.0840
pop175_gen1000_mut0.035_elite2_tour2,175,1000,0.0350,2,2,10,5,1,True,0.5178,10,10,1750,15531.40,14095.80,-0.0840
pop175_gen1000_mut0.035_elite2_tour2,175,1000,0.0350,2,2,10,5,2,True,0.2940,6,6,1050,15510.20,4793.20,-0.0530
pop175_gen1000_mut0.035_elite2_tour2,175,1000,0.0350,2,2,10,5,3,True,0.0660,1,1,175,15493.40,0.00,0.0000
pop175_gen1000_mut0.035_elite2_tour2,175,1000,0.0350,2,2,10,5,4,True,1.0746,20,20,3500,15518.60,4855.60,-0.1020
pop175_gen1000_mut0.035_elite2_tour2,175,1000,0.0350,2,2,10,5,5,False,39.7082,762,,133525,15512.80,9390.40,-0.0110
pop175_gen1000_mut0.035_elite2_tour3,175,1000,0.0350,2,3,10,5,1,True,0.6797,13,13,2275,15557.00,14373.60,-0.0910
pop175_gen1000_mut0.035_elite2_tour3,175,1000,0.0350,2,3,10,5,2,True,1.3063,26,26,4550,15529.40,9839.40,-0.1020
pop175_gen1000_mut0.035_elite2_tour3,175,1000,0.0350,2,3,10,5,3,True,0.1185,2,2,350,15532.20,4638.40,-0.0110
pop175_gen1000_mut0.035_elite2_tour3,175,1000,0.0350,2,3,10,5,4,True,0.2715,5,5,875,15523.40,4738.00,-0.0520
pop175_gen1000_mut0.035_elite2_tour3,175,1000,0.0350,2,3,10,5,5,True,2.5679,48,48,8400,15563.80,19483.80,-0.1180
pop175_gen1000_mut0.035_elite2_tour4,175,1000,0.0350,2,4,10,5,1,True,2.8290,54,54,9450,15572.00,19471.40,-0.0930
pop175_gen1000_mut0.035_elite2_tour4,175,1000,0.0350,2,4,10,5,2,True,0.0663,1,1,175,15511.00,0.00,0.0000
pop175_gen1000_mut0.035_elite2_tour4,175,1000,0.0350,2,4,10,5,3,True,0.1050,2,2,350,15511.80,5123.40,-0.0130
pop175_gen1000_mut0.035_elite2_tour4,175,1000,0.0350,2,4,10,5,4,True,0.9077,17,17,2975,15511.40,9409.00,-0.0670
pop175_gen1000_mut0.035_elite2_tour4,175,1000,0.0350,2,4,10,5,5,True,0.6455,12,12,2100,15525.60,14130.20,-0.0790
pop200_gen1000_mut0.035_elite2_tour2,200,1000,0.0350,2,2,10,5,1,True,6.7339,106,106,21200,15527.40,5096.20,-0.0990
pop200_gen1000_mut0.035_elite2_tour2,200,1000,0.0350,2,2,10,5,2,False,60.2967,1000,,200000,11045.00,10305.80,-0.0470
pop200_gen1000_mut0.035_elite2_tour2,200,1000,0.0350,2,2,10,5,3,True,0.2542,4,4,800,15529.00,4924.00,-0.0440
pop200_gen1000_mut0.035_elite2_tour2,200,1000,0.0350,2,2,10,5,4,True,0.2676,4,4,800,15549.80,9337.80,-0.0360
pop200_gen1000_mut0.035_elite2_tour2,200,1000,0.0350,2,2,10,5,5,True,0.0816,1,1,200,15495.80,0.00,0.0000
pop200_gen1000_mut0.035_elite2_tour3,200,1000,0.0350,2,3,10,5,1,True,1.2287,20,20,4000,15614.60,14702.00,-0.1080
pop200_gen1000_mut0.035_elite2_tour3,200,1000,0.0350,2,3,10,5,2,True,0.1279,2,2,400,15504.60,4877.00,-0.0090
pop200_gen1000_mut0.035_elite2_tour3,200,1000,0.0350,2,3,10,5,3,True,0.0817,1,1,200,15517.20,0.00,0.0000
pop200_gen1000_mut0.035_elite2_tour3,200,1000,0.0350,2,3,10,5,4,True,0.6873,11,11,2200,15557.00,19365.40,-0.1280
pop200_gen1000_mut0.035_elite2_tour3,200,1000,0.0350,2,3,10,5,5,True,0.3683,6,6,1200,15558.20,9632.20,-0.0640
pop200_gen1000_mut0.035_elite2_tour4,200,1000,0.0350,2,4,10,5,1,True,-0.1504,20,20,4000,15525.00,19111.60,-0.1110
pop200_gen1000_mut0.035_elite2_tour4,200,1000,0.0350,2,4,10,5,2,True,0.0799,1,1,200,15511.40,0.00,0.0000
pop200_gen1000_mut0.035_elite2_tour4,200,1000,0.0350,2,4,10,5,3,True,0.7388,12,12,2400,15535.60,14719.60,-0.0830
pop200_gen1000_mut0.035_elite2_tour4,200,1000,0.0350,2,4,10,5,4,True,0.2030,3,3,600,15517.60,4748.40,-0.0220
pop200_gen1000_mut0.035_elite2_tour4,200,1000,0.0350,2,4,10,5,5,True,0.1949,3,3,600,15533.40,4972.00,-0.0230
pop225_gen1000_mut0.035_elite2_tour2,225,1000,0.0350,2,2,10,5,1,True,6.2316,75,75,16875,15574.20,24265.40,-0.1280
pop225_gen1000_mut0.035_elite2_tour2,225,1000,0.0350,2,2,10,5,2,True,2.3701,31,31,6975,15544.20,19054.40,-0.1420
pop225_gen1000_mut0.035_elite2_tour2,225,1000,0.0350,2,2,10,5,3,True,1.3416,17,17,3825,15581.80,14510.00,-0.1070
pop225_gen1000_mut0.035_elite2_tour2,225,1000,0.0350,2,2,10,5,4,True,0.1590,2,2,450,15520.20,4648.40,-0.0130
pop225_gen1000_mut0.035_elite2_tour2,225,1000,0.0350,2,2,10,5,5,True,0.7794,10,10,2250,15531.40,4845.80,-0.0880
pop225_gen1000_mut0.035_elite2_tour3,225,1000,0.0350,2,3,10,5,1,True,1.9972,25,25,5625,15557.80,9800.40,-0.1120
pop225_gen1000_mut0.035_elite2_tour3,225,1000,0.0350,2,3,10,5,2,True,0.4579,6,6,1350,15572.00,14648.80,-0.0690
pop225_gen1000_mut0.035_elite2_tour3,225,1000,0.0350,2,3,10,5,3,True,0.0933,1,1,225,15501.80,0.00,0.0000
pop225_gen1000_mut0.035_elite2_tour3,225,1000,0.0350,2,3,10,5,4,True,0.5312,7,7,1575,15519.80,14253.80,-0.0630
pop225_gen1000_mut0.035_elite2_tour3,225,1000,0.0350,2,3,10,5,5,True,0.9817,13,13,2925,15530.20,9559.80,-0.0790
pop225_gen1000_mut0.035_elite2_tour4,225,1000,0.0350,2,4,10,5,1,True,4.2999,55,55,12375,15559.00,9714.40,-0.0360
pop225_gen1000_mut0.035_elite2_tour4,225,1000,0.0350,2,4,10,5,2,True,0.2346,3,3,675,15522.00,4724.00,-0.0280
pop225_gen1000_mut0.035_elite2_tour4,225,1000,0.0350,2,4,10,5,3,True,3.4024,43,43,9675,15520.20,4897.80,-0.0590
pop225_gen1000_mut0.035_elite2_tour4,225,1000,0.0350,2,4,10,5,4,True,0.6896,9,9,2025,15539.40,14327.20,-0.0590
pop225_gen1000_mut0.035_elite2_tour4,225,1000,0.0350,2,4,10,5,5,True,7.1611,91,91,20475,15564.60,10147.60,-0.0840
pop250_gen1000_mut0.035_elite2_tour2,250,1000,0.0350,2,2,10,5,1,True,-0.7437,7,7,1750,15517.60,13997.80,-0.0590
pop250_gen1000_mut0.035_elite2_tour2,250,1000,0.0350,2,2,10,5,2,True,4.7830,50,50,12500,15539.00,9781.20,-0.1320
pop250_gen1000_mut0.035_elite2_tour2,250,1000,0.0350,2,2,10,5,3,True,0.4404,5,5,1250,15529.80,4808.00,-0.0570
pop250_gen1000_mut0.035_elite2_tour2,250,1000,0.0350,2,2,10,5,4,True,0.1102,1,1,250,15520.80,0.00,0.0000
pop250_gen1000_mut0.035_elite2_tour2,250,1000,0.0350,2,2,10,5,5,True,8.0831,85,85,21250,15537.80,14618.40,-0.1050
pop250_gen1000_mut0.035_elite2_tour3,250,1000,0.0350,2,3,10,5,1,True,3.8990,42,42,10500,15501.00,9360.80,-0.0730
pop250_gen1000_mut0.035_elite2_tour3,250,1000,0.0350,2,3,10,5,2,False,55.6222,627,,157000,15504.00,4765.40,-0.0080
pop250_gen1000_mut0.035_elite2_tour3,250,1000,0.0350,2,3,10,5,3,True,0.5327,6,6,1500,15549.00,14616.00,-0.0660
pop250_gen1000_mut0.035_elite2_tour3,250,1000,0.0350,2,3,10,5,4,True,1.0387,11,11,2750,15498.60,4809.80,-0.1020
pop250_gen1000_mut0.035_elite2_tour3,250,1000,0.0350,2,3,10,5,5,True,0.7374,8,8,2000,15527.60,9348.60,-0.0520
pop250_gen1000_mut0.035_elite2_tour4,250,1000,0.0350,2,4,10,5,1,True,0.2824,3,3,750,15521.80,4647.80,-0.0220
pop250_gen1000_mut0.035_elite2_tour4,250,1000,0.0350,2,4,10,5,2,True,1.4895,16,16,4000,15550.60,5031.20,-0.0800
pop250_gen1000_mut0.035_elite2_tour4,250,1000,0.0350,2,4,10,5,3,True,0.4372,5,5,1250,15502.60,9591.20,-0.0480
pop250_gen1000_mut0.035_elite2_tour4,250,1000,0.0350,2,4,10,5,4,True,0.3704,4,4,1000,15520.60,4713.00,-0.0360
pop250_gen1000_mut0.035_elite2_tour4,250,1000,0.0350,2,4,10,5,5,True,0.8202,9,9,2250,15509.40,4940.60,-0.0470
pop150_gen1000_mut0.04_elite2_tour2,150,1000,0.0400,2,2,10,5,1,True,4.8318,113,113,16950,15535.80,9685.00,-0.0960
pop150_gen1000_mut0.04_elite2_tour2,150,1000,0.0400,2,2,10,5,2,True,0.6203,15,15,2250,15543.80,9573.60,-0.0750
pop150_gen1000_mut0.04_elite2_tour2,150,1000,0.0400,2,2,10,5,3,True,3.7226,86,86,12900,15521.20,4800.40,-0.1050
pop150_gen1000_mut0.04_elite2_tour2,150,1000,0.0400,2,2,10,5,4,True,0.5741,14,14,2100,15514.00,9455.60,-0.1110
pop150_gen1000_mut0.04_elite2_tour2,150,1000,0.0400,2,2,10,5,5,True,0.0535,1,1,150,15525.40,0.00,0.0000
pop150_gen1000_mut0.04_elite2_tour3,150,1000,0.0400,2,3,10,5,1,True,0.5432,13,13,1950,15559.80,9833.40,-0.1150
pop150_gen1000_mut0.04_elite2_tour3,150,1000,0.0400,2,3,10,5,2,True,0.0527,1,1,150,15503.40,0.00,0.0000
pop150_gen1000_mut0.04_elite2_tour3,150,1000,0.0400,2,3,10,5,3,True,0.3414,8,8,1200,15569.00,9454.80,-0.0770
pop150_gen1000_mut0.04_elite2_tour3,150,1000,0.0400,2,3,10,5,4,True,0.0883,2,2,300,15533.00,4663.40,-0.0120
pop150_gen1000_mut0.04_elite2_tour3,150,1000,0.0400,2,3,10,5,5,True,0.9754,23,23,3450,15562.80,4949.00,-0.1250
pop150_gen1000_mut0.04_elite2_tour4,150,1000,0.0400,2,4,10,5,1,True,0.5071,12,12,1800,15548.60,9770.00,-0.1070
pop150_gen1000_mut0.04_elite2_tour4,150,1000,0.0400,2,4,10,5,2,True,0.0534,1,1,150,15495.80,0.00,0.0000
pop150_gen1000_mut0.04_elite2_tour4,150,1000,0.0400,2,4,10,5,3,True,0.0869,2,2,300,15518.40,4623.40,-0.0110
pop150_gen1000_mut0.04_elite2_tour4,150,1000,0.0400,2,4,10,5,4,True,1.6859,40,40,6000,15589.60,15266.20,-0.1140
pop150_gen1000_mut0.04_elite2_tour4,150,1000,0.0400,2,4,10,5,5,True,-0.6061,19,19,2850,15573.60,9874.20,-0.1100
pop175_gen1000_mut0.04_elite2_tour2,175,1000,0.0400,2,2,10,5,1,True,1.7056,32,32,5600,15567.80,4837.60,-0.1420
pop175_gen1000_mut0.04_elite2_tour2,175,1000,0.0400,2,2,10,5,2,True,0.1108,2,2,350,15522.60,4631.00,-0.0120
pop175_gen1000_mut0.04_elite2_tour2,175,1000,0.0400,2,2,10,5,3,True,1.7846,34,34,5950,15559.40,14512.80,-0.1340
pop175_gen1000_mut0.04_elite2_tour2,175,1000,0.0400,2,2,10,5,4,True,2.4045,48,48,8400,15518.60,9944.00,-0.1080
pop175_gen1000_mut0.04_elite2_tour2,175,1000,0.0400,2,2,10,5,5,True,0.0661,1,1,175,15514.60,0.00,0.0000
pop175_gen1000_mut0.04_elite2_tour3,175,1000,0.0400,2,3,10,5,1,False,33.3627,648,,113575,15508.00,4864.00,-0.0090
pop175_gen1000_mut0.04_elite2_tour3,175,1000,0.0400,2,3,10,5,2,True,0.3559,7,7,1225,15521.80,14281.80,-0.0660
pop175_gen1000_mut0.04_elite2_tour3,175,1000,0.0400,2,3,10,5,3,True,0.3198,6,6,1050,15559.00,4728.80,-0.0830
pop175_gen1000_mut0.04_elite2_tour3,175,1000,0.0400,2,3,10,5,4,True,2.0143,38,38,6650,15514.80,4796.00,-0.0930
pop175_gen1000_mut0.04_elite2_tour3,175,1000,0.0400,2,3,10,5,5,False,31.7155,621,,108850,15508.00,14037.40,-0.0100
pop175_gen1000_mut0.04_elite2_tour4,175,1000,0.0400,2,4,10,5,1,True,0.0655,1,1,175,15519.80,0.00,0.0000
pop175_gen1000_mut0.04_elite2_tour4,175,1000,0.0400,2,4,10,5,2,True,0.7625,14,14,2450,15524.40,9368.60,-0.0960
pop175_gen1000_mut0.04_elite2_tour4,175,1000,0.0400,2,4,10,5,3,True,1.2016,23,23,4025,15502.40,9425.20,-0.0880
pop175_gen1000_mut0.04_elite2_tour4,175,1000,0.0400,2,4,10,5,4,True,0.1024,2,2,350,15537.40,4690.40,-0.0190
pop175_gen1000_mut0.04_elite2_tour4,175,1000,0.0400,2,4,10,5,5,False,41.7216,802,,140525,15387.40,19658.20,-0.0260
pop200_gen1000_mut0.04_elite2_tour2,200,1000,0.0400,2,2,10,5,1,True,6.0144,111,111,22200,15575.80,14831.00,-0.1340
pop200_gen1000_mut0.04_elite2_tour2,200,1000,0.0400,2,2,10,5,2,True,0.1336,2,2,400,15504.60,4653.40,-0.0110
pop200_gen1000_mut0.04_elite2_tour2,200,1000,0.0400,2,2,10,5,3,True,0.3370,5,5,1000,15521.80,4761.00,-0.0370
pop200_gen1000_mut0.04_elite2_tour2,200,1000,0.0400,2,2,10,5,4,True,0.2005,3,3,600,15520.60,4756.20,-0.0250
pop200_gen1000_mut0.04_elite2_tour2,200,1000,0.0400,2,2,10,5,5,True,0.0780,1,1,200,15519.80,0.00,0.0000
pop200_gen1000_mut0.04_elite2_tour3,200,1000,0.0400,2,3,10,5,1,True,1.5285,23,23,4600,15563.00,9787.60,-0.1620
pop200_gen1000_mut0.04_elite2_tour3,200,1000,0.0400,2,3,10,5,2,True,0.0806,1,1,200,15511.40,0.00,0.0000
pop200_gen1000_mut0.04_elite2_tour3,200,1000,0.0400,2,3,10,5,3,True,0.3819,6,6,1200,15511.80,4966.60,-0.0680
pop200_gen1000_mut0.04_elite2_tour3,200,1000,0.0400,2,3,10,5,4,True,2.6861,42,42,8400,15541.00,9798.40,-0.0960
pop200_gen1000_mut0.04_elite2_tour3,200,1000,0.0400,2,3,10,5,5,True,3.1015,46,46,9200,15566.20,19474.40,-0.1020
pop200_gen1000_mut0.04_elite2_tour4,200,1000,0.0400,2,4,10,5,1,True,2.6450,40,40,8000,15539.80,18930.40,-0.0560
pop200_gen1000_mut0.04_elite2_tour4,200,1000,0.0400,2,4,10,5,2,True,1.7155,27,27,5400,15547.40,14852.40,-0.1110
pop200_gen1000_mut0.04_elite2_tour4,200,1000,0.0400,2,4,10,5,3,True,0.1882,3,3,600,15511.00,9609.80,-0.0310
pop200_gen1000_mut0.04_elite2_tour4,200,1000,0.0400,2,4,10,5,4,True,1.6629,25,25,5000,15537.80,9651.00,-0.0830
pop200_gen1000_mut0.04_elite2_tour4,200,1000,0.0400,2,4,10,5,5,True,0.6367,10,10,2000,15511.80,4939.00,-0.1030
pop225_gen1000_mut0.04_elite2_tour2,225,1000,0.0400,2,2,10,5,1,True,0.9224,12,12,2700,15535.40,9809.00,-0.1300
pop225_gen1000_mut0.04_elite2_tour2,225,1000,0.0400,2,2,10,5,2,True,3.2211,41,41,9225,15529.80,5176.80,-0.1270
pop225_gen1000_mut0.04_elite2_tour2,225,1000,0.0400,2,2,10,5,3,True,0.3966,5,5,1125,15521.80,4662.60,-0.0480
pop225_gen1000_mut0.04_elite2_tour2,225,1000,0.0400,2,2,10,5,4,True,1.0016,13,13,2925,15549.40,4988.80,-0.1040
pop225_gen1000_mut0.04_elite2_tour2,225,1000,0.0400,2,2,10,5,5,False,73.6831,975,,219600,15464.80,5079.60,-0.0320
pop225_gen1000_mut0.04_elite2_tour3,225,1000,0.0400,2,3,10,5,1,True,0.3121,4,4,900,15524.40,4722.80,-0.0440
pop225_gen1000_mut0.04_elite2_tour3,225,1000,0.0400,2,3,10,5,2,True,2.9761,37,37,8325,15527.80,9962.60,-0.1130
pop225_gen1000_mut0.04_elite2_tour3,225,1000,0.0400,2,3,10,5,3,True,1.1098,14,14,3150,15558.20,9975.00,-0.1100
pop225_gen1000_mut0.04_elite2_tour3,225,1000,0.0400,2,3,10,5,4,True,1.0315,13,13,2925,15573.60,14653.80,-0.1090
pop225_gen1000_mut0.04_elite2_tour3,225,1000,0.0400,2,3,10,5,5,True,0.0955,1,1,225,15514.20,0.00,0.0000
pop225_gen1000_mut0.04_elite2_tour4,225,1000,0.0400,2,4,10,5,1,True,0.6085,8,8,1800,15528.60,9715.80,-0.0920
pop225_gen1000_mut0.04_elite2_tour4,225,1000,0.0400,2,4,10,5,2,True,0.5656,7,7,1575,15521.20,9368.20,-0.0890
pop225_gen1000_mut0.04_elite2_tour4,225,1000,0.0400,2,4,10,5,3,True,0.0960,1,1,225,15517.20,0.00,0.0000
pop225_gen1000_mut0.04_elite2_tour4,225,1000,0.0400,2,4,10,5,4,True,0.6937,9,9,2025,15524.40,9540.00,-0.0880
pop225_gen1000_mut0.04_elite2_tour4,225,1000,0.0400,2,4,10,5,5,True,0.1603,2,2,450,15524.20,4723.00,-0.0110
pop250_gen1000_mut0.04_elite2_tour2,250,1000,0.0400,2,2,10,5,1,True,0.1112,1,1,250,15512.20,0.00,0.0000
pop250_gen1000_mut0.04_elite2_tour2,250,1000,0.0400,2,2,10,5,2,True,13.1698,134,134,33500,15518.60,4940.00,-0.0860
pop250_gen1000_mut0.04_elite2_tour2,250,1000,0.0400,2,2,10,5,3,True,1.1076,12,12,3000,15550.20,9754.20,-0.0910
pop250_gen1000_mut0.04_elite2_tour2,250,1000,0.0400,2,2,10,5,4,True,2.6693,28,28,7000,15550.20,4999.00,-0.1280
pop250_gen1000_mut0.04_elite2_tour2,250,1000,0.0400,2,2,10,5,5,True,2.3964,25,25,6250,15540.20,14321.40,-0.1180
pop250_gen1000_mut0.04_elite2_tour3,250,1000,0.0400,2,3,10,5,1,True,1.7902,19,19,4750,15521.40,4893.00,-0.0900
pop250_gen1000_mut0.04_elite2_tour3,250,1000,0.0400,2,3,10,5,2,True,3.7862,57,57,14250,15547.00,14874.20,-0.1260
pop250_gen1000_mut0.04_elite2_tour3,250,1000,0.0400,2,3,10,5,3,True,0.3765,4,4,1000,15542.20,4681.40,-0.0360
pop250_gen1000_mut0.04_elite2_tour3,250,1000,0.0400,2,3,10,5,4,True,0.1867,2,2,500,15505.40,4580.40,-0.0130
pop250_gen1000_mut0.04_elite2_tour3,250,1000,0.0400,2,3,10,5,5,True,0.1826,2,2,500,15519.80,4786.60,-0.0170
pop250_gen1000_mut0.04_elite2_tour4,250,1000,0.0400,2,4,10,5,1,True,3.7440,41,41,10250,15516.60,5084.20,-0.0780
pop250_gen1000_mut0.04_elite2_tour4,250,1000,0.0400,2,4,10,5,2,True,1.5178,16,16,4000,15533.80,14331.20,-0.1160
pop250_gen1000_mut0.04_elite2_tour4,250,1000,0.0400,2,4,10,5,3,True,0.9148,10,10,2500,15568.60,14724.00,-0.0980
pop250_gen1000_mut0.04_elite2_tour4,250,1000,0.0400,2,4,10,5,4,False,57.3364,649,,162500,15504.00,5184.80,-0.0100
pop250_gen1000_mut0.04_elite2_tour4,250,1000,0.0400,2,4,10,5,5,True,0.1913,2,2,500,15524.60,4604.40,-0.0120
pop150_gen1200_mut0.02_elite2_tour2,150,1200,0.0200,2,2,10,5,1,True,4.0388,102,102,15300,15527.40,9660.00,-0.0770
pop150_gen1200_mut0.02_elite2_tour2,150,1200,0.0200,2,2,10,5,2,True,0.2058,5,5,750,15542.20,9967.40,-0.0350
pop150_gen1200_mut0.02_elite2_tour2,150,1200,0.0200,2,2,10,5,3,True,3.4440,84,84,12600,15564.20,14489.60,-0.0980
pop150_gen1200_mut0.02_elite2_tour2,150,1200,0.0200,2,2,10,5,4,True,6.9605,174,174,26100,15521.00,5179.00,-0.0280
pop150_gen1200_mut0.02_elite2_tour2,150,1200,0.0200,2,2,10,5,5,True,1.9316,49,49,7350,15520.20,9590.80,-0.0680
pop150_gen1200_mut0.02_elite2_tour3,150,1200,0.0200,2,3,10,5,1,True,0.1567,4,4,600,15520.20,9329.40,-0.0240
pop150_gen1200_mut0.02_elite2_tour3,150,1200,0.0200,2,3,10,5,2,True,0.0524,1,1,150,15479.20,0.00,0.0000
pop150_gen1200_mut0.02_elite2_tour3,150,1200,0.0200,2,3,10,5,3,False,30.0208,723,,108600,15335.20,9535.40,-0.0140
pop150_gen1200_mut0.02_elite2_tour3,150,1200,0.0200,2,3,10,5,4,True,3.1630,78,78,11700,15588.80,15032.00,-0.0470
pop150_gen1200_mut0.02_elite2_tour3,150,1200,0.0200,2,3,10,5,5,False,43.3604,1103,,165600,15329.60,14723.80,-0.0130
pop150_gen1200_mut0.02_elite2_tour4,150,1200,0.0200,2,4,10,5,1,True,1.5759,39,39,5850,15553.60,9801.80,-0.0460
pop150_gen1200_mut0.02_elite2_tour4,150,1200,0.0200,2,4,10,5,2,True,3.7314,84,84,12600,15528.20,4748.00,-0.0210
pop150_gen1200_mut0.02_elite2_tour4,150,1200,0.0200,2,4,10,5,3,True,0.8506,21,21,3150,15547.00,19289.40,-0.0590
pop150_gen1200_mut0.02_elite2_tour4,150,1200,0.0200,2,4,10,5,4,True,1.7268,44,44,6600,15538.20,14664.60,-0.0840
pop150_gen1200_mut0.02_elite2_tour4,150,1200,0.0200,2,4,10,5,5,True,0.8372,21,21,3150,15569.80,4975.80,-0.0620
pop175_gen1200_mut0.02_elite2_tour2,175,1200,0.0200,2,2,10,5,1,True,0.0672,1,1,175,15521.80,0.00,0.0000
pop175_gen1200_mut0.02_elite2_tour2,175,1200,0.0200,2,2,10,5,2,True,0.5483,11,11,1925,15545.80,19154.40,-0.0850
pop175_gen1200_mut0.02_elite2_tour2,175,1200,0.0200,2,2,10,5,3,True,0.4216,8,8,1400,15527.80,14277.20,-0.0620
pop175_gen1200_mut0.02_elite2_tour2,175,1200,0.0200,2,2,10,5,4,True,2.2409,42,42,7350,15566.60,15074.20,-0.0920
pop175_gen1200_mut0.02_elite2_tour2,175,1200,0.0200,2,2,10,5,5,True,2.2009,42,42,7350,15573.00,19459.60,-0.1250
pop175_gen1200_mut0.02_elite2_tour3,175,1200,0.0200,2,3,10,5,1,True,3.1256,60,60,10500,15553.20,9975.40,-0.0490
pop175_gen1200_mut0.02_elite2_tour3,175,1200,0.0200,2,3,10,5,2,True,0.9432,18,18,3150,15535.60,14226.80,-0.0750
pop175_gen1200_mut0.02_elite2_tour3,175,1200,0.0200,2,3,10,5,3,True,0.2615,5,5,875,15508.80,4693.40,-0.0310
pop175_gen1200_mut0.02_elite2_tour3,175,1200,0.0200,2,3,10,5,4,True,2.4520,47,47,8225,15576.20,10176.20,-0.0720
pop175_gen1200_mut0.02_elite2_tour3,175,1200,0.0200,2,3,10,5,5,False,33.8986,715,,125300,11063.00,10265.20,-0.0110
pop175_gen1200_mut0.02_elite2_tour4,175,1200,0.0200,2,4,10,5,1,True,1.3000,25,25,4375,15517.80,9630.80,-0.0500
pop175_gen1200_mut0.02_elite2_tour4,175,1200,0.0200,2,4,10,5,2,True,2.2140,44,44,7700,15519.00,5093.20,-0.0760
pop175_gen1200_mut0.02_elite2_tour4,175,1200,0.0200,2,4,10,5,3,True,0.4974,10,10,1750,15548.60,14698.40,-0.0790
pop175_gen1200_mut0.02_elite2_tour4,175,1200,0.0200,2,4,10,5,4,True,3.9224,70,70,12250,15523.60,9680.00,-0.0470
pop175_gen1200_mut0.02_elite2_tour4,175,1200,0.0200,2,4,10,5,5,True,2.6128,50,50,8750,15557.00,14738.60,-0.0520
pop200_gen1200_mut0.02_elite2_tour2,200,1200,0.0200,2,2,10,5,1,True,1.0555,16,16,3200,15524.00,4750.40,-0.1200
pop200_gen1200_mut0.02_elite2_tour2,200,1200,0.0200,2,2,10,5,2,True,2.6531,42,42,8400,15541.60,19272.80,-0.0780
pop200_gen1200_mut0.02_elite2_tour2,200,1200,0.0200,2,2,10,5,3,True,3.2334,50,50,10000,15516.20,9354.20,-0.0700
pop200_gen1200_mut0.02_elite2_tour2,200,1200,0.0200,2,2,10,5,4,True,5.0641,79,79,15800,15549.00,9534.20,-0.0550
pop200_gen1200_mut0.02_elite2_tour2,200,1200,0.0200,2,2,10,5,5,False,47.5948,750,,150200,15405.20,14170.80,-0.0130
pop200_gen1200_mut0.02_elite2_tour3,200,1200,0.0200,2,3,10,5,1,True,2.3507,36,36,7200,15596.20,19481.80,-0.0660
pop200_gen1200_mut0.02_elite2_tour3,200,1200,0.0200,2,3,10,5,2,True,1.4367,23,23,4600,15546.60,9755.60,-0.0970
pop200_gen1200_mut0.02_elite2_tour3,200,1200,0.0200,2,3,10,5,3,True,0.1892,3,3,600,15493.00,4890.80,-0.0120
pop200_gen1200_mut0.02_elite2_tour3,200,1200,0.0200,2,3,10,5,4,False,59.3623,947,,189600,15296.20,14452.20,-0.0080
pop200_gen1200_mut0.02_elite2_tour3,200,1200,0.0200,2,3,10,5,5,True,0.3193,5,5,1000,15515.40,4688.80,-0.0290
pop200_gen1200_mut0.02_elite2_tour4,200,1200,0.0200,2,4,10,5,1,True,0.0803,1,1,200,15523.40,0.00,0.0000
pop200_gen1200_mut0.02_elite2_tour4,200,1200,0.0200,2,4,10,5,2,True,0.2577,4,4,800,15507.60,9326.00,-0.0320
pop200_gen1200_mut0.02_elite2_tour4,200,1200,0.0200,2,4,10,5,3,False,42.6195,665,,133200,15451.00,9362.80,-0.0070
pop200_gen1200_mut0.02_elite2_tour4,200,1200,0.0200,2,4,10,5,4,True,0.0803,1,1,200,15521.00,0.00,0.0000
pop200_gen1200_mut0.02_elite2_tour4,200,1200,0.0200,2,4,10,5,5,True,0.8826,14,14,2800,15527.80,10134.20,-0.0700
pop225_gen1200_mut0.02_elite2_tour2,225,1200,0.0200,2,2,10,5,1,True,0.1578,2,2,450,15498.00,4633.40,-0.0050
pop225_gen1200_mut0.02_elite2_tour2,225,1200,0.0200,2,2,10,5,2,True,3.1544,41,41,9225,15514.60,14128.40,-0.0920
pop225_gen1200_mut0.02_elite2_tour2,225,1200,0.0200,2,2,10,5,3,False,60.9762,794,,178875,15454.60,14474.80,-0.0120
pop225_gen1200_mut0.02_elite2_tour2,225,1200,0.0200,2,2,10,5,4,True,1.1377,15,15,3375,15486.00,13953.60,-0.0650
pop225_gen1200_mut0.02_elite2_tour2,225,1200,0.0200,2,2,10,5,5,True,0.9252,12,12,2700,15516.60,4664.80,-0.0580
pop225_gen1200_mut0.02_elite2_tour3,225,1200,0.0200,2,3,10,5,1,True,0.0938,1,1,225,15495.80,0.00,0.0000
pop225_gen1200_mut0.02_elite2_tour3,225,1200,0.0200,2,3,10,5,2,True,1.3907,36,36,8100,15575.40,19678.60,-0.0860
pop225_gen1200_mut0.02_elite2_tour3,225,1200,0.0200,2,3,10,5,3,True,1.5501,20,20,4500,15549.80,9645.20,-0.0670
pop225_gen1200_mut0.02_elite2_tour3,225,1200,0.0200,2,3,10,5,4,False,63.1007,832,,187425,15348.00,14865.20,-0.0080
pop225_gen1200_mut0.02_elite2_tour3,225,1200,0.0200,2,3,10,5,5,True,2.1214,27,27,6075,15517.80,18805.40,-0.0700
pop225_gen1200_mut0.02_elite2_tour4,225,1200,0.0200,2,4,10,5,1,True,0.0956,1,1,225,15505.40,0.00,0.0000
pop225_gen1200_mut0.02_elite2_tour4,225,1200,0.0200,2,4,10,5,2,True,0.7777,10,10,2250,15527.00,9363.60,-0.0790
pop225_gen1200_mut0.02_elite2_tour4,225,1200,0.0200,2,4,10,5,3,True,0.0944,1,1,225,15518.40,0.00,0.0000
pop225_gen1200_mut0.02_elite2_tour4,225,1200,0.0200,2,4,10,5,4,True,2.8190,36,36,8100,15518.00,4759.80,-0.0330
pop225_gen1200_mut0.02_elite2_tour4,225,1200,0.0200,2,4,10,5,5,True,4.3482,55,55,12375,15575.40,10230.40,-0.0610
pop250_gen1200_mut0.02_elite2_tour2,250,1200,0.0200,2,2,10,5,1,True,2.2886,24,24,6000,15538.60,14288.00,-0.1050
pop250_gen1200_mut0.02_elite2_tour2,250,1200,0.0200,2,2,10,5,2,True,1.5149,17,17,4250,15538.20,9741.40,-0.1010
pop250_gen1200_mut0.02_elite2_tour2,250,1200,0.0200,2,2,10,5,3,True,4.4306,48,48,12000,15537.80,14051.00,-0.0740
pop250_gen1200_mut0.02_elite2_tour2,250,1200,0.0200,2,2,10,5,4,True,2.4984,27,27,6750,15546.80,14309.60,-0.0700
pop250_gen1200_mut0.02_elite2_tour2,250,1200,0.0200,2,2,10,5,5,True,6.4397,85,85,21250,15535.20,9699.60,-0.0520
pop250_gen1200_mut0.02_elite2_tour3,250,1200,0.0200,2,3,10,5,1,True,0.5545,6,6,1500,15532.60,4852.60,-0.0430
pop250_gen1200_mut0.02_elite2_tour3,250,1200,0.0200,2,3,10,5,2,True,0.9115,10,10,2500,15517.60,4817.60,-0.0350
pop250_gen1200_mut0.02_elite2_tour3,250,1200,0.0200,2,3,10,5,3,True,1.8396,20,20,5000,15511.20,13995.40,-0.0720
pop250_gen1200_mut0.02_elite2_tour3,250,1200,0.0200,2,3,10,5,4,False,61.7854,692,,173250,15412.80,14153.80,-0.0080
pop250_gen1200_mut0.02_elite2_tour3,250,1200,0.0200,2,3,10,5,5,True,0.5621,6,6,1500,15504.60,4689.20,-0.0460
pop250_gen1200_mut0.02_elite2_tour4,250,1200,0.0200,2,4,10,5,1,True,5.8450,65,65,16250,15511.40,5025.80,-0.0180
pop250_gen1200_mut0.02_elite2_tour4,250,1200,0.0200,2,4,10,5,2,False,67.7070,748,,187250,15504.00,9513.00,-0.0050
pop250_gen1200_mut0.02_elite2_tour4,250,1200,0.0200,2,4,10,5,3,True,3.5001,38,38,9500,15565.80,24135.80,-0.0640
pop250_gen1200_mut0.02_elite2_tour4,250,1200,0.0200,2,4,10,5,4,True,3.3127,35,35,8750,15561.20,14552.00,-0.1070
pop250_gen1200_mut0.02_elite2_tour4,250,1200,0.0200,2,4,10,5,5,True,2.1545,23,23,5750,15566.20,19283.40,-0.0790
pop150_gen1200_mut0.025_elite2_tour2,150,1200,0.0250,2,2,10,5,1,True,0.0539,1,1,150,15501.40,0.00,0.0000
pop150_gen1200_mut0.025_elite2_tour2,150,1200,0.0250,2,2,10,5,2,True,0.2070,5,5,750,15485.60,9251.00,-0.0350
pop150_gen1200_mut0.025_elite2_tour2,150,1200,0.0250,2,2,10,5,3,False,33.5446,816,,122550,15502.60,9428.60,-0.0100
pop150_gen1200_mut0.025_elite2_tour2,150,1200,0.0250,2,2,10,5,4,True,1.0794,28,28,4200,15558.20,14684.00,-0.1010
pop150_gen1200_mut0.025_elite2_tour2,150,1200,0.0250,2,2,10,5,5,True,0.0538,1,1,150,15505.00,0.00,0.0000
pop150_gen1200_mut0.025_elite2_tour3,150,1200,0.0250,2,3,10,5,1,True,0.3126,8,8,1200,15544.00,14415.40,-0.0630
pop150_gen1200_mut0.025_elite2_tour3,150,1200,0.0250,2,3,10,5,2,True,0.2038,5,5,750,15523.40,9545.80,-0.0350
pop150_gen1200_mut0.025_elite2_tour3,150,1200,0.0250,2,3,10,5,3,False,32.0609,781,,117300,15456.60,19826.80,-0.0100
pop150_gen1200_mut0.025_elite2_tour3,150,1200,0.0250,2,3,10,5,4,True,0.0532,1,1,150,15519.80,0.00,0.0000
pop150_gen1200_mut0.025_elite2_tour3,150,1200,0.0250,2,3,10,5,5,True,0.6369,15,15,2250,15557.40,9547.40,-0.0970
pop150_gen1200_mut0.025_elite2_tour4,150,1200,0.0250,2,4,10,5,1,True,-1.0495,10,10,1500,15518.20,5180.80,-0.1000
pop150_gen1200_mut0.025_elite2_tour4,150,1200,0.0250,2,4,10,5,2,True,0.0536,1,1,150,15506.60,0.00,0.0000
pop150_gen1200_mut0.025_elite2_tour4,150,1200,0.0250,2,4,10,5,3,True,0.1791,4,4,600,15521.40,4763.20,-0.0300
pop150_gen1200_mut0.025_elite2_tour4,150,1200,0.0250,2,4,10,5,4,True,0.4582,11,11,1650,15521.80,9502.80,-0.0540
pop150_gen1200_mut0.025_elite2_tour4,150,1200,0.0250,2,4,10,5,5,True,3.2401,73,73,10950,15509.00,9362.40,-0.0470
pop175_gen1200_mut0.025_elite2_tour2,175,1200,0.0250,2,2,10,5,1,True,0.8834,18,18,3150,15535.60,14646.40,-0.0770
pop175_gen1200_mut0.025_elite2_tour2,175,1200,0.0250,2,2,10,5,2,True,1.3374,27,27,4725,15518.20,9846.60,-0.1210
pop175_gen1200_mut0.025_elite2_tour2,175,1200,0.0250,2,2,10,5,3,True,2.6180,50,50,8750,15577.80,10026.00,-0.1180
pop175_gen1200_mut0.025_elite2_tour2,175,1200,0.0250,2,2,10,5,4,True,0.2161,4,4,700,15521.80,4842.00,-0.0180
pop175_gen1200_mut0.025_elite2_tour2,175,1200,0.0250,2,2,10,5,5,True,0.0663,1,1,175,15511.00,0.00,0.0000
pop175_gen1200_mut0.025_elite2_tour3,175,1200,0.0250,2,3,10,5,1,True,0.0664,1,1,175,15511.00,0.00,0.0000
pop175_gen1200_mut0.025_elite2_tour3,175,1200,0.0250,2,3,10,5,2,True,0.1101,2,2,350,15533.00,4785.40,-0.0060
pop175_gen1200_mut0.025_elite2_tour3,175,1200,0.0250,2,3,10,5,3,True,2.6963,50,50,8750,15552.00,9832.20,-0.0830
pop175_gen1200_mut0.025_elite2_tour3,175,1200,0.0250,2,3,10,5,4,True,2.2492,43,43,7525,15537.40,14557.00,-0.0880
pop175_gen1200_mut0.025_elite2_tour3,175,1200,0.0250,2,3,10,5,5,True,1.9292,37,37,6475,15586.60,19628.00,-0.0900
pop175_gen1200_mut0.025_elite2_tour4,175,1200,0.0250,2,4,10,5,1,True,0.0672,1,1,175,15517.60,0.00,0.0000
pop175_gen1200_mut0.025_elite2_tour4,175,1200,0.0250,2,4,10,5,2,True,1.6643,31,31,5425,15537.40,14569.60,-0.0900
pop175_gen1200_mut0.025_elite2_tour4,175,1200,0.0250,2,4,10,5,3,True,0.6315,12,12,2100,15557.00,19454.00,-0.0960
pop175_gen1200_mut0.025_elite2_tour4,175,1200,0.0250,2,4,10,5,4,False,34.2906,695,,121800,15000.80,4676.60,-0.0060
pop175_gen1200_mut0.025_elite2_tour4,175,1200,0.0250,2,4,10,5,5,True,0.0667,1,1,175,15510.60,0.00,0.0000
pop200_gen1200_mut0.025_elite2_tour2,200,1200,0.0250,2,2,10,5,1,True,0.1958,3,3,600,15531.00,4661.40,-0.0140
pop200_gen1200_mut0.025_elite2_tour2,200,1200,0.0250,2,2,10,5,2,True,12.2591,204,204,40800,15521.40,14136.00,-0.0250
pop200_gen1200_mut0.025_elite2_tour2,200,1200,0.0250,2,2,10,5,3,True,0.0792,1,1,200,15521.00,0.00,0.0000
pop200_gen1200_mut0.025_elite2_tour2,200,1200,0.0250,2,2,10,5,4,True,0.1272,2,2,400,15530.20,4951.40,-0.0100
pop200_gen1200_mut0.025_elite2_tour2,200,1200,0.0250,2,2,10,5,5,True,3.7349,58,58,11600,15585.40,10207.60,-0.0880
pop200_gen1200_mut0.025_elite2_tour3,200,1200,0.0250,2,3,10,5,1,True,0.3218,5,5,1000,15501.80,9284.80,-0.0360
pop200_gen1200_mut0.025_elite2_tour3,200,1200,0.0250,2,3,10,5,2,True,0.0790,1,1,200,15503.00,0.00,0.0000
pop200_gen1200_mut0.025_elite2_tour3,200,1200,0.0250,2,3,10,5,3,True,1.2714,20,20,4000,15548.60,9646.00,-0.0660
pop200_gen1200_mut0.025_elite2_tour3,200,1200,0.0250,2,3,10,5,4,True,0.1877,3,3,600,15532.20,5246.00,-0.0160
pop200_gen1200_mut0.025_elite2_tour3,200,1200,0.0250,2,3,10,5,5,True,0.4257,7,7,1400,15519.00,9476.00,-0.0560
pop200_gen1200_mut0.025_elite2_tour4,200,1200,0.0250,2,4,10,5,1,True,2.3712,36,36,7200,15542.40,14328.60,-0.0500
pop200_gen1200_mut0.025_elite2_tour4,200,1200,0.0250,2,4,10,5,2,True,0.4866,8,8,1600,15510.20,9749.80,-0.0540
pop200_gen1200_mut0.025_elite2_tour4,200,1200,0.0250,2,4,10,5,3,True,0.1333,2,2,400,15504.80,4644.40,-0.0090
pop200_gen1200_mut0.025_elite2_tour4,200,1200,0.0250,2,4,10,5,4,True,0.8439,13,13,2600,15507.80,5075.60,-0.1000
pop200_gen1200_mut0.025_elite2_tour4,200,1200,0.0250,2,4,10,5,5,True,0.4295,7,7,1400,15530.20,9640.00,-0.0750
pop225_gen1200_mut0.025_elite2_tour2,225,1200,0.0250,2,2,10,5,1,False,60.9551,795,,179100,15347.80,14707.40,-0.0320
pop225_gen1200_mut0.025_elite2_tour2,225,1200,0.0250,2,2,10,5,2,True,0.1532,2,2,450,15517.60,5118.40,-0.0090
pop225_gen1200_mut0.025_elite2_tour2,225,1200,0.0250,2,2,10,5,3,True,0.6554,9,9,2025,15508.60,14274.80,-0.0450
pop225_gen1200_mut0.025_elite2_tour2,225,1200,0.0250,2,2,10,5,4,True,2.0332,26,26,5850,15577.40,14891.40,-0.1430
pop225_gen1200_mut0.025_elite2_tour2,225,1200,0.0250,2,2,10,5,5,True,0.0968,1,1,225,15525.80,0.00,0.0000
pop225_gen1200_mut0.025_elite2_tour3,225,1200,0.0250,2,3,10,5,1,True,0.3137,4,4,900,15515.60,9233.80,-0.0350
pop225_gen1200_mut0.025_elite2_tour3,225,1200,0.0250,2,3,10,5,2,False,55.8809,738,,166275,15489.80,4971.60,-0.0110
pop225_gen1200_mut0.025_elite2_tour3,225,1200,0.0250,2,3,10,5,3,True,0.3088,4,4,900,15527.60,5246.00,-0.0270
pop225_gen1200_mut0.025_elite2_tour3,225,1200,0.0250,2,3,10,5,4,True,0.2244,3,3,675,15519.40,9478.80,-0.0210
pop225_gen1200_mut0.025_elite2_tour3,225,1200,0.0250,2,3,10,5,5,True,1.3773,18,18,4050,15529.80,9563.60,-0.0890
pop225_gen1200_mut0.025_elite2_tour4,225,1200,0.0250,2,4,10,5,1,False,90.6912,1200,,270000,15447.00,14222.60,-0.0070
pop225_gen1200_mut0.025_elite2_tour4,225,1200,0.0250,2,4,10,5,2,True,1.1743,15,15,3375,15546.20,14283.60,-0.1010
pop225_gen1200_mut0.025_elite2_tour4,225,1200,0.0250,2,4,10,5,3,True,0.4447,6,6,1350,15491.40,4907.80,-0.0560
pop225_gen1200_mut0.025_elite2_tour4,225,1200,0.0250,2,4,10,5,4,True,0.2356,3,3,675,15485.00,9246.80,-0.0090
pop225_gen1200_mut0.025_elite2_tour4,225,1200,0.0250,2,4,10,5,5,True,0.2340,3,3,675,15513.60,9436.80,-0.0210
pop250_gen1200_mut0.025_elite2_tour2,250,1200,0.0250,2,2,10,5,1,True,0.1130,1,1,250,15525.40,0.00,0.0000
pop250_gen1200_mut0.025_elite2_tour2,250,1200,0.0250,2,2,10,5,2,True,0.9884,11,11,2750,15507.20,4813.40,-0.0610
pop250_gen1200_mut0.025_elite2_tour2,250,1200,0.0250,2,2,10,5,3,True,0.4406,5,5,1250,15542.20,5042.60,-0.0330
pop250_gen1200_mut0.025_elite2_tour2,250,1200,0.0250,2,2,10,5,4,True,1.0070,11,11,2750,15503.00,4683.00,-0.0720
pop250_gen1200_mut0.025_elite2_tour2,250,1200,0.0250,2,2,10,5,5,True,3.1537,33,33,8250,15548.20,19058.40,-0.1080
pop250_gen1200_mut0.025_elite2_tour3,250,1200,0.0250,2,3,10,5,1,True,5.8857,64,64,16000,15507.80,9529.80,-0.0460
pop250_gen1200_mut0.025_elite2_tour3,250,1200,0.0250,2,3,10,5,2,True,0.1132,1,1,250,15513.80,0.00,0.0000
pop250_gen1200_mut0.025_elite2_tour3,250,1200,0.0250,2,3,10,5,3,True,1.2133,13,13,3250,15515.40,14043.80,-0.1070
pop250_gen1200_mut0.025_elite2_tour3,250,1200,0.0250,2,3,10,5,4,True,0.3653,4,4,1000,15533.40,9575.80,-0.0260
pop250_gen1200_mut0.025_elite2_tour3,250,1200,0.0250,2,3,10,5,5,True,1.9842,22,22,5500,15547.00,14357.60,-0.1160
pop250_gen1200_mut0.025_elite2_tour4,250,1200,0.0250,2,4,10,5,1,True,4.1844,62,62,15500,15520.60,9631.00,-0.0280
pop250_gen1200_mut0.025_elite2_tour4,250,1200,0.0250,2,4,10,5,2,True,0.9024,10,10,2500,15508.60,18637.40,-0.0520
pop250_gen1200_mut0.025_elite2_tour4,250,1200,0.0250,2,4,10,5,3,True,4.4026,47,47,11750,15558.20,14599.60,-0.0470
pop250_gen1200_mut0.025_elite2_tour4,250,1200,0.0250,2,4,10,5,4,True,0.8439,9,9,2250,15526.60,9400.00,-0.0820
pop250_gen1200_mut0.025_elite2_tour4,250,1200,0.0250,2,4,10,5,5,True,2.0299,22,22,5500,15584.40,19836.40,-0.1000
pop150_gen1200_mut0.03_elite2_tour2,150,1200,0.0300,2,2,10,5,1,True,6.0113,143,143,21450,15545.00,14540.40,-0.0820
pop150_gen1200_mut0.03_elite2_tour2,150,1200,0.0300,2,2,10,5,2,True,0.1932,5,5,750,15533.40,9602.20,-0.0370
pop150_gen1200_mut0.03_elite2_tour2,150,1200,0.0300,2,2,10,5,3,True,2.5210,61,61,9150,15505.00,9522.80,-0.0940
pop150_gen1200_mut0.03_elite2_tour2,150,1200,0.0300,2,2,10,5,4,True,0.5518,14,14,2100,15597.00,14967.60,-0.1130
pop150_gen1200_mut0.03_elite2_tour2,150,1200,0.0300,2,2,10,5,5,True,3.0070,71,71,10650,15596.20,5206.00,-0.1030
pop150_gen1200_mut0.03_elite2_tour3,150,1200,0.0300,2,3,10,5,1,True,0.3408,8,8,1200,15520.60,4778.00,-0.0610
pop150_gen1200_mut0.03_elite2_tour3,150,1200,0.0300,2,3,10,5,2,False,43.4608,1087,,163200,15504.00,9467.00,-0.0070
pop150_gen1200_mut0.03_elite2_tour3,150,1200,0.0300,2,3,10,5,3,True,0.1716,4,4,600,15532.60,9478.20,-0.0330
pop150_gen1200_mut0.03_elite2_tour3,150,1200,0.0300,2,3,10,5,4,True,0.8958,23,23,3450,15576.60,14686.00,-0.0940
pop150_gen1200_mut0.03_elite2_tour3,150,1200,0.0300,2,3,10,5,5,True,0.2524,6,6,900,15556.00,4871.00,-0.0520
pop150_gen1200_mut0.03_elite2_tour4,150,1200,0.0300,2,4,10,5,1,True,0.1625,4,4,600,15533.20,10025.40,-0.0450
pop150_gen1200_mut0.03_elite2_tour4,150,1200,0.0300,2,4,10,5,2,True,1.0346,25,25,3750,15557.00,19430.40,-0.0750
pop150_gen1200_mut0.03_elite2_tour4,150,1200,0.0300,2,4,10,5,3,True,0.9344,22,22,3300,15577.80,14821.00,-0.0680
pop150_gen1200_mut0.03_elite2_tour4,150,1200,0.0300,2,4,10,5,4,True,1.1370,27,27,4050,15523.20,9607.60,-0.0640
pop150_gen1200_mut0.03_elite2_tour4,150,1200,0.0300,2,4,10,5,5,True,0.0533,1,1,150,15514.60,0.00,0.0000
pop175_gen1200_mut0.03_elite2_tour2,175,1200,0.0300,2,2,10,5,1,True,0.0662,1,1,175,15513.80,0.00,0.0000
pop175_gen1200_mut0.03_elite2_tour2,175,1200,0.0300,2,2,10,5,2,True,0.0665,1,1,175,15513.80,0.00,0.0000
pop175_gen1200_mut0.03_elite2_tour2,175,1200,0.0300,2,2,10,5,3,True,0.3550,7,7,1225,15499.00,4840.00,-0.0640
pop175_gen1200_mut0.03_elite2_tour2,175,1200,0.0300,2,2,10,5,4,True,0.1083,2,2,350,15509.20,4653.40,-0.0070
pop175_gen1200_mut0.03_elite2_tour2,175,1200,0.0300,2,2,10,5,5,True,0.2116,4,4,700,15502.20,9286.20,-0.0340
pop175_gen1200_mut0.03_elite2_tour3,175,1200,0.0300,2,3,10,5,1,True,1.8998,36,36,6300,15585.40,14963.20,-0.0820
pop175_gen1200_mut0.03_elite2_tour3,175,1200,0.0300,2,3,10,5,2,True,1.1085,21,21,3675,15546.60,9951.40,-0.1140
pop175_gen1200_mut0.03_elite2_tour3,175,1200,0.0300,2,3,10,5,3,True,0.1089,2,2,350,15520.20,4648.40,-0.0120
pop175_gen1200_mut0.03_elite2_tour3,175,1200,0.0300,2,3,10,5,4,True,0.6043,12,12,2100,15592.40,4951.80,-0.0830
pop175_gen1200_mut0.03_elite2_tour3,175,1200,0.0300,2,3,10,5,5,True,1.0575,21,21,3675,15586.20,15028.80,-0.1130
pop175_gen1200_mut0.03_elite2_tour4,175,1200,0.0300,2,4,10,5,1,True,0.3520,7,7,1225,15529.00,14462.80,-0.0480
pop175_gen1200_mut0.03_elite2_tour4,175,1200,0.0300,2,4,10,5,2,True,0.5885,11,11,1925,15540.60,9933.40,-0.0880
pop175_gen1200_mut0.03_elite2_tour4,175,1200,0.0300,2,4,10,5,3,True,0.1090,2,2,350,15520.60,4658.40,-0.0110
pop175_gen1200_mut0.03_elite2_tour4,175,1200,0.0300,2,4,10,5,4,True,1.8441,34,34,5950,15585.00,19256.00,-0.0800
pop175_gen1200_mut0.03_elite2_tour4,175,1200,0.0300,2,4,10,5,5,True,5.2391,101,101,17675,15568.60,14472.60,-0.0220
pop200_gen1200_mut0.03_elite2_tour2,200,1200,0.0300,2,2,10,5,1,True,0.0822,1,1,200,15519.80,0.00,0.0000
pop200_gen1200_mut0.03_elite2_tour2,200,1200,0.0300,2,2,10,5,2,True,0.0809,1,1,200,15515.00,0.00,0.0000
pop200_gen1200_mut0.03_elite2_tour2,200,1200,0.0300,2,2,10,5,3,True,0.6888,11,11,2200,15519.80,14469.40,-0.0680
pop200_gen1200_mut0.03_elite2_tour2,200,1200,0.0300,2,2,10,5,4,True,1.5852,24,24,4800,15544.80,18815.60,-0.1010
pop200_gen1200_mut0.03_elite2_tour2,200,1200,0.0300,2,2,10,5,5,True,1.8499,28,28,5600,15527.00,9570.60,-0.0880
pop200_gen1200_mut0.03_elite2_tour3,200,1200,0.0300,2,3,10,5,1,True,0.0814,1,1,200,15503.40,0.00,0.0000
pop200_gen1200_mut0.03_elite2_tour3,200,1200,0.0300,2,3,10,5,2,True,0.0808,1,1,200,15520.40,0.00,0.0000
pop200_gen1200_mut0.03_elite2_tour3,200,1200,0.0300,2,3,10,5,3,True,0.1354,2,2,400,15526.40,4683.40,-0.0110
pop200_gen1200_mut0.03_elite2_tour3,200,1200,0.0300,2,3,10,5,4,True,1.2156,19,19,3800,15499.80,9379.80,-0.1040
pop200_gen1200_mut0.03_elite2_tour3,200,1200,0.0300,2,3,10,5,5,True,0.1298,2,2,400,15525.60,5340.40,-0.0120
pop200_gen1200_mut0.03_elite2_tour4,200,1200,0.0300,2,4,10,5,1,True,0.3874,6,6,1200,15525.40,14234.80,-0.0790
pop200_gen1200_mut0.03_elite2_tour4,200,1200,0.0300,2,4,10,5,2,True,0.9885,15,15,3000,15536.00,4996.80,-0.0830
pop200_gen1200_mut0.03_elite2_tour4,200,1200,0.0300,2,4,10,5,3,True,0.3329,5,5,1000,15522.60,4816.40,-0.0560
pop200_gen1200_mut0.03_elite2_tour4,200,1200,0.0300,2,4,10,5,4,True,0.3936,6,6,1200,15513.20,4700.00,-0.0690
pop200_gen1200_mut0.03_elite2_tour4,200,1200,0.0300,2,4,10,5,5,False,51.6358,817,,163600,15439.80,14675.00,-0.0200
pop225_gen1200_mut0.03_elite2_tour2,225,1200,0.0300,2,2,10,5,1,True,1.8232,23,23,5175,15568.60,10052.40,-0.1020
pop225_gen1200_mut0.03_elite2_tour2,225,1200,0.0300,2,2,10,5,2,True,0.1623,2,2,450,15518.80,4623.40,-0.0070
pop225_gen1200_mut0.03_elite2_tour2,225,1200,0.0300,2,2,10,5,3,False,66.4559,866,,195075,15498.40,9572.60,-0.0130
pop225_gen1200_mut0.03_elite2_tour2,225,1200,0.0300,2,2,10,5,4,True,0.9036,12,12,2700,15548.60,14612.80,-0.1040
pop225_gen1200_mut0.03_elite2_tour2,225,1200,0.0300,2,2,10,5,5,True,0.1579,2,2,450,15538.80,4833.40,-0.0090
pop225_gen1200_mut0.03_elite2_tour3,225,1200,0.0300,2,3,10,5,1,False,51.9412,691,,155700,15498.80,14466.40,-0.0080
pop225_gen1200_mut0.03_elite2_tour3,225,1200,0.0300,2,3,10,5,2,True,1.7876,23,23,5175,15538.60,5014.00,-0.0980
pop225_gen1200_mut0.03_elite2_tour3,225,1200,0.0300,2,3,10,5,3,True,3.3156,42,42,9450,15558.20,14630.60,-0.1080
pop225_gen1200_mut0.03_elite2_tour3,225,1200,0.0300,2,3,10,5,4,True,0.3918,5,5,1125,15505.20,4756.40,-0.0410
pop225_gen1200_mut0.03_elite2_tour3,225,1200,0.0300,2,3,10,5,5,True,0.0959,1,1,225,15525.00,0.00,0.0000
pop225_gen1200_mut0.03_elite2_tour4,225,1200,0.0300,2,4,10,5,1,True,0.0975,1,1,225,15504.60,0.00,0.0000
pop225_gen1200_mut0.03_elite2_tour4,225,1200,0.0300,2,4,10,5,2,True,1.0187,13,13,2925,15519.00,4912.40,-0.0870
pop225_gen1200_mut0.03_elite2_tour4,225,1200,0.0300,2,4,10,5,3,True,1.8802,25,25,5625,15517.40,18902.60,-0.0910
pop225_gen1200_mut0.03_elite2_tour4,225,1200,0.0300,2,4,10,5,4,True,0.2519,3,3,675,15505.60,4619.00,-0.0270
pop225_gen1200_mut0.03_elite2_tour4,225,1200,0.0300,2,4,10,5,5,True,0.0957,1,1,225,15523.00,0.00,0.0000
pop250_gen1200_mut0.03_elite2_tour2,250,1200,0.0300,2,2,10,5,1,True,0.1126,1,1,250,15522.20,0.00,0.0000
pop250_gen1200_mut0.03_elite2_tour2,250,1200,0.0300,2,2,10,5,2,True,5.1605,70,70,17500,15586.60,10321.60,-0.1280
pop250_gen1200_mut0.03_elite2_tour2,250,1200,0.0300,2,2,10,5,3,True,0.1145,1,1,250,15523.00,0.00,0.0000
pop250_gen1200_mut0.03_elite2_tour2,250,1200,0.0300,2,2,10,5,4,True,0.3555,4,4,1000,15503.00,9280.80,-0.0310
pop250_gen1200_mut0.03_elite2_tour2,250,1200,0.0300,2,2,10,5,5,True,2.6091,28,28,7000,15529.80,14270.20,-0.1000
pop250_gen1200_mut0.03_elite2_tour3,250,1200,0.0300,2,3,10,5,1,True,2.2831,24,24,6000,15554.00,14493.20,-0.1150
pop250_gen1200_mut0.03_elite2_tour3,250,1200,0.0300,2,3,10,5,2,True,0.3861,4,4,1000,15528.20,9208.20,-0.0410
pop250_gen1200_mut0.03_elite2_tour3,250,1200,0.0300,2,3,10,5,3,True,1.0860,12,12,3000,15525.40,9550.80,-0.0820
pop250_gen1200_mut0.03_elite2_tour3,250,1200,0.0300,2,3,10,5,4,True,0.6428,7,7,1750,15528.20,9472.40,-0.0620
pop250_gen1200_mut0.03_elite2_tour3,250,1200,0.0300,2,3,10,5,5,True,0.4676,5,5,1250,15525.60,4720.60,-0.0410
pop250_gen1200_mut0.03_elite2_tour4,250,1200,0.0300,2,4,10,5,1,True,0.8453,9,9,2250,15510.00,9362.60,-0.0940
pop250_gen1200_mut0.03_elite2_tour4,250,1200,0.0300,2,4,10,5,2,True,2.2568,24,24,6000,15532.60,9463.60,-0.1150
pop250_gen1200_mut0.03_elite2_tour4,250,1200,0.0300,2,4,10,5,3,True,3.1489,34,34,8500,15585.80,15250.00,-0.1120
pop250_gen1200_mut0.03_elite2_tour4,250,1200,0.0300,2,4,10,5,4,True,0.1117,1,1,250,15522.20,0.00,0.0000
pop250_gen1200_mut0.03_elite2_tour4,250,1200,0.0300,2,4,10,5,5,True,0.1871,2,2,500,15498.80,4628.40,-0.0080
pop150_gen1200_mut0.035_elite2_tour2,150,1200,0.0350,2,2,10,5,1,True,0.7991,19,19,2850,15508.20,9543.20,-0.0990
pop150_gen1200_mut0.035_elite2_tour2,150,1200,0.0350,2,2,10,5,2,True,0.1273,3,3,450,15511.40,4849.40,-0.0230
pop150_gen1200_mut0.035_elite2_tour2,150,1200,0.0350,2,2,10,5,3,True,0.0855,2,2,300,15520.20,4648.40,-0.0130
pop150_gen1200_mut0.035_elite2_tour2,150,1200,0.0350,2,2,10,5,4,True,0.2839,7,7,1050,15496.80,4754.20,-0.0590
pop150_gen1200_mut0.035_elite2_tour2,150,1200,0.0350,2,2,10,5,5,True,0.0845,2,2,300,15520.60,4613.40,-0.0120
pop150_gen1200_mut0.035_elite2_tour3,150,1200,0.0350,2,3,10,5,1,True,0.1677,4,4,600,15494.60,4748.00,-0.0230
pop150_gen1200_mut0.035_elite2_tour3,150,1200,0.0350,2,3,10,5,2,True,0.4137,10,10,1500,15559.80,9623.00,-0.0810
pop150_gen1200_mut0.035_elite2_tour3,150,1200,0.0350,2,3,10,5,3,True,0.3230,8,8,1200,15531.00,9820.60,-0.0750
pop150_gen1200_mut0.035_elite2_tour3,150,1200,0.0350,2,3,10,5,4,True,1.2633,30,30,4500,15587.40,10297.60,-0.1100
pop150_gen1200_mut0.035_elite2_tour3,150,1200,0.0350,2,3,10,5,5,True,1.4640,35,35,5250,15575.80,14593.80,-0.0960
pop150_gen1200_mut0.035_elite2_tour4,150,1200,0.0350,2,4,10,5,1,True,5.1151,119,119,17850,15524.40,9793.20,-0.0350
pop150_gen1200_mut0.035_elite2_tour4,150,1200,0.0350,2,4,10,5,2,True,1.3390,32,32,4800,15584.60,24401.00,-0.0850
pop150_gen1200_mut0.035_elite2_tour4,150,1200,0.0350,2,4,10,5,3,True,0.9681,23,23,3450,15522.40,14154.60,-0.1000
pop150_gen1200_mut0.035_elite2_tour4,150,1200,0.0350,2,4,10,5,4,True,1.0607,62,62,9300,15547.80,19273.60,-0.0480
pop150_gen1200_mut0.035_elite2_tour4,150,1200,0.0350,2,4,10,5,5,True,0.7600,18,18,2700,15572.40,19586.40,-0.1070
pop175_gen1200_mut0.035_elite2_tour2,175,1200,0.0350,2,2,10,5,1,False,61.6600,1200,,210000,10858.80,15004.80,-0.0760
pop175_gen1200_mut0.035_elite2_tour2,175,1200,0.0350,2,2,10,5,2,False,41.9784,801,,140350,14961.80,8966.80,-0.0520
pop175_gen1200_mut0.035_elite2_tour2,175,1200,0.0350,2,2,10,5,3,True,0.1110,2,2,350,15507.20,4666.40,-0.0120
pop175_gen1200_mut0.035_elite2_tour2,175,1200,0.0350,2,2,10,5,4,True,0.4316,8,8,1400,15601.00,9864.60,-0.0720
pop175_gen1200_mut0.035_elite2_tour2,175,1200,0.0350,2,2,10,5,5,True,2.0245,38,38,6650,15565.40,19620.60,-0.1280
pop175_gen1200_mut0.035_elite2_tour3,175,1200,0.0350,2,3,10,5,1,True,0.2596,5,5,875,15554.80,9758.20,-0.0530
pop175_gen1200_mut0.035_elite2_tour3,175,1200,0.0350,2,3,10,5,2,True,0.0664,1,1,175,15519.60,0.00,0.0000
pop175_gen1200_mut0.035_elite2_tour3,175,1200,0.0350,2,3,10,5,3,True,1.1674,23,23,4025,15539.00,10110.60,-0.1010
pop175_gen1200_mut0.035_elite2_tour3,175,1200,0.0350,2,3,10,5,4,True,0.2651,5,5,875,15517.60,4771.80,-0.0460
pop175_gen1200_mut0.035_elite2_tour3,175,1200,0.0350,2,3,10,5,5,True,0.1021,2,2,350,15500.00,4950.80,-0.0100
pop175_gen1200_mut0.035_elite2_tour4,175,1200,0.0350,2,4,10,5,1,True,0.0665,1,1,175,15524.20,0.00,0.0000
pop175_gen1200_mut0.035_elite2_tour4,175,1200,0.0350,2,4,10,5,2,True,1.8185,34,34,5950,15585.40,15259.80,-0.1070
pop175_gen1200_mut0.035_elite2_tour4,175,1200,0.0350,2,4,10,5,3,True,0.2137,4,4,700,15503.20,9230.80,-0.0550
pop175_gen1200_mut0.035_elite2_tour4,175,1200,0.0350,2,4,10,5,4,True,0.1090,2,2,350,15505.20,4582.40,-0.0140
pop175_gen1200_mut0.035_elite2_tour4,175,1200,0.0350,2,4,10,5,5,True,0.1696,3,3,525,15528.80,9512.20,-0.0220
pop200_gen1200_mut0.035_elite2_tour2,200,1200,0.0350,2,2,10,5,1,True,5.6853,86,86,17200,15575.00,19576.00,-0.1520
pop200_gen1200_mut0.035_elite2_tour2,200,1200,0.0350,2,2,10,5,2,False,77.8332,1200,,240000,15350.80,9894.20,-0.1070
pop200_gen1200_mut0.035_elite2_tour2,200,1200,0.0350,2,2,10,5,3,True,0.0814,1,1,200,15518.40,0.00,0.0000
pop200_gen1200_mut0.035_elite2_tour2,200,1200,0.0350,2,2,10,5,4,True,0.2648,4,4,800,15471.00,4495.80,-0.0290
pop200_gen1200_mut0.035_elite2_tour2,200,1200,0.0350,2,2,10,5,5,True,1.8883,30,30,6000,15557.00,14608.40,-0.1430
pop200_gen1200_mut0.035_elite2_tour3,200,1200,0.0350,2,3,10,5,1,True,0.1885,3,3,600,15527.60,9810.60,-0.0260
pop200_gen1200_mut0.035_elite2_tour3,200,1200,0.0350,2,3,10,5,2,True,0.5059,8,8,1600,15529.80,9814.20,-0.0790
pop200_gen1200_mut0.035_elite2_tour3,200,1200,0.0350,2,3,10,5,3,True,0.6482,10,10,2000,15531.40,9482.40,-0.0790
pop200_gen1200_mut0.035_elite2_tour3,200,1200,0.0350,2,3,10,5,4,True,1.8387,29,29,5800,15518.20,9325.40,-0.1150
pop200_gen1200_mut0.035_elite2_tour3,200,1200,0.0350,2,3,10,5,5,True,1.7895,27,27,5400,15566.40,14668.60,-0.0900
pop200_gen1200_mut0.035_elite2_tour4,200,1200,0.0350,2,4,10,5,1,True,0.0806,1,1,200,15520.60,0.00,0.0000
pop200_gen1200_mut0.035_elite2_tour4,200,1200,0.0350,2,4,10,5,2,True,0.3239,5,5,1000,15510.80,4746.80,-0.0390
pop200_gen1200_mut0.035_elite2_tour4,200,1200,0.0350,2,4,10,5,3,True,1.1105,18,18,3600,15511.80,4965.00,-0.0890
pop200_gen1200_mut0.035_elite2_tour4,200,1200,0.0350,2,4,10,5,4,True,0.0810,1,1,200,15515.40,0.00,0.0000
pop200_gen1200_mut0.035_elite2_tour4,200,1200,0.0350,2,4,10,5,5,True,1.1019,17,17,3400,15540.20,9631.40,-0.0830
pop225_gen1200_mut0.035_elite2_tour2,225,1200,0.0350,2,2,10,5,1,False,70.5570,911,,205200,15504.00,9513.00,-0.0130
pop225_gen1200_mut0.035_elite2_tour2,225,1200,0.0350,2,2,10,5,2,True,1.8413,24,24,5400,15516.60,5088.40,-0.1410
pop225_gen1200_mut0.035_elite2_tour2,225,1200,0.0350,2,2,10,5,3,False,62.7392,839,,189000,15464.20,9388.80,-0.0380
pop225_gen1200_mut0.035_elite2_tour2,225,1200,0.0350,2,2,10,5,4,True,0.3106,4,4,900,15517.60,4748.40,-0.0260
pop225_gen1200_mut0.035_elite2_tour2,225,1200,0.0350,2,2,10,5,5,False,60.8051,802,,180675,15504.00,4830.40,-0.0150
pop225_gen1200_mut0.035_elite2_tour3,225,1200,0.0350,2,3,10,5,1,True,0.0937,1,1,225,15519.80,0.00,0.0000
pop225_gen1200_mut0.035_elite2_tour3,225,1200,0.0350,2,3,10,5,2,True,3.5877,44,44,9900,15557.40,14593.60,-0.0920
pop225_gen1200_mut0.035_elite2_tour3,225,1200,0.0350,2,3,10,5,3,True,8.3885,103,103,23175,15533.60,9827.20,-0.0640
pop225_gen1200_mut0.035_elite2_tour3,225,1200,0.0350,2,3,10,5,4,True,0.6301,8,8,1800,15522.60,4803.00,-0.0670
pop225_gen1200_mut0.035_elite2_tour3,225,1200,0.0350,2,3,10,5,5,True,1.6022,20,20,4500,15557.40,5041.40,-0.1150
pop225_gen1200_mut0.035_elite2_tour4,225,1200,0.0350,2,4,10,5,1,True,0.3730,5,5,1125,15512.60,9715.20,-0.0460
pop225_gen1200_mut0.035_elite2_tour4,225,1200,0.0350,2,4,10,5,2,True,0.2429,3,3,675,15492.20,9510.00,-0.0240
pop225_gen1200_mut0.035_elite2_tour4,225,1200,0.0350,2,4,10,5,3,True,0.1610,2,2,450,15533.80,4673.40,-0.0110
pop225_gen1200_mut0.035_elite2_tour4,225,1200,0.0350,2,4,10,5,4,True,0.1616,2,2,450,15532.20,4716.40,-0.0110
pop225_gen1200_mut0.035_elite2_tour4,225,1200,0.0350,2,4,10,5,5,True,0.7792,10,10,2250,15558.60,10128.20,-0.0990
pop250_gen1200_mut0.035_elite2_tour2,250,1200,0.0350,2,2,10,5,1,True,0.1110,1,1,250,15520.20,0.00,0.0000
pop250_gen1200_mut0.035_elite2_tour2,250,1200,0.0350,2,2,10,5,2,True,0.3743,4,4,1000,15509.40,9142.20,-0.0380
pop250_gen1200_mut0.035_elite2_tour2,250,1200,0.0350,2,2,10,5,3,True,0.1119,1,1,250,15523.00,0.00,0.0000
pop250_gen1200_mut0.035_elite2_tour2,250,1200,0.0350,2,2,10,5,4,True,0.1103,1,1,250,15499.20,0.00,0.0000
pop250_gen1200_mut0.035_elite2_tour2,250,1200,0.0350,2,2,10,5,5,True,0.6206,7,7,1750,15519.00,9560.20,-0.0770
pop250_gen1200_mut0.035_elite2_tour3,250,1200,0.0350,2,3,10,5,1,True,0.1126,1,1,250,15503.40,0.00,0.0000
pop250_gen1200_mut0.035_elite2_tour3,250,1200,0.0350,2,3,10,5,2,True,0.1101,1,1,250,15519.80,0.00,0.0000
pop250_gen1200_mut0.035_elite2_tour3,250,1200,0.0350,2,3,10,5,3,True,1.4107,15,15,3750,15551.00,9797.40,-0.0810
pop250_gen1200_mut0.035_elite2_tour3,250,1200,0.0350,2,3,10,5,4,True,0.3626,4,4,1000,15521.80,9773.80,-0.0480
pop250_gen1200_mut0.035_elite2_tour3,250,1200,0.0350,2,3,10,5,5,True,0.6570,7,7,1750,15540.60,9518.60,-0.0740
pop250_gen1200_mut0.035_elite2_tour4,250,1200,0.0350,2,4,10,5,1,True,0.1129,1,1,250,15513.80,0.00,0.0000
pop250_gen1200_mut0.035_elite2_tour4,250,1200,0.0350,2,4,10,5,2,True,5.1613,53,53,13250,15509.80,4676.00,-0.0610
pop250_gen1200_mut0.035_elite2_tour4,250,1200,0.0350,2,4,10,5,3,True,0.8236,9,9,2250,15508.40,9349.00,-0.0910
pop250_gen1200_mut0.035_elite2_tour4,250,1200,0.0350,2,4,10,5,4,True,4.7174,49,49,12250,15521.60,9397.40,-0.0440
pop250_gen1200_mut0.035_elite2_tour4,250,1200,0.0350,2,4,10,5,5,False,60.4478,681,,170500,15470.40,19174.80,-0.0160
pop150_gen1200_mut0.04_elite2_tour2,150,1200,0.0400,2,2,10,5,1,False,41.0384,1038,,155850,15499.20,9609.60,-0.0160
pop150_gen1200_mut0.04_elite2_tour2,150,1200,0.0400,2,2,10,5,2,True,2.6859,63,63,9450,15531.40,9574.60,-0.0750
pop150_gen1200_mut0.04_elite2_tour2,150,1200,0.0400,2,2,10,5,3,True,0.6153,15,15,2250,15537.40,14461.60,-0.1320
pop150_gen1200_mut0.04_elite2_tour2,150,1200,0.0400,2,2,10,5,4,True,13.2129,324,324,48600,15577.60,19190.80,-0.1370
pop150_gen1200_mut0.04_elite2_tour2,150,1200,0.0400,2,2,10,5,5,True,6.4570,193,193,28950,15511.40,4941.00,-0.0640
pop150_gen1200_mut0.04_elite2_tour3,150,1200,0.0400,2,3,10,5,1,True,0.1763,4,4,600,15532.20,4777.00,-0.0380
pop150_gen1200_mut0.04_elite2_tour3,150,1200,0.0400,2,3,10,5,2,True,0.0851,2,2,300,15503.00,4751.40,-0.0130
pop150_gen1200_mut0.04_elite2_tour3,150,1200,0.0400,2,3,10,5,3,True,0.6534,16,16,2400,15531.00,9903.40,-0.1020
pop150_gen1200_mut0.04_elite2_tour3,150,1200,0.0400,2,3,10,5,4,True,0.9114,23,23,3450,15547.80,14583.60,-0.1280
pop150_gen1200_mut0.04_elite2_tour3,150,1200,0.0400,2,3,10,5,5,True,1.0393,25,25,3750,15529.00,9729.40,-0.0950
pop150_gen1200_mut0.04_elite2_tour4,150,1200,0.0400,2,4,10,5,1,True,1.5182,36,36,5400,15544.00,5115.80,-0.0920
pop150_gen1200_mut0.04_elite2_tour4,150,1200,0.0400,2,4,10,5,2,True,0.1689,4,4,600,15520.60,4728.00,-0.0440
pop150_gen1200_mut0.04_elite2_tour4,150,1200,0.0400,2,4,10,5,3,True,0.4822,12,12,1800,15557.40,9751.00,-0.1120
pop150_gen1200_mut0.04_elite2_tour4,150,1200,0.0400,2,4,10,5,4,True,0.6940,16,16,2400,15560.20,5017.20,-0.0780
pop150_gen1200_mut0.04_elite2_tour4,150,1200,0.0400,2,4,10,5,5,True,0.2761,7,7,1050,15529.80,14141.60,-0.0710
pop175_gen1200_mut0.04_elite2_tour2,175,1200,0.0400,2,2,10,5,1,True,5.4243,97,97,16975,15585.80,19809.80,-0.1510
pop175_gen1200_mut0.04_elite2_tour2,175,1200,0.0400,2,2,10,5,2,True,7.1439,136,136,23800,15521.00,4946.60,-0.0680
pop175_gen1200_mut0.04_elite2_tour2,175,1200,0.0400,2,2,10,5,3,False,42.8411,852,,149275,15503.20,4931.60,-0.0230
pop175_gen1200_mut0.04_elite2_tour2,175,1200,0.0400,2,2,10,5,4,True,0.0679,1,1,175,15515.80,0.00,0.0000
pop175_gen1200_mut0.04_elite2_tour2,175,1200,0.0400,2,2,10,5,5,True,1.5271,30,30,5250,15587.80,14841.80,-0.1540
pop175_gen1200_mut0.04_elite2_tour3,175,1200,0.0400,2,3,10,5,1,True,0.3693,7,7,1225,15538.20,14217.60,-0.0880
pop175_gen1200_mut0.04_elite2_tour3,175,1200,0.0400,2,3,10,5,2,True,3.0693,56,56,9800,15605.80,14844.80,-0.0990
pop175_gen1200_mut0.04_elite2_tour3,175,1200,0.0400,2,3,10,5,3,True,0.5811,11,11,1925,15530.20,5061.00,-0.0750
pop175_gen1200_mut0.04_elite2_tour3,175,1200,0.0400,2,3,10,5,4,True,0.0654,1,1,175,15520.60,0.00,0.0000
pop175_gen1200_mut0.04_elite2_tour3,175,1200,0.0400,2,3,10,5,5,True,3.3485,63,63,11025,15582.20,10003.20,-0.1160
pop175_gen1200_mut0.04_elite2_tour4,175,1200,0.0400,2,4,10,5,1,False,34.3843,676,,118475,15475.20,19566.20,-0.0150
pop175_gen1200_mut0.04_elite2_tour4,175,1200,0.0400,2,4,10,5,2,True,1.8207,36,36,6300,15568.60,24121.40,-0.1090
pop175_gen1200_mut0.04_elite2_tour4,175,1200,0.0400,2,4,10,5,3,True,0.1112,2,2,350,15515.40,4571.00,-0.0110
pop175_gen1200_mut0.04_elite2_tour4,175,1200,0.0400,2,4,10,5,4,True,0.2674,5,5,875,15507.60,9211.60,-0.0410
pop175_gen1200_mut0.04_elite2_tour4,175,1200,0.0400,2,4,10,5,5,True,0.3830,7,7,1225,15519.40,14111.20,-0.0670
pop200_gen1200_mut0.04_elite2_tour2,200,1200,0.0400,2,2,10,5,1,True,1.6850,27,27,5400,15513.80,4999.00,-0.0770
pop200_gen1200_mut0.04_elite2_tour2,200,1200,0.0400,2,2,10,5,2,True,0.0802,1,1,200,15525.40,0.00,0.0000
pop200_gen1200_mut0.04_elite2_tour2,200,1200,0.0400,2,2,10,5,3,True,4.2332,63,63,12600,15537.40,9621.60,-0.0900
pop200_gen1200_mut0.04_elite2_tour2,200,1200,0.0400,2,2,10,5,4,True,3.9265,61,61,12200,15516.40,9519.00,-0.0920
pop200_gen1200_mut0.04_elite2_tour2,200,1200,0.0400,2,2,10,5,5,True,0.5923,9,9,1800,15547.40,9613.20,-0.1010
pop200_gen1200_mut0.04_elite2_tour3,200,1200,0.0400,2,3,10,5,1,True,0.7175,11,11,2200,15541.00,9895.80,-0.0950
pop200_gen1200_mut0.04_elite2_tour3,200,1200,0.0400,2,3,10,5,2,True,0.0792,1,1,200,15514.20,0.00,0.0000
pop200_gen1200_mut0.04_elite2_tour3,200,1200,0.0400,2,3,10,5,3,True,1.3676,20,20,4000,15595.60,10017.20,-0.0820
pop200_gen1200_mut0.04_elite2_tour3,200,1200,0.0400,2,3,10,5,4,True,0.5163,8,8,1600,15505.40,4722.80,-0.0840
pop200_gen1200_mut0.04_elite2_tour3,200,1200,0.0400,2,3,10,5,5,True,-0.3024,19,19,3800,15549.40,9840.60,-0.1170
pop200_gen1200_mut0.04_elite2_tour4,200,1200,0.0400,2,4,10,5,1,True,0.2033,3,3,600,15497.20,4566.80,-0.0310
pop200_gen1200_mut0.04_elite2_tour4,200,1200,0.0400,2,4,10,5,2,True,0.6597,10,10,2000,15519.00,9515.80,-0.1150
pop200_gen1200_mut0.04_elite2_tour4,200,1200,0.0400,2,4,10,5,3,False,46.7835,737,,147600,15504.00,9383.80,-0.0100
pop200_gen1200_mut0.04_elite2_tour4,200,1200,0.0400,2,4,10,5,4,True,0.3893,6,6,1200,15511.00,4768.60,-0.0850
pop200_gen1200_mut0.04_elite2_tour4,200,1200,0.0400,2,4,10,5,5,True,0.0805,1,1,200,15503.00,0.00,0.0000
pop225_gen1200_mut0.04_elite2_tour2,225,1200,0.0400,2,2,10,5,1,True,0.0982,1,1,225,15502.20,0.00,0.0000
pop225_gen1200_mut0.04_elite2_tour2,225,1200,0.0400,2,2,10,5,2,True,1.8158,24,24,5400,15526.20,4968.40,-0.1230
pop225_gen1200_mut0.04_elite2_tour2,225,1200,0.0400,2,2,10,5,3,True,1.2741,16,16,3600,15529.40,9822.20,-0.1140
pop225_gen1200_mut0.04_elite2_tour2,225,1200,0.0400,2,2,10,5,4,True,0.5947,8,8,1800,15531.00,9710.00,-0.0870
pop225_gen1200_mut0.04_elite2_tour2,225,1200,0.0400,2,2,10,5,5,True,0.1602,2,2,450,15500.00,4623.80,-0.0100
pop225_gen1200_mut0.04_elite2_tour3,225,1200,0.0400,2,3,10,5,1,True,0.0983,1,1,225,15522.20,0.00,0.0000
pop225_gen1200_mut0.04_elite2_tour3,225,1200,0.0400,2,3,10,5,2,True,2.6576,33,33,7425,15526.60,9802.60,-0.1280
pop225_gen1200_mut0.04_elite2_tour3,225,1200,0.0400,2,3,10,5,3,True,0.1572,2,2,450,15519.40,5352.40,-0.0170
pop225_gen1200_mut0.04_elite2_tour3,225,1200,0.0400,2,3,10,5,4,True,0.7798,10,10,2250,15557.80,14613.20,-0.1200
pop225_gen1200_mut0.04_elite2_tour3,225,1200,0.0400,2,3,10,5,5,False,65.7629,864,,194625,15447.00,10069.20,-0.0320
pop225_gen1200_mut0.04_elite2_tour4,225,1200,0.0400,2,4,10,5,1,True,0.1628,2,2,450,15516.80,4647.40,-0.0140
pop225_gen1200_mut0.04_elite2_tour4,225,1200,0.0400,2,4,10,5,2,True,1.3637,36,36,8100,15587.00,19516.20,-0.1030
pop225_gen1200_mut0.04_elite2_tour4,225,1200,0.0400,2,4,10,5,3,True,0.2352,3,3,675,15527.20,4859.20,-0.0270
pop225_gen1200_mut0.04_elite2_tour4,225,1200,0.0400,2,4,10,5,4,False,53.2531,688,,155025,15517.60,9279.20,-0.0070
pop225_gen1200_mut0.04_elite2_tour4,225,1200,0.0400,2,4,10,5,5,True,1.2932,16,16,3600,15567.40,14541.20,-0.1320
pop250_gen1200_mut0.04_elite2_tour2,250,1200,0.0400,2,2,10,5,1,True,0.2698,3,3,750,15505.40,4842.80,-0.0190
pop250_gen1200_mut0.04_elite2_tour2,250,1200,0.0400,2,2,10,5,2,True,22.0636,249,249,62250,15519.40,5136.60,-0.0660
pop250_gen1200_mut0.04_elite2_tour2,250,1200,0.0400,2,2,10,5,3,True,0.2701,3,3,750,15533.00,5253.00,-0.0210
pop250_gen1200_mut0.04_elite2_tour2,250,1200,0.0400,2,2,10,5,4,True,2.2672,24,24,6000,15529.00,14138.00,-0.1340
pop250_gen1200_mut0.04_elite2_tour2,250,1200,0.0400,2,2,10,5,5,True,0.7128,8,8,2000,15527.80,9488.20,-0.0870
pop250_gen1200_mut0.04_elite2_tour3,250,1200,0.0400,2,3,10,5,1,True,5.1705,56,56,14000,15534.40,14689.40,-0.0890
pop250_gen1200_mut0.04_elite2_tour3,250,1200,0.0400,2,3,10,5,2,True,0.4752,5,5,1250,15549.00,9484.80,-0.0580
pop250_gen1200_mut0.04_elite2_tour3,250,1200,0.0400,2,3,10,5,3,True,0.3748,4,4,1000,15529.00,4724.40,-0.0430
pop250_gen1200_mut0.04_elite2_tour3,250,1200,0.0400,2,3,10,5,4,True,1.1346,12,12,3000,15555.20,19143.80,-0.0850
pop250_gen1200_mut0.04_elite2_tour3,250,1200,0.0400,2,3,10,5,5,True,0.1963,2,2,500,15534.60,4724.80,-0.0130
pop250_gen1200_mut0.04_elite2_tour4,250,1200,0.0400,2,4,10,5,1,False,63.5216,711,,178000,15494.40,5064.80,-0.0160
pop250_gen1200_mut0.04_elite2_tour4,250,1200,0.0400,2,4,10,5,2,False,61.5823,703,,176000,15000.80,4580.00,-0.0160
pop250_gen1200_mut0.04_elite2_tour4,250,1200,0.0400,2,4,10,5,3,True,0.1116,1,1,250,15512.60,0.00,0.0000
pop250_gen1200_mut0.04_elite2_tour4,250,1200,0.0400,2,4,10,5,4,True,0.1128,1,1,250,15521.00,0.00,0.0000
pop250_gen1200_mut0.04_elite2_tour4,250,1200,0.0400,2,4,10,5,5,True,0.1145,1,1,250,15514.20,0.00,0.0000
pop150_gen800_mut0.02_elite3_tour2,150,800,0.0200,3,2,10,5,1,True,2.6355,103,103,15450,15521.00,9568.00,-0.0220
pop150_gen800_mut0.02_elite3_tour2,150,800,0.0200,3,2,10,5,2,True,2.9462,69,69,10350,15598.60,19464.40,-0.0470
pop150_gen800_mut0.02_elite3_tour2,150,800,0.0200,3,2,10,5,3,True,0.0531,1,1,150,15520.60,0.00,0.0000
pop150_gen800_mut0.02_elite3_tour2,150,800,0.0200,3,2,10,5,4,False,23.6179,552,,82950,15480.00,19409.40,-0.0080
pop150_gen800_mut0.02_elite3_tour2,150,800,0.0200,3,2,10,5,5,True,0.0828,2,2,300,15522.20,5064.80,-0.0070
pop150_gen800_mut0.02_elite3_tour3,150,800,0.0200,3,3,10,5,1,True,2.9329,72,72,10800,15559.40,9963.80,-0.0280
pop150_gen800_mut0.02_elite3_tour3,150,800,0.0200,3,3,10,5,2,True,0.4572,11,11,1650,15541.00,14218.60,-0.0550
pop150_gen800_mut0.02_elite3_tour3,150,800,0.0200,3,3,10,5,3,True,0.2442,6,6,900,15515.40,13826.00,-0.0720
pop150_gen800_mut0.02_elite3_tour3,150,800,0.0200,3,3,10,5,4,True,0.1662,4,4,600,15515.20,9421.60,-0.0310
pop150_gen800_mut0.02_elite3_tour3,150,800,0.0200,3,3,10,5,5,True,0.4722,12,12,1800,15568.20,19516.00,-0.0750
pop150_gen800_mut0.02_elite3_tour4,150,800,0.0200,3,4,10,5,1,False,21.7954,542,,81450,15482.00,4878.80,-0.0050
pop150_gen800_mut0.02_elite3_tour4,150,800,0.0200,3,4,10,5,2,True,0.2028,5,5,750,15522.20,9652.80,-0.0350
pop150_gen800_mut0.02_elite3_tour4,150,800,0.0200,3,4,10,5,3,True,2.1791,51,51,7650,15558.60,14570.60,-0.0660
pop150_gen800_mut0.02_elite3_tour4,150,800,0.0200,3,4,10,5,4,True,0.8747,21,21,3150,15559.40,14761.20,-0.0660
pop150_gen800_mut0.02_elite3_tour4,150,800,0.0200,3,4,10,5,5,True,0.6982,17,17,2550,15519.20,9588.40,-0.0830
pop175_gen800_mut0.02_elite3_tour2,175,800,0.0200,3,2,10,5,1,True,3.7595,70,70,12250,15547.00,9716.20,-0.0890
pop175_gen800_mut0.02_elite3_tour2,175,800,0.0200,3,2,10,5,2,True,0.1551,3,3,525,15533.00,4907.40,-0.0110
pop175_gen800_mut0.02_elite3_tour2,175,800,0.0200,3,2,10,5,3,True,0.6232,41,41,7175,15536.00,14447.40,-0.0670
pop175_gen800_mut0.02_elite3_tour2,175,800,0.0200,3,2,10,5,4,True,6.4697,114,114,19950,15513.00,4741.40,-0.0290
pop175_gen800_mut0.02_elite3_tour2,175,800,0.0200,3,2,10,5,5,True,0.0667,1,1,175,15512.20,0.00,0.0000
pop175_gen800_mut0.02_elite3_tour3,175,800,0.0200,3,3,10,5,1,True,1.2298,23,23,4025,15559.80,14202.40,-0.0700
pop175_gen800_mut0.02_elite3_tour3,175,800,0.0200,3,3,10,5,2,False,25.3323,500,,87675,15235.60,4751.60,-0.0120
pop175_gen800_mut0.02_elite3_tour3,175,800,0.0200,3,3,10,5,3,True,0.2455,5,5,875,15502.60,9473.80,-0.0360
pop175_gen800_mut0.02_elite3_tour3,175,800,0.0200,3,3,10,5,4,True,0.7186,14,14,2450,15529.40,14329.00,-0.0730
pop175_gen800_mut0.02_elite3_tour3,175,800,0.0200,3,3,10,5,5,True,0.3186,6,6,1050,15508.20,13897.20,-0.0540
pop175_gen800_mut0.02_elite3_tour4,175,800,0.0200,3,4,10,5,1,False,27.3433,503,,88200,15431.20,14297.80,-0.0080
pop175_gen800_mut0.02_elite3_tour4,175,800,0.0200,3,4,10,5,2,True,1.9608,64,64,11200,15512.80,9447.60,-0.0350
pop175_gen800_mut0.02_elite3_tour4,175,800,0.0200,3,4,10,5,3,True,0.0659,1,1,175,15495.00,0.00,0.0000
pop175_gen800_mut0.02_elite3_tour4,175,800,0.0200,3,4,10,5,4,True,5.4189,103,103,18025,15593.80,14994.80,-0.0580
pop175_gen800_mut0.02_elite3_tour4,175,800,0.0200,3,4,10,5,5,True,1.2131,23,23,4025,15608.60,10307.60,-0.0540
pop200_gen800_mut0.02_elite3_tour2,200,800,0.0200,3,2,10,5,1,True,4.8821,76,76,15200,15507.60,4829.00,-0.0210
pop200_gen800_mut0.02_elite3_tour2,200,800,0.0200,3,2,10,5,2,True,0.0797,1,1,200,15511.00,0.00,0.0000
pop200_gen800_mut0.02_elite3_tour2,200,800,0.0200,3,2,10,5,3,False,45.3939,702,,140600,15508.00,4868.00,-0.0060
pop200_gen800_mut0.02_elite3_tour2,200,800,0.0200,3,2,10,5,4,True,0.1958,3,3,600,15518.00,4623.00,-0.0090
pop200_gen800_mut0.02_elite3_tour2,200,800,0.0200,3,2,10,5,5,True,0.1243,2,2,400,15489.20,4608.40,-0.0040
pop200_gen800_mut0.02_elite3_tour3,200,800,0.0200,3,3,10,5,1,True,0.0812,1,1,200,15505.40,0.00,0.0000
pop200_gen800_mut0.02_elite3_tour3,200,800,0.0200,3,3,10,5,2,True,0.1336,2,2,400,15514.60,4623.40,-0.0060
pop200_gen800_mut0.02_elite3_tour3,200,800,0.0200,3,3,10,5,3,True,1.0756,40,40,8000,15533.20,9602.80,-0.0710
pop200_gen800_mut0.02_elite3_tour3,200,800,0.0200,3,3,10,5,4,True,2.0890,34,34,6800,15529.00,5403.40,-0.0770
pop200_gen800_mut0.02_elite3_tour3,200,800,0.0200,3,3,10,5,5,True,1.4277,22,22,4400,15553.20,14670.00,-0.0960
pop200_gen800_mut0.02_elite3_tour4,200,800,0.0200,3,4,10,5,1,True,0.4504,7,7,1400,15516.60,9508.40,-0.0440
pop200_gen800_mut0.02_elite3_tour4,200,800,0.0200,3,4,10,5,2,False,43.1121,738,,147800,11160.80,15191.80,-0.0090
pop200_gen800_mut0.02_elite3_tour4,200,800,0.0200,3,4,10,5,3,True,1.6326,25,25,5000,15499.40,4867.00,-0.0660
pop200_gen800_mut0.02_elite3_tour4,200,800,0.0200,3,4,10,5,4,True,2.7085,41,41,8200,15591.20,19813.80,-0.0910
pop200_gen800_mut0.02_elite3_tour4,200,800,0.0200,3,4,10,5,5,True,0.5353,8,8,1600,15549.40,14239.80,-0.0580
pop225_gen800_mut0.02_elite3_tour2,225,800,0.0200,3,2,10,5,1,True,0.1619,2,2,450,15531.80,4751.00,-0.0070
pop225_gen800_mut0.02_elite3_tour2,225,800,0.0200,3,2,10,5,2,True,0.3913,5,5,1125,15530.20,9424.00,-0.0310
pop225_gen800_mut0.02_elite3_tour2,225,800,0.0200,3,2,10,5,3,True,4.0014,51,51,11475,15567.40,10023.60,-0.1160
pop225_gen800_mut0.02_elite3_tour2,225,800,0.0200,3,2,10,5,4,True,1.6528,22,22,4950,15555.00,14471.40,-0.1030
pop225_gen800_mut0.02_elite3_tour2,225,800,0.0200,3,2,10,5,5,True,4.1403,53,53,11925,15552.80,10009.60,-0.0880
pop225_gen800_mut0.02_elite3_tour3,225,800,0.0200,3,3,10,5,1,True,0.1945,23,23,5175,15557.40,19238.40,-0.0860
pop225_gen800_mut0.02_elite3_tour3,225,800,0.0200,3,3,10,5,2,True,1.6304,21,21,4725,15547.80,9899.00,-0.0890
pop225_gen800_mut0.02_elite3_tour3,225,800,0.0200,3,3,10,5,3,True,0.3096,4,4,900,15522.20,4823.40,-0.0250
pop225_gen800_mut0.02_elite3_tour3,225,800,0.0200,3,3,10,5,4,True,0.3844,5,5,1125,15520.20,4842.40,-0.0360
pop225_gen800_mut0.02_elite3_tour3,225,800,0.0200,3,3,10,5,5,True,0.9020,12,12,2700,15527.80,14312.60,-0.0620
pop225_gen800_mut0.02_elite3_tour4,225,800,0.0200,3,4,10,5,1,True,0.3084,4,4,900,15552.80,9725.80,-0.0260
pop225_gen800_mut0.02_elite3_tour4,225,800,0.0200,3,4,10,5,2,True,4.2450,56,56,12600,15533.60,14500.40,-0.0540
pop225_gen800_mut0.02_elite3_tour4,225,800,0.0200,3,4,10,5,3,True,0.3825,5,5,1125,15521.00,4976.40,-0.0490
pop225_gen800_mut0.02_elite3_tour4,225,800,0.0200,3,4,10,5,4,False,50.2145,652,,146925,15508.00,5171.00,-0.0060
pop225_gen800_mut0.02_elite3_tour4,225,800,0.0200,3,4,10,5,5,True,6.2733,97,97,21825,15524.80,9544.60,-0.0250
pop250_gen800_mut0.02_elite3_tour2,250,800,0.0200,3,2,10,5,1,True,0.1117,1,1,250,15534.60,0.00,0.0000
pop250_gen800_mut0.02_elite3_tour2,250,800,0.0200,3,2,10,5,2,True,1.1351,12,12,3000,15609.80,4985.60,-0.0580
pop250_gen800_mut0.02_elite3_tour2,250,800,0.0200,3,2,10,5,3,True,0.2740,3,3,750,15503.40,4683.40,-0.0080
pop250_gen800_mut0.02_elite3_tour2,250,800,0.0200,3,2,10,5,4,True,6.0628,66,66,16500,15556.20,19379.00,-0.1130
pop250_gen800_mut0.02_elite3_tour2,250,800,0.0200,3,2,10,5,5,True,8.7116,96,96,24000,15585.40,19847.00,-0.0800
pop250_gen800_mut0.02_elite3_tour3,250,800,0.0200,3,3,10,5,1,True,0.1900,2,2,500,15520.20,4648.40,-0.0090
pop250_gen800_mut0.02_elite3_tour3,250,800,0.0200,3,3,10,5,2,True,1.0633,12,12,3000,15529.00,9968.00,-0.0700
pop250_gen800_mut0.02_elite3_tour3,250,800,0.0200,3,3,10,5,3,True,0.1114,1,1,250,15501.40,0.00,0.0000
pop250_gen800_mut0.02_elite3_tour3,250,800,0.0200,3,3,10,5,4,True,0.1123,1,1,250,15509.40,0.00,0.0000
pop250_gen800_mut0.02_elite3_tour3,250,800,0.0200,3,3,10,5,5,True,0.5334,6,6,1500,15529.80,4999.00,-0.0430
pop250_gen800_mut0.02_elite3_tour4,250,800,0.0200,3,4,10,5,1,True,0.4646,5,5,1250,15515.60,4702.40,-0.0500
pop250_gen800_mut0.02_elite3_tour4,250,800,0.0200,3,4,10,5,2,True,0.1132,1,1,250,15525.00,0.00,0.0000
pop250_gen800_mut0.02_elite3_tour4,250,800,0.0200,3,4,10,5,3,True,2.0231,22,22,5500,15585.40,15221.00,-0.0930
pop250_gen800_mut0.02_elite3_tour4,250,800,0.0200,3,4,10,5,4,True,0.4402,5,5,1250,15530.20,9745.40,-0.0320
pop250_gen800_mut0.02_elite3_tour4,250,800,0.0200,3,4,10,5,5,True,3.6043,39,39,9750,15549.80,9546.20,-0.0420
pop150_gen800_mut0.025_elite3_tour2,150,800,0.0250,3,2,10,5,1,True,0.5047,13,13,1950,15531.00,9602.60,-0.0830
pop150_gen800_mut0.025_elite3_tour2,150,800,0.0250,3,2,10,5,2,True,0.3825,9,9,1350,15536.40,4739.80,-0.0630
pop150_gen800_mut0.025_elite3_tour2,150,800,0.0250,3,2,10,5,3,True,0.4440,11,11,1650,15518.60,9301.80,-0.0850
pop150_gen800_mut0.025_elite3_tour2,150,800,0.0250,3,2,10,5,4,True,0.1298,3,3,450,15496.40,4644.40,-0.0160
pop150_gen800_mut0.025_elite3_tour2,150,800,0.0250,3,2,10,5,5,False,28.0362,685,,102900,15503.20,9501.80,-0.0080
pop150_gen800_mut0.025_elite3_tour3,150,800,0.0250,3,3,10,5,1,False,21.3209,527,,79200,15488.40,9540.60,-0.0070
pop150_gen800_mut0.025_elite3_tour3,150,800,0.0250,3,3,10,5,2,False,23.4301,586,,88050,15484.80,9860.20,-0.0070
pop150_gen800_mut0.025_elite3_tour3,150,800,0.0250,3,3,10,5,3,True,0.1328,3,3,450,15548.80,4697.40,-0.0150
pop150_gen800_mut0.025_elite3_tour3,150,800,0.0250,3,3,10,5,4,True,0.4336,11,11,1650,15540.60,14332.60,-0.0570
pop150_gen800_mut0.025_elite3_tour3,150,800,0.0250,3,3,10,5,5,True,0.0864,2,2,300,15519.80,4907.40,-0.0140
pop150_gen800_mut0.025_elite3_tour4,150,800,0.0250,3,4,10,5,1,True,0.2449,6,6,900,15524.00,4950.60,-0.0620
pop150_gen800_mut0.025_elite3_tour4,150,800,0.0250,3,4,10,5,2,True,0.7032,17,17,2550,15528.60,5066.40,-0.0480
pop150_gen800_mut0.025_elite3_tour4,150,800,0.0250,3,4,10,5,3,True,0.0541,1,1,150,15522.60,0.00,0.0000
pop150_gen800_mut0.025_elite3_tour4,150,800,0.0250,3,4,10,5,4,True,0.0531,1,1,150,15519.80,0.00,0.0000
pop150_gen800_mut0.025_elite3_tour4,150,800,0.0250,3,4,10,5,5,False,29.4652,785,,117900,11099.60,10395.80,-0.0210
pop175_gen800_mut0.025_elite3_tour2,175,800,0.0250,3,2,10,5,1,True,4.8075,94,94,16450,15539.00,14398.80,-0.0780
pop175_gen800_mut0.025_elite3_tour2,175,800,0.0250,3,2,10,5,2,True,1.2835,24,24,4200,15525.40,14135.20,-0.1140
pop175_gen800_mut0.025_elite3_tour2,175,800,0.0250,3,2,10,5,3,True,1.2611,25,25,4375,15528.60,9628.80,-0.0820
pop175_gen800_mut0.025_elite3_tour2,175,800,0.0250,3,2,10,5,4,True,0.7831,15,15,2625,15511.40,9500.00,-0.0570
pop175_gen800_mut0.025_elite3_tour2,175,800,0.0250,3,2,10,5,5,True,3.0142,59,59,10325,15527.40,9830.00,-0.1120
pop175_gen800_mut0.025_elite3_tour3,175,800,0.0250,3,3,10,5,1,True,0.3124,6,6,1050,15531.80,4902.40,-0.0550
pop175_gen800_mut0.025_elite3_tour3,175,800,0.0250,3,3,10,5,2,True,0.1118,2,2,350,15503.00,4655.00,-0.0090
pop175_gen800_mut0.025_elite3_tour3,175,800,0.0250,3,3,10,5,3,True,0.3503,7,7,1225,15527.80,14332.80,-0.0580
pop175_gen800_mut0.025_elite3_tour3,175,800,0.0250,3,3,10,5,4,True,0.1951,4,4,700,15493.80,9325.80,-0.0360
pop175_gen800_mut0.025_elite3_tour3,175,800,0.0250,3,3,10,5,5,True,1.8214,34,34,5950,15541.20,9726.00,-0.0800
pop175_gen800_mut0.025_elite3_tour4,175,800,0.0250,3,4,10,5,1,True,0.5030,10,10,1750,15528.20,14521.00,-0.0600
pop175_gen800_mut0.025_elite3_tour4,175,800,0.0250,3,4,10,5,2,True,0.8265,16,16,2800,15529.40,9619.40,-0.0490
pop175_gen800_mut0.025_elite3_tour4,175,800,0.0250,3,4,10,5,3,True,0.7565,14,14,2450,15524.00,4663.80,-0.0980
pop175_gen800_mut0.025_elite3_tour4,175,800,0.0250,3,4,10,5,4,False,22.0882,480,,84175,15498.40,9460.20,-0.0080
pop175_gen800_mut0.025_elite3_tour4,175,800,0.0250,3,4,10,5,5,True,0.0667,1,1,175,15508.40,0.00,0.0000
pop200_gen800_mut0.025_elite3_tour2,200,800,0.0250,3,2,10,5,1,True,0.6691,11,11,2200,15567.40,9832.20,-0.0990
pop200_gen800_mut0.025_elite3_tour2,200,800,0.0250,3,2,10,5,2,True,3.5375,53,53,10600,15567.40,14490.80,-0.1070
pop200_gen800_mut0.025_elite3_tour2,200,800,0.0250,3,2,10,5,3,True,0.3224,5,5,1000,15519.40,4771.00,-0.0380
pop200_gen800_mut0.025_elite3_tour2,200,800,0.0250,3,2,10,5,4,True,4.4238,66,66,13200,15562.80,14928.60,-0.1040
pop200_gen800_mut0.025_elite3_tour2,200,800,0.0250,3,2,10,5,5,True,0.1875,3,3,600,15510.20,4870.40,-0.0150
pop200_gen800_mut0.025_elite3_tour3,200,800,0.0250,3,3,10,5,1,False,46.5301,800,,160000,10946.20,10066.20,-0.0670
pop200_gen800_mut0.025_elite3_tour3,200,800,0.0250,3,3,10,5,2,False,31.7674,501,,100400,15464.20,9388.80,-0.0100
pop200_gen800_mut0.025_elite3_tour3,200,800,0.0250,3,3,10,5,3,True,0.0818,1,1,200,15524.60,0.00,0.0000
pop200_gen800_mut0.025_elite3_tour3,200,800,0.0250,3,3,10,5,4,False,31.1901,484,,97000,14829.20,19046.80,-0.0150
pop200_gen800_mut0.025_elite3_tour3,200,800,0.0250,3,3,10,5,5,True,2.3926,36,36,7200,15588.20,9988.40,-0.1040
pop200_gen800_mut0.025_elite3_tour4,200,800,0.0250,3,4,10,5,1,True,0.2506,4,4,800,15531.80,5258.00,-0.0330
pop200_gen800_mut0.025_elite3_tour4,200,800,0.0250,3,4,10,5,2,False,34.5928,542,,108600,15497.60,14354.20,-0.0080
pop200_gen800_mut0.025_elite3_tour4,200,800,0.0250,3,4,10,5,3,False,30.5188,485,,97200,15508.00,4728.00,-0.0060
pop200_gen800_mut0.025_elite3_tour4,200,800,0.0250,3,4,10,5,4,True,1.0293,16,16,3200,15529.40,4982.60,-0.0710
pop200_gen800_mut0.025_elite3_tour4,200,800,0.0250,3,4,10,5,5,True,2.5530,40,40,8000,15528.60,9547.00,-0.0380
pop225_gen800_mut0.025_elite3_tour2,225,800,0.0250,3,2,10,5,1,True,0.0946,1,1,225,15522.60,0.00,0.0000
pop225_gen800_mut0.025_elite3_tour2,225,800,0.0250,3,2,10,5,2,True,0.0956,1,1,225,15520.60,0.00,0.0000
pop225_gen800_mut0.025_elite3_tour2,225,800,0.0250,3,2,10,5,3,True,2.8747,38,38,8550,15575.80,15035.80,-0.1200
pop225_gen800_mut0.025_elite3_tour2,225,800,0.0250,3,2,10,5,4,True,0.4560,6,6,1350,15519.40,9622.00,-0.0550
pop225_gen800_mut0.025_elite3_tour2,225,800,0.0250,3,2,10,5,5,True,1.7719,23,23,5175,15523.60,9612.00,-0.1010
pop225_gen800_mut0.025_elite3_tour3,225,800,0.0250,3,3,10,5,1,True,2.5447,52,52,11700,15511.00,4775.60,-0.0280
pop225_gen800_mut0.025_elite3_tour3,225,800,0.0250,3,3,10,5,2,True,2.0401,26,26,5850,15547.80,9618.00,-0.0790
pop225_gen800_mut0.025_elite3_tour3,225,800,0.0250,3,3,10,5,3,True,4.3806,54,54,12150,15513.20,4803.00,-0.0680
pop225_gen800_mut0.025_elite3_tour3,225,800,0.0250,3,3,10,5,4,True,0.7900,10,10,2250,15541.40,5054.00,-0.0730
pop225_gen800_mut0.025_elite3_tour3,225,800,0.0250,3,3,10,5,5,True,1.6350,21,21,4725,15494.40,9331.80,-0.0930
pop225_gen800_mut0.025_elite3_tour4,225,800,0.0250,3,4,10,5,1,True,3.2140,40,40,9000,15585.20,5081.80,-0.0460
pop225_gen800_mut0.025_elite3_tour4,225,800,0.0250,3,4,10,5,2,True,0.4532,6,6,1350,15530.60,9676.80,-0.0620
pop225_gen800_mut0.025_elite3_tour4,225,800,0.0250,3,4,10,5,3,True,0.3059,4,4,900,15519.40,9530.80,-0.0330
pop225_gen800_mut0.025_elite3_tour4,225,800,0.0250,3,4,10,5,4,True,0.4559,6,6,1350,15519.00,9439.00,-0.0710
pop225_gen800_mut0.025_elite3_tour4,225,800,0.0250,3,4,10,5,5,True,0.7096,9,9,2025,15550.20,10041.20,-0.0710
pop250_gen800_mut0.025_elite3_tour2,250,800,0.0250,3,2,10,5,1,True,7.9495,84,84,21000,15543.40,19270.40,-0.1330
pop250_gen800_mut0.025_elite3_tour2,250,800,0.0250,3,2,10,5,2,False,52.4136,582,,145750,15504.00,9475.40,-0.0070
pop250_gen800_mut0.025_elite3_tour2,250,800,0.0250,3,2,10,5,3,True,0.1166,1,1,250,15518.40,0.00,0.0000
pop250_gen800_mut0.025_elite3_tour2,250,800,0.0250,3,2,10,5,4,True,1.1552,13,13,3250,15528.60,5146.20,-0.0970
pop250_gen800_mut0.025_elite3_tour2,250,800,0.0250,3,2,10,5,5,False,49.0094,535,,134000,15455.40,4989.80,-0.0220
pop250_gen800_mut0.025_elite3_tour3,250,800,0.0250,3,3,10,5,1,True,1.1850,13,13,3250,15509.00,14094.40,-0.0810
pop250_gen800_mut0.025_elite3_tour3,250,800,0.0250,3,3,10,5,2,True,0.9893,11,11,2750,15528.20,9681.40,-0.0800
pop250_gen800_mut0.025_elite3_tour3,250,800,0.0250,3,3,10,5,3,False,44.8787,523,,131000,5391.60,4562.60,-0.0140
pop250_gen800_mut0.025_elite3_tour3,250,800,0.0250,3,3,10,5,4,True,4.0062,42,42,10500,15556.20,14250.80,-0.0750
pop250_gen800_mut0.025_elite3_tour3,250,800,0.0250,3,3,10,5,5,True,2.1948,24,24,6000,15518.60,9908.20,-0.0790
pop250_gen800_mut0.025_elite3_tour4,250,800,0.0250,3,4,10,5,1,True,0.1108,1,1,250,15521.00,0.00,0.0000
pop250_gen800_mut0.025_elite3_tour4,250,800,0.0250,3,4,10,5,2,True,1.6323,18,18,4500,15564.20,14655.80,-0.1060
pop250_gen800_mut0.025_elite3_tour4,250,800,0.0250,3,4,10,5,3,True,1.8386,20,20,5000,15520.20,5134.00,-0.0820
pop250_gen800_mut0.025_elite3_tour4,250,800,0.0250,3,4,10,5,4,True,0.1133,1,1,250,15531.60,0.00,0.0000
pop250_gen800_mut0.025_elite3_tour4,250,800,0.0250,3,4,10,5,5,True,0.6518,7,7,1750,15551.80,4811.00,-0.0650
pop150_gen800_mut0.03_elite3_tour2,150,800,0.0300,3,2,10,5,1,True,1.2248,29,29,4350,15558.60,9761.00,-0.1190
pop150_gen800_mut0.03_elite3_tour2,150,800,0.0300,3,2,10,5,2,True,-1.1577,9,9,1350,15519.00,14313.40,-0.0760
pop150_gen800_mut0.03_elite3_tour2,150,800,0.0300,3,2,10,5,3,True,0.0594,1,1,150,15514.60,0.00,0.0000
pop150_gen800_mut0.03_elite3_tour2,150,800,0.0300,3,2,10,5,4,True,0.0535,1,1,150,15503.00,0.00,0.0000
pop150_gen800_mut0.03_elite3_tour2,150,800,0.0300,3,2,10,5,5,True,0.1227,3,3,450,15531.00,5130.80,-0.0230
pop150_gen800_mut0.03_elite3_tour3,150,800,0.0300,3,3,10,5,1,True,0.4389,11,11,1650,15546.60,9615.40,-0.1080
pop150_gen800_mut0.03_elite3_tour3,150,800,0.0300,3,3,10,5,2,True,0.8031,20,20,3000,15550.60,9912.60,-0.0870
pop150_gen800_mut0.03_elite3_tour3,150,800,0.0300,3,3,10,5,3,True,0.6148,15,15,2250,15522.60,4951.00,-0.0660
pop150_gen800_mut0.03_elite3_tour3,150,800,0.0300,3,3,10,5,4,True,0.3945,10,10,1500,15532.20,4981.20,-0.0700
pop150_gen800_mut0.03_elite3_tour3,150,800,0.0300,3,3,10,5,5,True,0.1729,4,4,600,15497.20,4566.80,-0.0330
pop150_gen800_mut0.03_elite3_tour4,150,800,0.0300,3,4,10,5,1,True,0.4923,12,12,1800,15516.60,9684.80,-0.0930
pop150_gen800_mut0.03_elite3_tour4,150,800,0.0300,3,4,10,5,2,True,1.9585,48,48,7200,15540.00,9992.60,-0.0580
pop150_gen800_mut0.03_elite3_tour4,150,800,0.0300,3,4,10,5,3,True,0.0892,2,2,300,15520.60,4692.80,-0.0130
pop150_gen800_mut0.03_elite3_tour4,150,800,0.0300,3,4,10,5,4,True,0.1228,3,3,450,15575.80,9612.00,-0.0270
pop150_gen800_mut0.03_elite3_tour4,150,800,0.0300,3,4,10,5,5,True,0.0534,1,1,150,15508.40,0.00,0.0000
pop175_gen800_mut0.03_elite3_tour2,175,800,0.0300,3,2,10,5,1,False,38.2161,728,,127575,15467.60,10107.00,-0.0380
pop175_gen800_mut0.03_elite3_tour2,175,800,0.0300,3,2,10,5,2,True,0.8948,17,17,2975,15517.60,14157.80,-0.0800
pop175_gen800_mut0.03_elite3_tour2,175,800,0.0300,3,2,10,5,3,True,0.0664,1,1,175,15521.00,0.00,0.0000
pop175_gen800_mut0.03_elite3_tour2,175,800,0.0300,3,2,10,5,4,True,0.4278,8,8,1400,15509.40,9406.00,-0.0700
pop175_gen800_mut0.03_elite3_tour2,175,800,0.0300,3,2,10,5,5,True,0.2182,4,4,700,15518.80,4748.00,-0.0230
pop175_gen800_mut0.03_elite3_tour3,175,800,0.0300,3,3,10,5,1,True,0.3507,7,7,1225,15539.00,14581.00,-0.0750
pop175_gen800_mut0.03_elite3_tour3,175,800,0.0300,3,3,10,5,2,False,26.4348,514,,90125,15439.80,14128.60,-0.0130
pop175_gen800_mut0.03_elite3_tour3,175,800,0.0300,3,3,10,5,3,True,0.1050,2,2,350,15512.60,5045.80,-0.0100
pop175_gen800_mut0.03_elite3_tour3,175,800,0.0300,3,3,10,5,4,True,0.0672,1,1,175,15522.20,0.00,0.0000
pop175_gen800_mut0.03_elite3_tour3,175,800,0.0300,3,3,10,5,5,True,1.2582,23,23,4025,15548.60,9632.00,-0.1040
pop175_gen800_mut0.03_elite3_tour4,175,800,0.0300,3,4,10,5,1,True,1.0788,20,20,3500,15563.60,19479.60,-0.0800
pop175_gen800_mut0.03_elite3_tour4,175,800,0.0300,3,4,10,5,2,True,0.5041,10,10,1750,15529.80,10054.60,-0.0870
pop175_gen800_mut0.03_elite3_tour4,175,800,0.0300,3,4,10,5,3,False,25.0780,494,,86625,15522.40,9290.40,-0.0050
pop175_gen800_mut0.03_elite3_tour4,175,800,0.0300,3,4,10,5,4,True,2.7313,53,53,9275,15572.80,10017.20,-0.0340
pop175_gen800_mut0.03_elite3_tour4,175,800,0.0300,3,4,10,5,5,True,0.3692,7,7,1225,15515.20,9419.40,-0.0560
pop200_gen800_mut0.03_elite3_tour2,200,800,0.0300,3,2,10,5,1,True,0.5077,8,8,1600,15520.60,18741.20,-0.0720
pop200_gen800_mut0.03_elite3_tour2,200,800,0.0300,3,2,10,5,2,True,0.0815,1,1,200,15523.40,0.00,0.0000
pop200_gen800_mut0.03_elite3_tour2,200,800,0.0300,3,2,10,5,3,True,0.4062,6,6,1200,15516.00,9248.20,-0.0520
pop200_gen800_mut0.03_elite3_tour2,200,800,0.0300,3,2,10,5,4,True,0.0801,1,1,200,15523.80,0.00,0.0000
pop200_gen800_mut0.03_elite3_tour2,200,800,0.0300,3,2,10,5,5,True,1.5354,24,24,4800,15527.80,14086.60,-0.1110
pop200_gen800_mut0.03_elite3_tour3,200,800,0.0300,3,3,10,5,1,True,0.5229,8,8,1600,15550.60,9511.80,-0.0690
pop200_gen800_mut0.03_elite3_tour3,200,800,0.0300,3,3,10,5,2,True,0.0811,1,1,200,15516.80,0.00,0.0000
pop200_gen800_mut0.03_elite3_tour3,200,800,0.0300,3,3,10,5,3,True,1.5475,23,23,4600,15549.40,9539.00,-0.0840
pop200_gen800_mut0.03_elite3_tour3,200,800,0.0300,3,3,10,5,4,True,4.5643,70,70,14000,15572.40,19107.00,-0.0270
pop200_gen800_mut0.03_elite3_tour3,200,800,0.0300,3,3,10,5,5,True,0.6021,9,9,1800,15495.20,4629.80,-0.0870
pop200_gen800_mut0.03_elite3_tour4,200,800,0.0300,3,4,10,5,1,False,29.4293,462,,92600,15464.20,9232.40,-0.0110
pop200_gen800_mut0.03_elite3_tour4,200,800,0.0300,3,4,10,5,2,True,0.9018,14,14,2800,15574.60,14519.80,-0.0930
pop200_gen800_mut0.03_elite3_tour4,200,800,0.0300,3,4,10,5,3,True,0.8307,13,13,2600,15527.00,14187.20,-0.0970
pop200_gen800_mut0.03_elite3_tour4,200,800,0.0300,3,4,10,5,4,True,1.1680,18,18,3600,15556.00,5021.40,-0.0710
pop200_gen800_mut0.03_elite3_tour4,200,800,0.0300,3,4,10,5,5,False,29.1792,467,,93600,15465.40,18906.40,-0.0110
pop225_gen800_mut0.03_elite3_tour2,225,800,0.0300,3,2,10,5,1,True,1.6579,21,21,4725,15549.40,9864.80,-0.0990
pop225_gen800_mut0.03_elite3_tour2,225,800,0.0300,3,2,10,5,2,False,39.5714,530,,119475,15482.00,4711.80,-0.0130
pop225_gen800_mut0.03_elite3_tour2,225,800,0.0300,3,2,10,5,3,True,2.3088,30,30,6750,15548.20,14602.00,-0.1140
pop225_gen800_mut0.03_elite3_tour2,225,800,0.0300,3,2,10,5,4,True,0.0961,1,1,225,15525.00,0.00,0.0000
pop225_gen800_mut0.03_elite3_tour2,225,800,0.0300,3,2,10,5,5,True,0.9382,12,12,2700,15529.80,9591.40,-0.1100
pop225_gen800_mut0.03_elite3_tour3,225,800,0.0300,3,3,10,5,1,True,1.6763,22,22,4950,15566.20,14795.60,-0.1240
pop225_gen800_mut0.03_elite3_tour3,225,800,0.0300,3,3,10,5,2,True,3.1601,41,41,9225,15581.20,14508.20,-0.0840
pop225_gen800_mut0.03_elite3_tour3,225,800,0.0300,3,3,10,5,3,True,0.6236,8,8,1800,15518.00,9481.80,-0.0600
pop225_gen800_mut0.03_elite3_tour3,225,800,0.0300,3,3,10,5,4,True,4.2750,56,56,12600,15547.40,14410.80,-0.0760
pop225_gen800_mut0.03_elite3_tour3,225,800,0.0300,3,3,10,5,5,True,0.9605,12,12,2700,15572.80,9622.40,-0.0780
pop225_gen800_mut0.03_elite3_tour4,225,800,0.0300,3,4,10,5,1,True,0.3194,4,4,900,15517.20,4771.00,-0.0310
pop225_gen800_mut0.03_elite3_tour4,225,800,0.0300,3,4,10,5,2,True,0.4751,6,6,1350,15525.20,4836.80,-0.0510
pop225_gen800_mut0.03_elite3_tour4,225,800,0.0300,3,4,10,5,3,False,39.2320,511,,115200,15434.60,19820.00,-0.0200
pop225_gen800_mut0.03_elite3_tour4,225,800,0.0300,3,4,10,5,4,True,0.0944,1,1,225,15519.80,0.00,0.0000
pop225_gen800_mut0.03_elite3_tour4,225,800,0.0300,3,4,10,5,5,True,1.0500,14,14,3150,15516.80,14357.20,-0.0820
pop250_gen800_mut0.03_elite3_tour2,250,800,0.0300,3,2,10,5,1,True,0.9093,10,10,2500,15528.60,9805.20,-0.0820
pop250_gen800_mut0.03_elite3_tour2,250,800,0.0300,3,2,10,5,2,True,0.7286,8,8,2000,15531.00,9631.60,-0.0670
pop250_gen800_mut0.03_elite3_tour2,250,800,0.0300,3,2,10,5,3,True,0.1938,2,2,500,15498.40,4563.40,-0.0090
pop250_gen800_mut0.03_elite3_tour2,250,800,0.0300,3,2,10,5,4,True,1.6196,18,18,4500,15539.00,14643.00,-0.1010
pop250_gen800_mut0.03_elite3_tour2,250,800,0.0300,3,2,10,5,5,True,11.1217,131,131,32750,15584.60,10359.80,-0.1100
pop250_gen800_mut0.03_elite3_tour3,250,800,0.0300,3,3,10,5,1,False,46.6943,516,,129250,15488.80,4594.80,-0.0060
pop250_gen800_mut0.03_elite3_tour3,250,800,0.0300,3,3,10,5,2,True,0.1139,1,1,250,15519.20,0.00,0.0000
pop250_gen800_mut0.03_elite3_tour3,250,800,0.0300,3,3,10,5,3,False,41.8468,475,,119000,15296.40,9313.00,-0.0120
pop250_gen800_mut0.03_elite3_tour3,250,800,0.0300,3,3,10,5,4,True,0.3693,4,4,1000,15532.60,9238.80,-0.0320
pop250_gen800_mut0.03_elite3_tour3,250,800,0.0300,3,3,10,5,5,False,47.5682,526,,131750,15442.00,19294.40,-0.0270
pop250_gen800_mut0.03_elite3_tour4,250,800,0.0300,3,4,10,5,1,True,0.3740,4,4,1000,15496.80,4734.00,-0.0390
pop250_gen800_mut0.03_elite3_tour4,250,800,0.0300,3,4,10,5,2,True,2.7742,29,29,7250,15551.20,14474.40,-0.0740
pop250_gen800_mut0.03_elite3_tour4,250,800,0.0300,3,4,10,5,3,True,0.1904,2,2,500,15521.00,4634.40,-0.0120
pop250_gen800_mut0.03_elite3_tour4,250,800,0.0300,3,4,10,5,4,True,0.1888,2,2,500,15522.60,4693.40,-0.0110
pop250_gen800_mut0.03_elite3_tour4,250,800,0.0300,3,4,10,5,5,True,1.7267,19,19,4750,15533.60,14553.00,-0.0810
pop150_gen800_mut0.035_elite3_tour2,150,800,0.0350,3,2,10,5,1,True,0.0536,1,1,150,15498.40,0.00,0.0000
pop150_gen800_mut0.035_elite3_tour2,150,800,0.0350,3,2,10,5,2,True,0.3559,9,9,1350,15509.00,9485.60,-0.0730
pop150_gen800_mut0.035_elite3_tour2,150,800,0.0350,3,2,10,5,3,True,0.0536,1,1,150,15520.20,0.00,0.0000
pop150_gen800_mut0.035_elite3_tour2,150,800,0.0350,3,2,10,5,4,False,25.1772,632,,94950,15477.80,9764.80,-0.0210
pop150_gen800_mut0.035_elite3_tour2,150,800,0.0350,3,2,10,5,5,True,4.8302,113,113,16950,15546.60,19312.40,-0.0960
pop150_gen800_mut0.035_elite3_tour3,150,800,0.0350,3,3,10,5,1,True,0.4991,12,12,1800,15530.20,14079.40,-0.0810
pop150_gen800_mut0.035_elite3_tour3,150,800,0.0350,3,3,10,5,2,True,0.2845,7,7,1050,15506.80,4752.20,-0.0390
pop150_gen800_mut0.035_elite3_tour3,150,800,0.0350,3,3,10,5,3,True,1.0535,25,25,3750,15536.00,5021.80,-0.0830
pop150_gen800_mut0.035_elite3_tour3,150,800,0.0350,3,3,10,5,4,True,0.5603,14,14,2100,15539.00,14331.20,-0.0820
pop150_gen800_mut0.035_elite3_tour3,150,800,0.0350,3,3,10,5,5,False,25.4659,672,,100950,10692.40,4976.00,-0.0310
pop150_gen800_mut0.035_elite3_tour4,150,800,0.0350,3,4,10,5,1,False,20.6319,530,,79650,15451.40,19349.00,-0.0160
pop150_gen800_mut0.035_elite3_tour4,150,800,0.0350,3,4,10,5,2,True,0.2357,6,6,900,15510.20,5128.40,-0.0620
pop150_gen800_mut0.035_elite3_tour4,150,800,0.0350,3,4,10,5,3,False,18.8614,510,,76650,11070.00,10289.60,-0.0280
pop150_gen800_mut0.035_elite3_tour4,150,800,0.0350,3,4,10,5,4,True,1.8313,45,45,6750,15515.20,5094.80,-0.0900
pop150_gen800_mut0.035_elite3_tour4,150,800,0.0350,3,4,10,5,5,True,0.5893,14,14,2100,15545.60,9640.60,-0.1060
pop175_gen800_mut0.035_elite3_tour2,175,800,0.0350,3,2,10,5,1,True,0.2680,5,5,875,15508.00,4692.60,-0.0320
pop175_gen800_mut0.035_elite3_tour2,175,800,0.0350,3,2,10,5,2,True,2.9258,54,54,9450,15585.00,14745.60,-0.1200
pop175_gen800_mut0.035_elite3_tour2,175,800,0.0350,3,2,10,5,3,True,1.2164,23,23,4025,15539.40,5054.00,-0.0950
pop175_gen800_mut0.035_elite3_tour2,175,800,0.0350,3,2,10,5,4,True,0.0678,1,1,175,15523.00,0.00,0.0000
pop175_gen800_mut0.035_elite3_tour2,175,800,0.0350,3,2,10,5,5,True,1.6432,31,31,5425,15548.60,14480.40,-0.1050
pop175_gen800_mut0.035_elite3_tour3,175,800,0.0350,3,3,10,5,1,True,0.6164,12,12,2100,15555.00,4885.20,-0.1100
pop175_gen800_mut0.035_elite3_tour3,175,800,0.0350,3,3,10,5,2,True,0.0665,1,1,175,15511.00,0.00,0.0000
pop175_gen800_mut0.035_elite3_tour3,175,800,0.0350,3,3,10,5,3,True,1.6703,32,32,5600,15537.00,14728.20,-0.0920
pop175_gen800_mut0.035_elite3_tour3,175,800,0.0350,3,3,10,5,4,False,25.2010,496,,86975,15483.80,14106.40,-0.0170
pop175_gen800_mut0.035_elite3_tour3,175,800,0.0350,3,3,10,5,5,True,0.5280,10,10,1750,15500.20,9505.00,-0.0690
pop175_gen800_mut0.035_elite3_tour4,175,800,0.0350,3,4,10,5,1,True,1.9063,36,36,6300,15545.00,19311.40,-0.0910
pop175_gen800_mut0.035_elite3_tour4,175,800,0.0350,3,4,10,5,2,True,0.9012,17,17,2975,15545.20,14316.80,-0.1140
pop175_gen800_mut0.035_elite3_tour4,175,800,0.0350,3,4,10,5,3,True,1.8505,35,35,6125,15595.00,19864.80,-0.0920
pop175_gen800_mut0.035_elite3_tour4,175,800,0.0350,3,4,10,5,4,True,1.1553,21,21,3675,15585.40,4943.60,-0.0920
pop175_gen800_mut0.035_elite3_tour4,175,800,0.0350,3,4,10,5,5,True,3.8610,71,71,12425,15526.60,9519.00,-0.0660
pop200_gen800_mut0.035_elite3_tour2,200,800,0.0350,3,2,10,5,1,True,0.1337,2,2,400,15524.20,4673.40,-0.0110
pop200_gen800_mut0.035_elite3_tour2,200,800,0.0350,3,2,10,5,2,True,2.8745,44,44,8800,15520.80,9701.20,-0.1410
pop200_gen800_mut0.035_elite3_tour2,200,800,0.0350,3,2,10,5,3,True,0.0801,1,1,200,15523.00,0.00,0.0000
pop200_gen800_mut0.035_elite3_tour2,200,800,0.0350,3,2,10,5,4,True,1.7788,28,28,5600,15511.40,4815.60,-0.0880
pop200_gen800_mut0.035_elite3_tour2,200,800,0.0350,3,2,10,5,5,True,4.0258,61,61,12200,15550.40,9735.80,-0.1340
pop200_gen800_mut0.035_elite3_tour3,200,800,0.0350,3,3,10,5,1,True,0.1334,2,2,400,15520.20,4648.40,-0.0150
pop200_gen800_mut0.035_elite3_tour3,200,800,0.0350,3,3,10,5,2,True,1.8618,29,29,5800,15587.40,10288.60,-0.1140
pop200_gen800_mut0.035_elite3_tour3,200,800,0.0350,3,3,10,5,3,True,1.3732,22,22,4400,15563.40,10125.80,-0.1210
pop200_gen800_mut0.035_elite3_tour3,200,800,0.0350,3,3,10,5,4,True,0.3897,6,6,1200,15516.80,14244.80,-0.0650
pop200_gen800_mut0.035_elite3_tour3,200,800,0.0350,3,3,10,5,5,True,0.8979,37,37,7400,15605.40,24634.60,-0.1010
pop200_gen800_mut0.035_elite3_tour4,200,800,0.0350,3,4,10,5,1,True,0.7135,11,11,2200,15527.40,9636.00,-0.0850
pop200_gen800_mut0.035_elite3_tour4,200,800,0.0350,3,4,10,5,2,True,0.2442,4,4,800,15492.20,9291.60,-0.0420
pop200_gen800_mut0.035_elite3_tour4,200,800,0.0350,3,4,10,5,3,True,2.4707,38,38,7600,15565.00,19300.00,-0.1060
pop200_gen800_mut0.035_elite3_tour4,200,800,0.0350,3,4,10,5,4,False,32.3410,505,,101200,15504.00,9428.40,-0.0070
pop200_gen800_mut0.035_elite3_tour4,200,800,0.0350,3,4,10,5,5,True,0.1328,2,2,400,15531.20,4948.40,-0.0090
pop225_gen800_mut0.035_elite3_tour2,225,800,0.0350,3,2,10,5,1,True,0.2949,4,4,900,15501.40,5145.40,-0.0300
pop225_gen800_mut0.035_elite3_tour2,225,800,0.0350,3,2,10,5,2,False,61.4095,800,,180000,15461.60,19833.80,-0.0580
pop225_gen800_mut0.035_elite3_tour2,225,800,0.0350,3,2,10,5,3,True,1.6791,21,21,4725,15557.00,9727.00,-0.1020
pop225_gen800_mut0.035_elite3_tour2,225,800,0.0350,3,2,10,5,4,True,3.4250,42,42,9450,15557.80,24003.80,-0.1360
pop225_gen800_mut0.035_elite3_tour2,225,800,0.0350,3,2,10,5,5,False,48.1986,631,,142200,15004.80,4483.60,-0.0300
pop225_gen800_mut0.035_elite3_tour3,225,800,0.0350,3,3,10,5,1,True,1.1796,15,15,3375,15563.40,9554.80,-0.1440
pop225_gen800_mut0.035_elite3_tour3,225,800,0.0350,3,3,10,5,2,True,-0.6764,11,11,2475,15531.40,9679.40,-0.0800
pop225_gen800_mut0.035_elite3_tour3,225,800,0.0350,3,3,10,5,3,False,39.1761,508,,114525,15357.40,14791.80,-0.0310
pop225_gen800_mut0.035_elite3_tour3,225,800,0.0350,3,3,10,5,4,False,38.0281,497,,112050,15508.00,9447.40,-0.0080
pop225_gen800_mut0.035_elite3_tour3,225,800,0.0350,3,3,10,5,5,True,1.2451,16,16,3600,15568.20,14532.40,-0.1180
pop225_gen800_mut0.035_elite3_tour4,225,800,0.0350,3,4,10,5,1,True,0.1532,2,2,450,15522.20,4942.40,-0.0090
pop225_gen800_mut0.035_elite3_tour4,225,800,0.0350,3,4,10,5,2,True,0.7538,10,10,2250,15548.20,9582.60,-0.0930
pop225_gen800_mut0.035_elite3_tour4,225,800,0.0350,3,4,10,5,3,True,0.3823,5,5,1125,15530.20,4939.00,-0.0640
pop225_gen800_mut0.035_elite3_tour4,225,800,0.0350,3,4,10,5,4,True,0.1632,2,2,450,15523.80,4710.40,-0.0110
pop225_gen800_mut0.035_elite3_tour4,225,800,0.0350,3,4,10,5,5,True,0.8527,11,11,2475,15538.60,9853.60,-0.1050
pop250_gen800_mut0.035_elite3_tour2,250,800,0.0350,3,2,10,5,1,True,0.9065,10,10,2500,15529.40,9672.80,-0.0810
pop250_gen800_mut0.035_elite3_tour2,250,800,0.0350,3,2,10,5,2,True,4.5923,50,50,12500,15527.80,10044.40,-0.1010
pop250_gen800_mut0.035_elite3_tour2,250,800,0.0350,3,2,10,5,3,True,1.0532,11,11,2750,15526.60,14031.80,-0.0980
pop250_gen800_mut0.035_elite3_tour2,250,800,0.0350,3,2,10,5,4,True,0.1140,1,1,250,15514.60,0.00,0.0000
pop250_gen800_mut0.035_elite3_tour2,250,800,0.0350,3,2,10,5,5,True,3.7357,40,40,10000,15518.20,9556.20,-0.1090
pop250_gen800_mut0.035_elite3_tour3,250,800,0.0350,3,3,10,5,1,True,0.1120,1,1,250,15519.80,0.00,0.0000
pop250_gen800_mut0.035_elite3_tour3,250,800,0.0350,3,3,10,5,2,True,0.1120,1,1,250,15515.80,0.00,0.0000
pop250_gen800_mut0.035_elite3_tour3,250,800,0.0350,3,3,10,5,3,True,1.3950,15,15,3750,15522.20,9474.20,-0.0810
pop250_gen800_mut0.035_elite3_tour3,250,800,0.0350,3,3,10,5,4,False,57.8020,646,,161750,15488.60,5147.40,-0.0130
pop250_gen800_mut0.035_elite3_tour3,250,800,0.0350,3,3,10,5,5,True,0.1099,1,1,250,15520.20,0.00,0.0000
pop250_gen800_mut0.035_elite3_tour4,250,800,0.0350,3,4,10,5,1,True,1.5118,16,16,4000,15519.40,14134.60,-0.1050
pop250_gen800_mut0.035_elite3_tour4,250,800,0.0350,3,4,10,5,2,True,2.5162,27,27,6750,15569.80,14835.00,-0.0870
pop250_gen800_mut0.035_elite3_tour4,250,800,0.0350,3,4,10,5,3,False,41.6235,469,,117500,15465.20,4836.40,-0.0160
pop250_gen800_mut0.035_elite3_tour4,250,800,0.0350,3,4,10,5,4,True,0.9417,10,10,2500,15550.20,9661.20,-0.0910
pop250_gen800_mut0.035_elite3_tour4,250,800,0.0350,3,4,10,5,5,True,0.3649,4,4,1000,15499.40,9356.80,-0.0500
pop150_gen800_mut0.04_elite3_tour2,150,800,0.0400,3,2,10,5,1,True,1.2290,30,30,4500,15537.00,19152.20,-0.1200
pop150_gen800_mut0.04_elite3_tour2,150,800,0.0400,3,2,10,5,2,True,0.3083,7,7,1050,15530.60,4966.80,-0.0720
pop150_gen800_mut0.04_elite3_tour2,150,800,0.0400,3,2,10,5,3,False,28.1751,693,,104100,15504.00,9562.40,-0.0140
pop150_gen800_mut0.04_elite3_tour2,150,800,0.0400,3,2,10,5,4,True,0.8609,20,20,3000,15526.60,4682.80,-0.1550
pop150_gen800_mut0.04_elite3_tour2,150,800,0.0400,3,2,10,5,5,True,1.8631,44,44,6600,15535.40,14341.20,-0.1490
pop150_gen800_mut0.04_elite3_tour3,150,800,0.0400,3,3,10,5,1,True,0.9238,22,22,3300,15586.20,14585.80,-0.1000
pop150_gen800_mut0.04_elite3_tour3,150,800,0.0400,3,3,10,5,2,True,2.8909,68,68,10200,15580.00,14951.80,-0.0760
pop150_gen800_mut0.04_elite3_tour3,150,800,0.0400,3,3,10,5,3,True,1.3037,31,31,4650,15555.40,9845.00,-0.1210
pop150_gen800_mut0.04_elite3_tour3,150,800,0.0400,3,3,10,5,4,True,1.2578,31,31,4650,15529.80,5227.80,-0.0960
pop150_gen800_mut0.04_elite3_tour3,150,800,0.0400,3,3,10,5,5,True,2.0643,49,49,7350,15546.20,14316.40,-0.0810
pop150_gen800_mut0.04_elite3_tour4,150,800,0.0400,3,4,10,5,1,True,0.8448,20,20,3000,15573.60,9955.80,-0.0840
pop150_gen800_mut0.04_elite3_tour4,150,800,0.0400,3,4,10,5,2,True,0.1628,4,4,600,15512.20,9555.80,-0.0420
pop150_gen800_mut0.04_elite3_tour4,150,800,0.0400,3,4,10,5,3,True,0.3143,8,8,1200,15511.40,18791.80,-0.0730
pop150_gen800_mut0.04_elite3_tour4,150,800,0.0400,3,4,10,5,4,True,0.1701,4,4,600,15520.20,4720.00,-0.0530
pop150_gen800_mut0.04_elite3_tour4,150,800,0.0400,3,4,10,5,5,True,0.0997,2,2,300,15489.20,4668.80,-0.0130
pop175_gen800_mut0.04_elite3_tour2,175,800,0.0400,3,2,10,5,1,True,0.1048,2,2,350,15482.60,4679.40,-0.0130
pop175_gen800_mut0.04_elite3_tour2,175,800,0.0400,3,2,10,5,2,True,4.6456,87,87,15225,15587.40,10159.20,-0.1450
pop175_gen800_mut0.04_elite3_tour2,175,800,0.0400,3,2,10,5,3,True,1.0416,20,20,3500,15522.60,9646.60,-0.0990
pop175_gen800_mut0.04_elite3_tour2,175,800,0.0400,3,2,10,5,4,True,3.6706,96,96,16800,15530.60,14419.60,-0.1520
pop175_gen800_mut0.04_elite3_tour2,175,800,0.0400,3,2,10,5,5,True,0.4564,9,9,1575,15530.20,9920.00,-0.0880
pop175_gen800_mut0.04_elite3_tour3,175,800,0.0400,3,3,10,5,1,True,0.2507,5,5,875,15520.20,14385.20,-0.0670
pop175_gen800_mut0.04_elite3_tour3,175,800,0.0400,3,3,10,5,2,True,1.9088,37,37,6475,15539.00,9701.20,-0.0880
pop175_gen800_mut0.04_elite3_tour3,175,800,0.0400,3,3,10,5,3,False,31.6268,671,,117600,10330.40,9274.00,-0.0180
pop175_gen800_mut0.04_elite3_tour3,175,800,0.0400,3,3,10,5,4,True,0.1067,2,2,350,15502.20,4536.40,-0.0130
pop175_gen800_mut0.04_elite3_tour3,175,800,0.0400,3,3,10,5,5,True,0.0676,1,1,175,15515.00,0.00,0.0000
pop175_gen800_mut0.04_elite3_tour4,175,800,0.0400,3,4,10,5,1,True,1.8604,35,35,6125,15567.00,14626.40,-0.1000
pop175_gen800_mut0.04_elite3_tour4,175,800,0.0400,3,4,10,5,2,True,0.1076,2,2,350,15526.40,4736.80,-0.0130
pop175_gen800_mut0.04_elite3_tour4,175,800,0.0400,3,4,10,5,3,True,1.6316,31,31,5425,15519.80,9621.60,-0.0760
pop175_gen800_mut0.04_elite3_tour4,175,800,0.0400,3,4,10,5,4,True,0.9222,17,17,2975,15566.20,19313.40,-0.1080
pop175_gen800_mut0.04_elite3_tour4,175,800,0.0400,3,4,10,5,5,True,0.2152,4,4,700,15516.80,9481.00,-0.0520
pop200_gen800_mut0.04_elite3_tour2,200,800,0.0400,3,2,10,5,1,False,40.1237,624,,125000,15507.60,9433.00,-0.0210
pop200_gen800_mut0.04_elite3_tour2,200,800,0.0400,3,2,10,5,2,False,48.9897,800,,160000,15281.80,9438.00,-0.0910
pop200_gen800_mut0.04_elite3_tour2,200,800,0.0400,3,2,10,5,3,False,45.5318,707,,141600,15468.20,19018.00,-0.0350
pop200_gen800_mut0.04_elite3_tour2,200,800,0.0400,3,2,10,5,4,True,0.1269,2,2,400,15503.00,5086.40,-0.0130
pop200_gen800_mut0.04_elite3_tour2,200,800,0.0400,3,2,10,5,5,True,4.5372,68,68,13600,15518.60,9729.80,-0.1030
pop200_gen800_mut0.04_elite3_tour3,200,800,0.0400,3,3,10,5,1,False,31.5964,500,,100200,15504.00,9695.40,-0.0100
pop200_gen800_mut0.04_elite3_tour3,200,800,0.0400,3,3,10,5,2,True,0.0801,1,1,200,15508.00,0.00,0.0000
pop200_gen800_mut0.04_elite3_tour3,200,800,0.0400,3,3,10,5,3,True,0.0790,1,1,200,15522.20,0.00,0.0000
pop200_gen800_mut0.04_elite3_tour3,200,800,0.0400,3,3,10,5,4,True,1.4484,22,22,4400,15527.40,9650.60,-0.0890
pop200_gen800_mut0.04_elite3_tour3,200,800,0.0400,3,3,10,5,5,True,-1.1844,6,6,1200,15517.60,4896.00,-0.0550
pop200_gen800_mut0.04_elite3_tour4,200,800,0.0400,3,4,10,5,1,True,0.1286,2,2,400,15511.00,4899.80,-0.0140
pop200_gen800_mut0.04_elite3_tour4,200,800,0.0400,3,4,10,5,2,False,31.1411,472,,94600,15450.80,18741.80,-0.0170
pop200_gen800_mut0.04_elite3_tour4,200,800,0.0400,3,4,10,5,3,True,0.3695,29,29,5800,15570.40,19659.60,-0.0910
pop200_gen800_mut0.04_elite3_tour4,200,800,0.0400,3,4,10,5,4,True,3.4908,55,55,11000,15521.00,4995.80,-0.0460
pop200_gen800_mut0.04_elite3_tour4,200,800,0.0400,3,4,10,5,5,True,0.0786,1,1,200,15519.80,0.00,0.0000
pop225_gen800_mut0.04_elite3_tour2,225,800,0.0400,3,2,10,5,1,False,48.4073,621,,139950,15507.60,4811.60,-0.0140
pop225_gen800_mut0.04_elite3_tour2,225,800,0.0400,3,2,10,5,2,True,11.9448,168,168,37800,15601.00,15037.00,-0.1480
pop225_gen800_mut0.04_elite3_tour2,225,800,0.0400,3,2,10,5,3,True,8.2750,100,100,22500,15575.00,9809.80,-0.1200
pop225_gen800_mut0.04_elite3_tour2,225,800,0.0400,3,2,10,5,4,True,0.8422,11,11,2475,15528.20,9706.20,-0.1180
pop225_gen800_mut0.04_elite3_tour2,225,800,0.0400,3,2,10,5,5,True,0.2420,3,3,675,15533.60,9348.40,-0.0270
pop225_gen800_mut0.04_elite3_tour3,225,800,0.0400,3,3,10,5,1,True,0.0939,1,1,225,15480.40,0.00,0.0000
pop225_gen800_mut0.04_elite3_tour3,225,800,0.0400,3,3,10,5,2,True,0.5274,7,7,1575,15519.00,14085.40,-0.0740
pop225_gen800_mut0.04_elite3_tour3,225,800,0.0400,3,3,10,5,3,True,0.3773,5,5,1125,15530.20,5034.00,-0.0600
pop225_gen800_mut0.04_elite3_tour3,225,800,0.0400,3,3,10,5,4,True,0.1648,2,2,450,15541.00,4678.40,-0.0150
pop225_gen800_mut0.04_elite3_tour3,225,800,0.0400,3,3,10,5,5,True,1.2084,15,15,3375,15564.00,14464.80,-0.0970
pop225_gen800_mut0.04_elite3_tour4,225,800,0.0400,3,4,10,5,1,True,0.0969,1,1,225,15530.20,0.00,0.0000
pop225_gen800_mut0.04_elite3_tour4,225,800,0.0400,3,4,10,5,2,True,2.5312,33,33,7425,15534.40,9501.20,-0.0520
pop225_gen800_mut0.04_elite3_tour4,225,800,0.0400,3,4,10,5,3,True,0.1598,2,2,450,15488.00,4681.40,-0.0110
pop225_gen800_mut0.04_elite3_tour4,225,800,0.0400,3,4,10,5,4,True,0.1570,2,2,450,15531.40,9748.80,-0.0160
pop225_gen800_mut0.04_elite3_tour4,225,800,0.0400,3,4,10,5,5,True,0.3071,4,4,900,15518.20,9390.00,-0.0540
pop250_gen800_mut0.04_elite3_tour2,250,800,0.0400,3,2,10,5,1,True,0.4521,5,5,1250,15523.00,4938.60,-0.0450
pop250_gen800_mut0.04_elite3_tour2,250,800,0.0400,3,2,10,5,2,True,3.6235,39,39,9750,15513.60,9612.60,-0.1350
pop250_gen800_mut0.04_elite3_tour2,250,800,0.0400,3,2,10,5,3,True,2.7463,30,30,7500,15529.00,5025.60,-0.1170
pop250_gen800_mut0.04_elite3_tour2,250,800,0.0400,3,2,10,5,4,True,6.3615,82,82,20500,15520.40,4911.20,-0.1500
pop250_gen800_mut0.04_elite3_tour2,250,800,0.0400,3,2,10,5,5,True,0.1122,1,1,250,15516.00,0.00,0.0000
pop250_gen800_mut0.04_elite3_tour3,250,800,0.0400,3,3,10,5,1,True,4.2865,45,45,11250,15523.60,4791.20,-0.0760
pop250_gen800_mut0.04_elite3_tour3,250,800,0.0400,3,3,10,5,2,True,1.2793,14,14,3500,15530.60,9990.60,-0.0840
pop250_gen800_mut0.04_elite3_tour3,250,800,0.0400,3,3,10,5,3,True,0.7636,8,8,2000,15488.40,4673.20,-0.0770
pop250_gen800_mut0.04_elite3_tour3,250,800,0.0400,3,3,10,5,4,True,0.2661,3,3,750,15511.00,9531.00,-0.0270
pop250_gen800_mut0.04_elite3_tour3,250,800,0.0400,3,3,10,5,5,True,3.6815,38,38,9500,15547.80,9627.00,-0.1240
pop250_gen800_mut0.04_elite3_tour4,250,800,0.0400,3,4,10,5,1,True,2.7977,30,30,7500,15547.40,9841.60,-0.1000
pop250_gen800_mut0.04_elite3_tour4,250,800,0.0400,3,4,10,5,2,True,5.5980,57,57,14250,15583.80,14932.60,-0.0920
pop250_gen800_mut0.04_elite3_tour4,250,800,0.0400,3,4,10,5,3,True,0.1791,2,2,500,15489.20,4803.40,-0.0110
pop250_gen800_mut0.04_elite3_tour4,250,800,0.0400,3,4,10,5,4,True,0.2889,3,3,750,15520.20,9528.80,-0.0410
pop250_gen800_mut0.04_elite3_tour4,250,800,0.0400,3,4,10,5,5,True,0.1101,1,1,250,15498.40,0.00,0.0000
pop150_gen1000_mut0.02_elite3_tour2,150,1000,0.0200,3,2,10,5,1,True,0.4230,10,10,1500,15586.80,4927.80,-0.0490
pop150_gen1000_mut0.02_elite3_tour2,150,1000,0.0200,3,2,10,5,2,True,0.2839,7,7,1050,15508.60,9438.80,-0.0440
pop150_gen1000_mut0.02_elite3_tour2,150,1000,0.0200,3,2,10,5,3,True,0.0522,1,1,150,15485.80,0.00,0.0000
pop150_gen1000_mut0.02_elite3_tour2,150,1000,0.0200,3,2,10,5,4,True,0.8228,20,20,3000,15517.80,9468.60,-0.0740
pop150_gen1000_mut0.02_elite3_tour2,150,1000,0.0200,3,2,10,5,5,True,3.6375,85,85,12750,15555.00,10030.80,-0.0910
pop150_gen1000_mut0.02_elite3_tour3,150,1000,0.0200,3,3,10,5,1,False,24.4361,598,,89850,15394.00,4682.00,-0.0080
pop150_gen1000_mut0.02_elite3_tour3,150,1000,0.0200,3,3,10,5,2,True,0.6629,16,16,2400,15529.80,9489.20,-0.0600
pop150_gen1000_mut0.02_elite3_tour3,150,1000,0.0200,3,3,10,5,3,True,2.4602,61,61,9150,15530.00,14346.60,-0.0610
pop150_gen1000_mut0.02_elite3_tour3,150,1000,0.0200,3,3,10,5,4,True,3.3318,83,83,12450,15521.00,5135.80,-0.0160
pop150_gen1000_mut0.02_elite3_tour3,150,1000,0.0200,3,3,10,5,5,True,1.0688,26,26,3900,15542.80,14707.40,-0.0820
pop150_gen1000_mut0.02_elite3_tour4,150,1000,0.0200,3,4,10,5,1,True,0.0856,2,2,300,15511.40,4658.40,-0.0070
pop150_gen1000_mut0.02_elite3_tour4,150,1000,0.0200,3,4,10,5,2,True,0.4147,10,10,1500,15550.60,9666.20,-0.0500
pop150_gen1000_mut0.02_elite3_tour4,150,1000,0.0200,3,4,10,5,3,True,0.7014,17,17,2550,15516.60,9712.80,-0.0710
pop150_gen1000_mut0.02_elite3_tour4,150,1000,0.0200,3,4,10,5,4,True,0.3334,8,8,1200,15521.00,4841.40,-0.0650
pop150_gen1000_mut0.02_elite3_tour4,150,1000,0.0200,3,4,10,5,5,True,1.8743,45,45,6750,15565.40,19419.20,-0.0900
pop175_gen1000_mut0.02_elite3_tour2,175,1000,0.0200,3,2,10,5,1,True,0.0663,1,1,175,15495.80,0.00,0.0000
pop175_gen1000_mut0.02_elite3_tour2,175,1000,0.0200,3,2,10,5,2,True,0.2719,5,5,875,15528.60,4756.20,-0.0300
pop175_gen1000_mut0.02_elite3_tour2,175,1000,0.0200,3,2,10,5,3,True,0.1004,2,2,350,15490.20,4665.40,-0.0090
pop175_gen1000_mut0.02_elite3_tour2,175,1000,0.0200,3,2,10,5,4,True,0.0649,1,1,175,15519.80,0.00,0.0000
pop175_gen1000_mut0.02_elite3_tour2,175,1000,0.0200,3,2,10,5,5,True,2.6907,79,79,13825,15532.60,9803.80,-0.0800
pop175_gen1000_mut0.02_elite3_tour3,175,1000,0.0200,3,3,10,5,1,True,4.7820,94,94,16450,15524.40,5086.60,-0.0380
pop175_gen1000_mut0.02_elite3_tour3,175,1000,0.0200,3,3,10,5,2,True,1.6205,30,30,5250,15576.60,14731.80,-0.0810
pop175_gen1000_mut0.02_elite3_tour3,175,1000,0.0200,3,3,10,5,3,True,0.1106,2,2,350,15507.60,4683.40,-0.0050
pop175_gen1000_mut0.02_elite3_tour3,175,1000,0.0200,3,3,10,5,4,True,0.1054,2,2,350,15483.80,4573.00,-0.0060
pop175_gen1000_mut0.02_elite3_tour3,175,1000,0.0200,3,3,10,5,5,True,0.1047,2,2,350,15529.40,4669.40,-0.0100
pop175_gen1000_mut0.02_elite3_tour4,175,1000,0.0200,3,4,10,5,1,True,0.9951,19,19,3325,15527.80,14152.20,-0.0640
pop175_gen1000_mut0.02_elite3_tour4,175,1000,0.0200,3,4,10,5,2,True,0.2628,5,5,875,15521.40,9420.00,-0.0350
pop175_gen1000_mut0.02_elite3_tour4,175,1000,0.0200,3,4,10,5,3,True,0.1114,2,2,350,15530.00,4683.40,-0.0050
pop175_gen1000_mut0.02_elite3_tour4,175,1000,0.0200,3,4,10,5,4,True,1.2579,25,25,4375,15521.40,5078.60,-0.0360
pop175_gen1000_mut0.02_elite3_tour4,175,1000,0.0200,3,4,10,5,5,True,1.2163,23,23,4025,15526.60,9765.00,-0.0740
pop200_gen1000_mut0.02_elite3_tour2,200,1000,0.0200,3,2,10,5,1,True,0.9144,14,14,2800,15505.20,9229.20,-0.0650
pop200_gen1000_mut0.02_elite3_tour2,200,1000,0.0200,3,2,10,5,2,True,1.3040,20,20,4000,15539.40,5011.00,-0.0750
pop200_gen1000_mut0.02_elite3_tour2,200,1000,0.0200,3,2,10,5,3,True,9.0410,131,131,26200,15559.00,14559.40,-0.0430
pop200_gen1000_mut0.02_elite3_tour2,200,1000,0.0200,3,2,10,5,4,True,0.6725,11,11,2200,15519.40,9735.80,-0.0790
pop200_gen1000_mut0.02_elite3_tour2,200,1000,0.0200,3,2,10,5,5,True,5.4977,84,84,16800,15588.40,15012.80,-0.0670
pop200_gen1000_mut0.02_elite3_tour3,200,1000,0.0200,3,3,10,5,1,True,0.4304,7,7,1400,15531.00,9800.40,-0.0420
pop200_gen1000_mut0.02_elite3_tour3,200,1000,0.0200,3,3,10,5,2,True,0.4645,32,32,6400,15565.80,19456.60,-0.0990
pop200_gen1000_mut0.02_elite3_tour3,200,1000,0.0200,3,3,10,5,3,True,0.0797,1,1,200,15506.20,0.00,0.0000
pop200_gen1000_mut0.02_elite3_tour3,200,1000,0.0200,3,3,10,5,4,True,0.9851,16,16,3200,15539.00,9549.40,-0.0950
pop200_gen1000_mut0.02_elite3_tour3,200,1000,0.0200,3,3,10,5,5,True,0.2477,4,4,800,15531.80,9884.80,-0.0280
pop200_gen1000_mut0.02_elite3_tour4,200,1000,0.0200,3,4,10,5,1,True,1.4981,23,23,4600,15504.00,9392.20,-0.0580
pop200_gen1000_mut0.02_elite3_tour4,200,1000,0.0200,3,4,10,5,2,True,2.1016,32,32,6400,15549.80,14350.20,-0.0540
pop200_gen1000_mut0.02_elite3_tour4,200,1000,0.0200,3,4,10,5,3,True,0.0811,1,1,200,15518.40,0.00,0.0000
pop200_gen1000_mut0.02_elite3_tour4,200,1000,0.0200,3,4,10,5,4,True,6.0456,94,94,18800,15537.00,9911.40,-0.0160
pop200_gen1000_mut0.02_elite3_tour4,200,1000,0.0200,3,4,10,5,5,False,42.7940,667,,133600,15504.00,14106.40,-0.0050
pop225_gen1000_mut0.02_elite3_tour2,225,1000,0.0200,3,2,10,5,1,True,0.6677,9,9,2025,15520.20,9620.40,-0.0570
pop225_gen1000_mut0.02_elite3_tour2,225,1000,0.0200,3,2,10,5,2,True,0.5866,8,8,1800,15511.40,9734.60,-0.0480
pop225_gen1000_mut0.02_elite3_tour2,225,1000,0.0200,3,2,10,5,3,True,0.3888,5,5,1125,15517.60,4688.40,-0.0210
pop225_gen1000_mut0.02_elite3_tour2,225,1000,0.0200,3,2,10,5,4,True,0.0942,1,1,225,15519.80,0.00,0.0000
pop225_gen1000_mut0.02_elite3_tour2,225,1000,0.0200,3,2,10,5,5,True,1.4267,18,18,4050,15516.00,4919.40,-0.0610
pop225_gen1000_mut0.02_elite3_tour3,225,1000,0.0200,3,3,10,5,1,False,45.7678,611,,137700,15504.00,14032.40,-0.0040
pop225_gen1000_mut0.02_elite3_tour3,225,1000,0.0200,3,3,10,5,2,False,77.5270,1000,,225000,15504.00,9589.20,-0.0040
pop225_gen1000_mut0.02_elite3_tour3,225,1000,0.0200,3,3,10,5,3,True,2.8703,36,36,8100,15595.40,14781.60,-0.0780
pop225_gen1000_mut0.02_elite3_tour3,225,1000,0.0200,3,3,10,5,4,True,0.8947,31,31,6975,15567.00,9933.20,-0.0830
pop225_gen1000_mut0.02_elite3_tour3,225,1000,0.0200,3,3,10,5,5,True,0.3223,4,4,900,15521.40,4752.60,-0.0210
pop225_gen1000_mut0.02_elite3_tour4,225,1000,0.0200,3,4,10,5,1,True,4.4948,60,60,13500,15571.60,19496.80,-0.0510
pop225_gen1000_mut0.02_elite3_tour4,225,1000,0.0200,3,4,10,5,2,True,0.1600,2,2,450,15488.40,4685.40,-0.0060
pop225_gen1000_mut0.02_elite3_tour4,225,1000,0.0200,3,4,10,5,3,True,3.7486,48,48,10800,15525.80,14511.00,-0.0540
pop225_gen1000_mut0.02_elite3_tour4,225,1000,0.0200,3,4,10,5,4,True,1.0678,14,14,3150,15558.20,4967.60,-0.1130
pop225_gen1000_mut0.02_elite3_tour4,225,1000,0.0200,3,4,10,5,5,True,0.6058,8,8,1800,15530.20,5095.80,-0.0580
pop250_gen1000_mut0.02_elite3_tour2,250,1000,0.0200,3,2,10,5,1,True,1.6598,18,18,4500,15572.80,14969.60,-0.0970
pop250_gen1000_mut0.02_elite3_tour2,250,1000,0.0200,3,2,10,5,2,True,5.9128,62,62,15500,15582.00,14681.00,-0.0910
pop250_gen1000_mut0.02_elite3_tour2,250,1000,0.0200,3,2,10,5,3,False,73.0475,801,,200500,15494.40,5022.00,-0.0130
pop250_gen1000_mut0.02_elite3_tour2,250,1000,0.0200,3,2,10,5,4,True,0.9587,28,28,7000,15565.80,19527.40,-0.1150
pop250_gen1000_mut0.02_elite3_tour2,250,1000,0.0200,3,2,10,5,5,True,0.1826,2,2,500,15481.20,4676.40,-0.0030
pop250_gen1000_mut0.02_elite3_tour3,250,1000,0.0200,3,3,10,5,1,True,0.9960,11,11,2750,15498.80,9468.40,-0.0470
pop250_gen1000_mut0.02_elite3_tour3,250,1000,0.0200,3,3,10,5,2,True,0.1851,2,2,500,15489.20,4623.40,-0.0060
pop250_gen1000_mut0.02_elite3_tour3,250,1000,0.0200,3,3,10,5,3,True,3.3711,36,36,9000,15555.80,9677.20,-0.0620
pop250_gen1000_mut0.02_elite3_tour3,250,1000,0.0200,3,3,10,5,4,False,64.8938,716,,179250,15489.00,4810.40,-0.0090
pop250_gen1000_mut0.02_elite3_tour3,250,1000,0.0200,3,3,10,5,5,True,2.5119,27,27,6750,15538.40,9622.60,-0.0580
pop250_gen1000_mut0.02_elite3_tour4,250,1000,0.0200,3,4,10,5,1,True,1.4888,16,16,4000,15549.00,9768.60,-0.0500
pop250_gen1000_mut0.02_elite3_tour4,250,1000,0.0200,3,4,10,5,2,True,0.1932,2,2,500,15526.80,4683.40,-0.0070
pop250_gen1000_mut0.02_elite3_tour4,250,1000,0.0200,3,4,10,5,3,True,4.5191,48,48,12000,15575.00,14951.20,-0.0670
pop250_gen1000_mut0.02_elite3_tour4,250,1000,0.0200,3,4,10,5,4,True,1.3312,15,15,3750,15608.20,15040.00,-0.0840
pop250_gen1000_mut0.02_elite3_tour4,250,1000,0.0200,3,4,10,5,5,True,0.4467,5,5,1250,15529.40,4939.00,-0.0430
pop150_gen1000_mut0.025_elite3_tour2,150,1000,0.0250,3,2,10,5,1,True,0.0534,1,1,150,15499.20,0.00,0.0000
pop150_gen1000_mut0.025_elite3_tour2,150,1000,0.0250,3,2,10,5,2,True,0.4662,11,11,1650,15550.20,14440.40,-0.0650
pop150_gen1000_mut0.025_elite3_tour2,150,1000,0.0250,3,2,10,5,3,True,0.1232,3,3,450,15509.20,9554.60,-0.0130
pop150_gen1000_mut0.025_elite3_tour2,150,1000,0.0250,3,2,10,5,4,True,4.0462,97,97,14550,15599.60,10195.40,-0.0990
pop150_gen1000_mut0.025_elite3_tour2,150,1000,0.0250,3,2,10,5,5,False,38.7714,1000,,150000,15255.60,14512.40,-0.0300
pop150_gen1000_mut0.025_elite3_tour3,150,1000,0.0250,3,3,10,5,1,True,0.0839,2,2,300,15521.80,5166.40,-0.0070
pop150_gen1000_mut0.025_elite3_tour3,150,1000,0.0250,3,3,10,5,2,True,0.6178,15,15,2250,15518.20,9578.80,-0.0860
pop150_gen1000_mut0.025_elite3_tour3,150,1000,0.0250,3,3,10,5,3,True,2.8610,71,71,10650,15512.00,14346.80,-0.0510
pop150_gen1000_mut0.025_elite3_tour3,150,1000,0.0250,3,3,10,5,4,True,0.3588,9,9,1350,15520.60,9829.60,-0.0550
pop150_gen1000_mut0.025_elite3_tour3,150,1000,0.0250,3,3,10,5,5,True,0.3884,10,10,1500,15518.20,18704.00,-0.0750
pop150_gen1000_mut0.025_elite3_tour4,150,1000,0.0250,3,4,10,5,1,True,0.7640,19,19,2850,15540.20,14614.80,-0.0790
pop150_gen1000_mut0.025_elite3_tour4,150,1000,0.0250,3,4,10,5,2,True,0.0840,2,2,300,15541.00,9852.80,-0.0100
pop150_gen1000_mut0.025_elite3_tour4,150,1000,0.0250,3,4,10,5,3,True,0.1973,5,5,750,15538.20,14377.40,-0.0520
pop150_gen1000_mut0.025_elite3_tour4,150,1000,0.0250,3,4,10,5,4,True,0.5823,14,14,2100,15546.60,14311.40,-0.0980
pop150_gen1000_mut0.025_elite3_tour4,150,1000,0.0250,3,4,10,5,5,True,0.7571,18,18,2700,15520.60,14126.40,-0.1010
pop175_gen1000_mut0.025_elite3_tour2,175,1000,0.0250,3,2,10,5,1,True,0.0676,1,1,175,15520.80,0.00,0.0000
pop175_gen1000_mut0.025_elite3_tour2,175,1000,0.0250,3,2,10,5,2,True,0.3069,6,6,1050,15531.80,9631.80,-0.0430
pop175_gen1000_mut0.025_elite3_tour2,175,1000,0.0250,3,2,10,5,3,True,4.7711,91,91,15925,15539.40,9640.00,-0.0440
pop175_gen1000_mut0.025_elite3_tour2,175,1000,0.0250,3,2,10,5,4,True,0.5646,11,11,1925,15518.20,14329.20,-0.0640
pop175_gen1000_mut0.025_elite3_tour2,175,1000,0.0250,3,2,10,5,5,True,0.1098,2,2,350,15514.60,4622.40,-0.0070
pop175_gen1000_mut0.025_elite3_tour3,175,1000,0.0250,3,3,10,5,1,True,1.1215,21,21,3675,15528.60,9603.60,-0.0950
pop175_gen1000_mut0.025_elite3_tour3,175,1000,0.0250,3,3,10,5,2,True,2.2089,41,41,7175,15573.00,14567.40,-0.1080
pop175_gen1000_mut0.025_elite3_tour3,175,1000,0.0250,3,3,10,5,3,True,0.3691,7,7,1225,15529.20,4794.20,-0.0440
pop175_gen1000_mut0.025_elite3_tour3,175,1000,0.0250,3,3,10,5,4,False,31.3359,604,,105875,15458.20,9553.60,-0.0080
pop175_gen1000_mut0.025_elite3_tour3,175,1000,0.0250,3,3,10,5,5,True,3.0496,58,58,10150,15527.40,9790.60,-0.0760
pop175_gen1000_mut0.025_elite3_tour4,175,1000,0.0250,3,4,10,5,1,True,1.5803,30,30,5250,15606.60,19636.80,-0.0640
pop175_gen1000_mut0.025_elite3_tour4,175,1000,0.0250,3,4,10,5,2,True,0.1098,2,2,350,15507.20,4666.40,-0.0080
pop175_gen1000_mut0.025_elite3_tour4,175,1000,0.0250,3,4,10,5,3,True,4.9904,93,93,16275,15522.80,14453.20,-0.0570
pop175_gen1000_mut0.025_elite3_tour4,175,1000,0.0250,3,4,10,5,4,True,1.1026,20,20,3500,15547.80,14367.60,-0.0750
pop175_gen1000_mut0.025_elite3_tour4,175,1000,0.0250,3,4,10,5,5,True,0.4778,9,9,1575,15528.00,4834.00,-0.0490
pop200_gen1000_mut0.025_elite3_tour2,200,1000,0.0250,3,2,10,5,1,True,0.7467,35,35,7000,15562.00,9647.20,-0.1120
pop200_gen1000_mut0.025_elite3_tour2,200,1000,0.0250,3,2,10,5,2,True,0.1413,2,2,400,15489.20,4623.40,-0.0060
pop200_gen1000_mut0.025_elite3_tour2,200,1000,0.0250,3,2,10,5,3,True,3.5604,55,55,11000,15544.60,14679.00,-0.1140
pop200_gen1000_mut0.025_elite3_tour2,200,1000,0.0250,3,2,10,5,4,True,0.0805,1,1,200,15511.00,0.00,0.0000
pop200_gen1000_mut0.025_elite3_tour2,200,1000,0.0250,3,2,10,5,5,True,4.9328,74,74,14800,15515.60,14247.40,-0.0560
pop200_gen1000_mut0.025_elite3_tour3,200,1000,0.0250,3,3,10,5,1,False,44.0918,688,,137800,15503.20,4845.00,-0.0110
pop200_gen1000_mut0.025_elite3_tour3,200,1000,0.0250,3,3,10,5,2,True,1.2875,20,20,4000,15529.00,9974.40,-0.1020
pop200_gen1000_mut0.025_elite3_tour3,200,1000,0.0250,3,3,10,5,3,False,37.2319,587,,117600,15456.40,19757.40,-0.0120
pop200_gen1000_mut0.025_elite3_tour3,200,1000,0.0250,3,3,10,5,4,True,53.4086,891,891,178200,15520.00,9611.40,-0.0990
pop200_gen1000_mut0.025_elite3_tour3,200,1000,0.0250,3,3,10,5,5,True,0.4946,8,8,1600,15531.40,9635.40,-0.0560
pop200_gen1000_mut0.025_elite3_tour4,200,1000,0.0250,3,4,10,5,1,False,63.2072,1000,,200000,15437.00,19237.60,-0.0120
pop200_gen1000_mut0.025_elite3_tour4,200,1000,0.0250,3,4,10,5,2,True,0.0811,1,1,200,15524.20,0.00,0.0000
pop200_gen1000_mut0.025_elite3_tour4,200,1000,0.0250,3,4,10,5,3,True,0.0819,1,1,200,15520.60,0.00,0.0000
pop200_gen1000_mut0.025_elite3_tour4,200,1000,0.0250,3,4,10,5,4,True,1.8586,28,28,5600,15533.20,9712.40,-0.0950
pop200_gen1000_mut0.025_elite3_tour4,200,1000,0.0250,3,4,10,5,5,True,2.7813,42,42,8400,15578.40,14921.40,-0.0820
pop225_gen1000_mut0.025_elite3_tour2,225,1000,0.0250,3,2,10,5,1,False,68.2970,911,,205200,15502.80,5146.00,-0.0070
pop225_gen1000_mut0.025_elite3_tour2,225,1000,0.0250,3,2,10,5,2,True,0.1594,2,2,450,15504.80,4644.40,-0.0120
pop225_gen1000_mut0.025_elite3_tour2,225,1000,0.0250,3,2,10,5,3,True,0.0986,1,1,225,15520.20,0.00,0.0000
pop225_gen1000_mut0.025_elite3_tour2,225,1000,0.0250,3,2,10,5,4,True,0.2967,4,4,900,15499.80,9452.60,-0.0330
pop225_gen1000_mut0.025_elite3_tour2,225,1000,0.0250,3,2,10,5,5,True,0.7001,9,9,2025,15523.80,9408.40,-0.0590
pop225_gen1000_mut0.025_elite3_tour3,225,1000,0.0250,3,3,10,5,1,True,0.4683,6,6,1350,15500.20,9306.40,-0.0390
pop225_gen1000_mut0.025_elite3_tour3,225,1000,0.0250,3,3,10,5,2,True,0.0945,1,1,225,15495.80,0.00,0.0000
pop225_gen1000_mut0.025_elite3_tour3,225,1000,0.0250,3,3,10,5,3,True,0.1624,2,2,450,15517.20,4627.60,-0.0060
pop225_gen1000_mut0.025_elite3_tour3,225,1000,0.0250,3,3,10,5,4,True,5.0075,63,63,14175,15585.80,14760.40,-0.0650
pop225_gen1000_mut0.025_elite3_tour3,225,1000,0.0250,3,3,10,5,5,True,1.3683,18,18,4050,15502.60,4783.20,-0.0710
pop225_gen1000_mut0.025_elite3_tour4,225,1000,0.0250,3,4,10,5,1,True,0.0970,1,1,225,15515.00,0.00,0.0000
pop225_gen1000_mut0.025_elite3_tour4,225,1000,0.0250,3,4,10,5,2,False,52.3102,681,,153450,15214.00,4447.40,-0.0100
pop225_gen1000_mut0.025_elite3_tour4,225,1000,0.0250,3,4,10,5,3,True,0.0956,1,1,225,15529.40,0.00,0.0000
pop225_gen1000_mut0.025_elite3_tour4,225,1000,0.0250,3,4,10,5,4,True,0.4612,6,6,1350,15521.80,9649.20,-0.0450
pop225_gen1000_mut0.025_elite3_tour4,225,1000,0.0250,3,4,10,5,5,True,4.2913,56,56,12600,15543.00,14453.00,-0.0560
pop250_gen1000_mut0.025_elite3_tour2,250,1000,0.0250,3,2,10,5,1,True,2.1558,23,23,5750,15535.60,9544.80,-0.0890
pop250_gen1000_mut0.025_elite3_tour2,250,1000,0.0250,3,2,10,5,2,True,1.6757,18,18,4500,15535.60,9595.80,-0.0690
pop250_gen1000_mut0.025_elite3_tour2,250,1000,0.0250,3,2,10,5,3,True,0.1152,1,1,250,15518.40,0.00,0.0000
pop250_gen1000_mut0.025_elite3_tour2,250,1000,0.0250,3,2,10,5,4,True,4.2195,44,44,11000,15551.20,18995.00,-0.1060
pop250_gen1000_mut0.025_elite3_tour2,250,1000,0.0250,3,2,10,5,5,False,73.0320,802,,200750,15503.20,4845.00,-0.0140
pop250_gen1000_mut0.025_elite3_tour3,250,1000,0.0250,3,3,10,5,1,True,0.5363,23,23,5750,15536.60,9743.60,-0.0880
pop250_gen1000_mut0.025_elite3_tour3,250,1000,0.0250,3,3,10,5,2,True,1.3979,15,15,3750,15519.00,4735.60,-0.1040
pop250_gen1000_mut0.025_elite3_tour3,250,1000,0.0250,3,3,10,5,3,True,1.9436,22,22,5500,15533.80,5017.40,-0.0680
pop250_gen1000_mut0.025_elite3_tour3,250,1000,0.0250,3,3,10,5,4,True,0.1147,1,1,250,15523.00,0.00,0.0000
pop250_gen1000_mut0.025_elite3_tour3,250,1000,0.0250,3,3,10,5,5,True,0.5287,6,6,1500,15558.20,4936.00,-0.0550
pop250_gen1000_mut0.025_elite3_tour4,250,1000,0.0250,3,4,10,5,1,True,1.1816,13,13,3250,15538.20,14406.60,-0.0970
pop250_gen1000_mut0.025_elite3_tour4,250,1000,0.0250,3,4,10,5,2,True,1.8056,20,20,5000,15529.00,9934.00,-0.1040
pop250_gen1000_mut0.025_elite3_tour4,250,1000,0.0250,3,4,10,5,3,True,1.2943,14,14,3500,15524.40,14245.20,-0.0830
pop250_gen1000_mut0.025_elite3_tour4,250,1000,0.0250,3,4,10,5,4,True,0.8090,9,9,2250,15507.20,9468.60,-0.0480
pop250_gen1000_mut0.025_elite3_tour4,250,1000,0.0250,3,4,10,5,5,True,2.0727,22,22,5500,15539.40,9605.60,-0.0800
pop150_gen1000_mut0.03_elite3_tour2,150,1000,0.0300,3,2,10,5,1,True,0.2747,7,7,1050,15531.00,5164.20,-0.0630
pop150_gen1000_mut0.03_elite3_tour2,150,1000,0.0300,3,2,10,5,2,False,27.3620,671,,100800,15493.80,9425.20,-0.0190
pop150_gen1000_mut0.03_elite3_tour2,150,1000,0.0300,3,2,10,5,3,True,1.0594,25,25,3750,15545.80,14503.80,-0.1210
pop150_gen1000_mut0.03_elite3_tour2,150,1000,0.0300,3,2,10,5,4,True,3.5927,82,82,12300,15588.20,15227.80,-0.1310
pop150_gen1000_mut0.03_elite3_tour2,150,1000,0.0300,3,2,10,5,5,True,0.8940,21,21,3150,15561.60,14830.80,-0.1220
pop150_gen1000_mut0.03_elite3_tour3,150,1000,0.0300,3,3,10,5,1,True,0.1723,4,4,600,15517.80,4820.80,-0.0410
pop150_gen1000_mut0.03_elite3_tour3,150,1000,0.0300,3,3,10,5,2,True,0.0539,1,1,150,15511.00,0.00,0.0000
pop150_gen1000_mut0.03_elite3_tour3,150,1000,0.0300,3,3,10,5,3,True,0.6331,16,16,2400,15545.00,10101.80,-0.1050
pop150_gen1000_mut0.03_elite3_tour3,150,1000,0.0300,3,3,10,5,4,True,0.4399,11,11,1650,15558.20,9868.60,-0.0930
pop150_gen1000_mut0.03_elite3_tour3,150,1000,0.0300,3,3,10,5,5,True,0.7596,19,19,2850,15526.60,5026.60,-0.0990
pop150_gen1000_mut0.03_elite3_tour4,150,1000,0.0300,3,4,10,5,1,True,0.0532,1,1,150,15519.80,0.00,0.0000
pop150_gen1000_mut0.03_elite3_tour4,150,1000,0.0300,3,4,10,5,2,True,0.0557,1,1,150,15518.40,0.00,0.0000
pop150_gen1000_mut0.03_elite3_tour4,150,1000,0.0300,3,4,10,5,3,True,0.6745,16,16,2400,15545.60,14286.60,-0.0780
pop150_gen1000_mut0.03_elite3_tour4,150,1000,0.0300,3,4,10,5,4,True,1.5906,37,37,5550,15570.80,14377.00,-0.0740
pop150_gen1000_mut0.03_elite3_tour4,150,1000,0.0300,3,4,10,5,5,True,1.1535,27,27,4050,15588.60,9802.80,-0.0780
pop175_gen1000_mut0.03_elite3_tour2,175,1000,0.0300,3,2,10,5,1,True,1.1873,22,22,3850,15543.60,9520.00,-0.1220
pop175_gen1000_mut0.03_elite3_tour2,175,1000,0.0300,3,2,10,5,2,True,1.2178,23,23,4025,15530.60,14112.80,-0.0880
pop175_gen1000_mut0.03_elite3_tour2,175,1000,0.0300,3,2,10,5,3,True,0.6300,12,12,2100,15539.80,14242.00,-0.0760
pop175_gen1000_mut0.03_elite3_tour2,175,1000,0.0300,3,2,10,5,4,True,1.2129,23,23,4025,15525.60,9515.00,-0.1050
pop175_gen1000_mut0.03_elite3_tour2,175,1000,0.0300,3,2,10,5,5,False,40.0311,800,,140175,15498.40,4925.60,-0.0200
pop175_gen1000_mut0.03_elite3_tour3,175,1000,0.0300,3,3,10,5,1,True,0.3491,7,7,1225,15525.20,14534.00,-0.0530
pop175_gen1000_mut0.03_elite3_tour3,175,1000,0.0300,3,3,10,5,2,True,0.0665,1,1,175,15520.60,0.00,0.0000
pop175_gen1000_mut0.03_elite3_tour3,175,1000,0.0300,3,3,10,5,3,True,3.8989,76,76,13300,15595.80,24516.60,-0.0680
pop175_gen1000_mut0.03_elite3_tour3,175,1000,0.0300,3,3,10,5,4,True,0.5224,10,10,1750,15554.00,10163.60,-0.0740
pop175_gen1000_mut0.03_elite3_tour3,175,1000,0.0300,3,3,10,5,5,True,6.1578,119,119,20825,15526.60,14474.00,-0.0410
pop175_gen1000_mut0.03_elite3_tour4,175,1000,0.0300,3,4,10,5,1,True,3.6884,66,66,11550,15500.20,4665.60,-0.0300
pop175_gen1000_mut0.03_elite3_tour4,175,1000,0.0300,3,4,10,5,2,True,0.0678,1,1,175,15518.40,0.00,0.0000
pop175_gen1000_mut0.03_elite3_tour4,175,1000,0.0300,3,4,10,5,3,True,2.0521,39,39,6825,15540.20,14299.80,-0.0430
pop175_gen1000_mut0.03_elite3_tour4,175,1000,0.0300,3,4,10,5,4,True,0.5801,11,11,1925,15530.20,5045.60,-0.0660
pop175_gen1000_mut0.03_elite3_tour4,175,1000,0.0300,3,4,10,5,5,True,0.0655,1,1,175,15519.80,0.00,0.0000
pop200_gen1000_mut0.03_elite3_tour2,200,1000,0.0300,3,2,10,5,1,True,0.0795,1,1,200,15496.20,0.00,0.0000
pop200_gen1000_mut0.03_elite3_tour2,200,1000,0.0300,3,2,10,5,2,True,15.2094,243,243,48600,15537.40,4817.40,-0.0740
pop200_gen1000_mut0.03_elite3_tour2,200,1000,0.0300,3,2,10,5,3,False,53.0864,839,,168000,15000.80,4676.60,-0.0220
pop200_gen1000_mut0.03_elite3_tour2,200,1000,0.0300,3,2,10,5,4,True,0.0783,1,1,200,15493.40,0.00,0.0000
pop200_gen1000_mut0.03_elite3_tour2,200,1000,0.0300,3,2,10,5,5,True,0.0802,1,1,200,15493.80,0.00,0.0000
pop200_gen1000_mut0.03_elite3_tour3,200,1000,0.0300,3,3,10,5,1,True,0.0809,1,1,200,15525.00,0.00,0.0000
pop200_gen1000_mut0.03_elite3_tour3,200,1000,0.0300,3,3,10,5,2,True,0.1339,2,2,400,15521.80,4678.40,-0.0100
pop200_gen1000_mut0.03_elite3_tour3,200,1000,0.0300,3,3,10,5,3,True,0.1990,3,3,600,15503.00,9155.20,-0.0240
pop200_gen1000_mut0.03_elite3_tour3,200,1000,0.0300,3,3,10,5,4,True,2.2168,34,34,6800,15551.40,5062.20,-0.0800
pop200_gen1000_mut0.03_elite3_tour3,200,1000,0.0300,3,3,10,5,5,True,0.1349,2,2,400,15506.40,4558.40,-0.0110
pop200_gen1000_mut0.03_elite3_tour4,200,1000,0.0300,3,4,10,5,1,True,0.3195,5,5,1000,15570.60,9893.40,-0.0460
pop200_gen1000_mut0.03_elite3_tour4,200,1000,0.0300,3,4,10,5,2,True,0.2601,4,4,800,15533.40,4791.00,-0.0300
pop200_gen1000_mut0.03_elite3_tour4,200,1000,0.0300,3,4,10,5,3,True,0.3306,5,5,1000,15500.20,4692.60,-0.0480
pop200_gen1000_mut0.03_elite3_tour4,200,1000,0.0300,3,4,10,5,4,True,0.8439,13,13,2600,15538.80,4923.40,-0.0440
pop200_gen1000_mut0.03_elite3_tour4,200,1000,0.0300,3,4,10,5,5,True,-1.5355,2,2,400,15530.20,4598.40,-0.0120
pop225_gen1000_mut0.03_elite3_tour2,225,1000,0.0300,3,2,10,5,1,True,3.3936,43,43,9675,15578.20,9957.00,-0.1140
pop225_gen1000_mut0.03_elite3_tour2,225,1000,0.0300,3,2,10,5,2,False,48.9377,620,,139725,15265.40,9574.00,-0.0180
pop225_gen1000_mut0.03_elite3_tour2,225,1000,0.0300,3,2,10,5,3,True,3.9260,49,49,11025,15539.80,9922.20,-0.1070
pop225_gen1000_mut0.03_elite3_tour2,225,1000,0.0300,3,2,10,5,4,True,0.0969,1,1,225,15523.40,0.00,0.0000
pop225_gen1000_mut0.03_elite3_tour2,225,1000,0.0300,3,2,10,5,5,True,0.3241,4,4,900,15514.40,4625.20,-0.0300
pop225_gen1000_mut0.03_elite3_tour3,225,1000,0.0300,3,3,10,5,1,True,0.4652,6,6,1350,15530.60,14419.00,-0.0520
pop225_gen1000_mut0.03_elite3_tour3,225,1000,0.0300,3,3,10,5,2,True,4.1561,52,52,11700,15564.60,14555.80,-0.1050
pop225_gen1000_mut0.03_elite3_tour3,225,1000,0.0300,3,3,10,5,3,True,5.7994,96,96,21600,15520.20,5137.40,-0.0350
pop225_gen1000_mut0.03_elite3_tour3,225,1000,0.0300,3,3,10,5,4,True,1.0704,14,14,3150,15557.80,9943.60,-0.1130
pop225_gen1000_mut0.03_elite3_tour3,225,1000,0.0300,3,3,10,5,5,True,0.2394,3,3,675,15512.60,9291.80,-0.0220
pop225_gen1000_mut0.03_elite3_tour4,225,1000,0.0300,3,4,10,5,1,True,0.2361,3,3,675,15501.80,4784.80,-0.0230
pop225_gen1000_mut0.03_elite3_tour4,225,1000,0.0300,3,4,10,5,2,True,0.0948,1,1,225,15519.80,0.00,0.0000
pop225_gen1000_mut0.03_elite3_tour4,225,1000,0.0300,3,4,10,5,3,True,0.5318,7,7,1575,15521.40,9855.00,-0.0540
pop225_gen1000_mut0.03_elite3_tour4,225,1000,0.0300,3,4,10,5,4,True,0.1604,2,2,450,15501.40,4623.00,-0.0110
pop225_gen1000_mut0.03_elite3_tour4,225,1000,0.0300,3,4,10,5,5,True,0.1529,2,2,450,15529.00,4690.40,-0.0120
pop250_gen1000_mut0.03_elite3_tour2,250,1000,0.0300,3,2,10,5,1,True,0.6527,7,7,1750,15546.20,9642.40,-0.0650
pop250_gen1000_mut0.03_elite3_tour2,250,1000,0.0300,3,2,10,5,2,True,5.8024,62,62,15500,15508.20,9526.00,-0.0970
pop250_gen1000_mut0.03_elite3_tour2,250,1000,0.0300,3,2,10,5,3,True,0.1133,1,1,250,15526.20,0.00,0.0000
pop250_gen1000_mut0.03_elite3_tour2,250,1000,0.0300,3,2,10,5,4,True,3.5211,38,38,9500,15557.80,14621.80,-0.1090
pop250_gen1000_mut0.03_elite3_tour2,250,1000,0.0300,3,2,10,5,5,True,1.9805,22,22,5500,15499.00,9584.60,-0.1200
pop250_gen1000_mut0.03_elite3_tour3,250,1000,0.0300,3,3,10,5,1,True,0.1891,2,2,500,15514.60,4623.40,-0.0080
pop250_gen1000_mut0.03_elite3_tour3,250,1000,0.0300,3,3,10,5,2,False,55.6891,620,,155250,15358.60,24057.40,-0.0260
pop250_gen1000_mut0.03_elite3_tour3,250,1000,0.0300,3,3,10,5,3,False,51.2390,599,,150000,11013.60,14753.40,-0.0260
pop250_gen1000_mut0.03_elite3_tour3,250,1000,0.0300,3,3,10,5,4,True,4.3016,46,46,11500,15516.20,9539.80,-0.0590
pop250_gen1000_mut0.03_elite3_tour3,250,1000,0.0300,3,3,10,5,5,True,0.1104,1,1,250,15501.80,0.00,0.0000
pop250_gen1000_mut0.03_elite3_tour4,250,1000,0.0300,3,4,10,5,1,True,10.4240,108,108,27000,15520.00,9661.40,-0.0390
pop250_gen1000_mut0.03_elite3_tour4,250,1000,0.0300,3,4,10,5,2,False,50.5755,595,,149000,15279.80,14222.00,-0.0180
pop250_gen1000_mut0.03_elite3_tour4,250,1000,0.0300,3,4,10,5,3,True,0.2682,3,3,750,15502.60,9481.80,-0.0230
pop250_gen1000_mut0.03_elite3_tour4,250,1000,0.0300,3,4,10,5,4,True,0.1901,2,2,500,15524.20,4723.00,-0.0080
pop250_gen1000_mut0.03_elite3_tour4,250,1000,0.0300,3,4,10,5,5,True,0.8151,9,9,2250,15492.60,9486.80,-0.0600
pop150_gen1000_mut0.035_elite3_tour2,150,1000,0.0350,3,2,10,5,1,True,1.5300,35,35,5250,15596.60,9816.20,-0.1240
pop150_gen1000_mut0.035_elite3_tour2,150,1000,0.0350,3,2,10,5,2,True,1.6496,38,38,5700,15553.60,4940.20,-0.1020
pop150_gen1000_mut0.035_elite3_tour2,150,1000,0.0350,3,2,10,5,3,True,0.3807,9,9,1350,15522.60,4874.80,-0.0890
pop150_gen1000_mut0.035_elite3_tour2,150,1000,0.0350,3,2,10,5,4,True,0.0852,2,2,300,15528.80,4508.80,-0.0110
pop150_gen1000_mut0.035_elite3_tour2,150,1000,0.0350,3,2,10,5,5,True,5.0794,120,120,18000,15516.60,4944.20,-0.1270
pop150_gen1000_mut0.035_elite3_tour3,150,1000,0.0350,3,3,10,5,1,True,2.7705,65,65,9750,15561.20,9818.20,-0.1030
pop150_gen1000_mut0.035_elite3_tour3,150,1000,0.0350,3,3,10,5,2,True,0.2085,5,5,750,15532.20,9579.60,-0.0560
pop150_gen1000_mut0.035_elite3_tour3,150,1000,0.0350,3,3,10,5,3,True,4.5659,104,104,15600,15535.20,19324.60,-0.0480
pop150_gen1000_mut0.035_elite3_tour3,150,1000,0.0350,3,3,10,5,4,True,0.0850,2,2,300,15499.20,9281.40,-0.0090
pop150_gen1000_mut0.035_elite3_tour3,150,1000,0.0350,3,3,10,5,5,True,0.0872,2,2,300,15517.60,4706.40,-0.0120
pop150_gen1000_mut0.035_elite3_tour4,150,1000,0.0350,3,4,10,5,1,False,23.5811,586,,88050,15489.00,9441.20,-0.0140
pop150_gen1000_mut0.035_elite3_tour4,150,1000,0.0350,3,4,10,5,2,True,0.1247,3,3,450,15484.60,9246.00,-0.0120
pop150_gen1000_mut0.035_elite3_tour4,150,1000,0.0350,3,4,10,5,3,True,1.5699,38,38,5700,15521.40,9507.20,-0.0430
pop150_gen1000_mut0.035_elite3_tour4,150,1000,0.0350,3,4,10,5,4,True,0.9474,22,22,3300,15565.80,18961.20,-0.1170
pop150_gen1000_mut0.035_elite3_tour4,150,1000,0.0350,3,4,10,5,5,True,0.7724,18,18,2700,15546.20,14243.00,-0.1050
pop175_gen1000_mut0.035_elite3_tour2,175,1000,0.0350,3,2,10,5,1,True,1.6955,31,31,5425,15537.40,5024.40,-0.1160
pop175_gen1000_mut0.035_elite3_tour2,175,1000,0.0350,3,2,10,5,2,True,0.1120,2,2,350,15528.60,4598.40,-0.0130
pop175_gen1000_mut0.035_elite3_tour2,175,1000,0.0350,3,2,10,5,3,True,2.3024,42,42,7350,15556.60,9791.40,-0.1240
pop175_gen1000_mut0.035_elite3_tour2,175,1000,0.0350,3,2,10,5,4,True,0.1630,3,3,525,15521.00,4591.00,-0.0230
pop175_gen1000_mut0.035_elite3_tour2,175,1000,0.0350,3,2,10,5,5,True,0.0661,1,1,175,15531.40,0.00,0.0000
pop175_gen1000_mut0.035_elite3_tour3,175,1000,0.0350,3,3,10,5,1,False,30.0706,634,,111125,10998.60,440.80,-0.0230
pop175_gen1000_mut0.035_elite3_tour3,175,1000,0.0350,3,3,10,5,2,True,3.3532,64,64,11200,15524.80,9623.80,-0.0700
pop175_gen1000_mut0.035_elite3_tour3,175,1000,0.0350,3,3,10,5,3,True,0.2111,4,4,700,15521.00,4723.80,-0.0420
pop175_gen1000_mut0.035_elite3_tour3,175,1000,0.0350,3,3,10,5,4,True,0.5685,11,11,1925,15490.60,4788.00,-0.0950
pop175_gen1000_mut0.035_elite3_tour3,175,1000,0.0350,3,3,10,5,5,True,0.0670,1,1,175,15525.40,0.00,0.0000
pop175_gen1000_mut0.035_elite3_tour4,175,1000,0.0350,3,4,10,5,1,True,0.5280,10,10,1750,15578.20,10032.40,-0.0740
pop175_gen1000_mut0.035_elite3_tour4,175,1000,0.0350,3,4,10,5,2,True,0.2660,5,5,875,15516.00,9336.00,-0.0460
pop175_gen1000_mut0.035_elite3_tour4,175,1000,0.0350,3,4,10,5,3,False,28.9693,569,,99750,15512.80,4582.40,-0.0070
pop175_gen1000_mut0.035_elite3_tour4,175,1000,0.0350,3,4,10,5,4,True,1.0432,20,20,3500,15518.20,9550.00,-0.0890
pop175_gen1000_mut0.035_elite3_tour4,175,1000,0.0350,3,4,10,5,5,True,0.1098,2,2,350,15506.00,4582.40,-0.0120
pop200_gen1000_mut0.035_elite3_tour2,200,1000,0.0350,3,2,10,5,1,True,0.5173,8,8,1600,15532.20,4895.60,-0.0730
pop200_gen1000_mut0.035_elite3_tour2,200,1000,0.0350,3,2,10,5,2,True,2.4150,60,60,12000,15598.20,15362.40,-0.1280
pop200_gen1000_mut0.035_elite3_tour2,200,1000,0.0350,3,2,10,5,3,True,1.0175,16,16,3200,15513.20,14014.40,-0.0830
pop200_gen1000_mut0.035_elite3_tour2,200,1000,0.0350,3,2,10,5,4,True,0.0785,1,1,200,15483.80,0.00,0.0000
pop200_gen1000_mut0.035_elite3_tour2,200,1000,0.0350,3,2,10,5,5,False,47.6187,759,,152000,15474.40,9703.80,-0.0300
pop200_gen1000_mut0.035_elite3_tour3,200,1000,0.0350,3,3,10,5,1,True,2.1428,33,33,6600,15539.00,9871.20,-0.0920
pop200_gen1000_mut0.035_elite3_tour3,200,1000,0.0350,3,3,10,5,2,True,0.6503,10,10,2000,15519.40,9658.40,-0.0750
pop200_gen1000_mut0.035_elite3_tour3,200,1000,0.0350,3,3,10,5,3,True,0.9310,14,14,2800,15537.20,9574.00,-0.0790
pop200_gen1000_mut0.035_elite3_tour3,200,1000,0.0350,3,3,10,5,4,True,1.1164,17,17,3400,15542.00,9535.40,-0.0990
pop200_gen1000_mut0.035_elite3_tour3,200,1000,0.0350,3,3,10,5,5,True,0.3226,5,5,1000,15521.00,14172.80,-0.0550
pop200_gen1000_mut0.035_elite3_tour4,200,1000,0.0350,3,4,10,5,1,True,0.0874,1,1,200,15524.20,0.00,0.0000
pop200_gen1000_mut0.035_elite3_tour4,200,1000,0.0350,3,4,10,5,2,True,0.0805,1,1,200,15520.20,0.00,0.0000
pop200_gen1000_mut0.035_elite3_tour4,200,1000,0.0350,3,4,10,5,3,True,1.3305,20,20,4000,15542.80,9602.20,-0.0700
pop200_gen1000_mut0.035_elite3_tour4,200,1000,0.0350,3,4,10,5,4,True,0.1893,3,3,600,15528.00,9755.80,-0.0200
pop200_gen1000_mut0.035_elite3_tour4,200,1000,0.0350,3,4,10,5,5,True,0.6544,10,10,2000,15529.00,4906.40,-0.0840
pop225_gen1000_mut0.035_elite3_tour2,225,1000,0.0350,3,2,10,5,1,True,2.8919,59,59,13275,15520.60,5433.80,-0.1020
pop225_gen1000_mut0.035_elite3_tour2,225,1000,0.0350,3,2,10,5,2,True,10.7356,136,136,30600,15519.40,5033.80,-0.0820
pop225_gen1000_mut0.035_elite3_tour2,225,1000,0.0350,3,2,10,5,3,True,2.3842,30,30,6750,15547.80,9697.40,-0.1430
pop225_gen1000_mut0.035_elite3_tour2,225,1000,0.0350,3,2,10,5,4,True,0.0967,1,1,225,15521.80,0.00,0.0000
pop225_gen1000_mut0.035_elite3_tour2,225,1000,0.0350,3,2,10,5,5,True,0.3122,4,4,900,15535.20,9498.60,-0.0420
pop225_gen1000_mut0.035_elite3_tour3,225,1000,0.0350,3,3,10,5,1,True,4.2781,53,53,11925,15577.40,19128.20,-0.0660
pop225_gen1000_mut0.035_elite3_tour3,225,1000,0.0350,3,3,10,5,2,True,8.4652,104,104,23400,15569.20,10023.00,-0.0770
pop225_gen1000_mut0.035_elite3_tour3,225,1000,0.0350,3,3,10,5,3,True,0.3795,5,5,1125,15503.80,4890.80,-0.0490
pop225_gen1000_mut0.035_elite3_tour3,225,1000,0.0350,3,3,10,5,4,False,43.7380,592,,133425,14916.40,18844.20,-0.0310
pop225_gen1000_mut0.035_elite3_tour3,225,1000,0.0350,3,3,10,5,5,True,0.1718,2,2,450,15504.40,4581.60,-0.0130
pop225_gen1000_mut0.035_elite3_tour4,225,1000,0.0350,3,4,10,5,1,True,0.1564,2,2,450,15531.40,4778.40,-0.0120
pop225_gen1000_mut0.035_elite3_tour4,225,1000,0.0350,3,4,10,5,2,False,44.6282,635,,143100,10397.60,9385.80,-0.0100
pop225_gen1000_mut0.035_elite3_tour4,225,1000,0.0350,3,4,10,5,3,True,0.3175,4,4,900,15517.60,4773.00,-0.0280
pop225_gen1000_mut0.035_elite3_tour4,225,1000,0.0350,3,4,10,5,4,True,0.0965,1,1,225,15505.00,0.00,0.0000
pop225_gen1000_mut0.035_elite3_tour4,225,1000,0.0350,3,4,10,5,5,True,0.4050,5,5,1125,15496.40,9309.00,-0.0390
pop250_gen1000_mut0.035_elite3_tour2,250,1000,0.0350,3,2,10,5,1,True,2.9829,31,31,7750,15574.40,14362.00,-0.1020
pop250_gen1000_mut0.035_elite3_tour2,250,1000,0.0350,3,2,10,5,2,True,3.2468,52,52,13000,15585.80,24377.40,-0.1650
pop250_gen1000_mut0.035_elite3_tour2,250,1000,0.0350,3,2,10,5,3,True,0.5476,6,6,1500,15527.40,9532.20,-0.0650
pop250_gen1000_mut0.035_elite3_tour2,250,1000,0.0350,3,2,10,5,4,True,5.7266,61,61,15250,15590.00,19808.40,-0.1340
pop250_gen1000_mut0.035_elite3_tour2,250,1000,0.0350,3,2,10,5,5,True,2.9008,30,30,7500,15596.20,15150.80,-0.1330
pop250_gen1000_mut0.035_elite3_tour3,250,1000,0.0350,3,3,10,5,1,True,5.5885,58,58,14500,15558.00,14663.00,-0.1070
pop250_gen1000_mut0.035_elite3_tour3,250,1000,0.0350,3,3,10,5,2,True,1.5297,16,16,4000,15514.40,4672.80,-0.1210
pop250_gen1000_mut0.035_elite3_tour3,250,1000,0.0350,3,3,10,5,3,True,0.8527,9,9,2250,15545.60,9516.60,-0.0800
pop250_gen1000_mut0.035_elite3_tour3,250,1000,0.0350,3,3,10,5,4,True,0.1959,2,2,500,15531.80,4658.80,-0.0100
pop250_gen1000_mut0.035_elite3_tour3,250,1000,0.0350,3,3,10,5,5,True,0.1107,1,1,250,15506.20,0.00,0.0000
pop250_gen1000_mut0.035_elite3_tour4,250,1000,0.0350,3,4,10,5,1,False,51.5253,606,,151750,15335.00,9408.80,-0.0210
pop250_gen1000_mut0.035_elite3_tour4,250,1000,0.0350,3,4,10,5,2,True,3.7613,39,39,9750,15577.80,14860.40,-0.1190
pop250_gen1000_mut0.035_elite3_tour4,250,1000,0.0350,3,4,10,5,3,True,0.1106,1,1,250,15519.80,0.00,0.0000
pop250_gen1000_mut0.035_elite3_tour4,250,1000,0.0350,3,4,10,5,4,True,0.1920,2,2,500,15511.80,4589.40,-0.0120
pop250_gen1000_mut0.035_elite3_tour4,250,1000,0.0350,3,4,10,5,5,True,1.0894,12,12,3000,15567.40,24124.20,-0.1010
pop150_gen1000_mut0.04_elite3_tour2,150,1000,0.0400,3,2,10,5,1,True,1.0893,27,27,4050,15517.00,9876.00,-0.1290
pop150_gen1000_mut0.04_elite3_tour2,150,1000,0.0400,3,2,10,5,2,True,0.0534,1,1,150,15499.20,0.00,0.0000
pop150_gen1000_mut0.04_elite3_tour2,150,1000,0.0400,3,2,10,5,3,True,5.2815,122,122,18300,15535.40,9644.00,-0.0940
pop150_gen1000_mut0.04_elite3_tour2,150,1000,0.0400,3,2,10,5,4,True,4.0088,94,94,14100,15594.60,15100.00,-0.1480
pop150_gen1000_mut0.04_elite3_tour2,150,1000,0.0400,3,2,10,5,5,True,0.2519,6,6,900,15518.60,4716.60,-0.0720
pop150_gen1000_mut0.04_elite3_tour3,150,1000,0.0400,3,3,10,5,1,True,0.5371,13,13,1950,15522.60,9494.20,-0.0730
pop150_gen1000_mut0.04_elite3_tour3,150,1000,0.0400,3,3,10,5,2,True,0.6766,16,16,2400,15558.20,9651.60,-0.1020
pop150_gen1000_mut0.04_elite3_tour3,150,1000,0.0400,3,3,10,5,3,True,1.2663,29,29,4350,15575.00,9908.20,-0.1380
pop150_gen1000_mut0.04_elite3_tour3,150,1000,0.0400,3,3,10,5,4,False,25.1552,624,,93750,15460.60,14378.60,-0.0230
pop150_gen1000_mut0.04_elite3_tour3,150,1000,0.0400,3,3,10,5,5,True,0.8287,19,19,2850,15562.80,19539.60,-0.1140
pop150_gen1000_mut0.04_elite3_tour4,150,1000,0.0400,3,4,10,5,1,True,1.1547,27,27,4050,15556.20,19325.80,-0.0930
pop150_gen1000_mut0.04_elite3_tour4,150,1000,0.0400,3,4,10,5,2,False,24.0243,599,,90000,15488.40,4940.20,-0.0140
pop150_gen1000_mut0.04_elite3_tour4,150,1000,0.0400,3,4,10,5,3,True,0.0548,1,1,150,15515.00,0.00,0.0000
pop150_gen1000_mut0.04_elite3_tour4,150,1000,0.0400,3,4,10,5,4,True,0.4565,11,11,1650,15531.40,9461.40,-0.0780
pop150_gen1000_mut0.04_elite3_tour4,150,1000,0.0400,3,4,10,5,5,True,0.0539,1,1,150,15523.80,0.00,0.0000
pop175_gen1000_mut0.04_elite3_tour2,175,1000,0.0400,3,2,10,5,1,True,0.1575,3,3,525,15533.80,9688.80,-0.0270
pop175_gen1000_mut0.04_elite3_tour2,175,1000,0.0400,3,2,10,5,2,True,0.0674,1,1,175,15522.20,0.00,0.0000
pop175_gen1000_mut0.04_elite3_tour2,175,1000,0.0400,3,2,10,5,3,False,40.0760,758,,132825,15454.60,9610.40,-0.0630
pop175_gen1000_mut0.04_elite3_tour2,175,1000,0.0400,3,2,10,5,4,True,0.0651,1,1,175,15492.20,0.00,0.0000
pop175_gen1000_mut0.04_elite3_tour2,175,1000,0.0400,3,2,10,5,5,True,0.1084,2,2,350,15513.40,4638.40,-0.0130
pop175_gen1000_mut0.04_elite3_tour3,175,1000,0.0400,3,3,10,5,1,True,1.8041,33,33,5775,15575.00,24261.40,-0.1270
pop175_gen1000_mut0.04_elite3_tour3,175,1000,0.0400,3,3,10,5,2,True,0.1087,2,2,350,15501.80,4784.80,-0.0160
pop175_gen1000_mut0.04_elite3_tour3,175,1000,0.0400,3,3,10,5,3,True,0.1675,3,3,525,15523.80,4742.20,-0.0200
pop175_gen1000_mut0.04_elite3_tour3,175,1000,0.0400,3,3,10,5,4,True,0.0674,1,1,175,15520.20,0.00,0.0000
pop175_gen1000_mut0.04_elite3_tour3,175,1000,0.0400,3,3,10,5,5,True,0.7665,45,45,7875,15542.80,9731.20,-0.1080
pop175_gen1000_mut0.04_elite3_tour4,175,1000,0.0400,3,4,10,5,1,True,0.4777,9,9,1575,15607.40,14752.40,-0.0980
pop175_gen1000_mut0.04_elite3_tour4,175,1000,0.0400,3,4,10,5,2,True,0.1111,2,2,350,15526.40,4573.40,-0.0110
pop175_gen1000_mut0.04_elite3_tour4,175,1000,0.0400,3,4,10,5,3,True,0.0651,1,1,175,15498.40,0.00,0.0000
pop175_gen1000_mut0.04_elite3_tour4,175,1000,0.0400,3,4,10,5,4,True,1.5862,29,29,5075,15545.40,14358.60,-0.1190
pop175_gen1000_mut0.04_elite3_tour4,175,1000,0.0400,3,4,10,5,5,False,31.8969,625,,109550,15499.20,5046.00,-0.0140
pop200_gen1000_mut0.04_elite3_tour2,200,1000,0.0400,3,2,10,5,1,True,0.4537,7,7,1400,15547.80,14280.20,-0.0880
pop200_gen1000_mut0.04_elite3_tour2,200,1000,0.0400,3,2,10,5,2,True,2.0857,31,31,6200,15565.00,14968.40,-0.1200
pop200_gen1000_mut0.04_elite3_tour2,200,1000,0.0400,3,2,10,5,3,True,0.0815,1,1,200,15523.00,0.00,0.0000
pop200_gen1000_mut0.04_elite3_tour2,200,1000,0.0400,3,2,10,5,4,True,0.5905,9,9,1800,15509.40,13870.80,-0.0920
pop200_gen1000_mut0.04_elite3_tour2,200,1000,0.0400,3,2,10,5,5,True,0.0799,1,1,200,15508.40,0.00,0.0000
pop200_gen1000_mut0.04_elite3_tour3,200,1000,0.0400,3,3,10,5,1,True,1.1306,17,17,3400,15520.20,4800.00,-0.1130
pop200_gen1000_mut0.04_elite3_tour3,200,1000,0.0400,3,3,10,5,2,True,1.5237,23,23,4600,15522.00,9557.80,-0.1280
pop200_gen1000_mut0.04_elite3_tour3,200,1000,0.0400,3,3,10,5,3,True,4.7078,69,69,13800,15560.40,14689.80,-0.1170
pop200_gen1000_mut0.04_elite3_tour3,200,1000,0.0400,3,3,10,5,4,True,1.2561,19,19,3800,15548.80,9618.60,-0.0820
pop200_gen1000_mut0.04_elite3_tour3,200,1000,0.0400,3,3,10,5,5,True,0.1345,2,2,400,15487.20,4623.40,-0.0150
pop200_gen1000_mut0.04_elite3_tour4,200,1000,0.0400,3,4,10,5,1,True,0.7539,12,12,2400,15537.80,14348.20,-0.1110
pop200_gen1000_mut0.04_elite3_tour4,200,1000,0.0400,3,4,10,5,2,True,1.3191,20,20,4000,15585.40,14909.80,-0.1390
pop200_gen1000_mut0.04_elite3_tour4,200,1000,0.0400,3,4,10,5,3,False,42.6511,667,,133600,15493.60,9801.20,-0.0120
pop200_gen1000_mut0.04_elite3_tour4,200,1000,0.0400,3,4,10,5,4,True,0.7042,11,11,2200,15539.40,9740.60,-0.1050
pop200_gen1000_mut0.04_elite3_tour4,200,1000,0.0400,3,4,10,5,5,True,0.1285,2,2,400,15499.60,9459.20,-0.0120
pop225_gen1000_mut0.04_elite3_tour2,225,1000,0.0400,3,2,10,5,1,True,-0.5407,14,14,3150,15531.40,9591.20,-0.0950
pop225_gen1000_mut0.04_elite3_tour2,225,1000,0.0400,3,2,10,5,2,True,2.4398,31,31,6975,15560.60,9839.20,-0.1190
pop225_gen1000_mut0.04_elite3_tour2,225,1000,0.0400,3,2,10,5,3,True,0.0945,1,1,225,15519.80,0.00,0.0000
pop225_gen1000_mut0.04_elite3_tour2,225,1000,0.0400,3,2,10,5,4,True,1.8693,24,24,5400,15529.40,9765.60,-0.1260
pop225_gen1000_mut0.04_elite3_tour2,225,1000,0.0400,3,2,10,5,5,True,0.6137,8,8,1800,15529.40,9627.80,-0.0790
pop225_gen1000_mut0.04_elite3_tour3,225,1000,0.0400,3,3,10,5,1,True,1.7522,22,22,4950,15527.80,9840.20,-0.1350
pop225_gen1000_mut0.04_elite3_tour3,225,1000,0.0400,3,3,10,5,2,False,48.4667,627,,141300,15430.60,9499.20,-0.0250
pop225_gen1000_mut0.04_elite3_tour3,225,1000,0.0400,3,3,10,5,3,False,46.5519,624,,140625,15477.20,9536.60,-0.0140
pop225_gen1000_mut0.04_elite3_tour3,225,1000,0.0400,3,3,10,5,4,True,1.1732,15,15,3375,15560.20,9767.20,-0.1050
pop225_gen1000_mut0.04_elite3_tour3,225,1000,0.0400,3,3,10,5,5,True,0.5271,7,7,1575,15511.40,9327.40,-0.0560
pop225_gen1000_mut0.04_elite3_tour4,225,1000,0.0400,3,4,10,5,1,True,1.0494,13,13,2925,15527.40,9675.80,-0.0800
pop225_gen1000_mut0.04_elite3_tour4,225,1000,0.0400,3,4,10,5,2,True,0.1575,2,2,450,15512.60,4804.40,-0.0110
pop225_gen1000_mut0.04_elite3_tour4,225,1000,0.0400,3,4,10,5,3,False,43.6068,572,,128925,15484.80,14023.40,-0.0150
pop225_gen1000_mut0.04_elite3_tour4,225,1000,0.0400,3,4,10,5,4,True,0.9464,12,12,2700,15504.60,9503.80,-0.1150
pop225_gen1000_mut0.04_elite3_tour4,225,1000,0.0400,3,4,10,5,5,True,0.0966,1,1,225,15519.80,0.00,0.0000
pop250_gen1000_mut0.04_elite3_tour2,250,1000,0.0400,3,2,10,5,1,True,0.1877,2,2,500,15490.40,4658.40,-0.0080
pop250_gen1000_mut0.04_elite3_tour2,250,1000,0.0400,3,2,10,5,2,False,70.8603,788,,197250,15474.40,9556.60,-0.0380
pop250_gen1000_mut0.04_elite3_tour2,250,1000,0.0400,3,2,10,5,3,True,5.7890,62,62,15500,15518.60,9474.60,-0.1310
pop250_gen1000_mut0.04_elite3_tour2,250,1000,0.0400,3,2,10,5,4,True,13.5620,145,145,36250,15521.40,4996.20,-0.0710
pop250_gen1000_mut0.04_elite3_tour2,250,1000,0.0400,3,2,10,5,5,True,2.0445,22,22,5500,15556.60,14638.40,-0.1550
pop250_gen1000_mut0.04_elite3_tour3,250,1000,0.0400,3,3,10,5,1,True,2.8803,30,30,7500,15565.00,10147.40,-0.1030
pop250_gen1000_mut0.04_elite3_tour3,250,1000,0.0400,3,3,10,5,2,True,1.0160,11,11,2750,15547.00,10072.00,-0.1230
pop250_gen1000_mut0.04_elite3_tour3,250,1000,0.0400,3,3,10,5,3,True,6.7694,84,84,21000,15566.20,19352.20,-0.0700
pop250_gen1000_mut0.04_elite3_tour3,250,1000,0.0400,3,3,10,5,4,True,0.1135,1,1,250,15503.80,0.00,0.0000
pop250_gen1000_mut0.04_elite3_tour3,250,1000,0.0400,3,3,10,5,5,True,0.1123,1,1,250,15520.60,0.00,0.0000
pop250_gen1000_mut0.04_elite3_tour4,250,1000,0.0400,3,4,10,5,1,False,53.9877,605,,151500,15468.20,9557.40,-0.0160
pop250_gen1000_mut0.04_elite3_tour4,250,1000,0.0400,3,4,10,5,2,True,0.1103,1,1,250,15519.80,0.00,0.0000
pop250_gen1000_mut0.04_elite3_tour4,250,1000,0.0400,3,4,10,5,3,True,1.4528,15,15,3750,15573.20,14400.60,-0.1100
pop250_gen1000_mut0.04_elite3_tour4,250,1000,0.0400,3,4,10,5,4,True,0.1119,1,1,250,15529.60,0.00,0.0000
pop250_gen1000_mut0.04_elite3_tour4,250,1000,0.0400,3,4,10,5,5,True,0.5484,6,6,1500,15519.40,4729.40,-0.0830
pop150_gen1200_mut0.02_elite3_tour2,150,1200,0.0200,3,2,10,5,1,True,0.0546,1,1,150,15524.20,0.00,0.0000
pop150_gen1200_mut0.02_elite3_tour2,150,1200,0.0200,3,2,10,5,2,True,4.3544,106,106,15900,15586.20,14744.80,-0.0600
pop150_gen1200_mut0.02_elite3_tour2,150,1200,0.0200,3,2,10,5,3,True,0.1643,4,4,600,15518.00,4688.40,-0.0130
pop150_gen1200_mut0.02_elite3_tour2,150,1200,0.0200,3,2,10,5,4,True,0.6116,15,15,2250,15551.80,9898.40,-0.0900
pop150_gen1200_mut0.02_elite3_tour2,150,1200,0.0200,3,2,10,5,5,True,0.0537,1,1,150,15506.20,0.00,0.0000
pop150_gen1200_mut0.02_elite3_tour3,150,1200,0.0200,3,3,10,5,1,True,0.0529,1,1,150,15494.20,0.00,0.0000
pop150_gen1200_mut0.02_elite3_tour3,150,1200,0.0200,3,3,10,5,2,True,0.6737,17,17,2550,15539.40,14518.60,-0.0660
pop150_gen1200_mut0.02_elite3_tour3,150,1200,0.0200,3,3,10,5,3,True,0.0542,1,1,150,15515.80,0.00,0.0000
pop150_gen1200_mut0.02_elite3_tour3,150,1200,0.0200,3,3,10,5,4,True,1.1394,27,27,4050,15585.60,10192.60,-0.0560
pop150_gen1200_mut0.02_elite3_tour3,150,1200,0.0200,3,3,10,5,5,True,0.3179,8,8,1200,15511.00,9729.60,-0.0580
pop150_gen1200_mut0.02_elite3_tour4,150,1200,0.0200,3,4,10,5,1,False,29.5710,716,,107550,15479.20,14346.20,-0.0070
pop150_gen1200_mut0.02_elite3_tour4,150,1200,0.0200,3,4,10,5,2,True,0.3646,9,9,1350,15502.20,4811.80,-0.0440
pop150_gen1200_mut0.02_elite3_tour4,150,1200,0.0200,3,4,10,5,3,True,1.1163,28,28,4200,15554.60,9848.00,-0.0750
pop150_gen1200_mut0.02_elite3_tour4,150,1200,0.0200,3,4,10,5,4,True,0.0537,1,1,150,15511.00,0.00,0.0000
pop150_gen1200_mut0.02_elite3_tour4,150,1200,0.0200,3,4,10,5,5,True,0.0543,1,1,150,15518.40,0.00,0.0000
pop175_gen1200_mut0.02_elite3_tour2,175,1200,0.0200,3,2,10,5,1,True,1.8731,35,35,6125,15546.20,9616.60,-0.0880
pop175_gen1200_mut0.02_elite3_tour2,175,1200,0.0200,3,2,10,5,2,True,0.0674,1,1,175,15513.00,0.00,0.0000
pop175_gen1200_mut0.02_elite3_tour2,175,1200,0.0200,3,2,10,5,3,True,0.1055,2,2,350,15519.80,5345.40,-0.0090
pop175_gen1200_mut0.02_elite3_tour2,175,1200,0.0200,3,2,10,5,4,True,2.5745,48,48,8400,15518.60,4968.80,-0.0960
pop175_gen1200_mut0.02_elite3_tour2,175,1200,0.0200,3,2,10,5,5,False,37.4327,728,,127575,15480.00,14870.20,-0.0090
pop175_gen1200_mut0.02_elite3_tour3,175,1200,0.0200,3,3,10,5,1,True,0.0681,1,1,175,15505.40,0.00,0.0000
pop175_gen1200_mut0.02_elite3_tour3,175,1200,0.0200,3,3,10,5,2,True,6.0280,111,111,19425,15501.40,9374.00,-0.0240
pop175_gen1200_mut0.02_elite3_tour3,175,1200,0.0200,3,3,10,5,3,False,35.0066,699,,122500,15435.40,14395.40,-0.0190
pop175_gen1200_mut0.02_elite3_tour3,175,1200,0.0200,3,3,10,5,4,True,2.0827,39,39,6825,15543.20,9771.40,-0.0580
pop175_gen1200_mut0.02_elite3_tour3,175,1200,0.0200,3,3,10,5,5,True,7.2545,130,130,22750,15501.00,9472.60,-0.0210
pop175_gen1200_mut0.02_elite3_tour4,175,1200,0.0200,3,4,10,5,1,True,0.8466,17,17,2975,15546.60,14404.80,-0.0720
pop175_gen1200_mut0.02_elite3_tour4,175,1200,0.0200,3,4,10,5,2,True,0.2994,6,6,1050,15496.00,4773.20,-0.0490
pop175_gen1200_mut0.02_elite3_tour4,175,1200,0.0200,3,4,10,5,3,True,11.2432,206,206,36050,15497.60,4857.00,-0.0120
pop175_gen1200_mut0.02_elite3_tour4,175,1200,0.0200,3,4,10,5,4,True,0.0673,1,1,175,15522.60,0.00,0.0000
pop175_gen1200_mut0.02_elite3_tour4,175,1200,0.0200,3,4,10,5,5,True,0.1047,2,2,350,15519.80,5345.40,-0.0070
pop200_gen1200_mut0.02_elite3_tour2,200,1200,0.0200,3,2,10,5,1,True,6.6281,102,102,20400,15585.40,9953.80,-0.0850
pop200_gen1200_mut0.02_elite3_tour2,200,1200,0.0200,3,2,10,5,2,True,0.8092,13,13,2600,15525.20,14079.00,-0.0850
pop200_gen1200_mut0.02_elite3_tour2,200,1200,0.0200,3,2,10,5,3,True,3.6219,84,84,16800,15547.00,14746.40,-0.0880
pop200_gen1200_mut0.02_elite3_tour2,200,1200,0.0200,3,2,10,5,4,True,4.8017,73,73,14600,15570.80,14456.00,-0.0730
pop200_gen1200_mut0.02_elite3_tour2,200,1200,0.0200,3,2,10,5,5,True,0.6556,10,10,2000,15520.20,4736.20,-0.0910
pop200_gen1200_mut0.02_elite3_tour3,200,1200,0.0200,3,3,10,5,1,True,1.5366,23,23,4600,15525.40,9582.80,-0.0680
pop200_gen1200_mut0.02_elite3_tour3,200,1200,0.0200,3,3,10,5,2,True,0.1913,3,3,600,15531.40,9930.80,-0.0180
pop200_gen1200_mut0.02_elite3_tour3,200,1200,0.0200,3,3,10,5,3,False,47.6978,751,,150400,15451.60,14893.80,-0.0160
pop200_gen1200_mut0.02_elite3_tour3,200,1200,0.0200,3,3,10,5,4,False,41.8068,727,,145600,15470.20,14454.20,-0.0060
pop200_gen1200_mut0.02_elite3_tour3,200,1200,0.0200,3,3,10,5,5,True,1.3637,21,21,4200,15547.80,9806.00,-0.0780
pop200_gen1200_mut0.02_elite3_tour4,200,1200,0.0200,3,4,10,5,1,True,0.6776,11,11,2200,15527.80,4847.20,-0.0700
pop200_gen1200_mut0.02_elite3_tour4,200,1200,0.0200,3,4,10,5,2,True,0.3228,5,5,1000,15530.40,9303.80,-0.0170
pop200_gen1200_mut0.02_elite3_tour4,200,1200,0.0200,3,4,10,5,3,True,1.8077,28,28,5600,15565.80,14829.40,-0.0820
pop200_gen1200_mut0.02_elite3_tour4,200,1200,0.0200,3,4,10,5,4,False,38.8765,643,,128800,6003.80,5383.40,-0.0130
pop200_gen1200_mut0.02_elite3_tour4,200,1200,0.0200,3,4,10,5,5,True,0.1381,2,2,400,15528.00,4683.80,-0.0050
pop225_gen1200_mut0.02_elite3_tour2,225,1200,0.0200,3,2,10,5,1,True,0.7124,9,9,2025,15539.40,14171.60,-0.0500
pop225_gen1200_mut0.02_elite3_tour2,225,1200,0.0200,3,2,10,5,2,True,0.0977,1,1,225,15525.40,0.00,0.0000
pop225_gen1200_mut0.02_elite3_tour2,225,1200,0.0200,3,2,10,5,3,True,1.6745,21,21,4725,15535.60,14286.00,-0.0940
pop225_gen1200_mut0.02_elite3_tour2,225,1200,0.0200,3,2,10,5,4,True,0.0955,1,1,225,15503.80,0.00,0.0000
pop225_gen1200_mut0.02_elite3_tour2,225,1200,0.0200,3,2,10,5,5,True,1.0741,14,14,3150,15509.80,4931.40,-0.0620
pop225_gen1200_mut0.02_elite3_tour3,225,1200,0.0200,3,3,10,5,1,True,5.9908,78,78,17550,15524.80,5140.00,-0.0240
pop225_gen1200_mut0.02_elite3_tour3,225,1200,0.0200,3,3,10,5,2,True,-1.2423,6,6,1350,15491.00,9404.00,-0.0400
pop225_gen1200_mut0.02_elite3_tour3,225,1200,0.0200,3,3,10,5,3,True,0.1600,2,2,450,15504.20,4673.40,-0.0050
pop225_gen1200_mut0.02_elite3_tour3,225,1200,0.0200,3,3,10,5,4,True,0.5425,7,7,1575,15504.80,9438.00,-0.0490
pop225_gen1200_mut0.02_elite3_tour3,225,1200,0.0200,3,3,10,5,5,True,0.0953,1,1,225,15502.60,0.00,0.0000
pop225_gen1200_mut0.02_elite3_tour4,225,1200,0.0200,3,4,10,5,1,True,0.4729,6,6,1350,15551.40,9754.20,-0.0410
pop225_gen1200_mut0.02_elite3_tour4,225,1200,0.0200,3,4,10,5,2,True,1.5929,20,20,4500,15503.40,9390.60,-0.0320
pop225_gen1200_mut0.02_elite3_tour4,225,1200,0.0200,3,4,10,5,3,True,4.9415,63,63,14175,15537.20,14517.40,-0.0080
pop225_gen1200_mut0.02_elite3_tour4,225,1200,0.0200,3,4,10,5,4,True,0.0960,1,1,225,15504.60,0.00,0.0000
pop225_gen1200_mut0.02_elite3_tour4,225,1200,0.0200,3,4,10,5,5,True,1.1810,15,15,3375,15526.60,5195.60,-0.0770
pop250_gen1200_mut0.02_elite3_tour2,250,1200,0.0200,3,2,10,5,1,True,0.8206,9,9,2250,15519.40,9334.40,-0.0410
pop250_gen1200_mut0.02_elite3_tour2,250,1200,0.0200,3,2,10,5,2,True,3.1161,33,33,8250,15567.40,14982.80,-0.0970
pop250_gen1200_mut0.02_elite3_tour2,250,1200,0.0200,3,2,10,5,3,True,0.6265,7,7,1750,15530.20,9672.20,-0.0510
pop250_gen1200_mut0.02_elite3_tour2,250,1200,0.0200,3,2,10,5,4,True,1.1390,13,13,3250,15539.80,14336.80,-0.0650
pop250_gen1200_mut0.02_elite3_tour2,250,1200,0.0200,3,2,10,5,5,True,15.4848,169,169,42250,15524.40,5182.80,-0.0290
pop250_gen1200_mut0.02_elite3_tour3,250,1200,0.0200,3,3,10,5,1,True,0.1924,2,2,500,15516.80,4668.40,-0.0070
pop250_gen1200_mut0.02_elite3_tour3,250,1200,0.0200,3,3,10,5,2,True,1.1074,12,12,3000,15515.40,14188.80,-0.1060
pop250_gen1200_mut0.02_elite3_tour3,250,1200,0.0200,3,3,10,5,3,True,10.6958,128,128,32000,15517.40,5027.20,-0.0620
pop250_gen1200_mut0.02_elite3_tour3,250,1200,0.0200,3,3,10,5,4,True,0.1943,2,2,500,15513.00,4659.40,-0.0060
pop250_gen1200_mut0.02_elite3_tour3,250,1200,0.0200,3,3,10,5,5,True,0.3650,4,4,1000,15508.40,4755.40,-0.0180
pop250_gen1200_mut0.02_elite3_tour4,250,1200,0.0200,3,4,10,5,1,True,0.3766,4,4,1000,15527.00,9433.80,-0.0360
pop250_gen1200_mut0.02_elite3_tour4,250,1200,0.0200,3,4,10,5,2,True,1.0135,11,11,2750,15543.00,9503.60,-0.0540
pop250_gen1200_mut0.02_elite3_tour4,250,1200,0.0200,3,4,10,5,3,True,0.3493,4,4,1000,15528.60,14019.60,-0.0380
pop250_gen1200_mut0.02_elite3_tour4,250,1200,0.0200,3,4,10,5,4,True,0.2729,3,3,750,15524.40,9940.60,-0.0220
pop250_gen1200_mut0.02_elite3_tour4,250,1200,0.0200,3,4,10,5,5,False,60.0054,672,,168250,15484.80,9364.60,-0.0060
pop150_gen1200_mut0.025_elite3_tour2,150,1200,0.0250,3,2,10,5,1,True,1.2808,32,32,4800,15577.00,10092.00,-0.1360
pop150_gen1200_mut0.025_elite3_tour2,150,1200,0.0250,3,2,10,5,2,False,34.5036,838,,125850,15498.20,9303.20,-0.0090
pop150_gen1200_mut0.025_elite3_tour2,150,1200,0.0250,3,2,10,5,3,True,0.6718,16,16,2400,15540.20,14338.20,-0.0700
pop150_gen1200_mut0.025_elite3_tour2,150,1200,0.0250,3,2,10,5,4,True,1.5516,38,38,5700,15515.80,9648.20,-0.1130
pop150_gen1200_mut0.025_elite3_tour2,150,1200,0.0250,3,2,10,5,5,True,0.0540,1,1,150,15520.60,0.00,0.0000
pop150_gen1200_mut0.025_elite3_tour3,150,1200,0.0250,3,3,10,5,1,True,1.1546,29,29,4350,15509.80,5026.60,-0.0990
pop150_gen1200_mut0.025_elite3_tour3,150,1200,0.0250,3,3,10,5,2,True,0.3254,8,8,1200,15560.20,10076.80,-0.0650
pop150_gen1200_mut0.025_elite3_tour3,150,1200,0.0250,3,3,10,5,3,True,1.5248,39,39,5850,15522.20,9792.20,-0.0660
pop150_gen1200_mut0.025_elite3_tour3,150,1200,0.0250,3,3,10,5,4,False,30.6787,781,,117300,15000.80,8984.60,-0.0080
pop150_gen1200_mut0.025_elite3_tour3,150,1200,0.0250,3,3,10,5,5,True,0.2044,5,5,750,15497.60,9379.00,-0.0390
pop150_gen1200_mut0.025_elite3_tour4,150,1200,0.0250,3,4,10,5,1,True,0.1970,5,5,750,15511.40,9529.80,-0.0440
pop150_gen1200_mut0.025_elite3_tour4,150,1200,0.0250,3,4,10,5,2,True,0.9067,23,23,3450,15557.40,9937.80,-0.0710
pop150_gen1200_mut0.025_elite3_tour4,150,1200,0.0250,3,4,10,5,3,True,0.2135,5,5,750,15511.00,13803.60,-0.0340
pop150_gen1200_mut0.025_elite3_tour4,150,1200,0.0250,3,4,10,5,4,True,4.7864,111,111,16650,15526.00,4988.60,-0.0140
pop150_gen1200_mut0.025_elite3_tour4,150,1200,0.0250,3,4,10,5,5,True,0.3248,8,8,1200,15508.40,9354.60,-0.0480
pop175_gen1200_mut0.025_elite3_tour2,175,1200,0.0250,3,2,10,5,1,True,1.4150,27,27,4725,15514.80,5075.60,-0.0760
pop175_gen1200_mut0.025_elite3_tour2,175,1200,0.0250,3,2,10,5,2,True,0.1086,2,2,350,15524.40,4634.40,-0.0110
pop175_gen1200_mut0.025_elite3_tour2,175,1200,0.0250,3,2,10,5,3,True,0.0674,1,1,175,15534.60,0.00,0.0000
pop175_gen1200_mut0.025_elite3_tour2,175,1200,0.0250,3,2,10,5,4,True,2.1739,74,74,12950,15566.60,14940.80,-0.0860
pop175_gen1200_mut0.025_elite3_tour2,175,1200,0.0250,3,2,10,5,5,True,0.3498,7,7,1225,15537.20,5239.40,-0.0580
pop175_gen1200_mut0.025_elite3_tour3,175,1200,0.0250,3,3,10,5,1,True,0.4238,8,8,1400,15518.60,9510.20,-0.0680
pop175_gen1200_mut0.025_elite3_tour3,175,1200,0.0250,3,3,10,5,2,True,0.0672,1,1,175,15511.00,0.00,0.0000
pop175_gen1200_mut0.025_elite3_tour3,175,1200,0.0250,3,3,10,5,3,True,0.0670,1,1,175,15514.60,0.00,0.0000
pop175_gen1200_mut0.025_elite3_tour3,175,1200,0.0250,3,3,10,5,4,True,1.7221,32,32,5600,15547.00,19025.00,-0.0880
pop175_gen1200_mut0.025_elite3_tour3,175,1200,0.0250,3,3,10,5,5,True,0.3740,7,7,1225,15519.00,4976.60,-0.0600
pop175_gen1200_mut0.025_elite3_tour4,175,1200,0.0250,3,4,10,5,1,True,1.6012,31,31,5425,15587.80,19542.40,-0.1000
pop175_gen1200_mut0.025_elite3_tour4,175,1200,0.0250,3,4,10,5,2,True,0.4239,8,8,1400,15513.00,9353.00,-0.0400
pop175_gen1200_mut0.025_elite3_tour4,175,1200,0.0250,3,4,10,5,3,True,1.3360,25,25,4375,15522.00,9602.20,-0.0710
pop175_gen1200_mut0.025_elite3_tour4,175,1200,0.0250,3,4,10,5,4,True,0.6333,12,12,2100,15568.20,10000.80,-0.0770
pop175_gen1200_mut0.025_elite3_tour4,175,1200,0.0250,3,4,10,5,5,True,0.7840,15,15,2625,15518.20,9401.40,-0.0560
pop200_gen1200_mut0.025_elite3_tour2,200,1200,0.0250,3,2,10,5,1,True,0.5447,8,8,1600,15504.80,9303.20,-0.0550
pop200_gen1200_mut0.025_elite3_tour2,200,1200,0.0250,3,2,10,5,2,True,0.6911,11,11,2200,15524.20,4907.00,-0.0710
pop200_gen1200_mut0.025_elite3_tour2,200,1200,0.0250,3,2,10,5,3,True,0.5160,8,8,1600,15545.20,9793.60,-0.0480
pop200_gen1200_mut0.025_elite3_tour2,200,1200,0.0250,3,2,10,5,4,True,1.7875,27,27,5400,15565.80,14832.00,-0.1160
pop200_gen1200_mut0.025_elite3_tour2,200,1200,0.0250,3,2,10,5,5,True,0.6770,11,11,2200,15548.60,4920.20,-0.0770
pop200_gen1200_mut0.025_elite3_tour3,200,1200,0.0250,3,3,10,5,1,True,0.1958,3,3,600,15516.80,4808.00,-0.0110
pop200_gen1200_mut0.025_elite3_tour3,200,1200,0.0250,3,3,10,5,2,True,4.0321,59,59,11800,15516.20,4838.20,-0.0630
pop200_gen1200_mut0.025_elite3_tour3,200,1200,0.0250,3,3,10,5,3,True,2.9316,44,44,8800,15562.80,9935.40,-0.0850
pop200_gen1200_mut0.025_elite3_tour3,200,1200,0.0250,3,3,10,5,4,True,0.6398,10,10,2000,15509.40,4945.60,-0.0400
pop200_gen1200_mut0.025_elite3_tour3,200,1200,0.0250,3,3,10,5,5,True,1.9470,30,30,6000,15503.60,9426.40,-0.0700
pop200_gen1200_mut0.025_elite3_tour4,200,1200,0.0250,3,4,10,5,1,True,1.2944,20,20,4000,15528.60,14525.60,-0.0700
pop200_gen1200_mut0.025_elite3_tour4,200,1200,0.0250,3,4,10,5,2,True,0.0804,1,1,200,15498.00,0.00,0.0000
pop200_gen1200_mut0.025_elite3_tour4,200,1200,0.0250,3,4,10,5,3,True,0.6447,10,10,2000,15509.40,4862.20,-0.0560
pop200_gen1200_mut0.025_elite3_tour4,200,1200,0.0250,3,4,10,5,4,True,1.8511,28,28,5600,15591.20,15045.80,-0.0470
pop200_gen1200_mut0.025_elite3_tour4,200,1200,0.0250,3,4,10,5,5,True,0.0827,1,1,200,15513.40,0.00,0.0000
pop225_gen1200_mut0.025_elite3_tour2,225,1200,0.0250,3,2,10,5,1,False,60.9248,850,,191475,15484.40,14546.00,-0.0170
pop225_gen1200_mut0.025_elite3_tour2,225,1200,0.0250,3,2,10,5,2,False,55.5288,738,,166275,15470.40,14311.80,-0.0230
pop225_gen1200_mut0.025_elite3_tour2,225,1200,0.0250,3,2,10,5,3,True,1.0234,13,13,2925,15527.80,14357.60,-0.1050
pop225_gen1200_mut0.025_elite3_tour2,225,1200,0.0250,3,2,10,5,4,True,3.5182,44,44,9900,15532.00,14388.80,-0.1080
pop225_gen1200_mut0.025_elite3_tour2,225,1200,0.0250,3,2,10,5,5,True,3.5818,69,69,15525,15519.40,5083.80,-0.0810
pop225_gen1200_mut0.025_elite3_tour3,225,1200,0.0250,3,3,10,5,1,True,0.0967,1,1,225,15518.40,0.00,0.0000
pop225_gen1200_mut0.025_elite3_tour3,225,1200,0.0250,3,3,10,5,2,True,2.6463,34,34,7650,15530.20,14197.40,-0.0800
pop225_gen1200_mut0.025_elite3_tour3,225,1200,0.0250,3,3,10,5,3,True,0.1608,2,2,450,15531.80,4652.40,-0.0080
pop225_gen1200_mut0.025_elite3_tour3,225,1200,0.0250,3,3,10,5,4,False,60.1218,795,,179100,15508.00,4986.80,-0.0050
pop225_gen1200_mut0.025_elite3_tour3,225,1200,0.0250,3,3,10,5,5,True,4.2155,52,52,11700,15580.40,14910.00,-0.0770
pop225_gen1200_mut0.025_elite3_tour4,225,1200,0.0250,3,4,10,5,1,True,0.0926,1,1,225,15495.40,0.00,0.0000
pop225_gen1200_mut0.025_elite3_tour4,225,1200,0.0250,3,4,10,5,2,True,0.7052,9,9,2025,15571.00,9942.20,-0.1020
pop225_gen1200_mut0.025_elite3_tour4,225,1200,0.0250,3,4,10,5,3,True,0.3173,4,4,900,15514.20,9421.80,-0.0310
pop225_gen1200_mut0.025_elite3_tour4,225,1200,0.0250,3,4,10,5,4,True,3.3427,42,42,9450,15581.20,10108.60,-0.0760
pop225_gen1200_mut0.025_elite3_tour4,225,1200,0.0250,3,4,10,5,5,True,0.2475,3,3,675,15518.60,4600.40,-0.0240
pop250_gen1200_mut0.025_elite3_tour2,250,1200,0.0250,3,2,10,5,1,True,0.4613,5,5,1250,15496.00,13817.60,-0.0410
pop250_gen1200_mut0.025_elite3_tour2,250,1200,0.0250,3,2,10,5,2,True,0.2668,3,3,750,15477.80,4683.40,-0.0070
pop250_gen1200_mut0.025_elite3_tour2,250,1200,0.0250,3,2,10,5,3,True,0.3617,4,4,1000,15532.20,9879.80,-0.0260
pop250_gen1200_mut0.025_elite3_tour2,250,1200,0.0250,3,2,10,5,4,True,6.3105,67,67,16750,15592.20,19643.80,-0.1320
pop250_gen1200_mut0.025_elite3_tour2,250,1200,0.0250,3,2,10,5,5,True,0.4690,5,5,1250,15518.00,4748.80,-0.0290
pop250_gen1200_mut0.025_elite3_tour3,250,1200,0.0250,3,3,10,5,1,True,0.1262,1,1,250,15518.00,0.00,0.0000
pop250_gen1200_mut0.025_elite3_tour3,250,1200,0.0250,3,3,10,5,2,True,0.3831,4,4,1000,15511.00,9159.80,-0.0300
pop250_gen1200_mut0.025_elite3_tour3,250,1200,0.0250,3,3,10,5,3,True,3.7435,39,39,9750,15579.60,10069.40,-0.0690
pop250_gen1200_mut0.025_elite3_tour3,250,1200,0.0250,3,3,10,5,4,True,0.6461,7,7,1750,15529.80,9517.00,-0.0560
pop250_gen1200_mut0.025_elite3_tour3,250,1200,0.0250,3,3,10,5,5,True,3.0087,32,32,8000,15529.00,14187.60,-0.0950
pop250_gen1200_mut0.025_elite3_tour4,250,1200,0.0250,3,4,10,5,1,True,2.5513,28,28,7000,15506.00,5081.00,-0.0450
pop250_gen1200_mut0.025_elite3_tour4,250,1200,0.0250,3,4,10,5,2,True,2.0110,40,40,10000,15554.80,15062.20,-0.0860
pop250_gen1200_mut0.025_elite3_tour4,250,1200,0.0250,3,4,10,5,3,True,0.1133,1,1,250,15523.40,0.00,0.0000
pop250_gen1200_mut0.025_elite3_tour4,250,1200,0.0250,3,4,10,5,4,True,1.7773,19,19,4750,15529.40,14298.00,-0.0630
pop250_gen1200_mut0.025_elite3_tour4,250,1200,0.0250,3,4,10,5,5,True,2.6884,30,30,7500,15577.00,14807.40,-0.0560
pop150_gen1200_mut0.03_elite3_tour2,150,1200,0.0300,3,2,10,5,1,True,0.5794,14,14,2100,15548.60,14537.40,-0.1080
pop150_gen1200_mut0.03_elite3_tour2,150,1200,0.0300,3,2,10,5,2,True,1.3119,32,32,4800,15537.80,14343.60,-0.1280
pop150_gen1200_mut0.03_elite3_tour2,150,1200,0.0300,3,2,10,5,3,True,0.5789,14,14,2100,15509.00,4873.20,-0.0810
pop150_gen1200_mut0.03_elite3_tour2,150,1200,0.0300,3,2,10,5,4,True,6.6798,152,152,22800,15503.00,4853.80,-0.0410
pop150_gen1200_mut0.03_elite3_tour2,150,1200,0.0300,3,2,10,5,5,True,1.1771,28,28,4200,15522.20,9445.00,-0.0890
pop150_gen1200_mut0.03_elite3_tour3,150,1200,0.0300,3,3,10,5,1,True,0.7349,18,18,2700,15559.00,14610.00,-0.0750
pop150_gen1200_mut0.03_elite3_tour3,150,1200,0.0300,3,3,10,5,2,True,5.9818,138,138,20700,15523.80,9581.20,-0.0500
pop150_gen1200_mut0.03_elite3_tour3,150,1200,0.0300,3,3,10,5,3,True,0.6713,16,16,2400,15529.40,5020.80,-0.1160
pop150_gen1200_mut0.03_elite3_tour3,150,1200,0.0300,3,3,10,5,4,True,0.3268,8,8,1200,15569.00,14513.00,-0.0730
pop150_gen1200_mut0.03_elite3_tour3,150,1200,0.0300,3,3,10,5,5,True,0.0547,1,1,150,15523.00,0.00,0.0000
pop150_gen1200_mut0.03_elite3_tour4,150,1200,0.0300,3,4,10,5,1,True,0.0515,1,1,150,15482.40,0.00,0.0000
pop150_gen1200_mut0.03_elite3_tour4,150,1200,0.0300,3,4,10,5,2,True,0.1800,4,4,600,15500.40,4688.40,-0.0220
pop150_gen1200_mut0.03_elite3_tour4,150,1200,0.0300,3,4,10,5,3,True,0.0551,1,1,150,15513.80,0.00,0.0000
pop150_gen1200_mut0.03_elite3_tour4,150,1200,0.0300,3,4,10,5,4,True,0.5200,13,13,1950,15549.00,14681.00,-0.0950
pop150_gen1200_mut0.03_elite3_tour4,150,1200,0.0300,3,4,10,5,5,True,0.0922,2,2,300,15513.20,4602.40,-0.0120
pop175_gen1200_mut0.03_elite3_tour2,175,1200,0.0300,3,2,10,5,1,True,0.0673,1,1,175,15508.40,0.00,0.0000
pop175_gen1200_mut0.03_elite3_tour2,175,1200,0.0300,3,2,10,5,2,True,0.0675,1,1,175,15518.00,0.00,0.0000
pop175_gen1200_mut0.03_elite3_tour2,175,1200,0.0300,3,2,10,5,3,True,0.0676,1,1,175,15525.80,0.00,0.0000
pop175_gen1200_mut0.03_elite3_tour2,175,1200,0.0300,3,2,10,5,4,True,0.0660,1,1,175,15508.00,0.00,0.0000
pop175_gen1200_mut0.03_elite3_tour2,175,1200,0.0300,3,2,10,5,5,True,2.3083,44,44,7700,15557.60,9803.40,-0.0650
pop175_gen1200_mut0.03_elite3_tour3,175,1200,0.0300,3,3,10,5,1,True,1.6553,31,31,5425,15569.80,14769.00,-0.0760
pop175_gen1200_mut0.03_elite3_tour3,175,1200,0.0300,3,3,10,5,2,True,2.0947,41,41,7175,15519.80,4989.80,-0.0580
pop175_gen1200_mut0.03_elite3_tour3,175,1200,0.0300,3,3,10,5,3,True,2.1498,71,71,12425,15567.80,14622.00,-0.0840
pop175_gen1200_mut0.03_elite3_tour3,175,1200,0.0300,3,3,10,5,4,True,0.0671,1,1,175,15523.00,0.00,0.0000
pop175_gen1200_mut0.03_elite3_tour3,175,1200,0.0300,3,3,10,5,5,False,38.7949,750,,131425,15503.20,4887.00,-0.0140
pop175_gen1200_mut0.03_elite3_tour4,175,1200,0.0300,3,4,10,5,1,True,0.3643,7,7,1225,15518.20,5157.00,-0.0980
pop175_gen1200_mut0.03_elite3_tour4,175,1200,0.0300,3,4,10,5,2,True,1.2446,24,24,4200,15540.20,9655.80,-0.0930
pop175_gen1200_mut0.03_elite3_tour4,175,1200,0.0300,3,4,10,5,3,True,0.1100,2,2,350,15508.40,4623.80,-0.0090
pop175_gen1200_mut0.03_elite3_tour4,175,1200,0.0300,3,4,10,5,4,True,0.0682,1,1,175,15515.00,0.00,0.0000
pop175_gen1200_mut0.03_elite3_tour4,175,1200,0.0300,3,4,10,5,5,True,0.2803,5,5,875,15518.20,9398.60,-0.0520
pop200_gen1200_mut0.03_elite3_tour2,200,1200,0.0300,3,2,10,5,1,False,64.2433,1012,,202600,15494.40,5024.40,-0.0130
pop200_gen1200_mut0.03_elite3_tour2,200,1200,0.0300,3,2,10,5,2,True,0.2665,4,4,800,15512.60,9390.80,-0.0300
pop200_gen1200_mut0.03_elite3_tour2,200,1200,0.0300,3,2,10,5,3,True,0.0812,1,1,200,15523.40,0.00,0.0000
pop200_gen1200_mut0.03_elite3_tour2,200,1200,0.0300,3,2,10,5,4,True,7.4583,114,114,22800,15547.80,9848.60,-0.0500
pop200_gen1200_mut0.03_elite3_tour2,200,1200,0.0300,3,2,10,5,5,True,0.2602,4,4,800,15512.60,9408.40,-0.0350
pop200_gen1200_mut0.03_elite3_tour3,200,1200,0.0300,3,3,10,5,1,True,1.4738,22,22,4400,15558.20,19053.20,-0.0840
pop200_gen1200_mut0.03_elite3_tour3,200,1200,0.0300,3,3,10,5,2,True,0.4471,7,7,1400,15530.60,9603.80,-0.0460
pop200_gen1200_mut0.03_elite3_tour3,200,1200,0.0300,3,3,10,5,3,False,44.6460,720,,144200,15328.20,14639.20,-0.0280
pop200_gen1200_mut0.03_elite3_tour3,200,1200,0.0300,3,3,10,5,4,True,0.7437,12,12,2400,15520.60,9829.20,-0.0900
pop200_gen1200_mut0.03_elite3_tour3,200,1200,0.0300,3,3,10,5,5,True,0.0811,1,1,200,15505.40,0.00,0.0000
pop200_gen1200_mut0.03_elite3_tour4,200,1200,0.0300,3,4,10,5,1,True,1.8009,28,28,5600,15546.60,14689.00,-0.0950
pop200_gen1200_mut0.03_elite3_tour4,200,1200,0.0300,3,4,10,5,2,True,0.2557,4,4,800,15511.40,4754.40,-0.0350
pop200_gen1200_mut0.03_elite3_tour4,200,1200,0.0300,3,4,10,5,3,True,0.1351,2,2,400,15529.80,4828.40,-0.0120
pop200_gen1200_mut0.03_elite3_tour4,200,1200,0.0300,3,4,10,5,4,True,4.1910,63,63,12600,15556.60,14413.00,-0.0650
pop200_gen1200_mut0.03_elite3_tour4,200,1200,0.0300,3,4,10,5,5,True,0.7992,12,12,2400,15564.40,14359.80,-0.0730
pop225_gen1200_mut0.03_elite3_tour2,225,1200,0.0300,3,2,10,5,1,True,3.4199,44,44,9900,15549.40,10152.20,-0.1090
pop225_gen1200_mut0.03_elite3_tour2,225,1200,0.0300,3,2,10,5,2,True,0.1660,2,2,450,15501.40,4596.40,-0.0110
pop225_gen1200_mut0.03_elite3_tour2,225,1200,0.0300,3,2,10,5,3,True,5.9224,74,74,16650,15608.60,10568.40,-0.1100
pop225_gen1200_mut0.03_elite3_tour2,225,1200,0.0300,3,2,10,5,4,True,0.3133,4,4,900,15562.20,9637.80,-0.0310
pop225_gen1200_mut0.03_elite3_tour2,225,1200,0.0300,3,2,10,5,5,True,0.0964,1,1,225,15522.20,0.00,0.0000
pop225_gen1200_mut0.03_elite3_tour3,225,1200,0.0300,3,3,10,5,1,True,0.8130,11,11,2475,15511.40,14171.60,-0.0690
pop225_gen1200_mut0.03_elite3_tour3,225,1200,0.0300,3,3,10,5,2,True,1.5635,20,20,4500,15530.60,4916.40,-0.0940
pop225_gen1200_mut0.03_elite3_tour3,225,1200,0.0300,3,3,10,5,3,True,0.4039,5,5,1125,15518.60,4668.40,-0.0540
pop225_gen1200_mut0.03_elite3_tour3,225,1200,0.0300,3,3,10,5,4,True,0.7885,10,10,2250,15529.00,9472.20,-0.0620
pop225_gen1200_mut0.03_elite3_tour3,225,1200,0.0300,3,3,10,5,5,True,0.1597,2,2,450,15529.80,4654.40,-0.0110
pop225_gen1200_mut0.03_elite3_tour4,225,1200,0.0300,3,4,10,5,1,True,0.1015,1,1,225,15519.80,0.00,0.0000
pop225_gen1200_mut0.03_elite3_tour4,225,1200,0.0300,3,4,10,5,2,True,0.0964,1,1,225,15495.80,0.00,0.0000
pop225_gen1200_mut0.03_elite3_tour4,225,1200,0.0300,3,4,10,5,3,True,1.6731,43,43,9675,15520.60,9569.80,-0.0300
pop225_gen1200_mut0.03_elite3_tour4,225,1200,0.0300,3,4,10,5,4,True,4.2105,52,52,11700,15493.60,9352.80,-0.0610
pop225_gen1200_mut0.03_elite3_tour4,225,1200,0.0300,3,4,10,5,5,True,3.6771,47,47,10575,15527.40,9670.40,-0.0840
pop250_gen1200_mut0.03_elite3_tour2,250,1200,0.0300,3,2,10,5,1,True,3.6981,39,39,9750,15527.80,9498.00,-0.1220
pop250_gen1200_mut0.03_elite3_tour2,250,1200,0.0300,3,2,10,5,2,True,1.7059,18,18,4500,15541.40,9768.00,-0.1070
pop250_gen1200_mut0.03_elite3_tour2,250,1200,0.0300,3,2,10,5,3,True,7.5901,79,79,19750,15549.40,9660.60,-0.0760
pop250_gen1200_mut0.03_elite3_tour2,250,1200,0.0300,3,2,10,5,4,True,3.5228,37,37,9250,15588.20,10187.60,-0.1090
pop250_gen1200_mut0.03_elite3_tour2,250,1200,0.0300,3,2,10,5,5,True,3.3357,35,35,8750,15557.40,14826.60,-0.1310
pop250_gen1200_mut0.03_elite3_tour3,250,1200,0.0300,3,3,10,5,1,True,0.1881,2,2,500,15502.20,4639.40,-0.0110
pop250_gen1200_mut0.03_elite3_tour3,250,1200,0.0300,3,3,10,5,2,True,0.1146,1,1,250,15524.20,0.00,0.0000
pop250_gen1200_mut0.03_elite3_tour3,250,1200,0.0300,3,3,10,5,3,True,0.9084,29,29,7250,15529.80,5273.00,-0.0910
pop250_gen1200_mut0.03_elite3_tour3,250,1200,0.0300,3,3,10,5,4,True,0.1124,1,1,250,15506.20,0.00,0.0000
pop250_gen1200_mut0.03_elite3_tour3,250,1200,0.0300,3,3,10,5,5,True,0.4658,5,5,1250,15523.00,4773.00,-0.0390
pop250_gen1200_mut0.03_elite3_tour4,250,1200,0.0300,3,4,10,5,1,True,0.1137,1,1,250,15534.20,0.00,0.0000
pop250_gen1200_mut0.03_elite3_tour4,250,1200,0.0300,3,4,10,5,2,True,1.6419,18,18,4500,15573.60,9899.80,-0.0920
pop250_gen1200_mut0.03_elite3_tour4,250,1200,0.0300,3,4,10,5,3,True,0.1136,1,1,250,15509.20,0.00,0.0000
pop250_gen1200_mut0.03_elite3_tour4,250,1200,0.0300,3,4,10,5,4,True,0.8373,9,9,2250,15515.20,18718.60,-0.0570
pop250_gen1200_mut0.03_elite3_tour4,250,1200,0.0300,3,4,10,5,5,True,1.7658,19,19,4750,15558.20,9892.40,-0.1120
pop150_gen1200_mut0.035_elite3_tour2,150,1200,0.0350,3,2,10,5,1,True,0.1661,4,4,600,15518.00,4748.00,-0.0200
pop150_gen1200_mut0.035_elite3_tour2,150,1200,0.0350,3,2,10,5,2,True,0.1605,4,4,600,15502.60,4875.80,-0.0320
pop150_gen1200_mut0.035_elite3_tour2,150,1200,0.0350,3,2,10,5,3,True,0.2205,5,5,750,15532.20,9324.80,-0.0490
pop150_gen1200_mut0.035_elite3_tour2,150,1200,0.0350,3,2,10,5,4,True,5.0362,119,119,17850,15577.80,10039.60,-0.0860
pop150_gen1200_mut0.035_elite3_tour2,150,1200,0.0350,3,2,10,5,5,True,1.9557,47,47,7050,15557.80,10010.60,-0.1550
pop150_gen1200_mut0.035_elite3_tour3,150,1200,0.0350,3,3,10,5,1,True,1.4559,36,36,5400,15520.60,5293.40,-0.0750
pop150_gen1200_mut0.035_elite3_tour3,150,1200,0.0350,3,3,10,5,2,True,0.0834,2,2,300,15485.80,4673.00,-0.0080
pop150_gen1200_mut0.035_elite3_tour3,150,1200,0.0350,3,3,10,5,3,False,33.1069,807,,121200,15484.80,9979.20,-0.0170
pop150_gen1200_mut0.035_elite3_tour3,150,1200,0.0350,3,3,10,5,4,True,0.7515,18,18,2700,15517.40,9434.80,-0.1120
pop150_gen1200_mut0.035_elite3_tour3,150,1200,0.0350,3,3,10,5,5,False,32.2795,792,,118950,15488.40,9691.20,-0.0100
pop150_gen1200_mut0.035_elite3_tour4,150,1200,0.0350,3,4,10,5,1,True,0.8482,20,20,3000,15557.00,19016.20,-0.0830
pop150_gen1200_mut0.035_elite3_tour4,150,1200,0.0350,3,4,10,5,2,False,29.0884,675,,101400,15205.20,9259.40,-0.0160
pop150_gen1200_mut0.035_elite3_tour4,150,1200,0.0350,3,4,10,5,3,True,0.2064,5,5,750,15529.80,9518.40,-0.0540
pop150_gen1200_mut0.035_elite3_tour4,150,1200,0.0350,3,4,10,5,4,True,1.3977,33,33,4950,15565.00,14759.80,-0.1110
pop150_gen1200_mut0.035_elite3_tour4,150,1200,0.0350,3,4,10,5,5,True,0.1713,4,4,600,15521.00,9757.80,-0.0490
pop175_gen1200_mut0.035_elite3_tour2,175,1200,0.0350,3,2,10,5,1,True,5.3120,96,96,16800,15575.80,9810.60,-0.1110
pop175_gen1200_mut0.035_elite3_tour2,175,1200,0.0350,3,2,10,5,2,True,0.9488,18,18,3150,15514.20,9461.60,-0.1190
pop175_gen1200_mut0.035_elite3_tour2,175,1200,0.0350,3,2,10,5,3,True,2.0769,39,39,6825,15538.60,14048.80,-0.1250
pop175_gen1200_mut0.035_elite3_tour2,175,1200,0.0350,3,2,10,5,4,False,48.7539,973,,170450,15441.00,14605.40,-0.0450
pop175_gen1200_mut0.035_elite3_tour2,175,1200,0.0350,3,2,10,5,5,True,0.1108,2,2,350,15515.60,4587.40,-0.0120
pop175_gen1200_mut0.035_elite3_tour3,175,1200,0.0350,3,3,10,5,1,True,0.6681,13,13,2275,15524.40,14427.60,-0.0780
pop175_gen1200_mut0.035_elite3_tour3,175,1200,0.0350,3,3,10,5,2,True,0.7961,15,15,2625,15551.40,14349.20,-0.0950
pop175_gen1200_mut0.035_elite3_tour3,175,1200,0.0350,3,3,10,5,3,True,0.2726,5,5,875,15541.40,9351.40,-0.0550
pop175_gen1200_mut0.035_elite3_tour3,175,1200,0.0350,3,3,10,5,4,False,38.0708,741,,129850,15504.00,9267.00,-0.0090
pop175_gen1200_mut0.035_elite3_tour3,175,1200,0.0350,3,3,10,5,5,True,0.0675,1,1,175,15506.20,0.00,0.0000
pop175_gen1200_mut0.035_elite3_tour4,175,1200,0.0350,3,4,10,5,1,True,0.1081,2,2,350,15488.00,4622.00,-0.0100
pop175_gen1200_mut0.035_elite3_tour4,175,1200,0.0350,3,4,10,5,2,True,0.7116,13,13,2275,15567.40,9668.00,-0.0940
pop175_gen1200_mut0.035_elite3_tour4,175,1200,0.0350,3,4,10,5,3,True,0.1118,2,2,350,15519.40,4647.60,-0.0140
pop175_gen1200_mut0.035_elite3_tour4,175,1200,0.0350,3,4,10,5,4,True,0.0676,1,1,175,15526.20,0.00,0.0000
pop175_gen1200_mut0.035_elite3_tour4,175,1200,0.0350,3,4,10,5,5,True,0.6842,13,13,2275,15563.80,9382.60,-0.1090
pop200_gen1200_mut0.035_elite3_tour2,200,1200,0.0350,3,2,10,5,1,True,0.6439,10,10,2000,15506.00,9472.60,-0.0850
pop200_gen1200_mut0.035_elite3_tour2,200,1200,0.0350,3,2,10,5,2,True,0.1920,3,3,600,15530.60,5034.80,-0.0220
pop200_gen1200_mut0.035_elite3_tour2,200,1200,0.0350,3,2,10,5,3,True,1.5815,24,24,4800,15568.20,10399.80,-0.1100
pop200_gen1200_mut0.035_elite3_tour2,200,1200,0.0350,3,2,10,5,4,True,2.4145,60,60,12000,15517.80,4827.00,-0.1150
pop200_gen1200_mut0.035_elite3_tour2,200,1200,0.0350,3,2,10,5,5,True,5.1729,78,78,15600,15535.40,19121.00,-0.1220
pop200_gen1200_mut0.035_elite3_tour3,200,1200,0.0350,3,3,10,5,1,True,1.4706,23,23,4600,15511.40,9430.60,-0.0760
pop200_gen1200_mut0.035_elite3_tour3,200,1200,0.0350,3,3,10,5,2,True,2.1965,34,34,6800,15529.80,5126.00,-0.0920
pop200_gen1200_mut0.035_elite3_tour3,200,1200,0.0350,3,3,10,5,3,True,2.1729,33,33,6600,15538.60,14439.60,-0.1060
pop200_gen1200_mut0.035_elite3_tour3,200,1200,0.0350,3,3,10,5,4,True,0.0820,1,1,200,15514.60,0.00,0.0000
pop200_gen1200_mut0.035_elite3_tour3,200,1200,0.0350,3,3,10,5,5,False,53.9727,876,,175400,15461.60,14597.60,-0.0180
pop200_gen1200_mut0.035_elite3_tour4,200,1200,0.0350,3,4,10,5,1,False,45.6546,708,,141800,15475.60,4918.40,-0.0110
pop200_gen1200_mut0.035_elite3_tour4,200,1200,0.0350,3,4,10,5,2,True,0.1290,2,2,400,15512.20,9584.80,-0.0120
pop200_gen1200_mut0.035_elite3_tour4,200,1200,0.0350,3,4,10,5,3,True,0.0819,1,1,200,15528.20,0.00,0.0000
pop200_gen1200_mut0.035_elite3_tour4,200,1200,0.0350,3,4,10,5,4,True,1.2917,20,20,4000,15531.60,9721.80,-0.0920
pop200_gen1200_mut0.035_elite3_tour4,200,1200,0.0350,3,4,10,5,5,True,0.2504,4,4,800,15539.00,9535.80,-0.0460
pop225_gen1200_mut0.035_elite3_tour2,225,1200,0.0350,3,2,10,5,1,True,1.0248,13,13,2925,15530.60,9797.20,-0.0980
pop225_gen1200_mut0.035_elite3_tour2,225,1200,0.0350,3,2,10,5,2,True,0.5597,7,7,1575,15530.60,4932.80,-0.0590
pop225_gen1200_mut0.035_elite3_tour2,225,1200,0.0350,3,2,10,5,3,True,0.3045,4,4,900,15528.00,9805.60,-0.0360
pop225_gen1200_mut0.035_elite3_tour2,225,1200,0.0350,3,2,10,5,4,True,3.4674,44,44,9900,15507.00,4805.40,-0.1210
pop225_gen1200_mut0.035_elite3_tour2,225,1200,0.0350,3,2,10,5,5,True,3.4075,62,62,13950,15575.00,5173.80,-0.1050
pop225_gen1200_mut0.035_elite3_tour3,225,1200,0.0350,3,3,10,5,1,True,0.1609,2,2,450,15498.00,4732.20,-0.0110
pop225_gen1200_mut0.035_elite3_tour3,225,1200,0.0350,3,3,10,5,2,True,0.2355,3,3,675,15521.40,4763.00,-0.0230
pop225_gen1200_mut0.035_elite3_tour3,225,1200,0.0350,3,3,10,5,3,False,57.2731,741,,166950,15436.20,14783.80,-0.0280
pop225_gen1200_mut0.035_elite3_tour3,225,1200,0.0350,3,3,10,5,4,True,0.0960,1,1,225,15519.40,0.00,0.0000
pop225_gen1200_mut0.035_elite3_tour3,225,1200,0.0350,3,3,10,5,5,False,53.1896,692,,155925,15287.80,9693.60,-0.0340
pop225_gen1200_mut0.035_elite3_tour4,225,1200,0.0350,3,4,10,5,1,True,0.0982,1,1,225,15520.60,0.00,0.0000
pop225_gen1200_mut0.035_elite3_tour4,225,1200,0.0350,3,4,10,5,2,True,1.4953,19,19,4275,15548.20,14743.00,-0.1000
pop225_gen1200_mut0.035_elite3_tour4,225,1200,0.0350,3,4,10,5,3,True,1.5780,20,20,4500,15567.40,14766.80,-0.1000
pop225_gen1200_mut0.035_elite3_tour4,225,1200,0.0350,3,4,10,5,4,True,0.1569,2,2,450,15531.40,5354.40,-0.0140
pop225_gen1200_mut0.035_elite3_tour4,225,1200,0.0350,3,4,10,5,5,True,1.3362,17,17,3825,15538.60,9874.40,-0.0970
pop250_gen1200_mut0.035_elite3_tour2,250,1200,0.0350,3,2,10,5,1,True,1.1327,12,12,3000,15527.40,9572.20,-0.1290
pop250_gen1200_mut0.035_elite3_tour2,250,1200,0.0350,3,2,10,5,2,True,2.0254,21,21,5250,15575.20,9658.40,-0.0770
pop250_gen1200_mut0.035_elite3_tour2,250,1200,0.0350,3,2,10,5,3,True,1.2749,14,14,3500,15519.80,14380.00,-0.1170
pop250_gen1200_mut0.035_elite3_tour2,250,1200,0.0350,3,2,10,5,4,True,0.1111,1,1,250,15506.20,0.00,0.0000
pop250_gen1200_mut0.035_elite3_tour2,250,1200,0.0350,3,2,10,5,5,True,0.2456,21,21,5250,15537.00,9771.20,-0.1300
pop250_gen1200_mut0.035_elite3_tour3,250,1200,0.0350,3,3,10,5,1,False,65.4272,726,,181750,15504.00,9494.40,-0.0090
pop250_gen1200_mut0.035_elite3_tour3,250,1200,0.0350,3,3,10,5,2,True,0.9383,10,10,2500,15566.00,9831.40,-0.0990
pop250_gen1200_mut0.035_elite3_tour3,250,1200,0.0350,3,3,10,5,3,True,0.5643,6,6,1500,15508.00,4692.60,-0.0630
pop250_gen1200_mut0.035_elite3_tour3,250,1200,0.0350,3,3,10,5,4,True,0.1263,1,1,250,15525.40,0.00,0.0000
pop250_gen1200_mut0.035_elite3_tour3,250,1200,0.0350,3,3,10,5,5,True,1.5721,17,17,4250,15545.80,9854.60,-0.0900
pop250_gen1200_mut0.035_elite3_tour4,250,1200,0.0350,3,4,10,5,1,True,0.9125,10,10,2500,15530.60,9850.20,-0.0800
pop250_gen1200_mut0.035_elite3_tour4,250,1200,0.0350,3,4,10,5,2,True,0.3715,4,4,1000,15511.40,4776.40,-0.0350
pop250_gen1200_mut0.035_elite3_tour4,250,1200,0.0350,3,4,10,5,3,True,0.8326,9,9,2250,15569.80,19565.80,-0.0800
pop250_gen1200_mut0.035_elite3_tour4,250,1200,0.0350,3,4,10,5,4,True,2.6139,27,27,6750,15540.40,14245.00,-0.0940
pop250_gen1200_mut0.035_elite3_tour4,250,1200,0.0350,3,4,10,5,5,True,0.1864,2,2,500,15513.40,4903.40,-0.0110
pop150_gen1200_mut0.04_elite3_tour2,150,1200,0.0400,3,2,10,5,1,True,0.7129,17,17,2550,15565.40,9771.80,-0.1340
pop150_gen1200_mut0.04_elite3_tour2,150,1200,0.0400,3,2,10,5,2,False,31.8334,784,,117750,15478.60,9492.40,-0.0200
pop150_gen1200_mut0.04_elite3_tour2,150,1200,0.0400,3,2,10,5,3,True,0.0889,2,2,300,15507.60,4683.40,-0.0120
pop150_gen1200_mut0.04_elite3_tour2,150,1200,0.0400,3,2,10,5,4,True,10.8778,253,253,37950,15514.60,5076.80,-0.1300
pop150_gen1200_mut0.04_elite3_tour2,150,1200,0.0400,3,2,10,5,5,True,0.0543,1,1,150,15508.80,0.00,0.0000
pop150_gen1200_mut0.04_elite3_tour3,150,1200,0.0400,3,3,10,5,1,True,0.0818,2,2,300,15502.20,5085.60,-0.0120
pop150_gen1200_mut0.04_elite3_tour3,150,1200,0.0400,3,3,10,5,2,False,29.0441,800,,120150,10390.20,9388.40,-0.0180
pop150_gen1200_mut0.04_elite3_tour3,150,1200,0.0400,3,3,10,5,3,True,2.7543,65,65,9750,15562.40,14876.20,-0.0790
pop150_gen1200_mut0.04_elite3_tour3,150,1200,0.0400,3,3,10,5,4,True,0.0542,1,1,150,15505.40,0.00,0.0000
pop150_gen1200_mut0.04_elite3_tour3,150,1200,0.0400,3,3,10,5,5,True,0.7784,19,19,2850,15527.80,5087.20,-0.1120
pop150_gen1200_mut0.04_elite3_tour4,150,1200,0.0400,3,4,10,5,1,False,28.6533,746,,112050,15349.60,14765.80,-0.0260
pop150_gen1200_mut0.04_elite3_tour4,150,1200,0.0400,3,4,10,5,2,True,2.0229,47,47,7050,15526.60,9473.00,-0.0860
pop150_gen1200_mut0.04_elite3_tour4,150,1200,0.0400,3,4,10,5,3,True,2.5467,62,62,9300,15519.40,9629.80,-0.0370
pop150_gen1200_mut0.04_elite3_tour4,150,1200,0.0400,3,4,10,5,4,True,0.2285,47,47,7050,15528.60,9696.20,-0.0930
pop150_gen1200_mut0.04_elite3_tour4,150,1200,0.0400,3,4,10,5,5,False,31.2437,731,,109800,15488.60,5191.20,-0.0110
pop175_gen1200_mut0.04_elite3_tour2,175,1200,0.0400,3,2,10,5,1,True,0.2166,4,4,700,15524.60,9242.00,-0.0300
pop175_gen1200_mut0.04_elite3_tour2,175,1200,0.0400,3,2,10,5,2,True,0.1093,2,2,350,15516.40,4678.80,-0.0140
pop175_gen1200_mut0.04_elite3_tour2,175,1200,0.0400,3,2,10,5,3,True,-0.6088,20,20,3500,15575.80,14519.80,-0.1490
pop175_gen1200_mut0.04_elite3_tour2,175,1200,0.0400,3,2,10,5,4,True,0.2020,4,4,700,15489.20,9319.00,-0.0280
pop175_gen1200_mut0.04_elite3_tour2,175,1200,0.0400,3,2,10,5,5,True,0.1101,2,2,350,15509.20,4648.40,-0.0110
pop175_gen1200_mut0.04_elite3_tour3,175,1200,0.0400,3,3,10,5,1,True,0.8910,17,17,2975,15543.20,9525.20,-0.1080
pop175_gen1200_mut0.04_elite3_tour3,175,1200,0.0400,3,3,10,5,2,True,0.4191,8,8,1400,15530.20,9604.80,-0.0890
pop175_gen1200_mut0.04_elite3_tour3,175,1200,0.0400,3,3,10,5,3,True,3.5216,67,67,11725,15537.80,9544.80,-0.0890
pop175_gen1200_mut0.04_elite3_tour3,175,1200,0.0400,3,3,10,5,4,True,1.9826,37,37,6475,15592.20,14695.20,-0.1260
pop175_gen1200_mut0.04_elite3_tour3,175,1200,0.0400,3,3,10,5,5,True,0.3794,7,7,1225,15500.20,4841.20,-0.0770
pop175_gen1200_mut0.04_elite3_tour4,175,1200,0.0400,3,4,10,5,1,False,41.7312,804,,140875,15470.20,4749.40,-0.0160
pop175_gen1200_mut0.04_elite3_tour4,175,1200,0.0400,3,4,10,5,2,False,34.6537,657,,115150,15236.60,9500.60,-0.0210
pop175_gen1200_mut0.04_elite3_tour4,175,1200,0.0400,3,4,10,5,3,True,0.0684,1,1,175,15524.60,0.00,0.0000
pop175_gen1200_mut0.04_elite3_tour4,175,1200,0.0400,3,4,10,5,4,True,0.2723,5,5,875,15516.00,9473.60,-0.0540
pop175_gen1200_mut0.04_elite3_tour4,175,1200,0.0400,3,4,10,5,5,True,0.5426,10,10,1750,15565.60,4942.60,-0.0800
pop200_gen1200_mut0.04_elite3_tour2,200,1200,0.0400,3,2,10,5,1,True,5.3127,80,80,16000,15554.40,19318.00,-0.1180
pop200_gen1200_mut0.04_elite3_tour2,200,1200,0.0400,3,2,10,5,2,True,0.3834,6,6,1200,15526.80,9748.00,-0.0550
pop200_gen1200_mut0.04_elite3_tour2,200,1200,0.0400,3,2,10,5,3,True,3.9744,85,85,17000,15576.20,14941.80,-0.1440
pop200_gen1200_mut0.04_elite3_tour2,200,1200,0.0400,3,2,10,5,4,True,0.7741,12,12,2400,15514.60,9523.60,-0.1070
pop200_gen1200_mut0.04_elite3_tour2,200,1200,0.0400,3,2,10,5,5,True,0.4954,8,8,1600,15538.60,14385.20,-0.0860
pop200_gen1200_mut0.04_elite3_tour3,200,1200,0.0400,3,3,10,5,1,True,3.3040,49,49,9800,15558.80,9862.80,-0.1060
pop200_gen1200_mut0.04_elite3_tour3,200,1200,0.0400,3,3,10,5,2,True,0.0812,1,1,200,15519.80,0.00,0.0000
pop200_gen1200_mut0.04_elite3_tour3,200,1200,0.0400,3,3,10,5,3,True,0.2631,4,4,800,15523.40,4770.00,-0.0400
pop200_gen1200_mut0.04_elite3_tour3,200,1200,0.0400,3,3,10,5,4,True,1.9573,29,29,5800,15568.60,9708.80,-0.0900
pop200_gen1200_mut0.04_elite3_tour3,200,1200,0.0400,3,3,10,5,5,True,0.7070,11,11,2200,15501.00,14070.40,-0.0890
pop200_gen1200_mut0.04_elite3_tour4,200,1200,0.0400,3,4,10,5,1,True,1.5861,24,24,4800,15534.20,14343.00,-0.1250
pop200_gen1200_mut0.04_elite3_tour4,200,1200,0.0400,3,4,10,5,2,True,0.0793,1,1,200,15493.00,0.00,0.0000
pop200_gen1200_mut0.04_elite3_tour4,200,1200,0.0400,3,4,10,5,3,True,0.1309,2,2,400,15528.40,5337.40,-0.0120
pop200_gen1200_mut0.04_elite3_tour4,200,1200,0.0400,3,4,10,5,4,True,0.2003,3,3,600,15515.20,9227.20,-0.0300
pop200_gen1200_mut0.04_elite3_tour4,200,1200,0.0400,3,4,10,5,5,True,4.3493,63,63,12600,15564.60,14768.60,-0.0910
pop225_gen1200_mut0.04_elite3_tour2,225,1200,0.0400,3,2,10,5,1,True,0.3142,4,4,900,15512.60,4802.40,-0.0400
pop225_gen1200_mut0.04_elite3_tour2,225,1200,0.0400,3,2,10,5,2,True,0.1733,2,2,450,15531.00,4641.40,-0.0170
pop225_gen1200_mut0.04_elite3_tour2,225,1200,0.0400,3,2,10,5,3,True,0.2426,3,3,675,15497.20,4566.80,-0.0230
pop225_gen1200_mut0.04_elite3_tour2,225,1200,0.0400,3,2,10,5,4,True,1.0409,13,13,2925,15494.80,4777.00,-0.0910
pop225_gen1200_mut0.04_elite3_tour2,225,1200,0.0400,3,2,10,5,5,True,1.4213,18,18,4050,15542.60,9835.00,-0.1260
pop225_gen1200_mut0.04_elite3_tour3,225,1200,0.0400,3,3,10,5,1,True,2.0974,26,26,5850,15545.00,14713.80,-0.1160
pop225_gen1200_mut0.04_elite3_tour3,225,1200,0.0400,3,3,10,5,2,True,2.9267,36,36,8100,15555.20,14428.20,-0.0800
pop225_gen1200_mut0.04_elite3_tour3,225,1200,0.0400,3,3,10,5,3,True,2.7086,34,34,7650,15534.20,19147.20,-0.1250
pop225_gen1200_mut0.04_elite3_tour3,225,1200,0.0400,3,3,10,5,4,True,1.2712,16,16,3600,15519.00,9534.00,-0.0910
pop225_gen1200_mut0.04_elite3_tour3,225,1200,0.0400,3,3,10,5,5,True,0.0961,1,1,225,15512.60,0.00,0.0000
pop225_gen1200_mut0.04_elite3_tour4,225,1200,0.0400,3,4,10,5,1,False,53.6710,711,,160200,15483.20,19219.60,-0.0140
pop225_gen1200_mut0.04_elite3_tour4,225,1200,0.0400,3,4,10,5,2,True,0.6448,8,8,1800,15526.20,9432.80,-0.0950
pop225_gen1200_mut0.04_elite3_tour4,225,1200,0.0400,3,4,10,5,3,True,2.2101,28,28,6300,15523.20,14319.60,-0.0890
pop225_gen1200_mut0.04_elite3_tour4,225,1200,0.0400,3,4,10,5,4,True,0.7933,10,10,2250,15536.80,9596.00,-0.0800
pop225_gen1200_mut0.04_elite3_tour4,225,1200,0.0400,3,4,10,5,5,True,1.6289,20,20,4500,15532.40,14142.80,-0.0990
pop250_gen1200_mut0.04_elite3_tour2,250,1200,0.0400,3,2,10,5,1,True,1.5269,16,16,4000,15570.00,9635.20,-0.1370
pop250_gen1200_mut0.04_elite3_tour2,250,1200,0.0400,3,2,10,5,2,True,0.6567,7,7,1750,15521.00,4859.40,-0.0630
pop250_gen1200_mut0.04_elite3_tour2,250,1200,0.0400,3,2,10,5,3,True,13.3283,154,154,38500,15586.60,19569.80,-0.1250
pop250_gen1200_mut0.04_elite3_tour2,250,1200,0.0400,3,2,10,5,4,True,1.7328,18,18,4500,15528.60,14138.20,-0.1120
pop250_gen1200_mut0.04_elite3_tour2,250,1200,0.0400,3,2,10,5,5,True,1.3728,15,15,3750,15500.60,4963.40,-0.1120
pop250_gen1200_mut0.04_elite3_tour3,250,1200,0.0400,3,3,10,5,1,False,62.4076,693,,173500,15480.20,14132.80,-0.0200
pop250_gen1200_mut0.04_elite3_tour3,250,1200,0.0400,3,3,10,5,2,False,62.0089,696,,174250,15508.00,4728.00,-0.0100
pop250_gen1200_mut0.04_elite3_tour3,250,1200,0.0400,3,3,10,5,3,True,2.4214,26,26,6500,15538.20,14428.80,-0.1470
pop250_gen1200_mut0.04_elite3_tour3,250,1200,0.0400,3,3,10,5,4,True,2.5821,27,27,6750,15539.40,9652.00,-0.1020
pop250_gen1200_mut0.04_elite3_tour3,250,1200,0.0400,3,3,10,5,5,True,2.2645,24,24,6000,15519.40,14253.40,-0.1230
pop250_gen1200_mut0.04_elite3_tour4,250,1200,0.0400,3,4,10,5,1,True,0.1896,2,2,500,15498.00,4668.40,-0.0110
pop250_gen1200_mut0.04_elite3_tour4,250,1200,0.0400,3,4,10,5,2,True,0.1908,2,2,500,15513.40,4618.40,-0.0130
pop250_gen1200_mut0.04_elite3_tour4,250,1200,0.0400,3,4,10,5,3,True,0.1121,1,1,250,15522.60,0.00,0.0000
pop250_gen1200_mut0.04_elite3_tour4,250,1200,0.0400,3,4,10,5,4,True,1.6310,17,17,4250,15564.80,4950.60,-0.1040
pop250_gen1200_mut0.04_elite3_tour4,250,1200,0.0400,3,4,10,5,5,True,3.1107,33,33,8250,15538.60,4984.00,-0.0680
