config_id,pop_size,generations,mut_rate,elite,tour_k,board_size,num_colors,run_number,success,time,generations_executed,generations_to_solution,fitness_evals,final_fitness,fitness_improvement,diversity_loss
pop100_gen500_mut0.01_elite0_tour1,100,500,0.0100,0,1,3,2,1,True,0.0033,1,1,100,6375.20,0.00,0.0000
pop100_gen500_mut0.01_elite0_tour1,100,500,0.0100,0,1,3,2,2,True,0.0033,1,1,100,6375.20,0.00,0.0000
pop100_gen500_mut0.01_elite0_tour1,100,500,0.0100,0,1,3,2,3,True,0.0069,2,2,200,6380.20,4683.40,-0.0070
pop100_gen500_mut0.01_elite0_tour1,100,500,0.0100,0,1,3,2,4,True,0.0049,1,1,100,6379.80,0.00,0.0000
pop100_gen500_mut0.01_elite0_tour1,100,500,0.0100,0,1,3,2,5,True,0.0054,1,1,100,6379.80,0.00,0.0000
pop100_gen500_mut0.01_elite0_tour1,100,500,0.0100,0,1,3,2,6,True,0.0036,1,1,100,6375.20,0.00,0.0000
pop100_gen500_mut0.01_elite0_tour1,100,500,0.0100,0,1,3,2,7,True,0.0036,1,1,100,6375.20,0.00,0.0000
pop100_gen500_mut0.01_elite0_tour1,100,500,0.0100,0,1,3,2,8,True,0.0147,4,4,400,6380.20,4683.40,-0.0040
pop100_gen500_mut0.01_elite0_tour1,100,500,0.0100,0,1,3,2,9,True,0.0056,1,1,100,6375.20,0.00,0.0000
pop100_gen500_mut0.01_elite0_tour1,100,500,0.0100,0,1,3,2,10,True,0.0067,2,2,200,6380.20,4683.40,-0.0070
pop100_gen500_mut0.01_elite0_tour2,100,500,0.0100,0,2,3,2,1,True,0.0033,1,1,100,6375.20,0.00,0.0000
pop100_gen500_mut0.01_elite0_tour2,100,500,0.0100,0,2,3,2,2,True,0.0032,1,1,100,6375.20,0.00,0.0000
pop100_gen500_mut0.01_elite0_tour2,100,500,0.0100,0,2,3,2,3,True,0.0032,1,1,100,6375.20,0.00,0.0000
pop100_gen500_mut0.01_elite0_tour2,100,500,0.0100,0,2,3,2,4,True,0.0034,1,1,100,6375.20,0.00,0.0000
pop100_gen500_mut0.01_elite0_tour2,100,500,0.0100,0,2,3,2,5,True,0.0124,3,3,300,6380.20,4683.40,-0.0020
pop100_gen500_mut0.01_elite0_tour2,100,500,0.0100,0,2,3,2,6,True,0.0034,1,1,100,6375.20,0.00,0.0000
pop100_gen500_mut0.01_elite0_tour2,100,500,0.0100,0,2,3,2,7,True,0.0058,1,1,100,6375.20,0.00,0.0000
pop100_gen500_mut0.01_elite0_tour2,100,500,0.0100,0,2,3,2,8,True,0.0044,1,1,100,6379.80,0.00,0.0000
pop100_gen500_mut0.01_elite0_tour2,100,500,0.0100,0,2,3,2,9,True,0.0038,1,1,100,6375.20,0.00,0.0000
pop100_gen500_mut0.01_elite0_tour2,100,500,0.0100,0,2,3,2,10,True,0.0036,1,1,100,6375.20,0.00,0.0000
pop100_gen500_mut0.01_elite0_tour3,100,500,0.0100,0,3,3,2,1,True,0.0032,1,1,100,6375.20,0.00,0.0000
pop100_gen500_mut0.01_elite0_tour3,100,500,0.0100,0,3,3,2,2,True,0.0033,1,1,100,6375.20,0.00,0.0000
pop100_gen500_mut0.01_elite0_tour3,100,500,0.0100,0,3,3,2,3,True,0.0033,1,1,100,6375.20,0.00,0.0000
pop100_gen500_mut0.01_elite0_tour3,100,500,0.0100,0,3,3,2,4,True,0.0070,2,2,200,6380.20,4683.40,-0.0020
pop100_gen500_mut0.01_elite0_tour3,100,500,0.0100,0,3,3,2,5,True,0.0032,1,1,100,6375.20,0.00,0.0000
pop100_gen500_mut0.01_elite0_tour3,100,500,0.0100,0,3,3,2,6,True,0.0037,1,1,100,6379.80,0.00,0.0000
pop100_gen500_mut0.01_elite0_tour3,100,500,0.0100,0,3,3,2,7,True,0.0033,1,1,100,6375.20,0.00,0.0000
pop100_gen500_mut0.01_elite0_tour3,100,500,0.0100,0,3,3,2,8,True,0.0035,1,1,100,6375.20,0.00,0.0000
pop100_gen500_mut0.01_elite0_tour3,100,500,0.0100,0,3,3,2,9,True,0.0211,6,6,600,6384.80,4688.00,-0.0460
pop100_gen500_mut0.01_elite0_tour3,100,500,0.0100,0,3,3,2,10,True,0.0032,1,1,100,6375.20,0.00,0.0000
pop100_gen500_mut0.01_elite0_tour5,100,500,0.0100,0,5,3,2,1,True,0.0035,1,1,100,6379.80,0.00,0.0000
pop100_gen500_mut0.01_elite0_tour5,100,500,0.0100,0,5,3,2,2,True,0.0068,2,2,200,6380.20,4683.40,-0.0070
pop100_gen500_mut0.01_elite0_tour5,100,500,0.0100,0,5,3,2,3,True,0.0108,3,3,300,6380.20,4683.40,-0.0020
pop100_gen500_mut0.01_elite0_tour5,100,500,0.0100,0,5,3,2,4,True,0.0032,1,1,100,6375.20,0.00,0.0000
pop100_gen500_mut0.01_elite0_tour5,100,500,0.0100,0,5,3,2,5,True,0.0032,1,1,100,6375.20,0.00,0.0000
pop100_gen500_mut0.01_elite0_tour5,100,500,0.0100,0,5,3,2,6,True,0.0032,1,1,100,6375.20,0.00,0.0000
pop100_gen500_mut0.01_elite0_tour5,100,500,0.0100,0,5,3,2,7,True,0.0033,1,1,100,6375.20,0.00,0.0000
pop100_gen500_mut0.01_elite0_tour5,100,500,0.0100,0,5,3,2,8,True,0.0035,1,1,100,6375.20,0.00,0.0000
pop100_gen500_mut0.01_elite0_tour5,100,500,0.0100,0,5,3,2,9,True,0.0037,1,1,100,6375.20,0.00,0.0000
pop100_gen500_mut0.01_elite0_tour5,100,500,0.0100,0,5,3,2,10,True,0.0061,1,1,100,6379.80,0.00,0.0000
pop200_gen500_mut0.01_elite0_tour1,200,500,0.0100,0,1,3,2,1,True,0.0105,1,1,200,6375.20,0.00,0.0000
pop200_gen500_mut0.01_elite0_tour1,200,500,0.0100,0,1,3,2,2,True,0.0108,1,1,200,6375.20,0.00,0.0000
pop200_gen500_mut0.01_elite0_tour1,200,500,0.0100,0,1,3,2,3,True,0.0202,2,2,400,6380.20,4683.40,-0.0040
pop200_gen500_mut0.01_elite0_tour1,200,500,0.0100,0,1,3,2,4,True,0.0139,1,1,200,6375.20,0.00,0.0000
pop200_gen500_mut0.01_elite0_tour1,200,500,0.0100,0,1,3,2,5,True,0.0304,3,3,600,6380.20,4683.40,-0.0060
pop200_gen500_mut0.01_elite0_tour1,200,500,0.0100,0,1,3,2,6,True,0.0104,1,1,200,6375.20,0.00,0.0000
pop200_gen500_mut0.01_elite0_tour1,200,500,0.0100,0,1,3,2,7,True,0.0101,1,1,200,6379.80,0.00,0.0000
pop200_gen500_mut0.01_elite0_tour1,200,500,0.0100,0,1,3,2,8,True,0.0106,1,1,200,6375.20,0.00,0.0000
pop200_gen500_mut0.01_elite0_tour1,200,500,0.0100,0,1,3,2,9,True,0.0100,1,1,200,6375.20,0.00,0.0000
pop200_gen500_mut0.01_elite0_tour1,200,500,0.0100,0,1,3,2,10,True,0.0105,1,1,200,6375.20,0.00,0.0000
pop200_gen500_mut0.01_elite0_tour2,200,500,0.0100,0,2,3,2,1,True,0.0376,3,3,600,6380.20,4683.40,-0.0070
pop200_gen500_mut0.01_elite0_tour2,200,500,0.0100,0,2,3,2,2,True,0.0102,1,1,200,6379.80,0.00,0.0000
pop200_gen500_mut0.01_elite0_tour2,200,500,0.0100,0,2,3,2,3,True,0.0166,1,1,200,6375.20,0.00,0.0000
pop200_gen500_mut0.01_elite0_tour2,200,500,0.0100,0,2,3,2,4,True,0.0106,1,1,200,6379.80,0.00,0.0000
pop200_gen500_mut0.01_elite0_tour2,200,500,0.0100,0,2,3,2,5,True,0.0105,1,1,200,6379.80,0.00,0.0000
pop200_gen500_mut0.01_elite0_tour2,200,500,0.0100,0,2,3,2,6,True,0.0098,1,1,200,6375.20,0.00,0.0000
pop200_gen500_mut0.01_elite0_tour2,200,500,0.0100,0,2,3,2,7,True,0.0102,1,1,200,6375.20,0.00,0.0000
pop200_gen500_mut0.01_elite0_tour2,200,500,0.0100,0,2,3,2,8,True,0.0097,1,1,200,6375.20,0.00,0.0000
pop200_gen500_mut0.01_elite0_tour2,200,500,0.0100,0,2,3,2,9,True,0.0108,1,1,200,6379.80,0.00,0.0000
pop200_gen500_mut0.01_elite0_tour2,200,500,0.0100,0,2,3,2,10,True,0.0209,2,2,400,6380.20,4683.40,-0.0070
pop200_gen500_mut0.01_elite0_tour3,200,500,0.0100,0,3,3,2,1,True,0.0105,1,1,200,6379.80,0.00,0.0000
pop200_gen500_mut0.01_elite0_tour3,200,500,0.0100,0,3,3,2,2,True,0.0104,1,1,200,6375.20,0.00,0.0000
pop200_gen500_mut0.01_elite0_tour3,200,500,0.0100,0,3,3,2,3,True,0.0119,1,1,200,6375.20,0.00,0.0000
pop200_gen500_mut0.01_elite0_tour3,200,500,0.0100,0,3,3,2,4,True,0.0111,1,1,200,6375.20,0.00,0.0000
pop200_gen500_mut0.01_elite0_tour3,200,500,0.0100,0,3,3,2,5,True,0.0103,1,1,200,6379.80,0.00,0.0000
pop200_gen500_mut0.01_elite0_tour3,200,500,0.0100,0,3,3,2,6,True,0.0309,3,3,600,6380.20,4683.40,-0.0060
pop200_gen500_mut0.01_elite0_tour3,200,500,0.0100,0,3,3,2,7,True,0.0110,1,1,200,6375.20,0.00,0.0000
pop200_gen500_mut0.01_elite0_tour3,200,500,0.0100,0,3,3,2,8,True,0.0100,1,1,200,6375.20,0.00,0.0000
pop200_gen500_mut0.01_elite0_tour3,200,500,0.0100,0,3,3,2,9,True,0.0098,1,1,200,6375.20,0.00,0.0000
pop200_gen500_mut0.01_elite0_tour3,200,500,0.0100,0,3,3,2,10,True,0.0102,1,1,200,6375.20,0.00,0.0000
pop200_gen500_mut0.01_elite0_tour5,200,500,0.0100,0,5,3,2,1,True,0.0100,1,1,200,6375.20,0.00,0.0000
pop200_gen500_mut0.01_elite0_tour5,200,500,0.0100,0,5,3,2,2,True,0.0106,1,1,200,6379.80,0.00,0.0000
pop200_gen500_mut0.01_elite0_tour5,200,500,0.0100,0,5,3,2,3,True,0.0109,1,1,200,6379.80,0.00,0.0000
pop200_gen500_mut0.01_elite0_tour5,200,500,0.0100,0,5,3,2,4,True,0.0103,1,1,200,6375.20,0.00,0.0000
pop200_gen500_mut0.01_elite0_tour5,200,500,0.0100,0,5,3,2,5,True,0.0097,1,1,200,6375.20,0.00,0.0000
pop200_gen500_mut0.01_elite0_tour5,200,500,0.0100,0,5,3,2,6,True,0.0101,1,1,200,6375.20,0.00,0.0000
pop200_gen500_mut0.01_elite0_tour5,200,500,0.0100,0,5,3,2,7,True,0.0223,2,2,400,6380.20,4683.40,-0.0040
pop200_gen500_mut0.01_elite0_tour5,200,500,0.0100,0,5,3,2,8,True,0.0099,1,1,200,6375.20,0.00,0.0000
pop200_gen500_mut0.01_elite0_tour5,200,500,0.0100,0,5,3,2,9,True,0.0325,3,3,600,6380.20,4683.40,-0.0030
pop200_gen500_mut0.01_elite0_tour5,200,500,0.0100,0,5,3,2,10,True,0.0103,1,1,200,6379.80,0.00,0.0000
pop300_gen500_mut0.01_elite0_tour1,300,500,0.0100,0,1,3,2,1,True,0.0493,2,2,600,6380.20,4683.40,-0.0030
pop300_gen500_mut0.01_elite0_tour1,300,500,0.0100,0,1,3,2,2,True,0.0597,2,2,600,6380.20,4683.40,-0.0030
pop300_gen500_mut0.01_elite0_tour1,300,500,0.0100,0,1,3,2,3,True,0.0292,1,1,300,6375.20,0.00,0.0000
pop300_gen500_mut0.01_elite0_tour1,300,500,0.0100,0,1,3,2,4,True,0.0205,1,1,300,6375.20,0.00,0.0000
pop300_gen500_mut0.01_elite0_tour1,300,500,0.0100,0,1,3,2,5,True,0.0202,1,1,300,6375.20,0.00,0.0000
pop300_gen500_mut0.01_elite0_tour1,300,500,0.0100,0,1,3,2,6,True,0.0204,1,1,300,6375.20,0.00,0.0000
pop300_gen500_mut0.01_elite0_tour1,300,500,0.0100,0,1,3,2,7,True,0.0238,1,1,300,6379.80,0.00,0.0000
pop300_gen500_mut0.01_elite0_tour1,300,500,0.0100,0,1,3,2,8,True,0.0197,1,1,300,6375.20,0.00,0.0000
pop300_gen500_mut0.01_elite0_tour1,300,500,0.0100,0,1,3,2,9,True,0.0648,3,3,900,6380.20,4683.40,-0.0030
pop300_gen500_mut0.01_elite0_tour1,300,500,0.0100,0,1,3,2,10,True,0.0208,1,1,300,6375.20,0.00,0.0000
pop300_gen500_mut0.01_elite0_tour2,300,500,0.0100,0,2,3,2,1,True,0.0217,1,1,300,6375.20,0.00,0.0000
pop300_gen500_mut0.01_elite0_tour2,300,500,0.0100,0,2,3,2,2,True,0.0410,2,2,600,6380.20,4683.40,-0.0020
pop300_gen500_mut0.01_elite0_tour2,300,500,0.0100,0,2,3,2,3,True,0.0204,1,1,300,6375.20,0.00,0.0000
pop300_gen500_mut0.01_elite0_tour2,300,500,0.0100,0,2,3,2,4,True,0.0209,1,1,300,6379.80,0.00,0.0000
pop300_gen500_mut0.01_elite0_tour2,300,500,0.0100,0,2,3,2,5,True,0.0408,2,2,600,6380.20,4683.40,-0.0030
pop300_gen500_mut0.01_elite0_tour2,300,500,0.0100,0,2,3,2,6,True,0.0201,1,1,300,6375.20,0.00,0.0000
pop300_gen500_mut0.01_elite0_tour2,300,500,0.0100,0,2,3,2,7,True,0.0252,1,1,300,6379.80,0.00,0.0000
pop300_gen500_mut0.01_elite0_tour2,300,500,0.0100,0,2,3,2,8,True,0.0254,1,1,300,6375.20,0.00,0.0000
pop300_gen500_mut0.01_elite0_tour2,300,500,0.0100,0,2,3,2,9,True,0.0201,1,1,300,6379.80,0.00,0.0000
pop300_gen500_mut0.01_elite0_tour2,300,500,0.0100,0,2,3,2,10,True,0.0202,1,1,300,6375.20,0.00,0.0000
pop300_gen500_mut0.01_elite0_tour3,300,500,0.0100,0,3,3,2,1,True,0.0277,1,1,300,6379.80,0.00,0.0000
pop300_gen500_mut0.01_elite0_tour3,300,500,0.0100,0,3,3,2,2,True,0.0430,2,2,600,6380.20,4683.40,-0.0030
pop300_gen500_mut0.01_elite0_tour3,300,500,0.0100,0,3,3,2,3,True,0.0207,1,1,300,6379.80,0.00,0.0000
pop300_gen500_mut0.01_elite0_tour3,300,500,0.0100,0,3,3,2,4,True,0.0199,1,1,300,6375.20,0.00,0.0000
pop300_gen500_mut0.01_elite0_tour3,300,500,0.0100,0,3,3,2,5,True,0.0204,1,1,300,6375.20,0.00,0.0000
pop300_gen500_mut0.01_elite0_tour3,300,500,0.0100,0,3,3,2,6,True,0.0205,1,1,300,6379.80,0.00,0.0000
pop300_gen500_mut0.01_elite0_tour3,300,500,0.0100,0,3,3,2,7,True,0.0203,1,1,300,6375.20,0.00,0.0000
pop300_gen500_mut0.01_elite0_tour3,300,500,0.0100,0,3,3,2,8,True,0.0241,1,1,300,6379.80,0.00,0.0000
pop300_gen500_mut0.01_elite0_tour3,300,500,0.0100,0,3,3,2,9,True,0.0217,1,1,300,6375.20,0.00,0.0000
pop300_gen500_mut0.01_elite0_tour3,300,500,0.0100,0,3,3,2,10,True,0.0200,1,1,300,6375.20,0.00,0.0000
pop300_gen500_mut0.01_elite0_tour5,300,500,0.0100,0,5,3,2,1,True,0.0217,1,1,300,6375.20,0.00,0.0000
pop300_gen500_mut0.01_elite0_tour5,300,500,0.0100,0,5,3,2,2,True,0.0199,1,1,300,6375.20,0.00,0.0000
pop300_gen500_mut0.01_elite0_tour5,300,500,0.0100,0,5,3,2,3,True,0.0214,1,1,300,6375.20,0.00,0.0000
pop300_gen500_mut0.01_elite0_tour5,300,500,0.0100,0,5,3,2,4,True,0.0207,1,1,300,6375.20,0.00,0.0000
pop300_gen500_mut0.01_elite0_tour5,300,500,0.0100,0,5,3,2,5,True,0.0204,1,1,300,6375.20,0.00,0.0000
pop300_gen500_mut0.01_elite0_tour5,300,500,0.0100,0,5,3,2,6,True,0.0204,1,1,300,6375.20,0.00,0.0000
pop300_gen500_mut0.01_elite0_tour5,300,500,0.0100,0,5,3,2,7,True,0.0209,1,1,300,6375.20,0.00,0.0000
pop300_gen500_mut0.01_elite0_tour5,300,500,0.0100,0,5,3,2,8,True,0.0419,2,2,600,6380.20,4683.40,-0.0040
pop300_gen500_mut0.01_elite0_tour5,300,500,0.0100,0,5,3,2,9,True,0.0222,1,1,300,6375.20,0.00,0.0000
pop300_gen500_mut0.01_elite0_tour5,300,500,0.0100,0,5,3,2,10,True,0.0202,1,1,300,6375.20,0.00,0.0000
pop500_gen500_mut0.01_elite0_tour1,500,500,0.0100,0,1,3,2,1,True,0.0521,1,1,500,6379.80,0.00,0.0000
pop500_gen500_mut0.01_elite0_tour1,500,500,0.0100,0,1,3,2,2,True,0.0525,1,1,500,6375.20,0.00,0.0000
pop500_gen500_mut0.01_elite0_tour1,500,500,0.0100,0,1,3,2,3,True,0.0529,1,1,500,6379.80,0.00,0.0000
pop500_gen500_mut0.01_elite0_tour1,500,500,0.0100,0,1,3,2,4,True,0.0508,1,1,500,6375.20,0.00,0.0000
pop500_gen500_mut0.01_elite0_tour1,500,500,0.0100,0,1,3,2,5,True,0.0518,1,1,500,6375.20,0.00,0.0000
pop500_gen500_mut0.01_elite0_tour1,500,500,0.0100,0,1,3,2,6,True,0.0511,1,1,500,6375.20,0.00,0.0000
pop500_gen500_mut0.01_elite0_tour1,500,500,0.0100,0,1,3,2,7,True,0.0562,1,1,500,6375.20,0.00,0.0000
pop500_gen500_mut0.01_elite0_tour1,500,500,0.0100,0,1,3,2,8,True,0.0519,1,1,500,6375.20,0.00,0.0000
pop500_gen500_mut0.01_elite0_tour1,500,500,0.0100,0,1,3,2,9,True,0.0519,1,1,500,6375.20,0.00,0.0000
pop500_gen500_mut0.01_elite0_tour1,500,500,0.0100,0,1,3,2,10,True,0.1073,2,2,1000,6380.20,4683.40,-0.0030
pop500_gen500_mut0.01_elite0_tour2,500,500,0.0100,0,2,3,2,1,True,0.0553,1,1,500,6375.20,0.00,0.0000
pop500_gen500_mut0.01_elite0_tour2,500,500,0.0100,0,2,3,2,2,True,0.0633,1,1,500,6375.20,0.00,0.0000
pop500_gen500_mut0.01_elite0_tour2,500,500,0.0100,0,2,3,2,3,True,0.1119,2,2,1000,6380.20,4683.40,-0.0030
pop500_gen500_mut0.01_elite0_tour2,500,500,0.0100,0,2,3,2,4,True,0.0545,1,1,500,6375.20,0.00,0.0000
pop500_gen500_mut0.01_elite0_tour2,500,500,0.0100,0,2,3,2,5,True,0.0540,1,1,500,6375.20,0.00,0.0000
pop500_gen500_mut0.01_elite0_tour2,500,500,0.0100,0,2,3,2,6,True,0.0507,1,1,500,6375.20,0.00,0.0000
pop500_gen500_mut0.01_elite0_tour2,500,500,0.0100,0,2,3,2,7,True,0.0518,1,1,500,6375.20,0.00,0.0000
pop500_gen500_mut0.01_elite0_tour2,500,500,0.0100,0,2,3,2,8,True,0.0539,1,1,500,6375.20,0.00,0.0000
pop500_gen500_mut0.01_elite0_tour2,500,500,0.0100,0,2,3,2,9,True,0.0524,1,1,500,6375.20,0.00,0.0000
pop500_gen500_mut0.01_elite0_tour2,500,500,0.0100,0,2,3,2,10,True,0.1553,3,3,1500,6380.20,4683.40,-0.0050
pop500_gen500_mut0.01_elite0_tour3,500,500,0.0100,0,3,3,2,1,True,0.0519,1,1,500,6379.80,0.00,0.0000
pop500_gen500_mut0.01_elite0_tour3,500,500,0.0100,0,3,3,2,2,True,0.0512,1,1,500,6379.80,0.00,0.0000
pop500_gen500_mut0.01_elite0_tour3,500,500,0.0100,0,3,3,2,3,True,0.0507,1,1,500,6379.80,0.00,0.0000
pop500_gen500_mut0.01_elite0_tour3,500,500,0.0100,0,3,3,2,4,True,0.1026,2,2,1000,6380.20,4683.40,-0.0020
pop500_gen500_mut0.01_elite0_tour3,500,500,0.0100,0,3,3,2,5,True,0.0515,1,1,500,6375.20,0.00,0.0000
pop500_gen500_mut0.01_elite0_tour3,500,500,0.0100,0,3,3,2,6,True,0.0504,1,1,500,6375.20,0.00,0.0000
pop500_gen500_mut0.01_elite0_tour3,500,500,0.0100,0,3,3,2,7,True,0.1043,2,2,1000,6380.20,4683.40,-0.0040
pop500_gen500_mut0.01_elite0_tour3,500,500,0.0100,0,3,3,2,8,True,0.0505,1,1,500,6375.20,0.00,0.0000
pop500_gen500_mut0.01_elite0_tour3,500,500,0.0100,0,3,3,2,9,True,0.0506,1,1,500,6379.80,0.00,0.0000
pop500_gen500_mut0.01_elite0_tour3,500,500,0.0100,0,3,3,2,10,True,0.0536,1,1,500,6375.20,0.00,0.0000
pop500_gen500_mut0.01_elite0_tour5,500,500,0.0100,0,5,3,2,1,True,0.1196,2,2,1000,6380.20,4683.40,-0.0040
pop500_gen500_mut0.01_elite0_tour5,500,500,0.0100,0,5,3,2,2,True,0.0582,1,1,500,6379.80,0.00,0.0000
pop500_gen500_mut0.01_elite0_tour5,500,500,0.0100,0,5,3,2,3,True,0.0512,1,1,500,6375.20,0.00,0.0000
pop500_gen500_mut0.01_elite0_tour5,500,500,0.0100,0,5,3,2,4,True,0.0511,1,1,500,6375.20,0.00,0.0000
pop500_gen500_mut0.01_elite0_tour5,500,500,0.0100,0,5,3,2,5,True,0.0524,1,1,500,6379.80,0.00,0.0000
pop500_gen500_mut0.01_elite0_tour5,500,500,0.0100,0,5,3,2,6,True,0.1058,2,2,1000,6380.20,4683.40,-0.0030
pop500_gen500_mut0.01_elite0_tour5,500,500,0.0100,0,5,3,2,7,True,0.0518,1,1,500,6375.20,0.00,0.0000
pop500_gen500_mut0.01_elite0_tour5,500,500,0.0100,0,5,3,2,8,True,0.0525,1,1,500,6375.20,0.00,0.0000
pop500_gen500_mut0.01_elite0_tour5,500,500,0.0100,0,5,3,2,9,True,0.0556,1,1,500,6375.20,0.00,0.0000
pop500_gen500_mut0.01_elite0_tour5,500,500,0.0100,0,5,3,2,10,True,0.0613,1,1,500,6375.20,0.00,0.0000
pop100_gen500_mut0.03_elite0_tour1,100,500,0.0300,0,1,3,2,1,True,0.0097,2,2,200,6380.20,4683.40,-0.0150
pop100_gen500_mut0.03_elite0_tour1,100,500,0.0300,0,1,3,2,2,True,0.0034,1,1,100,6379.80,0.00,0.0000
pop100_gen500_mut0.03_elite0_tour1,100,500,0.0300,0,1,3,2,3,True,0.0032,1,1,100,6375.20,0.00,0.0000
pop100_gen500_mut0.03_elite0_tour1,100,500,0.0300,0,1,3,2,4,True,0.0034,1,1,100,6375.20,0.00,0.0000
pop100_gen500_mut0.03_elite0_tour1,100,500,0.0300,0,1,3,2,5,True,0.0034,1,1,100,6379.80,0.00,0.0000
pop100_gen500_mut0.03_elite0_tour1,100,500,0.0300,0,1,3,2,6,True,0.0033,1,1,100,6375.20,0.00,0.0000
pop100_gen500_mut0.03_elite0_tour1,100,500,0.0300,0,1,3,2,7,True,0.0071,2,2,200,6380.20,4683.40,-0.0070
pop100_gen500_mut0.03_elite0_tour1,100,500,0.0300,0,1,3,2,8,True,0.0035,1,1,100,6379.80,0.00,0.0000
pop100_gen500_mut0.03_elite0_tour1,100,500,0.0300,0,1,3,2,9,True,0.0034,1,1,100,6379.80,0.00,0.0000
pop100_gen500_mut0.03_elite0_tour1,100,500,0.0300,0,1,3,2,10,True,0.0034,1,1,100,6379.80,0.00,0.0000
pop100_gen500_mut0.03_elite0_tour2,100,500,0.0300,0,2,3,2,1,True,0.0072,2,2,200,6380.20,4683.40,-0.0090
pop100_gen500_mut0.03_elite0_tour2,100,500,0.0300,0,2,3,2,2,True,0.0069,2,2,200,6380.20,4683.40,-0.0150
pop100_gen500_mut0.03_elite0_tour2,100,500,0.0300,0,2,3,2,3,True,0.0034,1,1,100,6375.20,0.00,0.0000
pop100_gen500_mut0.03_elite0_tour2,100,500,0.0300,0,2,3,2,4,True,0.0035,1,1,100,6379.80,0.00,0.0000
pop100_gen500_mut0.03_elite0_tour2,100,500,0.0300,0,2,3,2,5,True,0.0068,2,2,200,6380.20,4683.40,-0.0170
pop100_gen500_mut0.03_elite0_tour2,100,500,0.0300,0,2,3,2,6,True,0.0035,1,1,100,6379.80,0.00,0.0000
pop100_gen500_mut0.03_elite0_tour2,100,500,0.0300,0,2,3,2,7,True,0.0033,1,1,100,6375.20,0.00,0.0000
pop100_gen500_mut0.03_elite0_tour2,100,500,0.0300,0,2,3,2,8,True,0.0069,2,2,200,6380.20,4683.40,-0.0170
pop100_gen500_mut0.03_elite0_tour2,100,500,0.0300,0,2,3,2,9,True,0.0033,1,1,100,6375.20,0.00,0.0000
pop100_gen500_mut0.03_elite0_tour2,100,500,0.0300,0,2,3,2,10,True,0.0034,1,1,100,6379.80,0.00,0.0000
pop100_gen500_mut0.03_elite0_tour3,100,500,0.0300,0,3,3,2,1,True,0.0035,1,1,100,6375.20,0.00,0.0000
pop100_gen500_mut0.03_elite0_tour3,100,500,0.0300,0,3,3,2,2,True,0.0034,1,1,100,6375.20,0.00,0.0000
pop100_gen500_mut0.03_elite0_tour3,100,500,0.0300,0,3,3,2,3,True,0.0069,2,2,200,6380.20,4683.40,-0.0070
pop100_gen500_mut0.03_elite0_tour3,100,500,0.0300,0,3,3,2,4,True,0.0067,2,2,200,6380.20,4683.40,-0.0090
pop100_gen500_mut0.03_elite0_tour3,100,500,0.0300,0,3,3,2,5,True,0.0035,1,1,100,6379.80,0.00,0.0000
pop100_gen500_mut0.03_elite0_tour3,100,500,0.0300,0,3,3,2,6,True,0.0033,1,1,100,6375.20,0.00,0.0000
pop100_gen500_mut0.03_elite0_tour3,100,500,0.0300,0,3,3,2,7,True,0.0034,1,1,100,6375.20,0.00,0.0000
pop100_gen500_mut0.03_elite0_tour3,100,500,0.0300,0,3,3,2,8,True,0.0032,1,1,100,6375.20,0.00,0.0000
pop100_gen500_mut0.03_elite0_tour3,100,500,0.0300,0,3,3,2,9,True,0.0034,1,1,100,6379.80,0.00,0.0000
pop100_gen500_mut0.03_elite0_tour3,100,500,0.0300,0,3,3,2,10,True,0.0034,1,1,100,6379.80,0.00,0.0000
pop100_gen500_mut0.03_elite0_tour5,100,500,0.0300,0,5,3,2,1,True,0.0033,1,1,100,6375.20,0.00,0.0000
pop100_gen500_mut0.03_elite0_tour5,100,500,0.0300,0,5,3,2,2,True,0.0036,1,1,100,6375.20,0.00,0.0000
pop100_gen500_mut0.03_elite0_tour5,100,500,0.0300,0,5,3,2,3,True,0.0035,1,1,100,6375.20,0.00,0.0000
pop100_gen500_mut0.03_elite0_tour5,100,500,0.0300,0,5,3,2,4,True,0.0033,1,1,100,6375.20,0.00,0.0000
pop100_gen500_mut0.03_elite0_tour5,100,500,0.0300,0,5,3,2,5,True,0.0032,1,1,100,6375.20,0.00,0.0000
pop100_gen500_mut0.03_elite0_tour5,100,500,0.0300,0,5,3,2,6,True,0.0034,1,1,100,6375.20,0.00,0.0000
pop100_gen500_mut0.03_elite0_tour5,100,500,0.0300,0,5,3,2,7,True,0.0034,1,1,100,6375.20,0.00,0.0000
pop100_gen500_mut0.03_elite0_tour5,100,500,0.0300,0,5,3,2,8,True,0.0035,1,1,100,6379.80,0.00,0.0000
pop100_gen500_mut0.03_elite0_tour5,100,500,0.0300,0,5,3,2,9,True,0.0069,2,2,200,6380.20,4683.40,-0.0020
pop100_gen500_mut0.03_elite0_tour5,100,500,0.0300,0,5,3,2,10,True,0.0033,1,1,100,6379.80,0.00,0.0000
pop200_gen500_mut0.03_elite0_tour1,200,500,0.0300,0,1,3,2,1,True,0.0102,1,1,200,6375.20,0.00,0.0000
pop200_gen500_mut0.03_elite0_tour1,200,500,0.0300,0,1,3,2,2,True,0.0157,1,1,200,6375.20,0.00,0.0000
pop200_gen500_mut0.03_elite0_tour1,200,500,0.0300,0,1,3,2,3,True,0.0208,2,2,400,6380.20,4683.40,-0.0080
pop200_gen500_mut0.03_elite0_tour1,200,500,0.0300,0,1,3,2,4,True,0.0103,1,1,200,6375.20,0.00,0.0000
pop200_gen500_mut0.03_elite0_tour1,200,500,0.0300,0,1,3,2,5,True,0.0101,1,1,200,6375.20,0.00,0.0000
pop200_gen500_mut0.03_elite0_tour1,200,500,0.0300,0,1,3,2,6,True,0.0109,1,1,200,6379.80,0.00,0.0000
pop200_gen500_mut0.03_elite0_tour1,200,500,0.0300,0,1,3,2,7,True,0.0203,2,2,400,6380.20,4683.40,-0.0090
pop200_gen500_mut0.03_elite0_tour1,200,500,0.0300,0,1,3,2,8,True,0.0103,1,1,200,6375.20,0.00,0.0000
pop200_gen500_mut0.03_elite0_tour1,200,500,0.0300,0,1,3,2,9,True,0.0107,1,1,200,6379.80,0.00,0.0000
pop200_gen500_mut0.03_elite0_tour1,200,500,0.0300,0,1,3,2,10,True,0.0097,1,1,200,6375.20,0.00,0.0000
pop200_gen500_mut0.03_elite0_tour2,200,500,0.0300,0,2,3,2,1,True,0.0104,1,1,200,6375.20,0.00,0.0000
pop200_gen500_mut0.03_elite0_tour2,200,500,0.0300,0,2,3,2,2,True,0.0108,1,1,200,6379.80,0.00,0.0000
pop200_gen500_mut0.03_elite0_tour2,200,500,0.0300,0,2,3,2,3,True,0.0104,1,1,200,6379.80,0.00,0.0000
pop200_gen500_mut0.03_elite0_tour2,200,500,0.0300,0,2,3,2,4,True,0.0219,2,2,400,6380.20,4683.40,-0.0110
pop200_gen500_mut0.03_elite0_tour2,200,500,0.0300,0,2,3,2,5,True,0.0205,2,2,400,6380.20,4683.40,-0.0100
pop200_gen500_mut0.03_elite0_tour2,200,500,0.0300,0,2,3,2,6,True,0.0099,1,1,200,6375.20,0.00,0.0000
pop200_gen500_mut0.03_elite0_tour2,200,500,0.0300,0,2,3,2,7,True,0.0100,1,1,200,6375.20,0.00,0.0000
pop200_gen500_mut0.03_elite0_tour2,200,500,0.0300,0,2,3,2,8,True,0.0151,1,1,200,6375.20,0.00,0.0000
pop200_gen500_mut0.03_elite0_tour2,200,500,0.0300,0,2,3,2,9,True,0.0102,1,1,200,6375.20,0.00,0.0000
pop200_gen500_mut0.03_elite0_tour2,200,500,0.0300,0,2,3,2,10,True,0.0105,1,1,200,6375.20,0.00,0.0000
pop200_gen500_mut0.03_elite0_tour3,200,500,0.0300,0,3,3,2,1,True,0.0100,1,1,200,6375.20,0.00,0.0000
pop200_gen500_mut0.03_elite0_tour3,200,500,0.0300,0,3,3,2,2,True,0.0105,1,1,200,6379.80,0.00,0.0000
pop200_gen500_mut0.03_elite0_tour3,200,500,0.0300,0,3,3,2,3,True,0.0101,1,1,200,6375.20,0.00,0.0000
pop200_gen500_mut0.03_elite0_tour3,200,500,0.0300,0,3,3,2,4,True,0.0100,1,1,200,6375.20,0.00,0.0000
pop200_gen500_mut0.03_elite0_tour3,200,500,0.0300,0,3,3,2,5,True,0.0101,1,1,200,6379.80,0.00,0.0000
pop200_gen500_mut0.03_elite0_tour3,200,500,0.0300,0,3,3,2,6,True,0.0110,1,1,200,6375.20,0.00,0.0000
pop200_gen500_mut0.03_elite0_tour3,200,500,0.0300,0,3,3,2,7,True,0.0099,1,1,200,6375.20,0.00,0.0000
pop200_gen500_mut0.03_elite0_tour3,200,500,0.0300,0,3,3,2,8,True,0.0101,1,1,200,6375.20,0.00,0.0000
pop200_gen500_mut0.03_elite0_tour3,200,500,0.0300,0,3,3,2,9,True,0.0209,2,2,400,6380.20,4683.40,-0.0120
pop200_gen500_mut0.03_elite0_tour3,200,500,0.0300,0,3,3,2,10,True,0.0107,1,1,200,6375.20,0.00,0.0000
pop200_gen500_mut0.03_elite0_tour5,200,500,0.0300,0,5,3,2,1,True,0.0101,1,1,200,6379.80,0.00,0.0000
pop200_gen500_mut0.03_elite0_tour5,200,500,0.0300,0,5,3,2,2,True,0.0217,2,2,400,6380.20,4683.40,-0.0100
pop200_gen500_mut0.03_elite0_tour5,200,500,0.0300,0,5,3,2,3,True,0.0112,1,1,200,6379.80,0.00,0.0000
pop200_gen500_mut0.03_elite0_tour5,200,500,0.0300,0,5,3,2,4,True,0.0104,1,1,200,6375.20,0.00,0.0000
pop200_gen500_mut0.03_elite0_tour5,200,500,0.0300,0,5,3,2,5,True,0.0243,2,2,400,6380.20,4683.40,-0.0070
pop200_gen500_mut0.03_elite0_tour5,200,500,0.0300,0,5,3,2,6,True,0.0132,1,1,200,6375.20,0.00,0.0000
pop200_gen500_mut0.03_elite0_tour5,200,500,0.0300,0,5,3,2,7,True,0.0101,1,1,200,6375.20,0.00,0.0000
pop200_gen500_mut0.03_elite0_tour5,200,500,0.0300,0,5,3,2,8,True,0.0221,2,2,400,6380.20,4683.40,-0.0070
pop200_gen500_mut0.03_elite0_tour5,200,500,0.0300,0,5,3,2,9,True,0.0100,1,1,200,6375.20,0.00,0.0000
pop200_gen500_mut0.03_elite0_tour5,200,500,0.0300,0,5,3,2,10,True,0.0101,1,1,200,6375.20,0.00,0.0000
pop300_gen500_mut0.03_elite0_tour1,300,500,0.0300,0,1,3,2,1,True,0.0227,1,1,300,6375.20,0.00,0.0000
pop300_gen500_mut0.03_elite0_tour1,300,500,0.0300,0,1,3,2,2,True,0.0226,1,1,300,6375.20,0.00,0.0000
pop300_gen500_mut0.03_elite0_tour1,300,500,0.0300,0,1,3,2,3,True,0.0444,2,2,600,6380.20,4683.40,-0.0100
pop300_gen500_mut0.03_elite0_tour1,300,500,0.0300,0,1,3,2,4,True,0.0412,2,2,600,6380.20,4683.40,-0.0140
pop300_gen500_mut0.03_elite0_tour1,300,500,0.0300,0,1,3,2,5,True,0.0196,1,1,300,6375.20,0.00,0.0000
pop300_gen500_mut0.03_elite0_tour1,300,500,0.0300,0,1,3,2,6,True,0.0203,1,1,300,6379.80,0.00,0.0000
pop300_gen500_mut0.03_elite0_tour1,300,500,0.0300,0,1,3,2,7,True,0.0201,1,1,300,6379.80,0.00,0.0000
pop300_gen500_mut0.03_elite0_tour1,300,500,0.0300,0,1,3,2,8,True,0.0203,1,1,300,6379.80,0.00,0.0000
pop300_gen500_mut0.03_elite0_tour1,300,500,0.0300,0,1,3,2,9,True,0.0213,1,1,300,6375.20,0.00,0.0000
pop300_gen500_mut0.03_elite0_tour1,300,500,0.0300,0,1,3,2,10,True,0.0207,1,1,300,6379.80,0.00,0.0000
pop300_gen500_mut0.03_elite0_tour2,300,500,0.0300,0,2,3,2,1,True,0.0201,1,1,300,6375.20,0.00,0.0000
pop300_gen500_mut0.03_elite0_tour2,300,500,0.0300,0,2,3,2,2,True,0.0203,1,1,300,6375.20,0.00,0.0000
pop300_gen500_mut0.03_elite0_tour2,300,500,0.0300,0,2,3,2,3,True,0.0215,1,1,300,6375.20,0.00,0.0000
pop300_gen500_mut0.03_elite0_tour2,300,500,0.0300,0,2,3,2,4,True,0.0204,1,1,300,6375.20,0.00,0.0000
pop300_gen500_mut0.03_elite0_tour2,300,500,0.0300,0,2,3,2,5,True,0.0202,1,1,300,6375.20,0.00,0.0000
pop300_gen500_mut0.03_elite0_tour2,300,500,0.0300,0,2,3,2,6,True,0.0210,1,1,300,6375.20,0.00,0.0000
pop300_gen500_mut0.03_elite0_tour2,300,500,0.0300,0,2,3,2,7,True,0.0231,1,1,300,6375.20,0.00,0.0000
pop300_gen500_mut0.03_elite0_tour2,300,500,0.0300,0,2,3,2,8,True,0.0211,1,1,300,6375.20,0.00,0.0000
pop300_gen500_mut0.03_elite0_tour2,300,500,0.0300,0,2,3,2,9,True,0.0212,1,1,300,6375.20,0.00,0.0000
pop300_gen500_mut0.03_elite0_tour2,300,500,0.0300,0,2,3,2,10,True,0.0409,2,2,600,6380.20,4683.40,-0.0120
pop300_gen500_mut0.03_elite0_tour3,300,500,0.0300,0,3,3,2,1,True,0.0203,1,1,300,6375.20,0.00,0.0000
pop300_gen500_mut0.03_elite0_tour3,300,500,0.0300,0,3,3,2,2,True,0.0205,1,1,300,6379.80,0.00,0.0000
pop300_gen500_mut0.03_elite0_tour3,300,500,0.0300,0,3,3,2,3,True,0.0204,1,1,300,6375.20,0.00,0.0000
pop300_gen500_mut0.03_elite0_tour3,300,500,0.0300,0,3,3,2,4,True,0.0428,2,2,600,6380.20,4683.40,-0.0100
pop300_gen500_mut0.03_elite0_tour3,300,500,0.0300,0,3,3,2,5,True,0.0209,1,1,300,6375.20,0.00,0.0000
pop300_gen500_mut0.03_elite0_tour3,300,500,0.0300,0,3,3,2,6,True,0.0210,1,1,300,6375.20,0.00,0.0000
pop300_gen500_mut0.03_elite0_tour3,300,500,0.0300,0,3,3,2,7,True,0.0207,1,1,300,6379.80,0.00,0.0000
pop300_gen500_mut0.03_elite0_tour3,300,500,0.0300,0,3,3,2,8,True,0.0225,1,1,300,6375.20,0.00,0.0000
pop300_gen500_mut0.03_elite0_tour3,300,500,0.0300,0,3,3,2,9,True,0.0210,1,1,300,6375.20,0.00,0.0000
pop300_gen500_mut0.03_elite0_tour3,300,500,0.0300,0,3,3,2,10,True,0.0433,2,2,600,6380.20,4683.40,-0.0120
pop300_gen500_mut0.03_elite0_tour5,300,500,0.0300,0,5,3,2,1,True,0.0271,1,1,300,6375.20,0.00,0.0000
pop300_gen500_mut0.03_elite0_tour5,300,500,0.0300,0,5,3,2,2,True,0.0202,1,1,300,6375.20,0.00,0.0000
pop300_gen500_mut0.03_elite0_tour5,300,500,0.0300,0,5,3,2,3,True,0.0206,1,1,300,6379.80,0.00,0.0000
pop300_gen500_mut0.03_elite0_tour5,300,500,0.0300,0,5,3,2,4,True,0.0204,1,1,300,6379.80,0.00,0.0000
pop300_gen500_mut0.03_elite0_tour5,300,500,0.0300,0,5,3,2,5,True,0.0216,1,1,300,6375.20,0.00,0.0000
pop300_gen500_mut0.03_elite0_tour5,300,500,0.0300,0,5,3,2,6,True,0.0201,1,1,300,6375.20,0.00,0.0000
pop300_gen500_mut0.03_elite0_tour5,300,500,0.0300,0,5,3,2,7,True,0.0204,1,1,300,6375.20,0.00,0.0000
pop300_gen500_mut0.03_elite0_tour5,300,500,0.0300,0,5,3,2,8,True,0.0201,1,1,300,6375.20,0.00,0.0000
pop300_gen500_mut0.03_elite0_tour5,300,500,0.0300,0,5,3,2,9,True,0.0205,1,1,300,6375.20,0.00,0.0000
pop300_gen500_mut0.03_elite0_tour5,300,500,0.0300,0,5,3,2,10,True,0.0203,1,1,300,6375.20,0.00,0.0000
pop500_gen500_mut0.03_elite0_tour1,500,500,0.0300,0,1,3,2,1,True,0.0619,1,1,500,6375.20,0.00,0.0000
pop500_gen500_mut0.03_elite0_tour1,500,500,0.0300,0,1,3,2,2,True,0.0522,1,1,500,6379.80,0.00,0.0000
pop500_gen500_mut0.03_elite0_tour1,500,500,0.0300,0,1,3,2,3,True,0.1102,2,2,1000,6380.20,4683.40,-0.0050
pop500_gen500_mut0.03_elite0_tour1,500,500,0.0300,0,1,3,2,4,True,0.0517,1,1,500,6375.20,0.00,0.0000
pop500_gen500_mut0.03_elite0_tour1,500,500,0.0300,0,1,3,2,5,True,0.0501,1,1,500,6375.20,0.00,0.0000
pop500_gen500_mut0.03_elite0_tour1,500,500,0.0300,0,1,3,2,6,True,0.0498,1,1,500,6375.20,0.00,0.0000
pop500_gen500_mut0.03_elite0_tour1,500,500,0.0300,0,1,3,2,7,True,0.0511,1,1,500,6375.20,0.00,0.0000
pop500_gen500_mut0.03_elite0_tour1,500,500,0.0300,0,1,3,2,8,True,0.0504,1,1,500,6375.20,0.00,0.0000
pop500_gen500_mut0.03_elite0_tour1,500,500,0.0300,0,1,3,2,9,True,0.0528,1,1,500,6379.80,0.00,0.0000
pop500_gen500_mut0.03_elite0_tour1,500,500,0.0300,0,1,3,2,10,True,0.0515,1,1,500,6375.20,0.00,0.0000
pop500_gen500_mut0.03_elite0_tour2,500,500,0.0300,0,2,3,2,1,True,0.0557,1,1,500,6375.20,0.00,0.0000
pop500_gen500_mut0.03_elite0_tour2,500,500,0.0300,0,2,3,2,2,True,0.1045,2,2,1000,6380.20,4683.40,-0.0090
pop500_gen500_mut0.03_elite0_tour2,500,500,0.0300,0,2,3,2,3,True,0.0518,1,1,500,6379.80,0.00,0.0000
pop500_gen500_mut0.03_elite0_tour2,500,500,0.0300,0,2,3,2,4,True,0.0525,1,1,500,6375.20,0.00,0.0000
pop500_gen500_mut0.03_elite0_tour2,500,500,0.0300,0,2,3,2,5,True,0.0526,1,1,500,6379.80,0.00,0.0000
pop500_gen500_mut0.03_elite0_tour2,500,500,0.0300,0,2,3,2,6,True,0.0516,1,1,500,6379.80,0.00,0.0000
pop500_gen500_mut0.03_elite0_tour2,500,500,0.0300,0,2,3,2,7,True,0.0516,1,1,500,6375.20,0.00,0.0000
pop500_gen500_mut0.03_elite0_tour2,500,500,0.0300,0,2,3,2,8,True,0.0535,1,1,500,6375.20,0.00,0.0000
pop500_gen500_mut0.03_elite0_tour2,500,500,0.0300,0,2,3,2,9,True,0.0509,1,1,500,6375.20,0.00,0.0000
pop500_gen500_mut0.03_elite0_tour2,500,500,0.0300,0,2,3,2,10,True,0.0509,1,1,500,6375.20,0.00,0.0000
pop500_gen500_mut0.03_elite0_tour3,500,500,0.0300,0,3,3,2,1,True,0.0584,1,1,500,6375.20,0.00,0.0000
pop500_gen500_mut0.03_elite0_tour3,500,500,0.0300,0,3,3,2,2,True,0.0537,1,1,500,6375.20,0.00,0.0000
pop500_gen500_mut0.03_elite0_tour3,500,500,0.0300,0,3,3,2,3,True,0.0508,1,1,500,6375.20,0.00,0.0000
pop500_gen500_mut0.03_elite0_tour3,500,500,0.0300,0,3,3,2,4,True,0.0520,1,1,500,6375.20,0.00,0.0000
pop500_gen500_mut0.03_elite0_tour3,500,500,0.0300,0,3,3,2,5,True,0.0535,1,1,500,6375.20,0.00,0.0000
pop500_gen500_mut0.03_elite0_tour3,500,500,0.0300,0,3,3,2,6,True,0.0616,1,1,500,6375.20,0.00,0.0000
pop500_gen500_mut0.03_elite0_tour3,500,500,0.0300,0,3,3,2,7,True,0.0514,1,1,500,6375.20,0.00,0.0000
pop500_gen500_mut0.03_elite0_tour3,500,500,0.0300,0,3,3,2,8,True,0.0569,1,1,500,6375.20,0.00,0.0000
pop500_gen500_mut0.03_elite0_tour3,500,500,0.0300,0,3,3,2,9,True,0.0510,1,1,500,6375.20,0.00,0.0000
pop500_gen500_mut0.03_elite0_tour3,500,500,0.0300,0,3,3,2,10,True,0.0616,1,1,500,6379.80,0.00,0.0000
pop500_gen500_mut0.03_elite0_tour5,500,500,0.0300,0,5,3,2,1,True,0.0511,1,1,500,6375.20,0.00,0.0000
pop500_gen500_mut0.03_elite0_tour5,500,500,0.0300,0,5,3,2,2,True,0.1152,2,2,1000,6380.20,4683.40,-0.0100
pop500_gen500_mut0.03_elite0_tour5,500,500,0.0300,0,5,3,2,3,True,0.0510,1,1,500,6375.20,0.00,0.0000
pop500_gen500_mut0.03_elite0_tour5,500,500,0.0300,0,5,3,2,4,True,0.0539,1,1,500,6379.80,0.00,0.0000
pop500_gen500_mut0.03_elite0_tour5,500,500,0.0300,0,5,3,2,5,True,0.0519,1,1,500,6375.20,0.00,0.0000
pop500_gen500_mut0.03_elite0_tour5,500,500,0.0300,0,5,3,2,6,True,0.0523,1,1,500,6379.80,0.00,0.0000
pop500_gen500_mut0.03_elite0_tour5,500,500,0.0300,0,5,3,2,7,True,0.0615,1,1,500,6379.80,0.00,0.0000
pop500_gen500_mut0.03_elite0_tour5,500,500,0.0300,0,5,3,2,8,True,0.0514,1,1,500,6379.80,0.00,0.0000
pop500_gen500_mut0.03_elite0_tour5,500,500,0.0300,0,5,3,2,9,True,0.1095,2,2,1000,6380.20,4683.40,-0.0090
pop500_gen500_mut0.03_elite0_tour5,500,500,0.0300,0,5,3,2,10,True,0.0528,1,1,500,6375.20,0.00,0.0000
pop100_gen500_mut0.05_elite0_tour1,100,500,0.0500,0,1,3,2,1,True,0.0032,1,1,100,6375.20,0.00,0.0000
pop100_gen500_mut0.05_elite0_tour1,100,500,0.0500,0,1,3,2,2,True,0.0036,1,1,100,6379.80,0.00,0.0000
pop100_gen500_mut0.05_elite0_tour1,100,500,0.0500,0,1,3,2,3,True,0.0040,1,1,100,6379.80,0.00,0.0000
pop100_gen500_mut0.05_elite0_tour1,100,500,0.0500,0,1,3,2,4,True,0.0034,1,1,100,6379.80,0.00,0.0000
pop100_gen500_mut0.05_elite0_tour1,100,500,0.0500,0,1,3,2,5,True,0.0034,1,1,100,6375.20,0.00,0.0000
pop100_gen500_mut0.05_elite0_tour1,100,500,0.0500,0,1,3,2,6,True,0.0038,1,1,100,6379.80,0.00,0.0000
pop100_gen500_mut0.05_elite0_tour1,100,500,0.0500,0,1,3,2,7,True,0.0034,1,1,100,6379.80,0.00,0.0000
pop100_gen500_mut0.05_elite0_tour1,100,500,0.0500,0,1,3,2,8,True,0.0034,1,1,100,6379.80,0.00,0.0000
pop100_gen500_mut0.05_elite0_tour1,100,500,0.0500,0,1,3,2,9,True,0.0103,3,3,300,6384.80,4688.00,-0.0190
pop100_gen500_mut0.05_elite0_tour1,100,500,0.0500,0,1,3,2,10,True,0.0032,1,1,100,6375.20,0.00,0.0000
pop100_gen500_mut0.05_elite0_tour2,100,500,0.0500,0,2,3,2,1,True,0.0034,1,1,100,6375.20,0.00,0.0000
pop100_gen500_mut0.05_elite0_tour2,100,500,0.0500,0,2,3,2,2,True,0.0066,2,2,200,6380.20,4683.40,-0.0110
pop100_gen500_mut0.05_elite0_tour2,100,500,0.0500,0,2,3,2,3,True,0.0033,1,1,100,6375.20,0.00,0.0000
pop100_gen500_mut0.05_elite0_tour2,100,500,0.0500,0,2,3,2,4,True,0.0032,1,1,100,6375.20,0.00,0.0000
pop100_gen500_mut0.05_elite0_tour2,100,500,0.0500,0,2,3,2,5,True,0.0032,1,1,100,6375.20,0.00,0.0000
pop100_gen500_mut0.05_elite0_tour2,100,500,0.0500,0,2,3,2,6,True,0.0033,1,1,100,6375.20,0.00,0.0000
pop100_gen500_mut0.05_elite0_tour2,100,500,0.0500,0,2,3,2,7,True,0.0032,1,1,100,6375.20,0.00,0.0000
pop100_gen500_mut0.05_elite0_tour2,100,500,0.0500,0,2,3,2,8,True,0.0033,1,1,100,6375.20,0.00,0.0000
pop100_gen500_mut0.05_elite0_tour2,100,500,0.0500,0,2,3,2,9,True,0.0033,1,1,100,6375.20,0.00,0.0000
pop100_gen500_mut0.05_elite0_tour2,100,500,0.0500,0,2,3,2,10,True,0.0034,1,1,100,6375.20,0.00,0.0000
pop100_gen500_mut0.05_elite0_tour3,100,500,0.0500,0,3,3,2,1,True,0.0032,1,1,100,6375.20,0.00,0.0000
pop100_gen500_mut0.05_elite0_tour3,100,500,0.0500,0,3,3,2,2,True,0.0034,1,1,100,6375.20,0.00,0.0000
pop100_gen500_mut0.05_elite0_tour3,100,500,0.0500,0,3,3,2,3,True,0.0067,2,2,200,6380.20,4683.40,-0.0130
pop100_gen500_mut0.05_elite0_tour3,100,500,0.0500,0,3,3,2,4,True,0.0033,1,1,100,6375.20,0.00,0.0000
pop100_gen500_mut0.05_elite0_tour3,100,500,0.0500,0,3,3,2,5,True,0.0036,1,1,100,6379.80,0.00,0.0000
pop100_gen500_mut0.05_elite0_tour3,100,500,0.0500,0,3,3,2,6,True,0.0068,2,2,200,6380.20,4683.40,-0.0130
pop100_gen500_mut0.05_elite0_tour3,100,500,0.0500,0,3,3,2,7,True,0.0033,1,1,100,6375.20,0.00,0.0000
pop100_gen500_mut0.05_elite0_tour3,100,500,0.0500,0,3,3,2,8,True,0.0033,1,1,100,6375.20,0.00,0.0000
pop100_gen500_mut0.05_elite0_tour3,100,500,0.0500,0,3,3,2,9,True,0.0034,1,1,100,6375.20,0.00,0.0000
pop100_gen500_mut0.05_elite0_tour3,100,500,0.0500,0,3,3,2,10,True,0.0035,1,1,100,6375.20,0.00,0.0000
pop100_gen500_mut0.05_elite0_tour5,100,500,0.0500,0,5,3,2,1,True,0.0033,1,1,100,6375.20,0.00,0.0000
pop100_gen500_mut0.05_elite0_tour5,100,500,0.0500,0,5,3,2,2,True,0.0033,1,1,100,6379.80,0.00,0.0000
pop100_gen500_mut0.05_elite0_tour5,100,500,0.0500,0,5,3,2,3,True,0.0033,1,1,100,6375.20,0.00,0.0000
pop100_gen500_mut0.05_elite0_tour5,100,500,0.0500,0,5,3,2,4,True,0.0035,1,1,100,6375.20,0.00,0.0000
pop100_gen500_mut0.05_elite0_tour5,100,500,0.0500,0,5,3,2,5,True,0.0035,1,1,100,6379.80,0.00,0.0000
pop100_gen500_mut0.05_elite0_tour5,100,500,0.0500,0,5,3,2,6,True,0.0037,1,1,100,6379.80,0.00,0.0000
pop100_gen500_mut0.05_elite0_tour5,100,500,0.0500,0,5,3,2,7,True,0.0034,1,1,100,6379.80,0.00,0.0000
pop100_gen500_mut0.05_elite0_tour5,100,500,0.0500,0,5,3,2,8,True,0.0033,1,1,100,6375.20,0.00,0.0000
pop100_gen500_mut0.05_elite0_tour5,100,500,0.0500,0,5,3,2,9,True,0.0033,1,1,100,6375.20,0.00,0.0000
pop100_gen500_mut0.05_elite0_tour5,100,500,0.0500,0,5,3,2,10,True,0.0032,1,1,100,6375.20,0.00,0.0000
pop200_gen500_mut0.05_elite0_tour1,200,500,0.0500,0,1,3,2,1,True,0.0097,1,1,200,6375.20,0.00,0.0000
pop200_gen500_mut0.05_elite0_tour1,200,500,0.0500,0,1,3,2,2,True,0.0105,1,1,200,6375.20,0.00,0.0000
pop200_gen500_mut0.05_elite0_tour1,200,500,0.0500,0,1,3,2,3,True,0.0104,1,1,200,6375.20,0.00,0.0000
pop200_gen500_mut0.05_elite0_tour1,200,500,0.0500,0,1,3,2,4,True,0.0098,1,1,200,6375.20,0.00,0.0000
pop200_gen500_mut0.05_elite0_tour1,200,500,0.0500,0,1,3,2,5,True,0.0127,1,1,200,6375.20,0.00,0.0000
pop200_gen500_mut0.05_elite0_tour1,200,500,0.0500,0,1,3,2,6,True,0.0134,1,1,200,6375.20,0.00,0.0000
pop200_gen500_mut0.05_elite0_tour1,200,500,0.0500,0,1,3,2,7,True,0.0139,1,1,200,6375.20,0.00,0.0000
pop200_gen500_mut0.05_elite0_tour1,200,500,0.0500,0,1,3,2,8,True,0.0129,1,1,200,6375.20,0.00,0.0000
pop200_gen500_mut0.05_elite0_tour1,200,500,0.0500,0,1,3,2,9,True,0.0106,1,1,200,6375.20,0.00,0.0000
pop200_gen500_mut0.05_elite0_tour1,200,500,0.0500,0,1,3,2,10,True,0.0101,1,1,200,6375.20,0.00,0.0000
pop200_gen500_mut0.05_elite0_tour2,200,500,0.0500,0,2,3,2,1,True,0.0101,1,1,200,6375.20,0.00,0.0000
pop200_gen500_mut0.05_elite0_tour2,200,500,0.0500,0,2,3,2,2,True,0.0103,1,1,200,6379.80,0.00,0.0000
pop200_gen500_mut0.05_elite0_tour2,200,500,0.0500,0,2,3,2,3,True,0.0208,2,2,400,6380.20,4683.40,-0.0200
pop200_gen500_mut0.05_elite0_tour2,200,500,0.0500,0,2,3,2,4,True,0.0171,1,1,200,6375.20,0.00,0.0000
pop200_gen500_mut0.05_elite0_tour2,200,500,0.0500,0,2,3,2,5,True,0.0102,1,1,200,6375.20,0.00,0.0000
pop200_gen500_mut0.05_elite0_tour2,200,500,0.0500,0,2,3,2,6,True,0.0153,1,1,200,6375.20,0.00,0.0000
pop200_gen500_mut0.05_elite0_tour2,200,500,0.0500,0,2,3,2,7,True,0.0228,2,2,400,6380.20,4683.40,-0.0110
pop200_gen500_mut0.05_elite0_tour2,200,500,0.0500,0,2,3,2,8,True,0.0099,1,1,200,6375.20,0.00,0.0000
pop200_gen500_mut0.05_elite0_tour2,200,500,0.0500,0,2,3,2,9,True,0.0103,1,1,200,6375.20,0.00,0.0000
pop200_gen500_mut0.05_elite0_tour2,200,500,0.0500,0,2,3,2,10,True,0.0105,1,1,200,6375.20,0.00,0.0000
pop200_gen500_mut0.05_elite0_tour3,200,500,0.0500,0,3,3,2,1,True,0.0100,1,1,200,6375.20,0.00,0.0000
pop200_gen500_mut0.05_elite0_tour3,200,500,0.0500,0,3,3,2,2,True,0.0105,1,1,200,6379.80,0.00,0.0000
pop200_gen500_mut0.05_elite0_tour3,200,500,0.0500,0,3,3,2,3,True,0.0120,1,1,200,6379.80,0.00,0.0000
pop200_gen500_mut0.05_elite0_tour3,200,500,0.0500,0,3,3,2,4,True,0.0128,1,1,200,6375.20,0.00,0.0000
pop200_gen500_mut0.05_elite0_tour3,200,500,0.0500,0,3,3,2,5,True,0.0284,2,2,400,6380.20,4683.40,-0.0110
pop200_gen500_mut0.05_elite0_tour3,200,500,0.0500,0,3,3,2,6,True,0.0104,1,1,200,6379.80,0.00,0.0000
pop200_gen500_mut0.05_elite0_tour3,200,500,0.0500,0,3,3,2,7,True,0.0105,1,1,200,6379.80,0.00,0.0000
pop200_gen500_mut0.05_elite0_tour3,200,500,0.0500,0,3,3,2,8,True,0.0117,1,1,200,6375.20,0.00,0.0000
pop200_gen500_mut0.05_elite0_tour3,200,500,0.0500,0,3,3,2,9,True,0.0105,1,1,200,6375.20,0.00,0.0000
pop200_gen500_mut0.05_elite0_tour3,200,500,0.0500,0,3,3,2,10,True,0.0218,2,2,400,6380.20,4683.40,-0.0140
pop200_gen500_mut0.05_elite0_tour5,200,500,0.0500,0,5,3,2,1,True,0.0100,1,1,200,6375.20,0.00,0.0000
pop200_gen500_mut0.05_elite0_tour5,200,500,0.0500,0,5,3,2,2,True,0.0212,2,2,400,6380.20,4683.40,-0.0180
pop200_gen500_mut0.05_elite0_tour5,200,500,0.0500,0,5,3,2,3,True,0.0101,1,1,200,6375.20,0.00,0.0000
pop200_gen500_mut0.05_elite0_tour5,200,500,0.0500,0,5,3,2,4,True,0.0104,1,1,200,6375.20,0.00,0.0000
pop200_gen500_mut0.05_elite0_tour5,200,500,0.0500,0,5,3,2,5,True,0.0101,1,1,200,6375.20,0.00,0.0000
pop200_gen500_mut0.05_elite0_tour5,200,500,0.0500,0,5,3,2,6,True,0.0108,1,1,200,6375.20,0.00,0.0000
pop200_gen500_mut0.05_elite0_tour5,200,500,0.0500,0,5,3,2,7,True,0.0205,2,2,400,6380.20,4683.40,-0.0160
pop200_gen500_mut0.05_elite0_tour5,200,500,0.0500,0,5,3,2,8,True,0.0107,1,1,200,6375.20,0.00,0.0000
pop200_gen500_mut0.05_elite0_tour5,200,500,0.0500,0,5,3,2,9,True,0.0107,1,1,200,6375.20,0.00,0.0000
pop200_gen500_mut0.05_elite0_tour5,200,500,0.0500,0,5,3,2,10,True,0.0100,1,1,200,6379.80,0.00,0.0000
pop300_gen500_mut0.05_elite0_tour1,300,500,0.0500,0,1,3,2,1,True,0.0204,1,1,300,6375.20,0.00,0.0000
pop300_gen500_mut0.05_elite0_tour1,300,500,0.0500,0,1,3,2,2,True,0.0214,1,1,300,6375.20,0.00,0.0000
pop300_gen500_mut0.05_elite0_tour1,300,500,0.0500,0,1,3,2,3,True,0.0204,1,1,300,6375.20,0.00,0.0000
pop300_gen500_mut0.05_elite0_tour1,300,500,0.0500,0,1,3,2,4,True,0.0215,1,1,300,6375.20,0.00,0.0000
pop300_gen500_mut0.05_elite0_tour1,300,500,0.0500,0,1,3,2,5,True,0.0251,1,1,300,6375.20,0.00,0.0000
pop300_gen500_mut0.05_elite0_tour1,300,500,0.0500,0,1,3,2,6,True,0.0252,1,1,300,6375.20,0.00,0.0000
pop300_gen500_mut0.05_elite0_tour1,300,500,0.0500,0,1,3,2,7,True,0.0205,1,1,300,6375.20,0.00,0.0000
pop300_gen500_mut0.05_elite0_tour1,300,500,0.0500,0,1,3,2,8,True,0.0208,1,1,300,6379.80,0.00,0.0000
pop300_gen500_mut0.05_elite0_tour1,300,500,0.0500,0,1,3,2,9,True,0.0432,2,2,600,6380.20,4683.40,-0.0150
pop300_gen500_mut0.05_elite0_tour1,300,500,0.0500,0,1,3,2,10,True,0.0203,1,1,300,6375.20,0.00,0.0000
pop300_gen500_mut0.05_elite0_tour2,300,500,0.0500,0,2,3,2,1,True,0.0206,1,1,300,6375.20,0.00,0.0000
pop300_gen500_mut0.05_elite0_tour2,300,500,0.0500,0,2,3,2,2,True,0.0221,1,1,300,6375.20,0.00,0.0000
pop300_gen500_mut0.05_elite0_tour2,300,500,0.0500,0,2,3,2,3,True,0.0203,1,1,300,6375.20,0.00,0.0000
pop300_gen500_mut0.05_elite0_tour2,300,500,0.0500,0,2,3,2,4,True,0.0201,1,1,300,6375.20,0.00,0.0000
pop300_gen500_mut0.05_elite0_tour2,300,500,0.0500,0,2,3,2,5,True,0.0200,1,1,300,6375.20,0.00,0.0000
pop300_gen500_mut0.05_elite0_tour2,300,500,0.0500,0,2,3,2,6,True,0.0202,1,1,300,6375.20,0.00,0.0000
pop300_gen500_mut0.05_elite0_tour2,300,500,0.0500,0,2,3,2,7,True,0.0209,1,1,300,6379.80,0.00,0.0000
pop300_gen500_mut0.05_elite0_tour2,300,500,0.0500,0,2,3,2,8,True,0.0200,1,1,300,6375.20,0.00,0.0000
pop300_gen500_mut0.05_elite0_tour2,300,500,0.0500,0,2,3,2,9,True,0.0225,1,1,300,6375.20,0.00,0.0000
pop300_gen500_mut0.05_elite0_tour2,300,500,0.0500,0,2,3,2,10,True,0.0211,1,1,300,6375.20,0.00,0.0000
pop300_gen500_mut0.05_elite0_tour3,300,500,0.0500,0,3,3,2,1,True,0.0200,1,1,300,6375.20,0.00,0.0000
pop300_gen500_mut0.05_elite0_tour3,300,500,0.0500,0,3,3,2,2,True,0.0412,2,2,600,6380.20,4683.40,-0.0200
pop300_gen500_mut0.05_elite0_tour3,300,500,0.0500,0,3,3,2,3,True,0.0213,1,1,300,6379.80,0.00,0.0000
pop300_gen500_mut0.05_elite0_tour3,300,500,0.0500,0,3,3,2,4,True,0.0416,2,2,600,6380.20,4683.40,-0.0120
pop300_gen500_mut0.05_elite0_tour3,300,500,0.0500,0,3,3,2,5,True,0.0278,1,1,300,6379.80,0.00,0.0000
pop300_gen500_mut0.05_elite0_tour3,300,500,0.0500,0,3,3,2,6,True,0.0420,2,2,600,6380.20,4683.40,-0.0070
pop300_gen500_mut0.05_elite0_tour3,300,500,0.0500,0,3,3,2,7,True,0.0204,1,1,300,6375.20,0.00,0.0000
pop300_gen500_mut0.05_elite0_tour3,300,500,0.0500,0,3,3,2,8,True,0.0229,1,1,300,6375.20,0.00,0.0000
pop300_gen500_mut0.05_elite0_tour3,300,500,0.0500,0,3,3,2,9,True,0.0206,1,1,300,6375.20,0.00,0.0000
pop300_gen500_mut0.05_elite0_tour3,300,500,0.0500,0,3,3,2,10,True,0.0202,1,1,300,6375.20,0.00,0.0000
pop300_gen500_mut0.05_elite0_tour5,300,500,0.0500,0,5,3,2,1,True,0.0202,1,1,300,6375.20,0.00,0.0000
pop300_gen500_mut0.05_elite0_tour5,300,500,0.0500,0,5,3,2,2,True,0.0429,2,2,600,6384.80,4688.00,-0.0190
pop300_gen500_mut0.05_elite0_tour5,300,500,0.0500,0,5,3,2,3,True,0.0200,1,1,300,6375.20,0.00,0.0000
pop300_gen500_mut0.05_elite0_tour5,300,500,0.0500,0,5,3,2,4,True,0.0205,1,1,300,6375.20,0.00,0.0000
pop300_gen500_mut0.05_elite0_tour5,300,500,0.0500,0,5,3,2,5,True,0.0219,1,1,300,6379.80,0.00,0.0000
pop300_gen500_mut0.05_elite0_tour5,300,500,0.0500,0,5,3,2,6,True,0.0201,1,1,300,6375.20,0.00,0.0000
pop300_gen500_mut0.05_elite0_tour5,300,500,0.0500,0,5,3,2,7,True,0.0544,2,2,600,6380.20,4683.40,-0.0170
pop300_gen500_mut0.05_elite0_tour5,300,500,0.0500,0,5,3,2,8,True,0.0200,1,1,300,6375.20,0.00,0.0000
pop300_gen500_mut0.05_elite0_tour5,300,500,0.0500,0,5,3,2,9,True,0.0208,1,1,300,6375.20,0.00,0.0000
pop300_gen500_mut0.05_elite0_tour5,300,500,0.0500,0,5,3,2,10,True,0.0252,1,1,300,6375.20,0.00,0.0000
pop500_gen500_mut0.05_elite0_tour1,500,500,0.0500,0,1,3,2,1,True,0.0522,1,1,500,6375.20,0.00,0.0000
pop500_gen500_mut0.05_elite0_tour1,500,500,0.0500,0,1,3,2,2,True,0.1039,2,2,1000,6380.20,4683.40,-0.0160
pop500_gen500_mut0.05_elite0_tour1,500,500,0.0500,0,1,3,2,3,True,0.0523,1,1,500,6375.20,0.00,0.0000
pop500_gen500_mut0.05_elite0_tour1,500,500,0.0500,0,1,3,2,4,True,0.0570,1,1,500,6375.20,0.00,0.0000
pop500_gen500_mut0.05_elite0_tour1,500,500,0.0500,0,1,3,2,5,True,0.1024,2,2,1000,6380.20,4683.40,-0.0180
pop500_gen500_mut0.05_elite0_tour1,500,500,0.0500,0,1,3,2,6,True,0.0535,1,1,500,6379.80,0.00,0.0000
pop500_gen500_mut0.05_elite0_tour1,500,500,0.0500,0,1,3,2,7,True,0.0527,1,1,500,6375.20,0.00,0.0000
pop500_gen500_mut0.05_elite0_tour1,500,500,0.0500,0,1,3,2,8,True,0.0512,1,1,500,6379.80,0.00,0.0000
pop500_gen500_mut0.05_elite0_tour1,500,500,0.0500,0,1,3,2,9,True,0.0516,1,1,500,6375.20,0.00,0.0000
pop500_gen500_mut0.05_elite0_tour1,500,500,0.0500,0,1,3,2,10,True,0.1248,2,2,1000,6380.20,4683.40,-0.0200
pop500_gen500_mut0.05_elite0_tour2,500,500,0.0500,0,2,3,2,1,True,0.0536,1,1,500,6375.20,0.00,0.0000
pop500_gen500_mut0.05_elite0_tour2,500,500,0.0500,0,2,3,2,2,True,0.1140,2,2,1000,6380.20,4683.40,-0.0140
pop500_gen500_mut0.05_elite0_tour2,500,500,0.0500,0,2,3,2,3,True,0.0518,1,1,500,6379.80,0.00,0.0000
pop500_gen500_mut0.05_elite0_tour2,500,500,0.0500,0,2,3,2,4,True,0.0507,1,1,500,6379.80,0.00,0.0000
pop500_gen500_mut0.05_elite0_tour2,500,500,0.0500,0,2,3,2,5,True,0.0519,1,1,500,6375.20,0.00,0.0000
pop500_gen500_mut0.05_elite0_tour2,500,500,0.0500,0,2,3,2,6,True,0.0526,1,1,500,6375.20,0.00,0.0000
pop500_gen500_mut0.05_elite0_tour2,500,500,0.0500,0,2,3,2,7,True,0.1180,2,2,1000,6380.20,4683.40,-0.0140
pop500_gen500_mut0.05_elite0_tour2,500,500,0.0500,0,2,3,2,8,True,0.0519,1,1,500,6375.20,0.00,0.0000
pop500_gen500_mut0.05_elite0_tour2,500,500,0.0500,0,2,3,2,9,True,0.0517,1,1,500,6379.80,0.00,0.0000
pop500_gen500_mut0.05_elite0_tour2,500,500,0.0500,0,2,3,2,10,True,0.0516,1,1,500,6375.20,0.00,0.0000
pop500_gen500_mut0.05_elite0_tour3,500,500,0.0500,0,3,3,2,1,True,0.0583,1,1,500,6375.20,0.00,0.0000
pop500_gen500_mut0.05_elite0_tour3,500,500,0.0500,0,3,3,2,2,True,0.0536,1,1,500,6375.20,0.00,0.0000
pop500_gen500_mut0.05_elite0_tour3,500,500,0.0500,0,3,3,2,3,True,0.0566,1,1,500,6375.20,0.00,0.0000
pop500_gen500_mut0.05_elite0_tour3,500,500,0.0500,0,3,3,2,4,True,0.0510,1,1,500,6375.20,0.00,0.0000
pop500_gen500_mut0.05_elite0_tour3,500,500,0.0500,0,3,3,2,5,True,0.0517,1,1,500,6375.20,0.00,0.0000
pop500_gen500_mut0.05_elite0_tour3,500,500,0.0500,0,3,3,2,6,True,0.0567,1,1,500,6375.20,0.00,0.0000
pop500_gen500_mut0.05_elite0_tour3,500,500,0.0500,0,3,3,2,7,True,0.0517,1,1,500,6379.80,0.00,0.0000
pop500_gen500_mut0.05_elite0_tour3,500,500,0.0500,0,3,3,2,8,True,0.0505,1,1,500,6375.20,0.00,0.0000
pop500_gen500_mut0.05_elite0_tour3,500,500,0.0500,0,3,3,2,9,True,0.0518,1,1,500,6379.80,0.00,0.0000
pop500_gen500_mut0.05_elite0_tour3,500,500,0.0500,0,3,3,2,10,True,0.0512,1,1,500,6375.20,0.00,0.0000
pop500_gen500_mut0.05_elite0_tour5,500,500,0.0500,0,5,3,2,1,True,0.0600,1,1,500,6375.20,0.00,0.0000
pop500_gen500_mut0.05_elite0_tour5,500,500,0.0500,0,5,3,2,2,True,0.0515,1,1,500,6375.20,0.00,0.0000
pop500_gen500_mut0.05_elite0_tour5,500,500,0.0500,0,5,3,2,3,True,0.0523,1,1,500,6375.20,0.00,0.0000
pop500_gen500_mut0.05_elite0_tour5,500,500,0.0500,0,5,3,2,4,True,0.1051,2,2,1000,6380.20,4683.40,-0.0150
pop500_gen500_mut0.05_elite0_tour5,500,500,0.0500,0,5,3,2,5,True,0.0505,1,1,500,6375.20,0.00,0.0000
pop500_gen500_mut0.05_elite0_tour5,500,500,0.0500,0,5,3,2,6,True,0.0546,1,1,500,6375.20,0.00,0.0000
pop500_gen500_mut0.05_elite0_tour5,500,500,0.0500,0,5,3,2,7,True,0.0537,1,1,500,6379.80,0.00,0.0000
pop500_gen500_mut0.05_elite0_tour5,500,500,0.0500,0,5,3,2,8,True,0.0509,1,1,500,6375.20,0.00,0.0000
pop500_gen500_mut0.05_elite0_tour5,500,500,0.0500,0,5,3,2,9,True,0.1065,2,2,1000,6380.20,4683.40,-0.0130
pop500_gen500_mut0.05_elite0_tour5,500,500,0.0500,0,5,3,2,10,True,0.0506,1,1,500,6375.20,0.00,0.0000
pop100_gen500_mut0.1_elite0_tour1,100,500,0.1000,0,1,3,2,1,True,0.0034,1,1,100,6375.20,0.00,0.0000
pop100_gen500_mut0.1_elite0_tour1,100,500,0.1000,0,1,3,2,2,True,0.0033,1,1,100,6375.20,0.00,0.0000
pop100_gen500_mut0.1_elite0_tour1,100,500,0.1000,0,1,3,2,3,True,0.0035,1,1,100,6375.20,0.00,0.0000
pop100_gen500_mut0.1_elite0_tour1,100,500,0.1000,0,1,3,2,4,True,0.0033,1,1,100,6375.20,0.00,0.0000
pop100_gen500_mut0.1_elite0_tour1,100,500,0.1000,0,1,3,2,5,True,0.0033,1,1,100,6375.20,0.00,0.0000
pop100_gen500_mut0.1_elite0_tour1,100,500,0.1000,0,1,3,2,6,True,0.0032,1,1,100,6375.20,0.00,0.0000
pop100_gen500_mut0.1_elite0_tour1,100,500,0.1000,0,1,3,2,7,True,0.0073,2,2,200,6380.20,4683.40,-0.0330
pop100_gen500_mut0.1_elite0_tour1,100,500,0.1000,0,1,3,2,8,True,0.0032,1,1,100,6375.20,0.00,0.0000
pop100_gen500_mut0.1_elite0_tour1,100,500,0.1000,0,1,3,2,9,True,0.0033,1,1,100,6375.20,0.00,0.0000
pop100_gen500_mut0.1_elite0_tour1,100,500,0.1000,0,1,3,2,10,True,0.0032,1,1,100,6375.20,0.00,0.0000
pop100_gen500_mut0.1_elite0_tour2,100,500,0.1000,0,2,3,2,1,True,0.0033,1,1,100,6375.20,0.00,0.0000
pop100_gen500_mut0.1_elite0_tour2,100,500,0.1000,0,2,3,2,2,True,0.0032,1,1,100,6375.20,0.00,0.0000
pop100_gen500_mut0.1_elite0_tour2,100,500,0.1000,0,2,3,2,3,True,0.0068,2,2,200,6384.80,4688.00,-0.0420
pop100_gen500_mut0.1_elite0_tour2,100,500,0.1000,0,2,3,2,4,True,0.0033,1,1,100,6375.20,0.00,0.0000
pop100_gen500_mut0.1_elite0_tour2,100,500,0.1000,0,2,3,2,5,True,0.0033,1,1,100,6375.20,0.00,0.0000
pop100_gen500_mut0.1_elite0_tour2,100,500,0.1000,0,2,3,2,6,True,0.0033,1,1,100,6375.20,0.00,0.0000
pop100_gen500_mut0.1_elite0_tour2,100,500,0.1000,0,2,3,2,7,True,0.0035,1,1,100,6379.80,0.00,0.0000
pop100_gen500_mut0.1_elite0_tour2,100,500,0.1000,0,2,3,2,8,True,0.0088,2,2,200,6380.20,4683.40,-0.0530
pop100_gen500_mut0.1_elite0_tour2,100,500,0.1000,0,2,3,2,9,True,0.0033,1,1,100,6379.80,0.00,0.0000
pop100_gen500_mut0.1_elite0_tour2,100,500,0.1000,0,2,3,2,10,True,0.0033,1,1,100,6375.20,0.00,0.0000
pop100_gen500_mut0.1_elite0_tour3,100,500,0.1000,0,3,3,2,1,True,0.0068,2,2,200,6380.20,4683.40,-0.0340
pop100_gen500_mut0.1_elite0_tour3,100,500,0.1000,0,3,3,2,2,True,0.0032,1,1,100,6375.20,0.00,0.0000
pop100_gen500_mut0.1_elite0_tour3,100,500,0.1000,0,3,3,2,3,True,0.0031,1,1,100,6375.20,0.00,0.0000
pop100_gen500_mut0.1_elite0_tour3,100,500,0.1000,0,3,3,2,4,True,0.0033,1,1,100,6375.20,0.00,0.0000
pop100_gen500_mut0.1_elite0_tour3,100,500,0.1000,0,3,3,2,5,True,0.0033,1,1,100,6375.20,0.00,0.0000
pop100_gen500_mut0.1_elite0_tour3,100,500,0.1000,0,3,3,2,6,True,0.0033,1,1,100,6375.20,0.00,0.0000
pop100_gen500_mut0.1_elite0_tour3,100,500,0.1000,0,3,3,2,7,True,0.0035,1,1,100,6375.20,0.00,0.0000
pop100_gen500_mut0.1_elite0_tour3,100,500,0.1000,0,3,3,2,8,True,0.0069,2,2,200,6380.20,4683.40,-0.0450
pop100_gen500_mut0.1_elite0_tour3,100,500,0.1000,0,3,3,2,9,True,0.0032,1,1,100,6375.20,0.00,0.0000
pop100_gen500_mut0.1_elite0_tour3,100,500,0.1000,0,3,3,2,10,True,0.0033,1,1,100,6375.20,0.00,0.0000
pop100_gen500_mut0.1_elite0_tour5,100,500,0.1000,0,5,3,2,1,True,0.0033,1,1,100,6375.20,0.00,0.0000
pop100_gen500_mut0.1_elite0_tour5,100,500,0.1000,0,5,3,2,2,True,0.0033,1,1,100,6375.20,0.00,0.0000
pop100_gen500_mut0.1_elite0_tour5,100,500,0.1000,0,5,3,2,3,True,0.0033,1,1,100,6375.20,0.00,0.0000
pop100_gen500_mut0.1_elite0_tour5,100,500,0.1000,0,5,3,2,4,True,0.0033,1,1,100,6375.20,0.00,0.0000
pop100_gen500_mut0.1_elite0_tour5,100,500,0.1000,0,5,3,2,5,True,0.0071,2,2,200,6384.80,4688.00,-0.0260
pop100_gen500_mut0.1_elite0_tour5,100,500,0.1000,0,5,3,2,6,True,0.0033,1,1,100,6375.20,0.00,0.0000
pop100_gen500_mut0.1_elite0_tour5,100,500,0.1000,0,5,3,2,7,True,0.0035,1,1,100,6379.80,0.00,0.0000
pop100_gen500_mut0.1_elite0_tour5,100,500,0.1000,0,5,3,2,8,True,0.0034,1,1,100,6379.80,0.00,0.0000
pop100_gen500_mut0.1_elite0_tour5,100,500,0.1000,0,5,3,2,9,True,0.0075,2,2,200,6380.20,4683.40,-0.0280
pop100_gen500_mut0.1_elite0_tour5,100,500,0.1000,0,5,3,2,10,True,0.0034,1,1,100,6379.80,0.00,0.0000
pop200_gen500_mut0.1_elite0_tour1,200,500,0.1000,0,1,3,2,1,True,0.0206,2,2,400,6384.80,4688.00,-0.0330
pop200_gen500_mut0.1_elite0_tour1,200,500,0.1000,0,1,3,2,2,True,0.0103,1,1,200,6379.80,0.00,0.0000
pop200_gen500_mut0.1_elite0_tour1,200,500,0.1000,0,1,3,2,3,True,0.0107,1,1,200,6375.20,0.00,0.0000
pop200_gen500_mut0.1_elite0_tour1,200,500,0.1000,0,1,3,2,4,True,0.0102,1,1,200,6375.20,0.00,0.0000
pop200_gen500_mut0.1_elite0_tour1,200,500,0.1000,0,1,3,2,5,True,0.0098,1,1,200,6375.20,0.00,0.0000
pop200_gen500_mut0.1_elite0_tour1,200,500,0.1000,0,1,3,2,6,True,0.0118,1,1,200,6375.20,0.00,0.0000
pop200_gen500_mut0.1_elite0_tour1,200,500,0.1000,0,1,3,2,7,True,0.0100,1,1,200,6375.20,0.00,0.0000
pop200_gen500_mut0.1_elite0_tour1,200,500,0.1000,0,1,3,2,8,True,0.0199,2,2,400,6380.20,4683.40,-0.0360
pop200_gen500_mut0.1_elite0_tour1,200,500,0.1000,0,1,3,2,9,True,0.0109,1,1,200,6375.20,0.00,0.0000
pop200_gen500_mut0.1_elite0_tour1,200,500,0.1000,0,1,3,2,10,True,0.0100,1,1,200,6375.20,0.00,0.0000
pop200_gen500_mut0.1_elite0_tour2,200,500,0.1000,0,2,3,2,1,True,0.0105,1,1,200,6375.20,0.00,0.0000
pop200_gen500_mut0.1_elite0_tour2,200,500,0.1000,0,2,3,2,2,True,0.0103,1,1,200,6375.20,0.00,0.0000
pop200_gen500_mut0.1_elite0_tour2,200,500,0.1000,0,2,3,2,3,True,0.0104,1,1,200,6375.20,0.00,0.0000
pop200_gen500_mut0.1_elite0_tour2,200,500,0.1000,0,2,3,2,4,True,0.0112,1,1,200,6375.20,0.00,0.0000
pop200_gen500_mut0.1_elite0_tour2,200,500,0.1000,0,2,3,2,5,True,0.0105,1,1,200,6375.20,0.00,0.0000
pop200_gen500_mut0.1_elite0_tour2,200,500,0.1000,0,2,3,2,6,True,0.0101,1,1,200,6379.80,0.00,0.0000
pop200_gen500_mut0.1_elite0_tour2,200,500,0.1000,0,2,3,2,7,True,0.0105,1,1,200,6375.20,0.00,0.0000
pop200_gen500_mut0.1_elite0_tour2,200,500,0.1000,0,2,3,2,8,True,0.0103,1,1,200,6379.80,0.00,0.0000
pop200_gen500_mut0.1_elite0_tour2,200,500,0.1000,0,2,3,2,9,True,0.0105,1,1,200,6379.80,0.00,0.0000
pop200_gen500_mut0.1_elite0_tour2,200,500,0.1000,0,2,3,2,10,True,0.0168,1,1,200,6375.20,0.00,0.0000
pop200_gen500_mut0.1_elite0_tour3,200,500,0.1000,0,3,3,2,1,True,0.0100,1,1,200,6375.20,0.00,0.0000
pop200_gen500_mut0.1_elite0_tour3,200,500,0.1000,0,3,3,2,2,True,0.0286,2,2,400,6384.80,4688.00,-0.0370
pop200_gen500_mut0.1_elite0_tour3,200,500,0.1000,0,3,3,2,3,True,0.0102,1,1,200,6375.20,0.00,0.0000
pop200_gen500_mut0.1_elite0_tour3,200,500,0.1000,0,3,3,2,4,True,0.0099,1,1,200,6375.20,0.00,0.0000
pop200_gen500_mut0.1_elite0_tour3,200,500,0.1000,0,3,3,2,5,True,0.0100,1,1,200,6375.20,0.00,0.0000
pop200_gen500_mut0.1_elite0_tour3,200,500,0.1000,0,3,3,2,6,True,0.0102,1,1,200,6375.20,0.00,0.0000
pop200_gen500_mut0.1_elite0_tour3,200,500,0.1000,0,3,3,2,7,True,0.0104,1,1,200,6379.80,0.00,0.0000
pop200_gen500_mut0.1_elite0_tour3,200,500,0.1000,0,3,3,2,8,True,0.0208,2,2,400,6384.80,4688.00,-0.0290
pop200_gen500_mut0.1_elite0_tour3,200,500,0.1000,0,3,3,2,9,True,0.0101,1,1,200,6375.20,0.00,0.0000
pop200_gen500_mut0.1_elite0_tour3,200,500,0.1000,0,3,3,2,10,True,0.0098,1,1,200,6375.20,0.00,0.0000
pop200_gen500_mut0.1_elite0_tour5,200,500,0.1000,0,5,3,2,1,True,0.0214,2,2,400,6384.80,4688.00,-0.0310
pop200_gen500_mut0.1_elite0_tour5,200,500,0.1000,0,5,3,2,2,True,0.0104,1,1,200,6379.80,0.00,0.0000
pop200_gen500_mut0.1_elite0_tour5,200,500,0.1000,0,5,3,2,3,True,0.0113,1,1,200,6375.20,0.00,0.0000
pop200_gen500_mut0.1_elite0_tour5,200,500,0.1000,0,5,3,2,4,True,0.0235,2,2,400,6380.20,4683.40,-0.0420
pop200_gen500_mut0.1_elite0_tour5,200,500,0.1000,0,5,3,2,5,True,0.0098,1,1,200,6375.20,0.00,0.0000
pop200_gen500_mut0.1_elite0_tour5,200,500,0.1000,0,5,3,2,6,True,0.0100,1,1,200,6375.20,0.00,0.0000
pop200_gen500_mut0.1_elite0_tour5,200,500,0.1000,0,5,3,2,7,True,0.0104,1,1,200,6375.20,0.00,0.0000
pop200_gen500_mut0.1_elite0_tour5,200,500,0.1000,0,5,3,2,8,True,0.0115,1,1,200,6375.20,0.00,0.0000
pop200_gen500_mut0.1_elite0_tour5,200,500,0.1000,0,5,3,2,9,True,0.0103,1,1,200,6379.80,0.00,0.0000
pop200_gen500_mut0.1_elite0_tour5,200,500,0.1000,0,5,3,2,10,True,0.0102,1,1,200,6375.20,0.00,0.0000
pop300_gen500_mut0.1_elite0_tour1,300,500,0.1000,0,1,3,2,1,True,0.0203,1,1,300,6379.80,0.00,0.0000
pop300_gen500_mut0.1_elite0_tour1,300,500,0.1000,0,1,3,2,2,True,0.0201,1,1,300,6375.20,0.00,0.0000
pop300_gen500_mut0.1_elite0_tour1,300,500,0.1000,0,1,3,2,3,True,0.0208,1,1,300,6375.20,0.00,0.0000
pop300_gen500_mut0.1_elite0_tour1,300,500,0.1000,0,1,3,2,4,True,0.0203,1,1,300,6379.80,0.00,0.0000
pop300_gen500_mut0.1_elite0_tour1,300,500,0.1000,0,1,3,2,5,True,0.0218,1,1,300,6375.20,0.00,0.0000
pop300_gen500_mut0.1_elite0_tour1,300,500,0.1000,0,1,3,2,6,True,0.0208,1,1,300,6375.20,0.00,0.0000
pop300_gen500_mut0.1_elite0_tour1,300,500,0.1000,0,1,3,2,7,True,0.0201,1,1,300,6375.20,0.00,0.0000
pop300_gen500_mut0.1_elite0_tour1,300,500,0.1000,0,1,3,2,8,True,0.0211,1,1,300,6375.20,0.00,0.0000
pop300_gen500_mut0.1_elite0_tour1,300,500,0.1000,0,1,3,2,9,True,0.0201,1,1,300,6375.20,0.00,0.0000
pop300_gen500_mut0.1_elite0_tour1,300,500,0.1000,0,1,3,2,10,True,0.0205,1,1,300,6375.20,0.00,0.0000
pop300_gen500_mut0.1_elite0_tour2,300,500,0.1000,0,2,3,2,1,True,0.0433,2,2,600,6380.20,4683.40,-0.0310
pop300_gen500_mut0.1_elite0_tour2,300,500,0.1000,0,2,3,2,2,True,0.0208,1,1,300,6379.80,0.00,0.0000
pop300_gen500_mut0.1_elite0_tour2,300,500,0.1000,0,2,3,2,3,True,0.0200,1,1,300,6375.20,0.00,0.0000
pop300_gen500_mut0.1_elite0_tour2,300,500,0.1000,0,2,3,2,4,True,0.0199,1,1,300,6375.20,0.00,0.0000
pop300_gen500_mut0.1_elite0_tour2,300,500,0.1000,0,2,3,2,5,True,0.0217,1,1,300,6375.20,0.00,0.0000
pop300_gen500_mut0.1_elite0_tour2,300,500,0.1000,0,2,3,2,6,True,0.0414,2,2,600,6380.20,4683.40,-0.0320
pop300_gen500_mut0.1_elite0_tour2,300,500,0.1000,0,2,3,2,7,True,0.0205,1,1,300,6375.20,0.00,0.0000
pop300_gen500_mut0.1_elite0_tour2,300,500,0.1000,0,2,3,2,8,True,0.0420,2,2,600,6384.80,4688.00,-0.0370
pop300_gen500_mut0.1_elite0_tour2,300,500,0.1000,0,2,3,2,9,True,0.0204,1,1,300,6379.80,0.00,0.0000
pop300_gen500_mut0.1_elite0_tour2,300,500,0.1000,0,2,3,2,10,True,0.0202,1,1,300,6379.80,0.00,0.0000
pop300_gen500_mut0.1_elite0_tour3,300,500,0.1000,0,3,3,2,1,True,0.0210,1,1,300,6375.20,0.00,0.0000
pop300_gen500_mut0.1_elite0_tour3,300,500,0.1000,0,3,3,2,2,True,0.0206,1,1,300,6375.20,0.00,0.0000
pop300_gen500_mut0.1_elite0_tour3,300,500,0.1000,0,3,3,2,3,True,0.0206,1,1,300,6379.80,0.00,0.0000
pop300_gen500_mut0.1_elite0_tour3,300,500,0.1000,0,3,3,2,4,True,0.0208,1,1,300,6379.80,0.00,0.0000
pop300_gen500_mut0.1_elite0_tour3,300,500,0.1000,0,3,3,2,5,True,0.0432,2,2,600,6380.20,4683.40,-0.0320
pop300_gen500_mut0.1_elite0_tour3,300,500,0.1000,0,3,3,2,6,True,0.0201,1,1,300,6375.20,0.00,0.0000
pop300_gen500_mut0.1_elite0_tour3,300,500,0.1000,0,3,3,2,7,True,0.0196,1,1,300,6375.20,0.00,0.0000
pop300_gen500_mut0.1_elite0_tour3,300,500,0.1000,0,3,3,2,8,True,0.0203,1,1,300,6375.20,0.00,0.0000
pop300_gen500_mut0.1_elite0_tour3,300,500,0.1000,0,3,3,2,9,True,0.0202,1,1,300,6375.20,0.00,0.0000
pop300_gen500_mut0.1_elite0_tour3,300,500,0.1000,0,3,3,2,10,True,0.0279,1,1,300,6375.20,0.00,0.0000
pop300_gen500_mut0.1_elite0_tour5,300,500,0.1000,0,5,3,2,1,True,0.0200,1,1,300,6375.20,0.00,0.0000
pop300_gen500_mut0.1_elite0_tour5,300,500,0.1000,0,5,3,2,2,True,0.0196,1,1,300,6375.20,0.00,0.0000
pop300_gen500_mut0.1_elite0_tour5,300,500,0.1000,0,5,3,2,3,True,0.0205,1,1,300,6379.80,0.00,0.0000
pop300_gen500_mut0.1_elite0_tour5,300,500,0.1000,0,5,3,2,4,True,0.0229,1,1,300,6375.20,0.00,0.0000
pop300_gen500_mut0.1_elite0_tour5,300,500,0.1000,0,5,3,2,5,True,0.0526,2,2,600,6380.20,4683.40,-0.0340
pop300_gen500_mut0.1_elite0_tour5,300,500,0.1000,0,5,3,2,6,True,0.0261,1,1,300,6379.80,0.00,0.0000
pop300_gen500_mut0.1_elite0_tour5,300,500,0.1000,0,5,3,2,7,True,0.0240,1,1,300,6379.80,0.00,0.0000
pop300_gen500_mut0.1_elite0_tour5,300,500,0.1000,0,5,3,2,8,True,0.0203,1,1,300,6375.20,0.00,0.0000
pop300_gen500_mut0.1_elite0_tour5,300,500,0.1000,0,5,3,2,9,True,0.0199,1,1,300,6375.20,0.00,0.0000
pop300_gen500_mut0.1_elite0_tour5,300,500,0.1000,0,5,3,2,10,True,0.0424,2,2,600,6384.80,4688.00,-0.0250
pop500_gen500_mut0.1_elite0_tour1,500,500,0.1000,0,1,3,2,1,True,0.0520,1,1,500,6375.20,0.00,0.0000
pop500_gen500_mut0.1_elite0_tour1,500,500,0.1000,0,1,3,2,2,True,0.0520,1,1,500,6375.20,0.00,0.0000
pop500_gen500_mut0.1_elite0_tour1,500,500,0.1000,0,1,3,2,3,True,0.0516,1,1,500,6379.80,0.00,0.0000
pop500_gen500_mut0.1_elite0_tour1,500,500,0.1000,0,1,3,2,4,True,0.1050,2,2,1000,6380.20,4683.40,-0.0260
pop500_gen500_mut0.1_elite0_tour1,500,500,0.1000,0,1,3,2,5,True,0.0511,1,1,500,6375.20,0.00,0.0000
pop500_gen500_mut0.1_elite0_tour1,500,500,0.1000,0,1,3,2,6,True,0.1072,2,2,1000,6380.20,4683.40,-0.0330
pop500_gen500_mut0.1_elite0_tour1,500,500,0.1000,0,1,3,2,7,True,0.0518,1,1,500,6375.20,0.00,0.0000
pop500_gen500_mut0.1_elite0_tour1,500,500,0.1000,0,1,3,2,8,True,0.0511,1,1,500,6375.20,0.00,0.0000
pop500_gen500_mut0.1_elite0_tour1,500,500,0.1000,0,1,3,2,9,True,0.0526,1,1,500,6375.20,0.00,0.0000
pop500_gen500_mut0.1_elite0_tour1,500,500,0.1000,0,1,3,2,10,True,0.0519,1,1,500,6375.20,0.00,0.0000
pop500_gen500_mut0.1_elite0_tour2,500,500,0.1000,0,2,3,2,1,True,0.0510,1,1,500,6375.20,0.00,0.0000
pop500_gen500_mut0.1_elite0_tour2,500,500,0.1000,0,2,3,2,2,True,0.0521,1,1,500,6375.20,0.00,0.0000
pop500_gen500_mut0.1_elite0_tour2,500,500,0.1000,0,2,3,2,3,True,0.0677,1,1,500,6379.80,0.00,0.0000
pop500_gen500_mut0.1_elite0_tour2,500,500,0.1000,0,2,3,2,4,True,0.1092,2,2,1000,6384.80,4688.00,-0.0270
pop500_gen500_mut0.1_elite0_tour2,500,500,0.1000,0,2,3,2,5,True,0.0568,1,1,500,6375.20,0.00,0.0000
pop500_gen500_mut0.1_elite0_tour2,500,500,0.1000,0,2,3,2,6,True,0.0507,1,1,500,6375.20,0.00,0.0000
pop500_gen500_mut0.1_elite0_tour2,500,500,0.1000,0,2,3,2,7,True,0.0512,1,1,500,6379.80,0.00,0.0000
pop500_gen500_mut0.1_elite0_tour2,500,500,0.1000,0,2,3,2,8,True,0.1133,2,2,1000,6380.20,4683.40,-0.0320
pop500_gen500_mut0.1_elite0_tour2,500,500,0.1000,0,2,3,2,9,True,0.1094,2,2,1000,6384.80,4688.00,-0.0310
pop500_gen500_mut0.1_elite0_tour2,500,500,0.1000,0,2,3,2,10,True,0.0516,1,1,500,6375.20,0.00,0.0000
pop500_gen500_mut0.1_elite0_tour3,500,500,0.1000,0,3,3,2,1,True,0.0518,1,1,500,6375.20,0.00,0.0000
pop500_gen500_mut0.1_elite0_tour3,500,500,0.1000,0,3,3,2,2,True,0.0521,1,1,500,6375.20,0.00,0.0000
pop500_gen500_mut0.1_elite0_tour3,500,500,0.1000,0,3,3,2,3,True,0.0603,1,1,500,6375.20,0.00,0.0000
pop500_gen500_mut0.1_elite0_tour3,500,500,0.1000,0,3,3,2,4,True,0.0604,1,1,500,6375.20,0.00,0.0000
pop500_gen500_mut0.1_elite0_tour3,500,500,0.1000,0,3,3,2,5,True,0.0520,1,1,500,6379.80,0.00,0.0000
pop500_gen500_mut0.1_elite0_tour3,500,500,0.1000,0,3,3,2,6,True,0.0535,1,1,500,6379.80,0.00,0.0000
pop500_gen500_mut0.1_elite0_tour3,500,500,0.1000,0,3,3,2,7,True,0.0601,1,1,500,6375.20,0.00,0.0000
pop500_gen500_mut0.1_elite0_tour3,500,500,0.1000,0,3,3,2,8,True,0.1060,2,2,1000,6384.80,4688.00,-0.0330
pop500_gen500_mut0.1_elite0_tour3,500,500,0.1000,0,3,3,2,9,True,0.0551,1,1,500,6379.80,0.00,0.0000
pop500_gen500_mut0.1_elite0_tour3,500,500,0.1000,0,3,3,2,10,True,0.0506,1,1,500,6375.20,0.00,0.0000
pop500_gen500_mut0.1_elite0_tour5,500,500,0.1000,0,5,3,2,1,True,0.0518,1,1,500,6375.20,0.00,0.0000
pop500_gen500_mut0.1_elite0_tour5,500,500,0.1000,0,5,3,2,2,True,0.0512,1,1,500,6375.20,0.00,0.0000
pop500_gen500_mut0.1_elite0_tour5,500,500,0.1000,0,5,3,2,3,True,0.0583,1,1,500,6379.80,0.00,0.0000
pop500_gen500_mut0.1_elite0_tour5,500,500,0.1000,0,5,3,2,4,True,0.0523,1,1,500,6375.20,0.00,0.0000
pop500_gen500_mut0.1_elite0_tour5,500,500,0.1000,0,5,3,2,5,True,0.0524,1,1,500,6375.20,0.00,0.0000
pop500_gen500_mut0.1_elite0_tour5,500,500,0.1000,0,5,3,2,6,True,0.0512,1,1,500,6375.20,0.00,0.0000
pop500_gen500_mut0.1_elite0_tour5,500,500,0.1000,0,5,3,2,7,True,0.0510,1,1,500,6375.20,0.00,0.0000
pop500_gen500_mut0.1_elite0_tour5,500,500,0.1000,0,5,3,2,8,True,0.0585,1,1,500,6375.20,0.00,0.0000
pop500_gen500_mut0.1_elite0_tour5,500,500,0.1000,0,5,3,2,9,True,0.0515,1,1,500,6375.20,0.00,0.0000
pop500_gen500_mut0.1_elite0_tour5,500,500,0.1000,0,5,3,2,10,True,0.0552,1,1,500,6379.80,0.00,0.0000
pop100_gen500_mut0.1_elite0_tour1,100,500,0.1000,0,1,3,2,1,True,0.0033,1,1,100,6375.20,0.00,0.0000
pop100_gen500_mut0.1_elite0_tour1,100,500,0.1000,0,1,3,2,2,True,0.0034,1,1,100,6375.20,0.00,0.0000
pop100_gen500_mut0.1_elite0_tour1,100,500,0.1000,0,1,3,2,3,True,0.0072,2,2,200,6380.20,4683.40,-0.0270
pop100_gen500_mut0.1_elite0_tour1,100,500,0.1000,0,1,3,2,4,True,0.0032,1,1,100,6375.20,0.00,0.0000
pop100_gen500_mut0.1_elite0_tour1,100,500,0.1000,0,1,3,2,5,True,0.0037,1,1,100,6375.20,0.00,0.0000
pop100_gen500_mut0.1_elite0_tour1,100,500,0.1000,0,1,3,2,6,True,0.0033,1,1,100,6375.20,0.00,0.0000
pop100_gen500_mut0.1_elite0_tour1,100,500,0.1000,0,1,3,2,7,True,0.0034,1,1,100,6375.20,0.00,0.0000
pop100_gen500_mut0.1_elite0_tour1,100,500,0.1000,0,1,3,2,8,True,0.0037,1,1,100,6379.80,0.00,0.0000
pop100_gen500_mut0.1_elite0_tour1,100,500,0.1000,0,1,3,2,9,True,0.0035,1,1,100,6375.20,0.00,0.0000
pop100_gen500_mut0.1_elite0_tour1,100,500,0.1000,0,1,3,2,10,True,0.0067,2,2,200,6380.20,4683.40,-0.0260
pop100_gen500_mut0.1_elite0_tour2,100,500,0.1000,0,2,3,2,1,True,0.0070,2,2,200,6380.20,4683.40,-0.0280
pop100_gen500_mut0.1_elite0_tour2,100,500,0.1000,0,2,3,2,2,True,0.0033,1,1,100,6375.20,0.00,0.0000
pop100_gen500_mut0.1_elite0_tour2,100,500,0.1000,0,2,3,2,3,True,0.0067,2,2,200,6380.20,4683.40,-0.0220
pop100_gen500_mut0.1_elite0_tour2,100,500,0.1000,0,2,3,2,4,True,0.0033,1,1,100,6375.20,0.00,0.0000
pop100_gen500_mut0.1_elite0_tour2,100,500,0.1000,0,2,3,2,5,True,0.0036,1,1,100,6375.20,0.00,0.0000
pop100_gen500_mut0.1_elite0_tour2,100,500,0.1000,0,2,3,2,6,True,0.0069,2,2,200,6380.20,4683.40,-0.0320
pop100_gen500_mut0.1_elite0_tour2,100,500,0.1000,0,2,3,2,7,True,0.0034,1,1,100,6375.20,0.00,0.0000
pop100_gen500_mut0.1_elite0_tour2,100,500,0.1000,0,2,3,2,8,True,0.0036,1,1,100,6375.20,0.00,0.0000
pop100_gen500_mut0.1_elite0_tour2,100,500,0.1000,0,2,3,2,9,True,0.0032,1,1,100,6375.20,0.00,0.0000
pop100_gen500_mut0.1_elite0_tour2,100,500,0.1000,0,2,3,2,10,True,0.0035,1,1,100,6379.80,0.00,0.0000
pop100_gen500_mut0.1_elite0_tour3,100,500,0.1000,0,3,3,2,1,True,0.0069,2,2,200,6380.20,4683.40,-0.0300
pop100_gen500_mut0.1_elite0_tour3,100,500,0.1000,0,3,3,2,2,True,0.0034,1,1,100,6375.20,0.00,0.0000
pop100_gen500_mut0.1_elite0_tour3,100,500,0.1000,0,3,3,2,3,True,0.0067,2,2,200,6380.20,4683.40,-0.0190
pop100_gen500_mut0.1_elite0_tour3,100,500,0.1000,0,3,3,2,4,True,0.0034,1,1,100,6375.20,0.00,0.0000
pop100_gen500_mut0.1_elite0_tour3,100,500,0.1000,0,3,3,2,5,True,0.0071,2,2,200,6380.20,4683.40,-0.0260
pop100_gen500_mut0.1_elite0_tour3,100,500,0.1000,0,3,3,2,6,True,0.0068,2,2,200,6380.20,4683.40,-0.0320
pop100_gen500_mut0.1_elite0_tour3,100,500,0.1000,0,3,3,2,7,True,0.0038,1,1,100,6379.80,0.00,0.0000
pop100_gen500_mut0.1_elite0_tour3,100,500,0.1000,0,3,3,2,8,True,0.0034,1,1,100,6375.20,0.00,0.0000
pop100_gen500_mut0.1_elite0_tour3,100,500,0.1000,0,3,3,2,9,True,0.0032,1,1,100,6375.20,0.00,0.0000
pop100_gen500_mut0.1_elite0_tour3,100,500,0.1000,0,3,3,2,10,True,0.0033,1,1,100,6375.20,0.00,0.0000
pop100_gen500_mut0.1_elite0_tour5,100,500,0.1000,0,5,3,2,1,True,0.0033,1,1,100,6375.20,0.00,0.0000
pop100_gen500_mut0.1_elite0_tour5,100,500,0.1000,0,5,3,2,2,True,0.0050,1,1,100,6375.20,0.00,0.0000
pop100_gen500_mut0.1_elite0_tour5,100,500,0.1000,0,5,3,2,3,True,0.0032,1,1,100,6375.20,0.00,0.0000
pop100_gen500_mut0.1_elite0_tour5,100,500,0.1000,0,5,3,2,4,True,0.0067,2,2,200,6380.20,4683.40,-0.0220
pop100_gen500_mut0.1_elite0_tour5,100,500,0.1000,0,5,3,2,5,True,0.0033,1,1,100,6375.20,0.00,0.0000
pop100_gen500_mut0.1_elite0_tour5,100,500,0.1000,0,5,3,2,6,True,0.0033,1,1,100,6375.20,0.00,0.0000
pop100_gen500_mut0.1_elite0_tour5,100,500,0.1000,0,5,3,2,7,True,0.0035,1,1,100,6375.20,0.00,0.0000
pop100_gen500_mut0.1_elite0_tour5,100,500,0.1000,0,5,3,2,8,True,0.0071,2,2,200,6380.20,4683.40,-0.0400
pop100_gen500_mut0.1_elite0_tour5,100,500,0.1000,0,5,3,2,9,True,0.0070,2,2,200,6380.20,4683.40,-0.0300
pop100_gen500_mut0.1_elite0_tour5,100,500,0.1000,0,5,3,2,10,True,0.0072,2,2,200,6384.80,4688.00,-0.0410
pop200_gen500_mut0.1_elite0_tour1,200,500,0.1000,0,1,3,2,1,True,0.0099,1,1,200,6375.20,0.00,0.0000
pop200_gen500_mut0.1_elite0_tour1,200,500,0.1000,0,1,3,2,2,True,0.0101,1,1,200,6375.20,0.00,0.0000
pop200_gen500_mut0.1_elite0_tour1,200,500,0.1000,0,1,3,2,3,True,0.0107,1,1,200,6375.20,0.00,0.0000
pop200_gen500_mut0.1_elite0_tour1,200,500,0.1000,0,1,3,2,4,True,0.0101,1,1,200,6375.20,0.00,0.0000
pop200_gen500_mut0.1_elite0_tour1,200,500,0.1000,0,1,3,2,5,True,0.0207,2,2,400,6380.20,4683.40,-0.0230
pop200_gen500_mut0.1_elite0_tour1,200,500,0.1000,0,1,3,2,6,True,0.0103,1,1,200,6375.20,0.00,0.0000
pop200_gen500_mut0.1_elite0_tour1,200,500,0.1000,0,1,3,2,7,True,0.0204,2,2,400,6384.80,4688.00,-0.0260
pop200_gen500_mut0.1_elite0_tour1,200,500,0.1000,0,1,3,2,8,True,0.0226,2,2,400,6384.80,4688.00,-0.0320
pop200_gen500_mut0.1_elite0_tour1,200,500,0.1000,0,1,3,2,9,True,0.0097,1,1,200,6375.20,0.00,0.0000
pop200_gen500_mut0.1_elite0_tour1,200,500,0.1000,0,1,3,2,10,True,0.0206,2,2,400,6380.20,4683.40,-0.0370
pop200_gen500_mut0.1_elite0_tour2,200,500,0.1000,0,2,3,2,1,True,0.0204,2,2,400,6380.20,4683.40,-0.0320
pop200_gen500_mut0.1_elite0_tour2,200,500,0.1000,0,2,3,2,2,True,0.0103,1,1,200,6375.20,0.00,0.0000
pop200_gen500_mut0.1_elite0_tour2,200,500,0.1000,0,2,3,2,3,True,0.0102,1,1,200,6379.80,0.00,0.0000
pop200_gen500_mut0.1_elite0_tour2,200,500,0.1000,0,2,3,2,4,True,0.0098,1,1,200,6375.20,0.00,0.0000
pop200_gen500_mut0.1_elite0_tour2,200,500,0.1000,0,2,3,2,5,True,0.0103,1,1,200,6379.80,0.00,0.0000
pop200_gen500_mut0.1_elite0_tour2,200,500,0.1000,0,2,3,2,6,True,0.0104,1,1,200,6375.20,0.00,0.0000
pop200_gen500_mut0.1_elite0_tour2,200,500,0.1000,0,2,3,2,7,True,0.0101,1,1,200,6375.20,0.00,0.0000
pop200_gen500_mut0.1_elite0_tour2,200,500,0.1000,0,2,3,2,8,True,0.0103,1,1,200,6375.20,0.00,0.0000
pop200_gen500_mut0.1_elite0_tour2,200,500,0.1000,0,2,3,2,9,True,0.0105,1,1,200,6379.80,0.00,0.0000
pop200_gen500_mut0.1_elite0_tour2,200,500,0.1000,0,2,3,2,10,True,0.0110,1,1,200,6375.20,0.00,0.0000
pop200_gen500_mut0.1_elite0_tour3,200,500,0.1000,0,3,3,2,1,True,0.0107,1,1,200,6375.20,0.00,0.0000
pop200_gen500_mut0.1_elite0_tour3,200,500,0.1000,0,3,3,2,2,True,0.0108,1,1,200,6379.80,0.00,0.0000
pop200_gen500_mut0.1_elite0_tour3,200,500,0.1000,0,3,3,2,3,True,0.0215,2,2,400,6384.80,4688.00,-0.0310
pop200_gen500_mut0.1_elite0_tour3,200,500,0.1000,0,3,3,2,4,True,0.0207,2,2,400,6384.80,4688.00,-0.0370
pop200_gen500_mut0.1_elite0_tour3,200,500,0.1000,0,3,3,2,5,True,0.0100,1,1,200,6375.20,0.00,0.0000
pop200_gen500_mut0.1_elite0_tour3,200,500,0.1000,0,3,3,2,6,True,0.0110,1,1,200,6375.20,0.00,0.0000
pop200_gen500_mut0.1_elite0_tour3,200,500,0.1000,0,3,3,2,7,True,0.0100,1,1,200,6375.20,0.00,0.0000
pop200_gen500_mut0.1_elite0_tour3,200,500,0.1000,0,3,3,2,8,True,0.0112,1,1,200,6375.20,0.00,0.0000
pop200_gen500_mut0.1_elite0_tour3,200,500,0.1000,0,3,3,2,9,True,0.0103,1,1,200,6375.20,0.00,0.0000
pop200_gen500_mut0.1_elite0_tour3,200,500,0.1000,0,3,3,2,10,True,0.0103,1,1,200,6375.20,0.00,0.0000
pop200_gen500_mut0.1_elite0_tour5,200,500,0.1000,0,5,3,2,1,True,0.0102,1,1,200,6379.80,0.00,0.0000
pop200_gen500_mut0.1_elite0_tour5,200,500,0.1000,0,5,3,2,2,True,0.0101,1,1,200,6375.20,0.00,0.0000
pop200_gen500_mut0.1_elite0_tour5,200,500,0.1000,0,5,3,2,3,True,0.0103,1,1,200,6375.20,0.00,0.0000
pop200_gen500_mut0.1_elite0_tour5,200,500,0.1000,0,5,3,2,4,True,0.0099,1,1,200,6375.20,0.00,0.0000
pop200_gen500_mut0.1_elite0_tour5,200,500,0.1000,0,5,3,2,5,True,0.0100,1,1,200,6375.20,0.00,0.0000
pop200_gen500_mut0.1_elite0_tour5,200,500,0.1000,0,5,3,2,6,True,0.0103,1,1,200,6379.80,0.00,0.0000
pop200_gen500_mut0.1_elite0_tour5,200,500,0.1000,0,5,3,2,7,True,0.0210,2,2,400,6384.80,4688.00,-0.0310
pop200_gen500_mut0.1_elite0_tour5,200,500,0.1000,0,5,3,2,8,True,0.0101,1,1,200,6379.80,0.00,0.0000
pop200_gen500_mut0.1_elite0_tour5,200,500,0.1000,0,5,3,2,9,True,0.0099,1,1,200,6375.20,0.00,0.0000
pop200_gen500_mut0.1_elite0_tour5,200,500,0.1000,0,5,3,2,10,True,0.0101,1,1,200,6375.20,0.00,0.0000
pop300_gen500_mut0.1_elite0_tour1,300,500,0.1000,0,1,3,2,1,True,0.0230,1,1,300,6375.20,0.00,0.0000
pop300_gen500_mut0.1_elite0_tour1,300,500,0.1000,0,1,3,2,2,True,0.0206,1,1,300,6375.20,0.00,0.0000
pop300_gen500_mut0.1_elite0_tour1,300,500,0.1000,0,1,3,2,3,True,0.0200,1,1,300,6375.20,0.00,0.0000
pop300_gen500_mut0.1_elite0_tour1,300,500,0.1000,0,1,3,2,4,True,0.0199,1,1,300,6375.20,0.00,0.0000
pop300_gen500_mut0.1_elite0_tour1,300,500,0.1000,0,1,3,2,5,True,0.0198,1,1,300,6375.20,0.00,0.0000
pop300_gen500_mut0.1_elite0_tour1,300,500,0.1000,0,1,3,2,6,True,0.0212,1,1,300,6375.20,0.00,0.0000
pop300_gen500_mut0.1_elite0_tour1,300,500,0.1000,0,1,3,2,7,True,0.0428,2,2,600,6384.80,4688.00,-0.0270
pop300_gen500_mut0.1_elite0_tour1,300,500,0.1000,0,1,3,2,8,True,0.0200,1,1,300,6375.20,0.00,0.0000
pop300_gen500_mut0.1_elite0_tour1,300,500,0.1000,0,1,3,2,9,True,0.0209,1,1,300,6375.20,0.00,0.0000
pop300_gen500_mut0.1_elite0_tour1,300,500,0.1000,0,1,3,2,10,True,0.0201,1,1,300,6375.20,0.00,0.0000
pop300_gen500_mut0.1_elite0_tour2,300,500,0.1000,0,2,3,2,1,True,0.0211,1,1,300,6375.20,0.00,0.0000
pop300_gen500_mut0.1_elite0_tour2,300,500,0.1000,0,2,3,2,2,True,0.0404,2,2,600,6380.20,4683.40,-0.0360
pop300_gen500_mut0.1_elite0_tour2,300,500,0.1000,0,2,3,2,3,True,0.0213,1,1,300,6375.20,0.00,0.0000
pop300_gen500_mut0.1_elite0_tour2,300,500,0.1000,0,2,3,2,4,True,0.0206,1,1,300,6379.80,0.00,0.0000
pop300_gen500_mut0.1_elite0_tour2,300,500,0.1000,0,2,3,2,5,True,0.0206,1,1,300,6379.80,0.00,0.0000
pop300_gen500_mut0.1_elite0_tour2,300,500,0.1000,0,2,3,2,6,True,0.0212,1,1,300,6375.20,0.00,0.0000
pop300_gen500_mut0.1_elite0_tour2,300,500,0.1000,0,2,3,2,7,True,0.0205,1,1,300,6379.80,0.00,0.0000
pop300_gen500_mut0.1_elite0_tour2,300,500,0.1000,0,2,3,2,8,True,0.0203,1,1,300,6379.80,0.00,0.0000
pop300_gen500_mut0.1_elite0_tour2,300,500,0.1000,0,2,3,2,9,True,0.0201,1,1,300,6375.20,0.00,0.0000
pop300_gen500_mut0.1_elite0_tour2,300,500,0.1000,0,2,3,2,10,True,0.0201,1,1,300,6375.20,0.00,0.0000
pop300_gen500_mut0.1_elite0_tour3,300,500,0.1000,0,3,3,2,1,True,0.0277,1,1,300,6375.20,0.00,0.0000
pop300_gen500_mut0.1_elite0_tour3,300,500,0.1000,0,3,3,2,2,True,0.0201,1,1,300,6375.20,0.00,0.0000
pop300_gen500_mut0.1_elite0_tour3,300,500,0.1000,0,3,3,2,3,True,0.0209,1,1,300,6379.80,0.00,0.0000
pop300_gen500_mut0.1_elite0_tour3,300,500,0.1000,0,3,3,2,4,True,0.0412,2,2,600,6380.20,4683.40,-0.0240
pop300_gen500_mut0.1_elite0_tour3,300,500,0.1000,0,3,3,2,5,True,0.0202,1,1,300,6375.20,0.00,0.0000
pop300_gen500_mut0.1_elite0_tour3,300,500,0.1000,0,3,3,2,6,True,0.0200,1,1,300,6375.20,0.00,0.0000
pop300_gen500_mut0.1_elite0_tour3,300,500,0.1000,0,3,3,2,7,True,0.0199,1,1,300,6375.20,0.00,0.0000
pop300_gen500_mut0.1_elite0_tour3,300,500,0.1000,0,3,3,2,8,True,0.0201,1,1,300,6379.80,0.00,0.0000
pop300_gen500_mut0.1_elite0_tour3,300,500,0.1000,0,3,3,2,9,True,0.0414,2,2,600,6384.80,4688.00,-0.0380
pop300_gen500_mut0.1_elite0_tour3,300,500,0.1000,0,3,3,2,10,True,0.0212,1,1,300,6379.80,0.00,0.0000
pop300_gen500_mut0.1_elite0_tour5,300,500,0.1000,0,5,3,2,1,True,0.0213,1,1,300,6375.20,0.00,0.0000
pop300_gen500_mut0.1_elite0_tour5,300,500,0.1000,0,5,3,2,2,True,0.0199,1,1,300,6375.20,0.00,0.0000
pop300_gen500_mut0.1_elite0_tour5,300,500,0.1000,0,5,3,2,3,True,0.0228,1,1,300,6375.20,0.00,0.0000
pop300_gen500_mut0.1_elite0_tour5,300,500,0.1000,0,5,3,2,4,True,0.0420,2,2,600,6380.20,4683.40,-0.0280
pop300_gen500_mut0.1_elite0_tour5,300,500,0.1000,0,5,3,2,5,True,0.0243,1,1,300,6379.80,0.00,0.0000
pop300_gen500_mut0.1_elite0_tour5,300,500,0.1000,0,5,3,2,6,True,0.0429,2,2,600,6380.20,4683.40,-0.0360
pop300_gen500_mut0.1_elite0_tour5,300,500,0.1000,0,5,3,2,7,True,0.0207,1,1,300,6375.20,0.00,0.0000
pop300_gen500_mut0.1_elite0_tour5,300,500,0.1000,0,5,3,2,8,True,0.0202,1,1,300,6379.80,0.00,0.0000
pop300_gen500_mut0.1_elite0_tour5,300,500,0.1000,0,5,3,2,9,True,0.0200,1,1,300,6375.20,0.00,0.0000
pop300_gen500_mut0.1_elite0_tour5,300,500,0.1000,0,5,3,2,10,True,0.0198,1,1,300,6375.20,0.00,0.0000
pop500_gen500_mut0.1_elite0_tour1,500,500,0.1000,0,1,3,2,1,True,0.0520,1,1,500,6375.20,0.00,0.0000
pop500_gen500_mut0.1_elite0_tour1,500,500,0.1000,0,1,3,2,2,True,0.0554,1,1,500,6379.80,0.00,0.0000
pop500_gen500_mut0.1_elite0_tour1,500,500,0.1000,0,1,3,2,3,True,0.0535,1,1,500,6375.20,0.00,0.0000
pop500_gen500_mut0.1_elite0_tour1,500,500,0.1000,0,1,3,2,4,True,0.0509,1,1,500,6375.20,0.00,0.0000
pop500_gen500_mut0.1_elite0_tour1,500,500,0.1000,0,1,3,2,5,True,0.1032,2,2,1000,6384.80,4688.00,-0.0290
pop500_gen500_mut0.1_elite0_tour1,500,500,0.1000,0,1,3,2,6,True,0.1034,2,2,1000,6384.80,4688.00,-0.0300
pop500_gen500_mut0.1_elite0_tour1,500,500,0.1000,0,1,3,2,7,True,0.0507,1,1,500,6375.20,0.00,0.0000
pop500_gen500_mut0.1_elite0_tour1,500,500,0.1000,0,1,3,2,8,True,0.0520,1,1,500,6375.20,0.00,0.0000
pop500_gen500_mut0.1_elite0_tour1,500,500,0.1000,0,1,3,2,9,True,0.0652,1,1,500,6375.20,0.00,0.0000
pop500_gen500_mut0.1_elite0_tour1,500,500,0.1000,0,1,3,2,10,True,0.0506,1,1,500,6375.20,0.00,0.0000
pop500_gen500_mut0.1_elite0_tour2,500,500,0.1000,0,2,3,2,1,True,0.1058,2,2,1000,6380.20,4683.40,-0.0330
pop500_gen500_mut0.1_elite0_tour2,500,500,0.1000,0,2,3,2,2,True,0.0532,1,1,500,6375.20,0.00,0.0000
pop500_gen500_mut0.1_elite0_tour2,500,500,0.1000,0,2,3,2,3,True,0.0538,1,1,500,6379.80,0.00,0.0000
pop500_gen500_mut0.1_elite0_tour2,500,500,0.1000,0,2,3,2,4,True,0.0521,1,1,500,6379.80,0.00,0.0000
pop500_gen500_mut0.1_elite0_tour2,500,500,0.1000,0,2,3,2,5,True,0.0533,1,1,500,6375.20,0.00,0.0000
pop500_gen500_mut0.1_elite0_tour2,500,500,0.1000,0,2,3,2,6,True,0.1077,2,2,1000,6380.20,4683.40,-0.0310
pop500_gen500_mut0.1_elite0_tour2,500,500,0.1000,0,2,3,2,7,True,0.0524,1,1,500,6375.20,0.00,0.0000
pop500_gen500_mut0.1_elite0_tour2,500,500,0.1000,0,2,3,2,8,True,0.0499,1,1,500,6375.20,0.00,0.0000
pop500_gen500_mut0.1_elite0_tour2,500,500,0.1000,0,2,3,2,9,True,0.0502,1,1,500,6375.20,0.00,0.0000
pop500_gen500_mut0.1_elite0_tour2,500,500,0.1000,0,2,3,2,10,True,0.1036,2,2,1000,6380.20,4683.40,-0.0360
pop500_gen500_mut0.1_elite0_tour3,500,500,0.1000,0,3,3,2,1,True,0.0514,1,1,500,6375.20,0.00,0.0000
pop500_gen500_mut0.1_elite0_tour3,500,500,0.1000,0,3,3,2,2,True,0.0520,1,1,500,6379.80,0.00,0.0000
pop500_gen500_mut0.1_elite0_tour3,500,500,0.1000,0,3,3,2,3,True,0.0507,1,1,500,6375.20,0.00,0.0000
pop500_gen500_mut0.1_elite0_tour3,500,500,0.1000,0,3,3,2,4,True,0.0589,1,1,500,6375.20,0.00,0.0000
pop500_gen500_mut0.1_elite0_tour3,500,500,0.1000,0,3,3,2,5,True,0.0528,1,1,500,6375.20,0.00,0.0000
pop500_gen500_mut0.1_elite0_tour3,500,500,0.1000,0,3,3,2,6,True,0.0541,1,1,500,6375.20,0.00,0.0000
pop500_gen500_mut0.1_elite0_tour3,500,500,0.1000,0,3,3,2,7,True,0.1077,2,2,1000,6384.80,4688.00,-0.0320
pop500_gen500_mut0.1_elite0_tour3,500,500,0.1000,0,3,3,2,8,True,0.0552,1,1,500,6379.80,0.00,0.0000
pop500_gen500_mut0.1_elite0_tour3,500,500,0.1000,0,3,3,2,9,True,0.0512,1,1,500,6375.20,0.00,0.0000
pop500_gen500_mut0.1_elite0_tour3,500,500,0.1000,0,3,3,2,10,True,0.0515,1,1,500,6375.20,0.00,0.0000
pop500_gen500_mut0.1_elite0_tour5,500,500,0.1000,0,5,3,2,1,True,0.1044,2,2,1000,6384.80,4688.00,-0.0380
pop500_gen500_mut0.1_elite0_tour5,500,500,0.1000,0,5,3,2,2,True,0.0601,1,1,500,6375.20,0.00,0.0000
pop500_gen500_mut0.1_elite0_tour5,500,500,0.1000,0,5,3,2,3,True,0.0526,1,1,500,6379.80,0.00,0.0000
pop500_gen500_mut0.1_elite0_tour5,500,500,0.1000,0,5,3,2,4,True,0.0512,1,1,500,6375.20,0.00,0.0000
pop500_gen500_mut0.1_elite0_tour5,500,500,0.1000,0,5,3,2,5,True,0.0515,1,1,500,6379.80,0.00,0.0000
pop500_gen500_mut0.1_elite0_tour5,500,500,0.1000,0,5,3,2,6,True,0.0550,1,1,500,6375.20,0.00,0.0000
pop500_gen500_mut0.1_elite0_tour5,500,500,0.1000,0,5,3,2,7,True,0.0551,1,1,500,6375.20,0.00,0.0000
pop500_gen500_mut0.1_elite0_tour5,500,500,0.1000,0,5,3,2,8,True,0.0597,1,1,500,6379.80,0.00,0.0000
pop500_gen500_mut0.1_elite0_tour5,500,500,0.1000,0,5,3,2,9,True,0.0508,1,1,500,6375.20,0.00,0.0000
pop500_gen500_mut0.1_elite0_tour5,500,500,0.1000,0,5,3,2,10,True,0.0517,1,1,500,6375.20,0.00,0.0000
pop100_gen1000_mut0.01_elite0_tour1,100,1000,0.0100,0,1,3,2,1,True,0.0106,3,3,300,6380.20,4683.40,-0.0070
pop100_gen1000_mut0.01_elite0_tour1,100,1000,0.0100,0,1,3,2,2,True,0.0066,2,2,200,6380.20,4683.40,-0.0070
pop100_gen1000_mut0.01_elite0_tour1,100,1000,0.0100,0,1,3,2,3,True,0.0033,1,1,100,6375.20,0.00,0.0000
pop100_gen1000_mut0.01_elite0_tour1,100,1000,0.0100,0,1,3,2,4,True,0.0032,1,1,100,6375.20,0.00,0.0000
pop100_gen1000_mut0.01_elite0_tour1,100,1000,0.0100,0,1,3,2,5,True,0.0033,1,1,100,6375.20,0.00,0.0000
pop100_gen1000_mut0.01_elite0_tour1,100,1000,0.0100,0,1,3,2,6,True,0.0102,3,3,300,6380.20,4683.40,-0.0070
pop100_gen1000_mut0.01_elite0_tour1,100,1000,0.0100,0,1,3,2,7,True,0.0035,1,1,100,6375.20,0.00,0.0000
pop100_gen1000_mut0.01_elite0_tour1,100,1000,0.0100,0,1,3,2,8,True,0.0038,1,1,100,6375.20,0.00,0.0000
pop100_gen1000_mut0.01_elite0_tour1,100,1000,0.0100,0,1,3,2,9,True,0.0032,1,1,100,6375.20,0.00,0.0000
pop100_gen1000_mut0.01_elite0_tour1,100,1000,0.0100,0,1,3,2,10,True,0.0038,1,1,100,6379.80,0.00,0.0000
pop100_gen1000_mut0.01_elite0_tour2,100,1000,0.0100,0,2,3,2,1,True,0.0032,1,1,100,6375.20,0.00,0.0000
pop100_gen1000_mut0.01_elite0_tour2,100,1000,0.0100,0,2,3,2,2,True,0.0075,2,2,200,6380.20,4683.40,-0.0020
pop100_gen1000_mut0.01_elite0_tour2,100,1000,0.0100,0,2,3,2,3,True,0.0032,1,1,100,6375.20,0.00,0.0000
pop100_gen1000_mut0.01_elite0_tour2,100,1000,0.0100,0,2,3,2,4,True,0.0034,1,1,100,6375.20,0.00,0.0000
pop100_gen1000_mut0.01_elite0_tour2,100,1000,0.0100,0,2,3,2,5,True,0.0032,1,1,100,6375.20,0.00,0.0000
pop100_gen1000_mut0.01_elite0_tour2,100,1000,0.0100,0,2,3,2,6,True,0.0033,1,1,100,6375.20,0.00,0.0000
pop100_gen1000_mut0.01_elite0_tour2,100,1000,0.0100,0,2,3,2,7,True,0.0034,1,1,100,6379.80,0.00,0.0000
pop100_gen1000_mut0.01_elite0_tour2,100,1000,0.0100,0,2,3,2,8,True,0.0033,1,1,100,6375.20,0.00,0.0000
pop100_gen1000_mut0.01_elite0_tour2,100,1000,0.0100,0,2,3,2,9,True,0.0036,1,1,100,6375.20,0.00,0.0000
pop100_gen1000_mut0.01_elite0_tour2,100,1000,0.0100,0,2,3,2,10,True,0.0039,1,1,100,6375.20,0.00,0.0000
pop100_gen1000_mut0.01_elite0_tour3,100,1000,0.0100,0,3,3,2,1,True,0.0032,1,1,100,6375.20,0.00,0.0000
pop100_gen1000_mut0.01_elite0_tour3,100,1000,0.0100,0,3,3,2,2,True,0.0033,1,1,100,6375.20,0.00,0.0000
pop100_gen1000_mut0.01_elite0_tour3,100,1000,0.0100,0,3,3,2,3,True,0.0035,1,1,100,6375.20,0.00,0.0000
pop100_gen1000_mut0.01_elite0_tour3,100,1000,0.0100,0,3,3,2,4,True,0.0100,3,3,300,6380.20,4683.40,-0.0040
pop100_gen1000_mut0.01_elite0_tour3,100,1000,0.0100,0,3,3,2,5,True,0.0032,1,1,100,6375.20,0.00,0.0000
pop100_gen1000_mut0.01_elite0_tour3,100,1000,0.0100,0,3,3,2,6,True,0.0171,5,5,500,6380.20,4683.40,-0.0070
pop100_gen1000_mut0.01_elite0_tour3,100,1000,0.0100,0,3,3,2,7,True,0.0207,6,6,600,6384.80,4688.00,-0.0350
pop100_gen1000_mut0.01_elite0_tour3,100,1000,0.0100,0,3,3,2,8,True,0.0033,1,1,100,6375.20,0.00,0.0000
pop100_gen1000_mut0.01_elite0_tour3,100,1000,0.0100,0,3,3,2,9,True,0.0033,1,1,100,6375.20,0.00,0.0000
pop100_gen1000_mut0.01_elite0_tour3,100,1000,0.0100,0,3,3,2,10,True,0.0034,1,1,100,6379.80,0.00,0.0000
pop100_gen1000_mut0.01_elite0_tour5,100,1000,0.0100,0,5,3,2,1,True,0.0033,1,1,100,6375.20,0.00,0.0000
pop100_gen1000_mut0.01_elite0_tour5,100,1000,0.0100,0,5,3,2,2,True,0.0033,1,1,100,6375.20,0.00,0.0000
pop100_gen1000_mut0.01_elite0_tour5,100,1000,0.0100,0,5,3,2,3,True,0.0068,2,2,200,6380.20,4683.40,-0.0020
pop100_gen1000_mut0.01_elite0_tour5,100,1000,0.0100,0,5,3,2,4,True,0.0039,1,1,100,6375.20,0.00,0.0000
pop100_gen1000_mut0.01_elite0_tour5,100,1000,0.0100,0,5,3,2,5,True,0.0034,1,1,100,6379.80,0.00,0.0000
pop100_gen1000_mut0.01_elite0_tour5,100,1000,0.0100,0,5,3,2,6,True,0.0034,1,1,100,6379.80,0.00,0.0000
pop100_gen1000_mut0.01_elite0_tour5,100,1000,0.0100,0,5,3,2,7,True,0.0033,1,1,100,6375.20,0.00,0.0000
pop100_gen1000_mut0.01_elite0_tour5,100,1000,0.0100,0,5,3,2,8,True,0.0033,1,1,100,6375.20,0.00,0.0000
pop100_gen1000_mut0.01_elite0_tour5,100,1000,0.0100,0,5,3,2,9,True,0.0034,1,1,100,6379.80,0.00,0.0000
pop100_gen1000_mut0.01_elite0_tour5,100,1000,0.0100,0,5,3,2,10,True,0.0034,1,1,100,6375.20,0.00,0.0000
pop200_gen1000_mut0.01_elite0_tour1,200,1000,0.0100,0,1,3,2,1,True,0.0102,1,1,200,6379.80,0.00,0.0000
pop200_gen1000_mut0.01_elite0_tour1,200,1000,0.0100,0,1,3,2,2,True,0.0099,1,1,200,6375.20,0.00,0.0000
pop200_gen1000_mut0.01_elite0_tour1,200,1000,0.0100,0,1,3,2,3,True,0.0099,1,1,200,6375.20,0.00,0.0000
pop200_gen1000_mut0.01_elite0_tour1,200,1000,0.0100,0,1,3,2,4,True,0.0100,1,1,200,6375.20,0.00,0.0000
pop200_gen1000_mut0.01_elite0_tour1,200,1000,0.0100,0,1,3,2,5,True,0.0100,1,1,200,6375.20,0.00,0.0000
pop200_gen1000_mut0.01_elite0_tour1,200,1000,0.0100,0,1,3,2,6,True,0.0102,1,1,200,6375.20,0.00,0.0000
pop200_gen1000_mut0.01_elite0_tour1,200,1000,0.0100,0,1,3,2,7,True,0.0098,1,1,200,6375.20,0.00,0.0000
pop200_gen1000_mut0.01_elite0_tour1,200,1000,0.0100,0,1,3,2,8,True,0.0218,2,2,400,6380.20,4683.40,-0.0120
pop200_gen1000_mut0.01_elite0_tour1,200,1000,0.0100,0,1,3,2,9,True,0.0100,1,1,200,6375.20,0.00,0.0000
pop200_gen1000_mut0.01_elite0_tour1,200,1000,0.0100,0,1,3,2,10,True,0.0102,1,1,200,6379.80,0.00,0.0000
pop200_gen1000_mut0.01_elite0_tour2,200,1000,0.0100,0,2,3,2,1,True,0.0104,1,1,200,6379.80,0.00,0.0000
pop200_gen1000_mut0.01_elite0_tour2,200,1000,0.0100,0,2,3,2,2,True,0.0122,1,1,200,6375.20,0.00,0.0000
pop200_gen1000_mut0.01_elite0_tour2,200,1000,0.0100,0,2,3,2,3,True,0.0100,1,1,200,6375.20,0.00,0.0000
pop200_gen1000_mut0.01_elite0_tour2,200,1000,0.0100,0,2,3,2,4,True,0.0103,1,1,200,6375.20,0.00,0.0000
pop200_gen1000_mut0.01_elite0_tour2,200,1000,0.0100,0,2,3,2,5,True,0.0408,4,4,800,6380.20,4683.40,-0.0020
pop200_gen1000_mut0.01_elite0_tour2,200,1000,0.0100,0,2,3,2,6,True,0.0101,1,1,200,6375.20,0.00,0.0000
pop200_gen1000_mut0.01_elite0_tour2,200,1000,0.0100,0,2,3,2,7,True,0.0099,1,1,200,6375.20,0.00,0.0000
pop200_gen1000_mut0.01_elite0_tour2,200,1000,0.0100,0,2,3,2,8,True,0.0104,1,1,200,6379.80,0.00,0.0000
pop200_gen1000_mut0.01_elite0_tour2,200,1000,0.0100,0,2,3,2,9,True,0.0101,1,1,200,6375.20,0.00,0.0000
pop200_gen1000_mut0.01_elite0_tour2,200,1000,0.0100,0,2,3,2,10,True,0.0099,1,1,200,6375.20,0.00,0.0000
pop200_gen1000_mut0.01_elite0_tour3,200,1000,0.0100,0,3,3,2,1,True,0.0101,1,1,200,6375.20,0.00,0.0000
pop200_gen1000_mut0.01_elite0_tour3,200,1000,0.0100,0,3,3,2,2,True,0.0104,1,1,200,6379.80,0.00,0.0000
pop200_gen1000_mut0.01_elite0_tour3,200,1000,0.0100,0,3,3,2,3,True,0.0104,1,1,200,6375.20,0.00,0.0000
pop200_gen1000_mut0.01_elite0_tour3,200,1000,0.0100,0,3,3,2,4,True,0.0102,1,1,200,6375.20,0.00,0.0000
pop200_gen1000_mut0.01_elite0_tour3,200,1000,0.0100,0,3,3,2,5,True,0.0105,1,1,200,6375.20,0.00,0.0000
pop200_gen1000_mut0.01_elite0_tour3,200,1000,0.0100,0,3,3,2,6,True,0.0407,4,4,800,6380.20,4683.40,-0.0120
pop200_gen1000_mut0.01_elite0_tour3,200,1000,0.0100,0,3,3,2,7,True,0.0103,1,1,200,6375.20,0.00,0.0000
pop200_gen1000_mut0.01_elite0_tour3,200,1000,0.0100,0,3,3,2,8,True,0.0101,1,1,200,6375.20,0.00,0.0000
pop200_gen1000_mut0.01_elite0_tour3,200,1000,0.0100,0,3,3,2,9,True,0.0100,1,1,200,6375.20,0.00,0.0000
pop200_gen1000_mut0.01_elite0_tour3,200,1000,0.0100,0,3,3,2,10,True,0.0103,1,1,200,6375.20,0.00,0.0000
pop200_gen1000_mut0.01_elite0_tour5,200,1000,0.0100,0,5,3,2,1,True,0.0098,1,1,200,6375.20,0.00,0.0000
pop200_gen1000_mut0.01_elite0_tour5,200,1000,0.0100,0,5,3,2,2,True,0.0101,1,1,200,6375.20,0.00,0.0000
pop200_gen1000_mut0.01_elite0_tour5,200,1000,0.0100,0,5,3,2,3,True,0.0141,1,1,200,6375.20,0.00,0.0000
pop200_gen1000_mut0.01_elite0_tour5,200,1000,0.0100,0,5,3,2,4,True,0.0104,1,1,200,6379.80,0.00,0.0000
pop200_gen1000_mut0.01_elite0_tour5,200,1000,0.0100,0,5,3,2,5,True,0.0103,1,1,200,6379.80,0.00,0.0000
pop200_gen1000_mut0.01_elite0_tour5,200,1000,0.0100,0,5,3,2,6,True,0.0315,3,3,600,6380.20,4683.40,-0.0020
pop200_gen1000_mut0.01_elite0_tour5,200,1000,0.0100,0,5,3,2,7,True,0.0215,2,2,400,6380.20,4683.40,-0.0070
pop200_gen1000_mut0.01_elite0_tour5,200,1000,0.0100,0,5,3,2,8,True,0.0097,1,1,200,6375.20,0.00,0.0000
pop200_gen1000_mut0.01_elite0_tour5,200,1000,0.0100,0,5,3,2,9,True,0.0207,2,2,400,6380.20,4683.40,-0.0010
pop200_gen1000_mut0.01_elite0_tour5,200,1000,0.0100,0,5,3,2,10,True,0.0214,2,2,400,6380.20,4683.40,-0.0030
pop300_gen1000_mut0.01_elite0_tour1,300,1000,0.0100,0,1,3,2,1,True,0.0404,2,2,600,6380.20,4683.40,-0.0060
pop300_gen1000_mut0.01_elite0_tour1,300,1000,0.0100,0,1,3,2,2,True,0.0201,1,1,300,6375.20,0.00,0.0000
pop300_gen1000_mut0.01_elite0_tour1,300,1000,0.0100,0,1,3,2,3,True,0.0451,2,2,600,6380.20,4683.40,-0.0020
pop300_gen1000_mut0.01_elite0_tour1,300,1000,0.0100,0,1,3,2,4,True,0.0196,1,1,300,6375.20,0.00,0.0000
pop300_gen1000_mut0.01_elite0_tour1,300,1000,0.0100,0,1,3,2,5,True,0.0404,2,2,600,6380.20,4683.40,-0.0020
pop300_gen1000_mut0.01_elite0_tour1,300,1000,0.0100,0,1,3,2,6,True,0.0202,1,1,300,6375.20,0.00,0.0000
pop300_gen1000_mut0.01_elite0_tour1,300,1000,0.0100,0,1,3,2,7,True,0.0203,1,1,300,6375.20,0.00,0.0000
pop300_gen1000_mut0.01_elite0_tour1,300,1000,0.0100,0,1,3,2,8,True,0.0201,1,1,300,6375.20,0.00,0.0000
pop300_gen1000_mut0.01_elite0_tour1,300,1000,0.0100,0,1,3,2,9,True,0.0207,1,1,300,6375.20,0.00,0.0000
pop300_gen1000_mut0.01_elite0_tour1,300,1000,0.0100,0,1,3,2,10,True,0.0421,2,2,600,6380.20,4683.40,-0.0050
pop300_gen1000_mut0.01_elite0_tour2,300,1000,0.0100,0,2,3,2,1,True,0.0215,1,1,300,6375.20,0.00,0.0000
pop300_gen1000_mut0.01_elite0_tour2,300,1000,0.0100,0,2,3,2,2,True,0.0500,2,2,600,6380.20,4683.40,-0.0040
pop300_gen1000_mut0.01_elite0_tour2,300,1000,0.0100,0,2,3,2,3,True,0.0208,1,1,300,6375.20,0.00,0.0000
pop300_gen1000_mut0.01_elite0_tour2,300,1000,0.0100,0,2,3,2,4,True,0.0195,1,1,300,6375.20,0.00,0.0000
pop300_gen1000_mut0.01_elite0_tour2,300,1000,0.0100,0,2,3,2,5,True,0.0203,1,1,300,6375.20,0.00,0.0000
pop300_gen1000_mut0.01_elite0_tour2,300,1000,0.0100,0,2,3,2,6,True,0.0406,2,2,600,6380.20,4683.40,-0.0050
pop300_gen1000_mut0.01_elite0_tour2,300,1000,0.0100,0,2,3,2,7,True,0.0415,2,2,600,6380.20,4683.40,-0.0040
pop300_gen1000_mut0.01_elite0_tour2,300,1000,0.0100,0,2,3,2,8,True,0.0210,1,1,300,6379.80,0.00,0.0000
pop300_gen1000_mut0.01_elite0_tour2,300,1000,0.0100,0,2,3,2,9,True,0.0205,1,1,300,6375.20,0.00,0.0000
pop300_gen1000_mut0.01_elite0_tour2,300,1000,0.0100,0,2,3,2,10,True,0.0199,1,1,300,6375.20,0.00,0.0000
pop300_gen1000_mut0.01_elite0_tour3,300,1000,0.0100,0,3,3,2,1,True,0.0206,1,1,300,6375.20,0.00,0.0000
pop300_gen1000_mut0.01_elite0_tour3,300,1000,0.0100,0,3,3,2,2,True,0.0204,1,1,300,6379.80,0.00,0.0000
pop300_gen1000_mut0.01_elite0_tour3,300,1000,0.0100,0,3,3,2,3,True,0.0217,1,1,300,6375.20,0.00,0.0000
pop300_gen1000_mut0.01_elite0_tour3,300,1000,0.0100,0,3,3,2,4,True,0.0420,2,2,600,6380.20,4683.40,-0.0020
pop300_gen1000_mut0.01_elite0_tour3,300,1000,0.0100,0,3,3,2,5,True,0.0201,1,1,300,6375.20,0.00,0.0000
pop300_gen1000_mut0.01_elite0_tour3,300,1000,0.0100,0,3,3,2,6,True,0.0209,1,1,300,6375.20,0.00,0.0000
pop300_gen1000_mut0.01_elite0_tour3,300,1000,0.0100,0,3,3,2,7,True,0.0242,1,1,300,6375.20,0.00,0.0000
pop300_gen1000_mut0.01_elite0_tour3,300,1000,0.0100,0,3,3,2,8,True,0.0202,1,1,300,6375.20,0.00,0.0000
pop300_gen1000_mut0.01_elite0_tour3,300,1000,0.0100,0,3,3,2,9,True,0.0245,1,1,300,6375.20,0.00,0.0000
pop300_gen1000_mut0.01_elite0_tour3,300,1000,0.0100,0,3,3,2,10,True,0.0205,1,1,300,6375.20,0.00,0.0000
pop300_gen1000_mut0.01_elite0_tour5,300,1000,0.0100,0,5,3,2,1,True,0.0250,1,1,300,6375.20,0.00,0.0000
pop300_gen1000_mut0.01_elite0_tour5,300,1000,0.0100,0,5,3,2,2,True,0.0523,2,2,600,6380.20,4683.40,-0.0030
pop300_gen1000_mut0.01_elite0_tour5,300,1000,0.0100,0,5,3,2,3,True,0.0216,1,1,300,6375.20,0.00,0.0000
pop300_gen1000_mut0.01_elite0_tour5,300,1000,0.0100,0,5,3,2,4,True,0.0208,1,1,300,6379.80,0.00,0.0000
pop300_gen1000_mut0.01_elite0_tour5,300,1000,0.0100,0,5,3,2,5,True,0.0200,1,1,300,6375.20,0.00,0.0000
pop300_gen1000_mut0.01_elite0_tour5,300,1000,0.0100,0,5,3,2,6,True,0.0209,1,1,300,6379.80,0.00,0.0000
pop300_gen1000_mut0.01_elite0_tour5,300,1000,0.0100,0,5,3,2,7,True,0.0274,1,1,300,6375.20,0.00,0.0000
pop300_gen1000_mut0.01_elite0_tour5,300,1000,0.0100,0,5,3,2,8,True,0.0208,1,1,300,6375.20,0.00,0.0000
pop300_gen1000_mut0.01_elite0_tour5,300,1000,0.0100,0,5,3,2,9,True,0.0207,1,1,300,6375.20,0.00,0.0000
pop300_gen1000_mut0.01_elite0_tour5,300,1000,0.0100,0,5,3,2,10,True,0.0204,1,1,300,6375.20,0.00,0.0000
pop500_gen1000_mut0.01_elite0_tour1,500,1000,0.0100,0,1,3,2,1,True,0.0509,1,1,500,6375.20,0.00,0.0000
pop500_gen1000_mut0.01_elite0_tour1,500,1000,0.0100,0,1,3,2,2,True,0.0511,1,1,500,6375.20,0.00,0.0000
pop500_gen1000_mut0.01_elite0_tour1,500,1000,0.0100,0,1,3,2,3,True,0.0633,1,1,500,6375.20,0.00,0.0000
pop500_gen1000_mut0.01_elite0_tour1,500,1000,0.0100,0,1,3,2,4,True,0.0514,1,1,500,6379.80,0.00,0.0000
pop500_gen1000_mut0.01_elite0_tour1,500,1000,0.0100,0,1,3,2,5,True,0.0511,1,1,500,6375.20,0.00,0.0000
pop500_gen1000_mut0.01_elite0_tour1,500,1000,0.0100,0,1,3,2,6,True,0.0523,1,1,500,6379.80,0.00,0.0000
pop500_gen1000_mut0.01_elite0_tour1,500,1000,0.0100,0,1,3,2,7,True,0.0502,1,1,500,6375.20,0.00,0.0000
pop500_gen1000_mut0.01_elite0_tour1,500,1000,0.0100,0,1,3,2,8,True,0.0584,1,1,500,6379.80,0.00,0.0000
pop500_gen1000_mut0.01_elite0_tour1,500,1000,0.0100,0,1,3,2,9,True,0.0512,1,1,500,6375.20,0.00,0.0000
pop500_gen1000_mut0.01_elite0_tour1,500,1000,0.0100,0,1,3,2,10,True,0.1028,2,2,1000,6380.20,4683.40,-0.0040
pop500_gen1000_mut0.01_elite0_tour2,500,1000,0.0100,0,2,3,2,1,True,0.0542,1,1,500,6375.20,0.00,0.0000
pop500_gen1000_mut0.01_elite0_tour2,500,1000,0.0100,0,2,3,2,2,True,0.0534,1,1,500,6375.20,0.00,0.0000
pop500_gen1000_mut0.01_elite0_tour2,500,1000,0.0100,0,2,3,2,3,True,0.0504,1,1,500,6375.20,0.00,0.0000
pop500_gen1000_mut0.01_elite0_tour2,500,1000,0.0100,0,2,3,2,4,True,0.0515,1,1,500,6375.20,0.00,0.0000
pop500_gen1000_mut0.01_elite0_tour2,500,1000,0.0100,0,2,3,2,5,True,0.0513,1,1,500,6375.20,0.00,0.0000
pop500_gen1000_mut0.01_elite0_tour2,500,1000,0.0100,0,2,3,2,6,True,0.1081,2,2,1000,6380.20,4683.40,-0.0030
pop500_gen1000_mut0.01_elite0_tour2,500,1000,0.0100,0,2,3,2,7,True,0.0519,1,1,500,6375.20,0.00,0.0000
pop500_gen1000_mut0.01_elite0_tour2,500,1000,0.0100,0,2,3,2,8,True,0.0517,1,1,500,6375.20,0.00,0.0000
pop500_gen1000_mut0.01_elite0_tour2,500,1000,0.0100,0,2,3,2,9,True,0.0519,1,1,500,6375.20,0.00,0.0000
pop500_gen1000_mut0.01_elite0_tour2,500,1000,0.0100,0,2,3,2,10,True,0.0596,1,1,500,6375.20,0.00,0.0000
pop500_gen1000_mut0.01_elite0_tour3,500,1000,0.0100,0,3,3,2,1,True,0.0608,1,1,500,6375.20,0.00,0.0000
pop500_gen1000_mut0.01_elite0_tour3,500,1000,0.0100,0,3,3,2,2,True,0.0518,1,1,500,6375.20,0.00,0.0000
pop500_gen1000_mut0.01_elite0_tour3,500,1000,0.0100,0,3,3,2,3,True,0.0514,1,1,500,6375.20,0.00,0.0000
pop500_gen1000_mut0.01_elite0_tour3,500,1000,0.0100,0,3,3,2,4,True,0.0525,1,1,500,6375.20,0.00,0.0000
pop500_gen1000_mut0.01_elite0_tour3,500,1000,0.0100,0,3,3,2,5,True,0.0589,1,1,500,6375.20,0.00,0.0000
pop500_gen1000_mut0.01_elite0_tour3,500,1000,0.0100,0,3,3,2,6,True,0.1071,2,2,1000,6380.20,4683.40,-0.0040
pop500_gen1000_mut0.01_elite0_tour3,500,1000,0.0100,0,3,3,2,7,True,0.0544,1,1,500,6379.80,0.00,0.0000
pop500_gen1000_mut0.01_elite0_tour3,500,1000,0.0100,0,3,3,2,8,True,0.0564,1,1,500,6379.80,0.00,0.0000
pop500_gen1000_mut0.01_elite0_tour3,500,1000,0.0100,0,3,3,2,9,True,0.1085,2,2,1000,6380.20,4683.40,-0.0030
pop500_gen1000_mut0.01_elite0_tour3,500,1000,0.0100,0,3,3,2,10,True,0.0580,1,1,500,6375.20,0.00,0.0000
pop500_gen1000_mut0.01_elite0_tour5,500,1000,0.0100,0,5,3,2,1,True,0.0525,1,1,500,6379.80,0.00,0.0000
pop500_gen1000_mut0.01_elite0_tour5,500,1000,0.0100,0,5,3,2,2,True,0.0523,1,1,500,6375.20,0.00,0.0000
pop500_gen1000_mut0.01_elite0_tour5,500,1000,0.0100,0,5,3,2,3,True,0.1098,2,2,1000,6380.20,4683.40,-0.0030
pop500_gen1000_mut0.01_elite0_tour5,500,1000,0.0100,0,5,3,2,4,True,0.0523,1,1,500,6375.20,0.00,0.0000
pop500_gen1000_mut0.01_elite0_tour5,500,1000,0.0100,0,5,3,2,5,True,0.0525,1,1,500,6379.80,0.00,0.0000
pop500_gen1000_mut0.01_elite0_tour5,500,1000,0.0100,0,5,3,2,6,True,0.0593,1,1,500,6375.20,0.00,0.0000
pop500_gen1000_mut0.01_elite0_tour5,500,1000,0.0100,0,5,3,2,7,True,0.0538,1,1,500,6379.80,0.00,0.0000
pop500_gen1000_mut0.01_elite0_tour5,500,1000,0.0100,0,5,3,2,8,True,0.1065,2,2,1000,6380.20,4683.40,-0.0030
pop500_gen1000_mut0.01_elite0_tour5,500,1000,0.0100,0,5,3,2,9,True,0.1069,2,2,1000,6380.20,4683.40,-0.0030
pop500_gen1000_mut0.01_elite0_tour5,500,1000,0.0100,0,5,3,2,10,True,0.0528,1,1,500,6375.20,0.00,0.0000
pop100_gen1000_mut0.03_elite0_tour1,100,1000,0.0300,0,1,3,2,1,True,0.0067,2,2,200,6380.20,4683.40,-0.0090
pop100_gen1000_mut0.03_elite0_tour1,100,1000,0.0300,0,1,3,2,2,True,0.0037,1,1,100,6379.80,0.00,0.0000
pop100_gen1000_mut0.03_elite0_tour1,100,1000,0.0300,0,1,3,2,3,True,0.0108,3,3,300,6384.80,4688.00,-0.0260
pop100_gen1000_mut0.03_elite0_tour1,100,1000,0.0300,0,1,3,2,4,True,0.0035,1,1,100,6379.80,0.00,0.0000
pop100_gen1000_mut0.03_elite0_tour1,100,1000,0.0300,0,1,3,2,5,True,0.0056,1,1,100,6379.80,0.00,0.0000
pop100_gen1000_mut0.03_elite0_tour1,100,1000,0.0300,0,1,3,2,6,True,0.0034,1,1,100,6375.20,0.00,0.0000
pop100_gen1000_mut0.03_elite0_tour1,100,1000,0.0300,0,1,3,2,7,True,0.0033,1,1,100,6375.20,0.00,0.0000
pop100_gen1000_mut0.03_elite0_tour1,100,1000,0.0300,0,1,3,2,8,True,0.0036,1,1,100,6375.20,0.00,0.0000
pop100_gen1000_mut0.03_elite0_tour1,100,1000,0.0300,0,1,3,2,9,True,0.0036,1,1,100,6379.80,0.00,0.0000
pop100_gen1000_mut0.03_elite0_tour1,100,1000,0.0300,0,1,3,2,10,True,0.0037,1,1,100,6379.80,0.00,0.0000
pop100_gen1000_mut0.03_elite0_tour2,100,1000,0.0300,0,2,3,2,1,True,0.0056,1,1,100,6379.80,0.00,0.0000
pop100_gen1000_mut0.03_elite0_tour2,100,1000,0.0300,0,2,3,2,2,True,0.0034,1,1,100,6375.20,0.00,0.0000
pop100_gen1000_mut0.03_elite0_tour2,100,1000,0.0300,0,2,3,2,3,True,0.0070,2,2,200,6380.20,4683.40,-0.0150
pop100_gen1000_mut0.03_elite0_tour2,100,1000,0.0300,0,2,3,2,4,True,0.0068,2,2,200,6380.20,4683.40,-0.0110
pop100_gen1000_mut0.03_elite0_tour2,100,1000,0.0300,0,2,3,2,5,True,0.0034,1,1,100,6375.20,0.00,0.0000
pop100_gen1000_mut0.03_elite0_tour2,100,1000,0.0300,0,2,3,2,6,True,0.0033,1,1,100,6375.20,0.00,0.0000
pop100_gen1000_mut0.03_elite0_tour2,100,1000,0.0300,0,2,3,2,7,True,0.0035,1,1,100,6379.80,0.00,0.0000
pop100_gen1000_mut0.03_elite0_tour2,100,1000,0.0300,0,2,3,2,8,True,0.0071,2,2,200,6380.20,4683.40,-0.0130
pop100_gen1000_mut0.03_elite0_tour2,100,1000,0.0300,0,2,3,2,9,True,0.0032,1,1,100,6375.20,0.00,0.0000
pop100_gen1000_mut0.03_elite0_tour2,100,1000,0.0300,0,2,3,2,10,True,0.0035,1,1,100,6379.80,0.00,0.0000
pop100_gen1000_mut0.03_elite0_tour3,100,1000,0.0300,0,3,3,2,1,True,0.0035,1,1,100,6375.20,0.00,0.0000
pop100_gen1000_mut0.03_elite0_tour3,100,1000,0.0300,0,3,3,2,2,True,0.0072,2,2,200,6380.20,4683.40,-0.0170
pop100_gen1000_mut0.03_elite0_tour3,100,1000,0.0300,0,3,3,2,3,True,0.0036,1,1,100,6375.20,0.00,0.0000
pop100_gen1000_mut0.03_elite0_tour3,100,1000,0.0300,0,3,3,2,4,True,0.0036,1,1,100,6375.20,0.00,0.0000
pop100_gen1000_mut0.03_elite0_tour3,100,1000,0.0300,0,3,3,2,5,True,0.0071,2,2,200,6380.20,4683.40,-0.0070
pop100_gen1000_mut0.03_elite0_tour3,100,1000,0.0300,0,3,3,2,6,True,0.0034,1,1,100,6375.20,0.00,0.0000
pop100_gen1000_mut0.03_elite0_tour3,100,1000,0.0300,0,3,3,2,7,True,0.0037,1,1,100,6379.80,0.00,0.0000
pop100_gen1000_mut0.03_elite0_tour3,100,1000,0.0300,0,3,3,2,8,True,0.0035,1,1,100,6379.80,0.00,0.0000
pop100_gen1000_mut0.03_elite0_tour3,100,1000,0.0300,0,3,3,2,9,True,0.0072,2,2,200,6380.20,4683.40,-0.0040
pop100_gen1000_mut0.03_elite0_tour3,100,1000,0.0300,0,3,3,2,10,True,0.0033,1,1,100,6375.20,0.00,0.0000
pop100_gen1000_mut0.03_elite0_tour5,100,1000,0.0300,0,5,3,2,1,True,0.0035,1,1,100,6379.80,0.00,0.0000
pop100_gen1000_mut0.03_elite0_tour5,100,1000,0.0300,0,5,3,2,2,True,0.0052,1,1,100,6375.20,0.00,0.0000
pop100_gen1000_mut0.03_elite0_tour5,100,1000,0.0300,0,5,3,2,3,True,0.0034,1,1,100,6375.20,0.00,0.0000
pop100_gen1000_mut0.03_elite0_tour5,100,1000,0.0300,0,5,3,2,4,True,0.0072,2,2,200,6380.20,4683.40,-0.0170
pop100_gen1000_mut0.03_elite0_tour5,100,1000,0.0300,0,5,3,2,5,True,0.0074,2,2,200,6380.20,4683.40,-0.0090
pop100_gen1000_mut0.03_elite0_tour5,100,1000,0.0300,0,5,3,2,6,True,0.0087,2,2,200,6380.20,4683.40,-0.0110
pop100_gen1000_mut0.03_elite0_tour5,100,1000,0.0300,0,5,3,2,7,True,0.0033,1,1,100,6375.20,0.00,0.0000
pop100_gen1000_mut0.03_elite0_tour5,100,1000,0.0300,0,5,3,2,8,True,0.0035,1,1,100,6379.80,0.00,0.0000
pop100_gen1000_mut0.03_elite0_tour5,100,1000,0.0300,0,5,3,2,9,True,0.0036,1,1,100,6379.80,0.00,0.0000
pop100_gen1000_mut0.03_elite0_tour5,100,1000,0.0300,0,5,3,2,10,True,0.0035,1,1,100,6375.20,0.00,0.0000
pop200_gen1000_mut0.03_elite0_tour1,200,1000,0.0300,0,1,3,2,1,True,0.0108,1,1,200,6375.20,0.00,0.0000
pop200_gen1000_mut0.03_elite0_tour1,200,1000,0.0300,0,1,3,2,2,True,0.0103,1,1,200,6375.20,0.00,0.0000
pop200_gen1000_mut0.03_elite0_tour1,200,1000,0.0300,0,1,3,2,3,True,0.0101,1,1,200,6375.20,0.00,0.0000
pop200_gen1000_mut0.03_elite0_tour1,200,1000,0.0300,0,1,3,2,4,True,0.0101,1,1,200,6375.20,0.00,0.0000
pop200_gen1000_mut0.03_elite0_tour1,200,1000,0.0300,0,1,3,2,5,True,0.0108,1,1,200,6379.80,0.00,0.0000
pop200_gen1000_mut0.03_elite0_tour1,200,1000,0.0300,0,1,3,2,6,True,0.0217,2,2,400,6380.20,4683.40,-0.0110
pop200_gen1000_mut0.03_elite0_tour1,200,1000,0.0300,0,1,3,2,7,True,0.0121,1,1,200,6375.20,0.00,0.0000
pop200_gen1000_mut0.03_elite0_tour1,200,1000,0.0300,0,1,3,2,8,True,0.0110,1,1,200,6375.20,0.00,0.0000
pop200_gen1000_mut0.03_elite0_tour1,200,1000,0.0300,0,1,3,2,9,True,0.0106,1,1,200,6379.80,0.00,0.0000
pop200_gen1000_mut0.03_elite0_tour1,200,1000,0.0300,0,1,3,2,10,True,0.0104,1,1,200,6379.80,0.00,0.0000
pop200_gen1000_mut0.03_elite0_tour2,200,1000,0.0300,0,2,3,2,1,True,0.0204,2,2,400,6380.20,4683.40,-0.0120
pop200_gen1000_mut0.03_elite0_tour2,200,1000,0.0300,0,2,3,2,2,True,0.0105,1,1,200,6375.20,0.00,0.0000
pop200_gen1000_mut0.03_elite0_tour2,200,1000,0.0300,0,2,3,2,3,True,0.0105,1,1,200,6375.20,0.00,0.0000
pop200_gen1000_mut0.03_elite0_tour2,200,1000,0.0300,0,2,3,2,4,True,0.0101,1,1,200,6375.20,0.00,0.0000
pop200_gen1000_mut0.03_elite0_tour2,200,1000,0.0300,0,2,3,2,5,True,0.0102,1,1,200,6375.20,0.00,0.0000
pop200_gen1000_mut0.03_elite0_tour2,200,1000,0.0300,0,2,3,2,6,True,0.0204,2,2,400,6380.20,4683.40,-0.0090
pop200_gen1000_mut0.03_elite0_tour2,200,1000,0.0300,0,2,3,2,7,True,0.0098,1,1,200,6375.20,0.00,0.0000
pop200_gen1000_mut0.03_elite0_tour2,200,1000,0.0300,0,2,3,2,8,True,0.0200,2,2,400,6380.20,4683.40,-0.0100
pop200_gen1000_mut0.03_elite0_tour2,200,1000,0.0300,0,2,3,2,9,True,0.0099,1,1,200,6375.20,0.00,0.0000
pop200_gen1000_mut0.03_elite0_tour2,200,1000,0.0300,0,2,3,2,10,True,0.0100,1,1,200,6375.20,0.00,0.0000
pop200_gen1000_mut0.03_elite0_tour3,200,1000,0.0300,0,3,3,2,1,True,0.0208,2,2,400,6380.20,4683.40,-0.0090
pop200_gen1000_mut0.03_elite0_tour3,200,1000,0.0300,0,3,3,2,2,True,0.0102,1,1,200,6375.20,0.00,0.0000
pop200_gen1000_mut0.03_elite0_tour3,200,1000,0.0300,0,3,3,2,3,True,0.0104,1,1,200,6375.20,0.00,0.0000
pop200_gen1000_mut0.03_elite0_tour3,200,1000,0.0300,0,3,3,2,4,True,0.0246,2,2,400,6380.20,4683.40,-0.0070
pop200_gen1000_mut0.03_elite0_tour3,200,1000,0.0300,0,3,3,2,5,True,0.0123,1,1,200,6375.20,0.00,0.0000
pop200_gen1000_mut0.03_elite0_tour3,200,1000,0.0300,0,3,3,2,6,True,0.0235,2,2,400,6380.20,4683.40,-0.0090
pop200_gen1000_mut0.03_elite0_tour3,200,1000,0.0300,0,3,3,2,7,True,0.0218,2,2,400,6380.20,4683.40,-0.0090
pop200_gen1000_mut0.03_elite0_tour3,200,1000,0.0300,0,3,3,2,8,True,0.0105,1,1,200,6375.20,0.00,0.0000
pop200_gen1000_mut0.03_elite0_tour3,200,1000,0.0300,0,3,3,2,9,True,0.0104,1,1,200,6375.20,0.00,0.0000
pop200_gen1000_mut0.03_elite0_tour3,200,1000,0.0300,0,3,3,2,10,True,0.0227,2,2,400,6380.20,4683.40,-0.0070
pop200_gen1000_mut0.03_elite0_tour5,200,1000,0.0300,0,5,3,2,1,True,0.0163,1,1,200,6375.20,0.00,0.0000
pop200_gen1000_mut0.03_elite0_tour5,200,1000,0.0300,0,5,3,2,2,True,0.0097,1,1,200,6375.20,0.00,0.0000
pop200_gen1000_mut0.03_elite0_tour5,200,1000,0.0300,0,5,3,2,3,True,0.0098,1,1,200,6375.20,0.00,0.0000
pop200_gen1000_mut0.03_elite0_tour5,200,1000,0.0300,0,5,3,2,4,True,0.0112,1,1,200,6379.80,0.00,0.0000
pop200_gen1000_mut0.03_elite0_tour5,200,1000,0.0300,0,5,3,2,5,True,0.0107,1,1,200,6379.80,0.00,0.0000
pop200_gen1000_mut0.03_elite0_tour5,200,1000,0.0300,0,5,3,2,6,True,0.0101,1,1,200,6375.20,0.00,0.0000
pop200_gen1000_mut0.03_elite0_tour5,200,1000,0.0300,0,5,3,2,7,True,0.0210,2,2,400,6380.20,4683.40,-0.0030
pop200_gen1000_mut0.03_elite0_tour5,200,1000,0.0300,0,5,3,2,8,True,0.0100,1,1,200,6375.20,0.00,0.0000
pop200_gen1000_mut0.03_elite0_tour5,200,1000,0.0300,0,5,3,2,9,True,0.0101,1,1,200,6375.20,0.00,0.0000
pop200_gen1000_mut0.03_elite0_tour5,200,1000,0.0300,0,5,3,2,10,True,0.0209,2,2,400,6380.20,4683.40,-0.0100
pop300_gen1000_mut0.03_elite0_tour1,300,1000,0.0300,0,1,3,2,1,True,0.0201,1,1,300,6375.20,0.00,0.0000
pop300_gen1000_mut0.03_elite0_tour1,300,1000,0.0300,0,1,3,2,2,True,0.0411,2,2,600,6380.20,4683.40,-0.0140
pop300_gen1000_mut0.03_elite0_tour1,300,1000,0.0300,0,1,3,2,3,True,0.0210,1,1,300,6379.80,0.00,0.0000
pop300_gen1000_mut0.03_elite0_tour1,300,1000,0.0300,0,1,3,2,4,True,0.0203,1,1,300,6375.20,0.00,0.0000
pop300_gen1000_mut0.03_elite0_tour1,300,1000,0.0300,0,1,3,2,5,True,0.0201,1,1,300,6375.20,0.00,0.0000
pop300_gen1000_mut0.03_elite0_tour1,300,1000,0.0300,0,1,3,2,6,True,0.0208,1,1,300,6379.80,0.00,0.0000
pop300_gen1000_mut0.03_elite0_tour1,300,1000,0.0300,0,1,3,2,7,True,0.0204,1,1,300,6375.20,0.00,0.0000
pop300_gen1000_mut0.03_elite0_tour1,300,1000,0.0300,0,1,3,2,8,True,0.0415,2,2,600,6380.20,4683.40,-0.0070
pop300_gen1000_mut0.03_elite0_tour1,300,1000,0.0300,0,1,3,2,9,True,0.0203,1,1,300,6375.20,0.00,0.0000
pop300_gen1000_mut0.03_elite0_tour1,300,1000,0.0300,0,1,3,2,10,True,0.0198,1,1,300,6375.20,0.00,0.0000
pop300_gen1000_mut0.03_elite0_tour2,300,1000,0.0300,0,2,3,2,1,True,0.0209,1,1,300,6375.20,0.00,0.0000
pop300_gen1000_mut0.03_elite0_tour2,300,1000,0.0300,0,2,3,2,2,True,0.0201,1,1,300,6379.80,0.00,0.0000
pop300_gen1000_mut0.03_elite0_tour2,300,1000,0.0300,0,2,3,2,3,True,0.0417,2,2,600,6380.20,4683.40,-0.0100
pop300_gen1000_mut0.03_elite0_tour2,300,1000,0.0300,0,2,3,2,4,True,0.0206,1,1,300,6375.20,0.00,0.0000
pop300_gen1000_mut0.03_elite0_tour2,300,1000,0.0300,0,2,3,2,5,True,0.0203,1,1,300,6375.20,0.00,0.0000
pop300_gen1000_mut0.03_elite0_tour2,300,1000,0.0300,0,2,3,2,6,True,0.0205,1,1,300,6379.80,0.00,0.0000
pop300_gen1000_mut0.03_elite0_tour2,300,1000,0.0300,0,2,3,2,7,True,0.0451,2,2,600,6380.20,4683.40,-0.0130
pop300_gen1000_mut0.03_elite0_tour2,300,1000,0.0300,0,2,3,2,8,True,0.0207,1,1,300,6375.20,0.00,0.0000
pop300_gen1000_mut0.03_elite0_tour2,300,1000,0.0300,0,2,3,2,9,True,0.0197,1,1,300,6375.20,0.00,0.0000
pop300_gen1000_mut0.03_elite0_tour2,300,1000,0.0300,0,2,3,2,10,True,0.0205,1,1,300,6375.20,0.00,0.0000
pop300_gen1000_mut0.03_elite0_tour3,300,1000,0.0300,0,3,3,2,1,True,0.0200,1,1,300,6375.20,0.00,0.0000
pop300_gen1000_mut0.03_elite0_tour3,300,1000,0.0300,0,3,3,2,2,True,0.0202,1,1,300,6375.20,0.00,0.0000
pop300_gen1000_mut0.03_elite0_tour3,300,1000,0.0300,0,3,3,2,3,True,0.0197,1,1,300,6375.20,0.00,0.0000
pop300_gen1000_mut0.03_elite0_tour3,300,1000,0.0300,0,3,3,2,4,True,0.0407,2,2,600,6380.20,4683.40,-0.0060
pop300_gen1000_mut0.03_elite0_tour3,300,1000,0.0300,0,3,3,2,5,True,0.0203,1,1,300,6375.20,0.00,0.0000
pop300_gen1000_mut0.03_elite0_tour3,300,1000,0.0300,0,3,3,2,6,True,0.0208,1,1,300,6375.20,0.00,0.0000
pop300_gen1000_mut0.03_elite0_tour3,300,1000,0.0300,0,3,3,2,7,True,0.0206,1,1,300,6379.80,0.00,0.0000
pop300_gen1000_mut0.03_elite0_tour3,300,1000,0.0300,0,3,3,2,8,True,0.0202,1,1,300,6375.20,0.00,0.0000
pop300_gen1000_mut0.03_elite0_tour3,300,1000,0.0300,0,3,3,2,9,True,0.0202,1,1,300,6375.20,0.00,0.0000
pop300_gen1000_mut0.03_elite0_tour3,300,1000,0.0300,0,3,3,2,10,True,0.0202,1,1,300,6375.20,0.00,0.0000
pop300_gen1000_mut0.03_elite0_tour5,300,1000,0.0300,0,5,3,2,1,True,0.0210,1,1,300,6375.20,0.00,0.0000
pop300_gen1000_mut0.03_elite0_tour5,300,1000,0.0300,0,5,3,2,2,True,0.0414,2,2,600,6380.20,4683.40,-0.0100
pop300_gen1000_mut0.03_elite0_tour5,300,1000,0.0300,0,5,3,2,3,True,0.0428,2,2,600,6380.20,4683.40,-0.0120
pop300_gen1000_mut0.03_elite0_tour5,300,1000,0.0300,0,5,3,2,4,True,0.0210,1,1,300,6379.80,0.00,0.0000
pop300_gen1000_mut0.03_elite0_tour5,300,1000,0.0300,0,5,3,2,5,True,0.0205,1,1,300,6375.20,0.00,0.0000
pop300_gen1000_mut0.03_elite0_tour5,300,1000,0.0300,0,5,3,2,6,True,0.0487,2,2,600,6380.20,4683.40,-0.0070
pop300_gen1000_mut0.03_elite0_tour5,300,1000,0.0300,0,5,3,2,7,True,0.0209,1,1,300,6375.20,0.00,0.0000
pop300_gen1000_mut0.03_elite0_tour5,300,1000,0.0300,0,5,3,2,8,True,0.0208,1,1,300,6375.20,0.00,0.0000
pop300_gen1000_mut0.03_elite0_tour5,300,1000,0.0300,0,5,3,2,9,True,0.0414,2,2,600,6380.20,4683.40,-0.0120
pop300_gen1000_mut0.03_elite0_tour5,300,1000,0.0300,0,5,3,2,10,True,0.0211,1,1,300,6379.80,0.00,0.0000
pop500_gen1000_mut0.03_elite0_tour1,500,1000,0.0300,0,1,3,2,1,True,0.0518,1,1,500,6375.20,0.00,0.0000
pop500_gen1000_mut0.03_elite0_tour1,500,1000,0.0300,0,1,3,2,2,True,0.1041,2,2,1000,6380.20,4683.40,-0.0110
pop500_gen1000_mut0.03_elite0_tour1,500,1000,0.0300,0,1,3,2,3,True,0.0522,1,1,500,6379.80,0.00,0.0000
pop500_gen1000_mut0.03_elite0_tour1,500,1000,0.0300,0,1,3,2,4,True,0.1075,2,2,1000,6380.20,4683.40,-0.0130
pop500_gen1000_mut0.03_elite0_tour1,500,1000,0.0300,0,1,3,2,5,True,0.0514,1,1,500,6375.20,0.00,0.0000
pop500_gen1000_mut0.03_elite0_tour1,500,1000,0.0300,0,1,3,2,6,True,0.0590,1,1,500,6375.20,0.00,0.0000
pop500_gen1000_mut0.03_elite0_tour1,500,1000,0.0300,0,1,3,2,7,True,0.0567,1,1,500,6379.80,0.00,0.0000
pop500_gen1000_mut0.03_elite0_tour1,500,1000,0.0300,0,1,3,2,8,True,0.0665,1,1,500,6375.20,0.00,0.0000
pop500_gen1000_mut0.03_elite0_tour1,500,1000,0.0300,0,1,3,2,9,True,0.1042,2,2,1000,6380.20,4683.40,-0.0130
pop500_gen1000_mut0.03_elite0_tour1,500,1000,0.0300,0,1,3,2,10,True,0.0518,1,1,500,6379.80,0.00,0.0000
pop500_gen1000_mut0.03_elite0_tour2,500,1000,0.0300,0,2,3,2,1,True,0.0502,1,1,500,6375.20,0.00,0.0000
pop500_gen1000_mut0.03_elite0_tour2,500,1000,0.0300,0,2,3,2,2,True,0.1109,2,2,1000,6380.20,4683.40,-0.0110
pop500_gen1000_mut0.03_elite0_tour2,500,1000,0.0300,0,2,3,2,3,True,0.0518,1,1,500,6375.20,0.00,0.0000
pop500_gen1000_mut0.03_elite0_tour2,500,1000,0.0300,0,2,3,2,4,True,0.0527,1,1,500,6375.20,0.00,0.0000
pop500_gen1000_mut0.03_elite0_tour2,500,1000,0.0300,0,2,3,2,5,True,0.0502,1,1,500,6375.20,0.00,0.0000
pop500_gen1000_mut0.03_elite0_tour2,500,1000,0.0300,0,2,3,2,6,True,0.1029,2,2,1000,6380.20,4683.40,-0.0130
pop500_gen1000_mut0.03_elite0_tour2,500,1000,0.0300,0,2,3,2,7,True,0.1127,2,2,1000,6380.20,4683.40,-0.0080
pop500_gen1000_mut0.03_elite0_tour2,500,1000,0.0300,0,2,3,2,8,True,0.1044,2,2,1000,6380.20,4683.40,-0.0090
pop500_gen1000_mut0.03_elite0_tour2,500,1000,0.0300,0,2,3,2,9,True,0.1215,2,2,1000,6380.20,4683.40,-0.0080
pop500_gen1000_mut0.03_elite0_tour2,500,1000,0.0300,0,2,3,2,10,True,0.0541,1,1,500,6375.20,0.00,0.0000
pop500_gen1000_mut0.03_elite0_tour3,500,1000,0.0300,0,3,3,2,1,True,0.0503,1,1,500,6375.20,0.00,0.0000
pop500_gen1000_mut0.03_elite0_tour3,500,1000,0.0300,0,3,3,2,2,True,0.0515,1,1,500,6375.20,0.00,0.0000
pop500_gen1000_mut0.03_elite0_tour3,500,1000,0.0300,0,3,3,2,3,True,0.0519,1,1,500,6375.20,0.00,0.0000
pop500_gen1000_mut0.03_elite0_tour3,500,1000,0.0300,0,3,3,2,4,True,0.1039,2,2,1000,6380.20,4683.40,-0.0120
pop500_gen1000_mut0.03_elite0_tour3,500,1000,0.0300,0,3,3,2,5,True,0.1029,2,2,1000,6380.20,4683.40,-0.0090
pop500_gen1000_mut0.03_elite0_tour3,500,1000,0.0300,0,3,3,2,6,True,0.0521,1,1,500,6375.20,0.00,0.0000
pop500_gen1000_mut0.03_elite0_tour3,500,1000,0.0300,0,3,3,2,7,True,0.0631,1,1,500,6375.20,0.00,0.0000
pop500_gen1000_mut0.03_elite0_tour3,500,1000,0.0300,0,3,3,2,8,True,0.0520,1,1,500,6375.20,0.00,0.0000
pop500_gen1000_mut0.03_elite0_tour3,500,1000,0.0300,0,3,3,2,9,True,0.0591,1,1,500,6375.20,0.00,0.0000
pop500_gen1000_mut0.03_elite0_tour3,500,1000,0.0300,0,3,3,2,10,True,0.1097,2,2,1000,6380.20,4683.40,-0.0090
pop500_gen1000_mut0.03_elite0_tour5,500,1000,0.0300,0,5,3,2,1,True,0.0527,1,1,500,6375.20,0.00,0.0000
pop500_gen1000_mut0.03_elite0_tour5,500,1000,0.0300,0,5,3,2,2,True,0.0510,1,1,500,6375.20,0.00,0.0000
pop500_gen1000_mut0.03_elite0_tour5,500,1000,0.0300,0,5,3,2,3,True,0.0527,1,1,500,6375.20,0.00,0.0000
pop500_gen1000_mut0.03_elite0_tour5,500,1000,0.0300,0,5,3,2,4,True,0.0525,1,1,500,6379.80,0.00,0.0000
pop500_gen1000_mut0.03_elite0_tour5,500,1000,0.0300,0,5,3,2,5,True,0.0518,1,1,500,6375.20,0.00,0.0000
pop500_gen1000_mut0.03_elite0_tour5,500,1000,0.0300,0,5,3,2,6,True,0.0530,1,1,500,6379.80,0.00,0.0000
pop500_gen1000_mut0.03_elite0_tour5,500,1000,0.0300,0,5,3,2,7,True,0.0591,1,1,500,6375.20,0.00,0.0000
pop500_gen1000_mut0.03_elite0_tour5,500,1000,0.0300,0,5,3,2,8,True,0.0501,1,1,500,6375.20,0.00,0.0000
pop500_gen1000_mut0.03_elite0_tour5,500,1000,0.0300,0,5,3,2,9,True,0.0579,1,1,500,6375.20,0.00,0.0000
pop500_gen1000_mut0.03_elite0_tour5,500,1000,0.0300,0,5,3,2,10,True,0.0508,1,1,500,6379.80,0.00,0.0000
pop100_gen1000_mut0.05_elite0_tour1,100,1000,0.0500,0,1,3,2,1,True,0.0033,1,1,100,6375.20,0.00,0.0000
pop100_gen1000_mut0.05_elite0_tour1,100,1000,0.0500,0,1,3,2,2,True,0.0056,1,1,100,6375.20,0.00,0.0000
pop100_gen1000_mut0.05_elite0_tour1,100,1000,0.0500,0,1,3,2,3,True,0.0035,1,1,100,6375.20,0.00,0.0000
pop100_gen1000_mut0.05_elite0_tour1,100,1000,0.0500,0,1,3,2,4,True,0.0069,2,2,200,6380.20,4683.40,-0.0150
pop100_gen1000_mut0.05_elite0_tour1,100,1000,0.0500,0,1,3,2,5,True,0.0032,1,1,100,6375.20,0.00,0.0000
pop100_gen1000_mut0.05_elite0_tour1,100,1000,0.0500,0,1,3,2,6,True,0.0068,2,2,200,6380.20,4683.40,-0.0150
pop100_gen1000_mut0.05_elite0_tour1,100,1000,0.0500,0,1,3,2,7,True,0.0033,1,1,100,6375.20,0.00,0.0000
pop100_gen1000_mut0.05_elite0_tour1,100,1000,0.0500,0,1,3,2,8,True,0.0039,1,1,100,6375.20,0.00,0.0000
pop100_gen1000_mut0.05_elite0_tour1,100,1000,0.0500,0,1,3,2,9,True,0.0067,2,2,200,6380.20,4683.40,-0.0070
pop100_gen1000_mut0.05_elite0_tour1,100,1000,0.0500,0,1,3,2,10,True,0.0071,2,2,200,6380.20,4683.40,-0.0190
pop100_gen1000_mut0.05_elite0_tour2,100,1000,0.0500,0,2,3,2,1,True,0.0032,1,1,100,6375.20,0.00,0.0000
pop100_gen1000_mut0.05_elite0_tour2,100,1000,0.0500,0,2,3,2,2,True,0.0068,2,2,200,6380.20,4683.40,-0.0110
pop100_gen1000_mut0.05_elite0_tour2,100,1000,0.0500,0,2,3,2,3,True,0.0033,1,1,100,6375.20,0.00,0.0000
pop100_gen1000_mut0.05_elite0_tour2,100,1000,0.0500,0,2,3,2,4,True,0.0033,1,1,100,6375.20,0.00,0.0000
pop100_gen1000_mut0.05_elite0_tour2,100,1000,0.0500,0,2,3,2,5,True,0.0102,3,3,300,6380.20,4683.40,-0.0230
pop100_gen1000_mut0.05_elite0_tour2,100,1000,0.0500,0,2,3,2,6,True,0.0034,1,1,100,6375.20,0.00,0.0000
pop100_gen1000_mut0.05_elite0_tour2,100,1000,0.0500,0,2,3,2,7,True,0.0034,1,1,100,6379.80,0.00,0.0000
pop100_gen1000_mut0.05_elite0_tour2,100,1000,0.0500,0,2,3,2,8,True,0.0034,1,1,100,6375.20,0.00,0.0000
pop100_gen1000_mut0.05_elite0_tour2,100,1000,0.0500,0,2,3,2,9,True,0.0040,1,1,100,6375.20,0.00,0.0000
pop100_gen1000_mut0.05_elite0_tour2,100,1000,0.0500,0,2,3,2,10,True,0.0032,1,1,100,6375.20,0.00,0.0000
pop100_gen1000_mut0.05_elite0_tour3,100,1000,0.0500,0,3,3,2,1,True,0.0071,2,2,200,6380.20,4683.40,-0.0130
pop100_gen1000_mut0.05_elite0_tour3,100,1000,0.0500,0,3,3,2,2,True,0.0071,2,2,200,6384.80,4688.00,-0.0240
pop100_gen1000_mut0.05_elite0_tour3,100,1000,0.0500,0,3,3,2,3,True,0.0072,2,2,200,6380.20,4683.40,-0.0200
pop100_gen1000_mut0.05_elite0_tour3,100,1000,0.0500,0,3,3,2,4,True,0.0032,1,1,100,6375.20,0.00,0.0000
pop100_gen1000_mut0.05_elite0_tour3,100,1000,0.0500,0,3,3,2,5,True,0.0034,1,1,100,6379.80,0.00,0.0000
pop100_gen1000_mut0.05_elite0_tour3,100,1000,0.0500,0,3,3,2,6,True,0.0036,1,1,100,6379.80,0.00,0.0000
pop100_gen1000_mut0.05_elite0_tour3,100,1000,0.0500,0,3,3,2,7,True,0.0034,1,1,100,6379.80,0.00,0.0000
pop100_gen1000_mut0.05_elite0_tour3,100,1000,0.0500,0,3,3,2,8,True,0.0034,1,1,100,6375.20,0.00,0.0000
pop100_gen1000_mut0.05_elite0_tour3,100,1000,0.0500,0,3,3,2,9,True,0.0033,1,1,100,6375.20,0.00,0.0000
pop100_gen1000_mut0.05_elite0_tour3,100,1000,0.0500,0,3,3,2,10,True,0.0034,1,1,100,6375.20,0.00,0.0000
pop100_gen1000_mut0.05_elite0_tour5,100,1000,0.0500,0,5,3,2,1,True,0.0043,1,1,100,6375.20,0.00,0.0000
pop100_gen1000_mut0.05_elite0_tour5,100,1000,0.0500,0,5,3,2,2,True,0.0032,1,1,100,6375.20,0.00,0.0000
pop100_gen1000_mut0.05_elite0_tour5,100,1000,0.0500,0,5,3,2,3,True,0.0038,1,1,100,6375.20,0.00,0.0000
pop100_gen1000_mut0.05_elite0_tour5,100,1000,0.0500,0,5,3,2,4,True,0.0033,1,1,100,6375.20,0.00,0.0000
pop100_gen1000_mut0.05_elite0_tour5,100,1000,0.0500,0,5,3,2,5,True,0.0034,1,1,100,6375.20,0.00,0.0000
pop100_gen1000_mut0.05_elite0_tour5,100,1000,0.0500,0,5,3,2,6,True,0.0032,1,1,100,6375.20,0.00,0.0000
pop100_gen1000_mut0.05_elite0_tour5,100,1000,0.0500,0,5,3,2,7,True,0.0033,1,1,100,6375.20,0.00,0.0000
pop100_gen1000_mut0.05_elite0_tour5,100,1000,0.0500,0,5,3,2,8,True,0.0033,1,1,100,6375.20,0.00,0.0000
pop100_gen1000_mut0.05_elite0_tour5,100,1000,0.0500,0,5,3,2,9,True,0.0040,1,1,100,6379.80,0.00,0.0000
pop100_gen1000_mut0.05_elite0_tour5,100,1000,0.0500,0,5,3,2,10,True,0.0033,1,1,100,6375.20,0.00,0.0000
pop200_gen1000_mut0.05_elite0_tour1,200,1000,0.0500,0,1,3,2,1,True,0.0106,1,1,200,6375.20,0.00,0.0000
pop200_gen1000_mut0.05_elite0_tour1,200,1000,0.0500,0,1,3,2,2,True,0.0097,1,1,200,6375.20,0.00,0.0000
pop200_gen1000_mut0.05_elite0_tour1,200,1000,0.0500,0,1,3,2,3,True,0.0106,1,1,200,6375.20,0.00,0.0000
pop200_gen1000_mut0.05_elite0_tour1,200,1000,0.0500,0,1,3,2,4,True,0.0097,1,1,200,6375.20,0.00,0.0000
pop200_gen1000_mut0.05_elite0_tour1,200,1000,0.0500,0,1,3,2,5,True,0.0100,1,1,200,6379.80,0.00,0.0000
pop200_gen1000_mut0.05_elite0_tour1,200,1000,0.0500,0,1,3,2,6,True,0.0100,1,1,200,6375.20,0.00,0.0000
pop200_gen1000_mut0.05_elite0_tour1,200,1000,0.0500,0,1,3,2,7,True,0.0100,1,1,200,6375.20,0.00,0.0000
pop200_gen1000_mut0.05_elite0_tour1,200,1000,0.0500,0,1,3,2,8,True,0.0105,1,1,200,6379.80,0.00,0.0000
pop200_gen1000_mut0.05_elite0_tour1,200,1000,0.0500,0,1,3,2,9,True,0.0109,1,1,200,6379.80,0.00,0.0000
pop200_gen1000_mut0.05_elite0_tour1,200,1000,0.0500,0,1,3,2,10,True,0.0102,1,1,200,6379.80,0.00,0.0000
pop200_gen1000_mut0.05_elite0_tour2,200,1000,0.0500,0,2,3,2,1,True,0.0103,1,1,200,6379.80,0.00,0.0000
pop200_gen1000_mut0.05_elite0_tour2,200,1000,0.0500,0,2,3,2,2,True,0.0103,1,1,200,6375.20,0.00,0.0000
pop200_gen1000_mut0.05_elite0_tour2,200,1000,0.0500,0,2,3,2,3,True,0.0111,1,1,200,6375.20,0.00,0.0000
pop200_gen1000_mut0.05_elite0_tour2,200,1000,0.0500,0,2,3,2,4,True,0.0103,1,1,200,6375.20,0.00,0.0000
pop200_gen1000_mut0.05_elite0_tour2,200,1000,0.0500,0,2,3,2,5,True,0.0102,1,1,200,6379.80,0.00,0.0000
pop200_gen1000_mut0.05_elite0_tour2,200,1000,0.0500,0,2,3,2,6,True,0.0204,2,2,400,6380.20,4683.40,-0.0100
pop200_gen1000_mut0.05_elite0_tour2,200,1000,0.0500,0,2,3,2,7,True,0.0207,2,2,400,6380.20,4683.40,-0.0150
pop200_gen1000_mut0.05_elite0_tour2,200,1000,0.0500,0,2,3,2,8,True,0.0102,1,1,200,6375.20,0.00,0.0000
pop200_gen1000_mut0.05_elite0_tour2,200,1000,0.0500,0,2,3,2,9,True,0.0104,1,1,200,6375.20,0.00,0.0000
pop200_gen1000_mut0.05_elite0_tour2,200,1000,0.0500,0,2,3,2,10,True,0.0101,1,1,200,6375.20,0.00,0.0000
pop200_gen1000_mut0.05_elite0_tour3,200,1000,0.0500,0,3,3,2,1,True,0.0202,2,2,400,6380.20,4683.40,-0.0170
pop200_gen1000_mut0.05_elite0_tour3,200,1000,0.0500,0,3,3,2,2,True,0.0213,2,2,400,6380.20,4683.40,-0.0170
pop200_gen1000_mut0.05_elite0_tour3,200,1000,0.0500,0,3,3,2,3,True,0.0103,1,1,200,6375.20,0.00,0.0000
pop200_gen1000_mut0.05_elite0_tour3,200,1000,0.0500,0,3,3,2,4,True,0.0116,1,1,200,6375.20,0.00,0.0000
pop200_gen1000_mut0.05_elite0_tour3,200,1000,0.0500,0,3,3,2,5,True,0.0100,1,1,200,6375.20,0.00,0.0000
pop200_gen1000_mut0.05_elite0_tour3,200,1000,0.0500,0,3,3,2,6,True,0.0102,1,1,200,6375.20,0.00,0.0000
pop200_gen1000_mut0.05_elite0_tour3,200,1000,0.0500,0,3,3,2,7,True,0.0100,1,1,200,6375.20,0.00,0.0000
pop200_gen1000_mut0.05_elite0_tour3,200,1000,0.0500,0,3,3,2,8,True,0.0099,1,1,200,6375.20,0.00,0.0000
pop200_gen1000_mut0.05_elite0_tour3,200,1000,0.0500,0,3,3,2,9,True,0.0100,1,1,200,6375.20,0.00,0.0000
pop200_gen1000_mut0.05_elite0_tour3,200,1000,0.0500,0,3,3,2,10,True,0.0103,1,1,200,6375.20,0.00,0.0000
pop200_gen1000_mut0.05_elite0_tour5,200,1000,0.0500,0,5,3,2,1,True,0.0097,1,1,200,6375.20,0.00,0.0000
pop200_gen1000_mut0.05_elite0_tour5,200,1000,0.0500,0,5,3,2,2,True,0.0210,2,2,400,6380.20,4683.40,-0.0170
pop200_gen1000_mut0.05_elite0_tour5,200,1000,0.0500,0,5,3,2,3,True,0.0100,1,1,200,6375.20,0.00,0.0000
pop200_gen1000_mut0.05_elite0_tour5,200,1000,0.0500,0,5,3,2,4,True,0.0102,1,1,200,6375.20,0.00,0.0000
pop200_gen1000_mut0.05_elite0_tour5,200,1000,0.0500,0,5,3,2,5,True,0.0104,1,1,200,6375.20,0.00,0.0000
pop200_gen1000_mut0.05_elite0_tour5,200,1000,0.0500,0,5,3,2,6,True,0.0203,2,2,400,6380.20,4683.40,-0.0140
pop200_gen1000_mut0.05_elite0_tour5,200,1000,0.0500,0,5,3,2,7,True,0.0103,1,1,200,6379.80,0.00,0.0000
pop200_gen1000_mut0.05_elite0_tour5,200,1000,0.0500,0,5,3,2,8,True,0.0102,1,1,200,6375.20,0.00,0.0000
pop200_gen1000_mut0.05_elite0_tour5,200,1000,0.0500,0,5,3,2,9,True,0.0103,1,1,200,6379.80,0.00,0.0000
pop200_gen1000_mut0.05_elite0_tour5,200,1000,0.0500,0,5,3,2,10,True,0.0106,1,1,200,6375.20,0.00,0.0000
pop300_gen1000_mut0.05_elite0_tour1,300,1000,0.0500,0,1,3,2,1,True,0.0204,1,1,300,6375.20,0.00,0.0000
pop300_gen1000_mut0.05_elite0_tour1,300,1000,0.0500,0,1,3,2,2,True,0.0200,1,1,300,6375.20,0.00,0.0000
pop300_gen1000_mut0.05_elite0_tour1,300,1000,0.0500,0,1,3,2,3,True,0.0410,2,2,600,6380.20,4683.40,-0.0190
pop300_gen1000_mut0.05_elite0_tour1,300,1000,0.0500,0,1,3,2,4,True,0.0217,1,1,300,6375.20,0.00,0.0000
pop300_gen1000_mut0.05_elite0_tour1,300,1000,0.0500,0,1,3,2,5,True,0.0198,1,1,300,6375.20,0.00,0.0000
pop300_gen1000_mut0.05_elite0_tour1,300,1000,0.0500,0,1,3,2,6,True,0.0217,1,1,300,6379.80,0.00,0.0000
pop300_gen1000_mut0.05_elite0_tour1,300,1000,0.0500,0,1,3,2,7,True,0.0203,1,1,300,6379.80,0.00,0.0000
pop300_gen1000_mut0.05_elite0_tour1,300,1000,0.0500,0,1,3,2,8,True,0.0204,1,1,300,6375.20,0.00,0.0000
pop300_gen1000_mut0.05_elite0_tour1,300,1000,0.0500,0,1,3,2,9,True,0.0416,2,2,600,6384.80,4688.00,-0.0140
pop300_gen1000_mut0.05_elite0_tour1,300,1000,0.0500,0,1,3,2,10,True,0.0204,1,1,300,6379.80,0.00,0.0000
pop300_gen1000_mut0.05_elite0_tour2,300,1000,0.0500,0,2,3,2,1,True,0.0410,2,2,600,6384.80,4688.00,-0.0210
pop300_gen1000_mut0.05_elite0_tour2,300,1000,0.0500,0,2,3,2,2,True,0.0219,1,1,300,6375.20,0.00,0.0000
pop300_gen1000_mut0.05_elite0_tour2,300,1000,0.0500,0,2,3,2,3,True,0.0205,1,1,300,6379.80,0.00,0.0000
pop300_gen1000_mut0.05_elite0_tour2,300,1000,0.0500,0,2,3,2,4,True,0.0203,1,1,300,6375.20,0.00,0.0000
pop300_gen1000_mut0.05_elite0_tour2,300,1000,0.0500,0,2,3,2,5,True,0.0199,1,1,300,6375.20,0.00,0.0000
pop300_gen1000_mut0.05_elite0_tour2,300,1000,0.0500,0,2,3,2,6,True,0.0224,1,1,300,6375.20,0.00,0.0000
pop300_gen1000_mut0.05_elite0_tour2,300,1000,0.0500,0,2,3,2,7,True,0.0202,1,1,300,6375.20,0.00,0.0000
pop300_gen1000_mut0.05_elite0_tour2,300,1000,0.0500,0,2,3,2,8,True,0.0410,2,2,600,6380.20,4683.40,-0.0140
pop300_gen1000_mut0.05_elite0_tour2,300,1000,0.0500,0,2,3,2,9,True,0.0201,1,1,300,6375.20,0.00,0.0000
pop300_gen1000_mut0.05_elite0_tour2,300,1000,0.0500,0,2,3,2,10,True,0.0421,2,2,600,6380.20,4683.40,-0.0190
pop300_gen1000_mut0.05_elite0_tour3,300,1000,0.0500,0,3,3,2,1,True,0.0247,1,1,300,6379.80,0.00,0.0000
pop300_gen1000_mut0.05_elite0_tour3,300,1000,0.0500,0,3,3,2,2,True,0.0204,1,1,300,6375.20,0.00,0.0000
pop300_gen1000_mut0.05_elite0_tour3,300,1000,0.0500,0,3,3,2,3,True,0.0204,1,1,300,6375.20,0.00,0.0000
pop300_gen1000_mut0.05_elite0_tour3,300,1000,0.0500,0,3,3,2,4,True,0.0200,1,1,300,6375.20,0.00,0.0000
pop300_gen1000_mut0.05_elite0_tour3,300,1000,0.0500,0,3,3,2,5,True,0.0201,1,1,300,6375.20,0.00,0.0000
pop300_gen1000_mut0.05_elite0_tour3,300,1000,0.0500,0,3,3,2,6,True,0.0215,1,1,300,6375.20,0.00,0.0000
pop300_gen1000_mut0.05_elite0_tour3,300,1000,0.0500,0,3,3,2,7,True,0.0206,1,1,300,6379.80,0.00,0.0000
pop300_gen1000_mut0.05_elite0_tour3,300,1000,0.0500,0,3,3,2,8,True,0.0423,2,2,600,6380.20,4683.40,-0.0170
pop300_gen1000_mut0.05_elite0_tour3,300,1000,0.0500,0,3,3,2,9,True,0.0216,1,1,300,6375.20,0.00,0.0000
pop300_gen1000_mut0.05_elite0_tour3,300,1000,0.0500,0,3,3,2,10,True,0.0203,1,1,300,6379.80,0.00,0.0000
pop300_gen1000_mut0.05_elite0_tour5,300,1000,0.0500,0,5,3,2,1,True,0.0581,2,2,600,6384.80,4688.00,-0.0200
pop300_gen1000_mut0.05_elite0_tour5,300,1000,0.0500,0,5,3,2,2,True,0.0261,1,1,300,6375.20,0.00,0.0000
pop300_gen1000_mut0.05_elite0_tour5,300,1000,0.0500,0,5,3,2,3,True,0.0209,1,1,300,6379.80,0.00,0.0000
pop300_gen1000_mut0.05_elite0_tour5,300,1000,0.0500,0,5,3,2,4,True,0.0255,1,1,300,6375.20,0.00,0.0000
pop300_gen1000_mut0.05_elite0_tour5,300,1000,0.0500,0,5,3,2,5,True,0.0214,1,1,300,6375.20,0.00,0.0000
pop300_gen1000_mut0.05_elite0_tour5,300,1000,0.0500,0,5,3,2,6,True,0.0207,1,1,300,6379.80,0.00,0.0000
pop300_gen1000_mut0.05_elite0_tour5,300,1000,0.0500,0,5,3,2,7,True,0.0212,1,1,300,6379.80,0.00,0.0000
pop300_gen1000_mut0.05_elite0_tour5,300,1000,0.0500,0,5,3,2,8,True,0.0207,1,1,300,6375.20,0.00,0.0000
pop300_gen1000_mut0.05_elite0_tour5,300,1000,0.0500,0,5,3,2,9,True,0.0201,1,1,300,6375.20,0.00,0.0000
pop300_gen1000_mut0.05_elite0_tour5,300,1000,0.0500,0,5,3,2,10,True,0.0423,2,2,600,6380.20,4683.40,-0.0250
pop500_gen1000_mut0.05_elite0_tour1,500,1000,0.0500,0,1,3,2,1,True,0.0537,1,1,500,6375.20,0.00,0.0000
pop500_gen1000_mut0.05_elite0_tour1,500,1000,0.0500,0,1,3,2,2,True,0.0556,1,1,500,6379.80,0.00,0.0000
pop500_gen1000_mut0.05_elite0_tour1,500,1000,0.0500,0,1,3,2,3,True,0.1127,2,2,1000,6384.80,4688.00,-0.0160
pop500_gen1000_mut0.05_elite0_tour1,500,1000,0.0500,0,1,3,2,4,True,0.1115,2,2,1000,6380.20,4683.40,-0.0170
pop500_gen1000_mut0.05_elite0_tour1,500,1000,0.0500,0,1,3,2,5,True,0.0520,1,1,500,6375.20,0.00,0.0000
pop500_gen1000_mut0.05_elite0_tour1,500,1000,0.0500,0,1,3,2,6,True,0.0599,1,1,500,6375.20,0.00,0.0000
pop500_gen1000_mut0.05_elite0_tour1,500,1000,0.0500,0,1,3,2,7,True,0.0520,1,1,500,6375.20,0.00,0.0000
pop500_gen1000_mut0.05_elite0_tour1,500,1000,0.0500,0,1,3,2,8,True,0.1080,2,2,1000,6380.20,4683.40,-0.0170
pop500_gen1000_mut0.05_elite0_tour1,500,1000,0.0500,0,1,3,2,9,True,0.0539,1,1,500,6379.80,0.00,0.0000
pop500_gen1000_mut0.05_elite0_tour1,500,1000,0.0500,0,1,3,2,10,True,0.0603,1,1,500,6379.80,0.00,0.0000
pop500_gen1000_mut0.05_elite0_tour2,500,1000,0.0500,0,2,3,2,1,True,0.0538,1,1,500,6375.20,0.00,0.0000
pop500_gen1000_mut0.05_elite0_tour2,500,1000,0.0500,0,2,3,2,2,True,0.0514,1,1,500,6375.20,0.00,0.0000
pop500_gen1000_mut0.05_elite0_tour2,500,1000,0.0500,0,2,3,2,3,True,0.0528,1,1,500,6379.80,0.00,0.0000
pop500_gen1000_mut0.05_elite0_tour2,500,1000,0.0500,0,2,3,2,4,True,0.0520,1,1,500,6375.20,0.00,0.0000
pop500_gen1000_mut0.05_elite0_tour2,500,1000,0.0500,0,2,3,2,5,True,0.0542,1,1,500,6375.20,0.00,0.0000
pop500_gen1000_mut0.05_elite0_tour2,500,1000,0.0500,0,2,3,2,6,True,0.1038,2,2,1000,6380.20,4683.40,-0.0140
pop500_gen1000_mut0.05_elite0_tour2,500,1000,0.0500,0,2,3,2,7,True,0.1039,2,2,1000,6380.20,4683.40,-0.0180
pop500_gen1000_mut0.05_elite0_tour2,500,1000,0.0500,0,2,3,2,8,True,0.0521,1,1,500,6379.80,0.00,0.0000
pop500_gen1000_mut0.05_elite0_tour2,500,1000,0.0500,0,2,3,2,9,True,0.0505,1,1,500,6375.20,0.00,0.0000
pop500_gen1000_mut0.05_elite0_tour2,500,1000,0.0500,0,2,3,2,10,True,0.0509,1,1,500,6375.20,0.00,0.0000
pop500_gen1000_mut0.05_elite0_tour3,500,1000,0.0500,0,3,3,2,1,True,0.0547,1,1,500,6379.80,0.00,0.0000
pop500_gen1000_mut0.05_elite0_tour3,500,1000,0.0500,0,3,3,2,2,True,0.1040,2,2,1000,6384.80,4688.00,-0.0170
pop500_gen1000_mut0.05_elite0_tour3,500,1000,0.0500,0,3,3,2,3,True,0.0517,1,1,500,6375.20,0.00,0.0000
pop500_gen1000_mut0.05_elite0_tour3,500,1000,0.0500,0,3,3,2,4,True,0.0517,1,1,500,6375.20,0.00,0.0000
pop500_gen1000_mut0.05_elite0_tour3,500,1000,0.0500,0,3,3,2,5,True,0.0541,1,1,500,6379.80,0.00,0.0000
pop500_gen1000_mut0.05_elite0_tour3,500,1000,0.0500,0,3,3,2,6,True,0.0561,1,1,500,6375.20,0.00,0.0000
pop500_gen1000_mut0.05_elite0_tour3,500,1000,0.0500,0,3,3,2,7,True,0.0545,1,1,500,6379.80,0.00,0.0000
pop500_gen1000_mut0.05_elite0_tour3,500,1000,0.0500,0,3,3,2,8,True,0.0527,1,1,500,6375.20,0.00,0.0000
pop500_gen1000_mut0.05_elite0_tour3,500,1000,0.0500,0,3,3,2,9,True,0.0514,1,1,500,6375.20,0.00,0.0000
pop500_gen1000_mut0.05_elite0_tour3,500,1000,0.0500,0,3,3,2,10,True,0.0566,1,1,500,6379.80,0.00,0.0000
pop500_gen1000_mut0.05_elite0_tour5,500,1000,0.0500,0,5,3,2,1,True,0.0537,1,1,500,6379.80,0.00,0.0000
pop500_gen1000_mut0.05_elite0_tour5,500,1000,0.0500,0,5,3,2,2,True,0.0518,1,1,500,6375.20,0.00,0.0000
pop500_gen1000_mut0.05_elite0_tour5,500,1000,0.0500,0,5,3,2,3,True,0.0502,1,1,500,6375.20,0.00,0.0000
pop500_gen1000_mut0.05_elite0_tour5,500,1000,0.0500,0,5,3,2,4,True,0.1042,2,2,1000,6380.20,4683.40,-0.0130
pop500_gen1000_mut0.05_elite0_tour5,500,1000,0.0500,0,5,3,2,5,True,0.1070,2,2,1000,6384.80,4688.00,-0.0100
pop500_gen1000_mut0.05_elite0_tour5,500,1000,0.0500,0,5,3,2,6,True,0.1071,2,2,1000,6380.20,4683.40,-0.0140
pop500_gen1000_mut0.05_elite0_tour5,500,1000,0.0500,0,5,3,2,7,True,0.0522,1,1,500,6375.20,0.00,0.0000
pop500_gen1000_mut0.05_elite0_tour5,500,1000,0.0500,0,5,3,2,8,True,0.0533,1,1,500,6375.20,0.00,0.0000
pop500_gen1000_mut0.05_elite0_tour5,500,1000,0.0500,0,5,3,2,9,True,0.0527,1,1,500,6375.20,0.00,0.0000
pop500_gen1000_mut0.05_elite0_tour5,500,1000,0.0500,0,5,3,2,10,True,0.0548,1,1,500,6379.80,0.00,0.0000
pop100_gen1000_mut0.1_elite0_tour1,100,1000,0.1000,0,1,3,2,1,True,0.0034,1,1,100,6379.80,0.00,0.0000
pop100_gen1000_mut0.1_elite0_tour1,100,1000,0.1000,0,1,3,2,2,True,0.0035,1,1,100,6379.80,0.00,0.0000
pop100_gen1000_mut0.1_elite0_tour1,100,1000,0.1000,0,1,3,2,3,True,0.0033,1,1,100,6375.20,0.00,0.0000
pop100_gen1000_mut0.1_elite0_tour1,100,1000,0.1000,0,1,3,2,4,True,0.0032,1,1,100,6375.20,0.00,0.0000
pop100_gen1000_mut0.1_elite0_tour1,100,1000,0.1000,0,1,3,2,5,True,0.0045,1,1,100,6375.20,0.00,0.0000
pop100_gen1000_mut0.1_elite0_tour1,100,1000,0.1000,0,1,3,2,6,True,0.0032,1,1,100,6375.20,0.00,0.0000
pop100_gen1000_mut0.1_elite0_tour1,100,1000,0.1000,0,1,3,2,7,True,0.0034,1,1,100,6375.20,0.00,0.0000
pop100_gen1000_mut0.1_elite0_tour1,100,1000,0.1000,0,1,3,2,8,True,0.0034,1,1,100,6375.20,0.00,0.0000
pop100_gen1000_mut0.1_elite0_tour1,100,1000,0.1000,0,1,3,2,9,True,0.0032,1,1,100,6375.20,0.00,0.0000
pop100_gen1000_mut0.1_elite0_tour1,100,1000,0.1000,0,1,3,2,10,True,0.0034,1,1,100,6379.80,0.00,0.0000
pop100_gen1000_mut0.1_elite0_tour2,100,1000,0.1000,0,2,3,2,1,True,0.0033,1,1,100,6375.20,0.00,0.0000
pop100_gen1000_mut0.1_elite0_tour2,100,1000,0.1000,0,2,3,2,2,True,0.0033,1,1,100,6375.20,0.00,0.0000
pop100_gen1000_mut0.1_elite0_tour2,100,1000,0.1000,0,2,3,2,3,True,0.0035,1,1,100,6375.20,0.00,0.0000
pop100_gen1000_mut0.1_elite0_tour2,100,1000,0.1000,0,2,3,2,4,True,0.0035,1,1,100,6375.20,0.00,0.0000
pop100_gen1000_mut0.1_elite0_tour2,100,1000,0.1000,0,2,3,2,5,True,0.0035,1,1,100,6375.20,0.00,0.0000
pop100_gen1000_mut0.1_elite0_tour2,100,1000,0.1000,0,2,3,2,6,True,0.0034,1,1,100,6375.20,0.00,0.0000
pop100_gen1000_mut0.1_elite0_tour2,100,1000,0.1000,0,2,3,2,7,True,0.0035,1,1,100,6375.20,0.00,0.0000
pop100_gen1000_mut0.1_elite0_tour2,100,1000,0.1000,0,2,3,2,8,True,0.0036,1,1,100,6375.20,0.00,0.0000
pop100_gen1000_mut0.1_elite0_tour2,100,1000,0.1000,0,2,3,2,9,True,0.0036,1,1,100,6375.20,0.00,0.0000
pop100_gen1000_mut0.1_elite0_tour2,100,1000,0.1000,0,2,3,2,10,True,0.0037,1,1,100,6375.20,0.00,0.0000
pop100_gen1000_mut0.1_elite0_tour3,100,1000,0.1000,0,3,3,2,1,True,0.0040,1,1,100,6375.20,0.00,0.0000
pop100_gen1000_mut0.1_elite0_tour3,100,1000,0.1000,0,3,3,2,2,True,0.0080,2,2,200,6380.20,4683.40,-0.0370
pop100_gen1000_mut0.1_elite0_tour3,100,1000,0.1000,0,3,3,2,3,True,0.0037,1,1,100,6375.20,0.00,0.0000
pop100_gen1000_mut0.1_elite0_tour3,100,1000,0.1000,0,3,3,2,4,True,0.0034,1,1,100,6379.80,0.00,0.0000
pop100_gen1000_mut0.1_elite0_tour3,100,1000,0.1000,0,3,3,2,5,True,0.0037,1,1,100,6375.20,0.00,0.0000
pop100_gen1000_mut0.1_elite0_tour3,100,1000,0.1000,0,3,3,2,6,True,0.0032,1,1,100,6375.20,0.00,0.0000
pop100_gen1000_mut0.1_elite0_tour3,100,1000,0.1000,0,3,3,2,7,True,0.0033,1,1,100,6379.80,0.00,0.0000
pop100_gen1000_mut0.1_elite0_tour3,100,1000,0.1000,0,3,3,2,8,True,0.0034,1,1,100,6375.20,0.00,0.0000
pop100_gen1000_mut0.1_elite0_tour3,100,1000,0.1000,0,3,3,2,9,True,0.0033,1,1,100,6375.20,0.00,0.0000
pop100_gen1000_mut0.1_elite0_tour3,100,1000,0.1000,0,3,3,2,10,True,0.0036,1,1,100,6375.20,0.00,0.0000
pop100_gen1000_mut0.1_elite0_tour5,100,1000,0.1000,0,5,3,2,1,True,0.0069,2,2,200,6380.20,4683.40,-0.0340
pop100_gen1000_mut0.1_elite0_tour5,100,1000,0.1000,0,5,3,2,2,True,0.0068,2,2,200,6384.80,4688.00,-0.0320
pop100_gen1000_mut0.1_elite0_tour5,100,1000,0.1000,0,5,3,2,3,True,0.0033,1,1,100,6375.20,0.00,0.0000
pop100_gen1000_mut0.1_elite0_tour5,100,1000,0.1000,0,5,3,2,4,True,0.0034,1,1,100,6379.80,0.00,0.0000
pop100_gen1000_mut0.1_elite0_tour5,100,1000,0.1000,0,5,3,2,5,True,0.0033,1,1,100,6375.20,0.00,0.0000
pop100_gen1000_mut0.1_elite0_tour5,100,1000,0.1000,0,5,3,2,6,True,0.0033,1,1,100,6375.20,0.00,0.0000
pop100_gen1000_mut0.1_elite0_tour5,100,1000,0.1000,0,5,3,2,7,True,0.0036,1,1,100,6379.80,0.00,0.0000
pop100_gen1000_mut0.1_elite0_tour5,100,1000,0.1000,0,5,3,2,8,True,0.0071,2,2,200,6380.20,4683.40,-0.0300
pop100_gen1000_mut0.1_elite0_tour5,100,1000,0.1000,0,5,3,2,9,True,0.0070,2,2,200,6380.20,4683.40,-0.0110
pop100_gen1000_mut0.1_elite0_tour5,100,1000,0.1000,0,5,3,2,10,True,0.0035,1,1,100,6379.80,0.00,0.0000
pop200_gen1000_mut0.1_elite0_tour1,200,1000,0.1000,0,1,3,2,1,True,0.0105,1,1,200,6375.20,0.00,0.0000
pop200_gen1000_mut0.1_elite0_tour1,200,1000,0.1000,0,1,3,2,2,True,0.0112,1,1,200,6375.20,0.00,0.0000
pop200_gen1000_mut0.1_elite0_tour1,200,1000,0.1000,0,1,3,2,3,True,0.0208,2,2,400,6384.80,4688.00,-0.0280
pop200_gen1000_mut0.1_elite0_tour1,200,1000,0.1000,0,1,3,2,4,True,0.0105,1,1,200,6375.20,0.00,0.0000
pop200_gen1000_mut0.1_elite0_tour1,200,1000,0.1000,0,1,3,2,5,True,0.0104,1,1,200,6375.20,0.00,0.0000
pop200_gen1000_mut0.1_elite0_tour1,200,1000,0.1000,0,1,3,2,6,True,0.0099,1,1,200,6375.20,0.00,0.0000
pop200_gen1000_mut0.1_elite0_tour1,200,1000,0.1000,0,1,3,2,7,True,0.0108,1,1,200,6379.80,0.00,0.0000
pop200_gen1000_mut0.1_elite0_tour1,200,1000,0.1000,0,1,3,2,8,True,0.0105,1,1,200,6375.20,0.00,0.0000
pop200_gen1000_mut0.1_elite0_tour1,200,1000,0.1000,0,1,3,2,9,True,0.0102,1,1,200,6375.20,0.00,0.0000
pop200_gen1000_mut0.1_elite0_tour1,200,1000,0.1000,0,1,3,2,10,True,0.0231,2,2,400,6380.20,4683.40,-0.0400
pop200_gen1000_mut0.1_elite0_tour2,200,1000,0.1000,0,2,3,2,1,True,0.0103,1,1,200,6375.20,0.00,0.0000
pop200_gen1000_mut0.1_elite0_tour2,200,1000,0.1000,0,2,3,2,2,True,0.0104,1,1,200,6379.80,0.00,0.0000
pop200_gen1000_mut0.1_elite0_tour2,200,1000,0.1000,0,2,3,2,3,True,0.0119,1,1,200,6379.80,0.00,0.0000
pop200_gen1000_mut0.1_elite0_tour2,200,1000,0.1000,0,2,3,2,4,True,0.0103,1,1,200,6375.20,0.00,0.0000
pop200_gen1000_mut0.1_elite0_tour2,200,1000,0.1000,0,2,3,2,5,True,0.0211,2,2,400,6380.20,4683.40,-0.0360
pop200_gen1000_mut0.1_elite0_tour2,200,1000,0.1000,0,2,3,2,6,True,0.0109,1,1,200,6375.20,0.00,0.0000
pop200_gen1000_mut0.1_elite0_tour2,200,1000,0.1000,0,2,3,2,7,True,0.0103,1,1,200,6379.80,0.00,0.0000
pop200_gen1000_mut0.1_elite0_tour2,200,1000,0.1000,0,2,3,2,8,True,0.0114,1,1,200,6375.20,0.00,0.0000
pop200_gen1000_mut0.1_elite0_tour2,200,1000,0.1000,0,2,3,2,9,True,0.0109,1,1,200,6375.20,0.00,0.0000
pop200_gen1000_mut0.1_elite0_tour2,200,1000,0.1000,0,2,3,2,10,True,0.0104,1,1,200,6375.20,0.00,0.0000
pop200_gen1000_mut0.1_elite0_tour3,200,1000,0.1000,0,3,3,2,1,True,0.0206,2,2,400,6380.20,4683.40,-0.0310
pop200_gen1000_mut0.1_elite0_tour3,200,1000,0.1000,0,3,3,2,2,True,0.0213,2,2,400,6384.80,4688.00,-0.0270
pop200_gen1000_mut0.1_elite0_tour3,200,1000,0.1000,0,3,3,2,3,True,0.0107,1,1,200,6375.20,0.00,0.0000
pop200_gen1000_mut0.1_elite0_tour3,200,1000,0.1000,0,3,3,2,4,True,0.0206,2,2,400,6384.80,4688.00,-0.0330
pop200_gen1000_mut0.1_elite0_tour3,200,1000,0.1000,0,3,3,2,5,True,0.0100,1,1,200,6375.20,0.00,0.0000
pop200_gen1000_mut0.1_elite0_tour3,200,1000,0.1000,0,3,3,2,6,True,0.0101,1,1,200,6375.20,0.00,0.0000
pop200_gen1000_mut0.1_elite0_tour3,200,1000,0.1000,0,3,3,2,7,True,0.0101,1,1,200,6379.80,0.00,0.0000
pop200_gen1000_mut0.1_elite0_tour3,200,1000,0.1000,0,3,3,2,8,True,0.0102,1,1,200,6375.20,0.00,0.0000
pop200_gen1000_mut0.1_elite0_tour3,200,1000,0.1000,0,3,3,2,9,True,0.0100,1,1,200,6375.20,0.00,0.0000
pop200_gen1000_mut0.1_elite0_tour3,200,1000,0.1000,0,3,3,2,10,True,0.0098,1,1,200,6375.20,0.00,0.0000
pop200_gen1000_mut0.1_elite0_tour5,200,1000,0.1000,0,5,3,2,1,True,0.0111,1,1,200,6375.20,0.00,0.0000
pop200_gen1000_mut0.1_elite0_tour5,200,1000,0.1000,0,5,3,2,2,True,0.0130,1,1,200,6375.20,0.00,0.0000
pop200_gen1000_mut0.1_elite0_tour5,200,1000,0.1000,0,5,3,2,3,True,0.0108,1,1,200,6375.20,0.00,0.0000
pop200_gen1000_mut0.1_elite0_tour5,200,1000,0.1000,0,5,3,2,4,True,0.0099,1,1,200,6375.20,0.00,0.0000
pop200_gen1000_mut0.1_elite0_tour5,200,1000,0.1000,0,5,3,2,5,True,0.0109,1,1,200,6379.80,0.00,0.0000
pop200_gen1000_mut0.1_elite0_tour5,200,1000,0.1000,0,5,3,2,6,True,0.0102,1,1,200,6375.20,0.00,0.0000
pop200_gen1000_mut0.1_elite0_tour5,200,1000,0.1000,0,5,3,2,7,True,0.0257,2,2,400,6380.20,4683.40,-0.0220
pop200_gen1000_mut0.1_elite0_tour5,200,1000,0.1000,0,5,3,2,8,True,0.0104,1,1,200,6379.80,0.00,0.0000
pop200_gen1000_mut0.1_elite0_tour5,200,1000,0.1000,0,5,3,2,9,True,0.0102,1,1,200,6375.20,0.00,0.0000
pop200_gen1000_mut0.1_elite0_tour5,200,1000,0.1000,0,5,3,2,10,True,0.0099,1,1,200,6375.20,0.00,0.0000
pop300_gen1000_mut0.1_elite0_tour1,300,1000,0.1000,0,1,3,2,1,True,0.0203,1,1,300,6375.20,0.00,0.0000
pop300_gen1000_mut0.1_elite0_tour1,300,1000,0.1000,0,1,3,2,2,True,0.0198,1,1,300,6375.20,0.00,0.0000
pop300_gen1000_mut0.1_elite0_tour1,300,1000,0.1000,0,1,3,2,3,True,0.0208,1,1,300,6375.20,0.00,0.0000
pop300_gen1000_mut0.1_elite0_tour1,300,1000,0.1000,0,1,3,2,4,True,0.0206,1,1,300,6375.20,0.00,0.0000
pop300_gen1000_mut0.1_elite0_tour1,300,1000,0.1000,0,1,3,2,5,True,0.0512,2,2,600,6380.20,4683.40,-0.0230
pop300_gen1000_mut0.1_elite0_tour1,300,1000,0.1000,0,1,3,2,6,True,0.0203,1,1,300,6375.20,0.00,0.0000
pop300_gen1000_mut0.1_elite0_tour1,300,1000,0.1000,0,1,3,2,7,True,0.0282,1,1,300,6375.20,0.00,0.0000
pop300_gen1000_mut0.1_elite0_tour1,300,1000,0.1000,0,1,3,2,8,True,0.0205,1,1,300,6379.80,0.00,0.0000
pop300_gen1000_mut0.1_elite0_tour1,300,1000,0.1000,0,1,3,2,9,True,0.0201,1,1,300,6375.20,0.00,0.0000
pop300_gen1000_mut0.1_elite0_tour1,300,1000,0.1000,0,1,3,2,10,True,0.0208,1,1,300,6379.80,0.00,0.0000
pop300_gen1000_mut0.1_elite0_tour2,300,1000,0.1000,0,2,3,2,1,True,0.0210,1,1,300,6375.20,0.00,0.0000
pop300_gen1000_mut0.1_elite0_tour2,300,1000,0.1000,0,2,3,2,2,True,0.0201,1,1,300,6375.20,0.00,0.0000
pop300_gen1000_mut0.1_elite0_tour2,300,1000,0.1000,0,2,3,2,3,True,0.0205,1,1,300,6379.80,0.00,0.0000
pop300_gen1000_mut0.1_elite0_tour2,300,1000,0.1000,0,2,3,2,4,True,0.0207,1,1,300,6375.20,0.00,0.0000
pop300_gen1000_mut0.1_elite0_tour2,300,1000,0.1000,0,2,3,2,5,True,0.0201,1,1,300,6375.20,0.00,0.0000
pop300_gen1000_mut0.1_elite0_tour2,300,1000,0.1000,0,2,3,2,6,True,0.0227,1,1,300,6379.80,0.00,0.0000
pop300_gen1000_mut0.1_elite0_tour2,300,1000,0.1000,0,2,3,2,7,True,0.0409,2,2,600,6380.20,4683.40,-0.0310
pop300_gen1000_mut0.1_elite0_tour2,300,1000,0.1000,0,2,3,2,8,True,0.0199,1,1,300,6375.20,0.00,0.0000
pop300_gen1000_mut0.1_elite0_tour2,300,1000,0.1000,0,2,3,2,9,True,0.0430,2,2,600,6380.20,4683.40,-0.0240
pop300_gen1000_mut0.1_elite0_tour2,300,1000,0.1000,0,2,3,2,10,True,0.0423,2,2,600,6384.80,4688.00,-0.0280
pop300_gen1000_mut0.1_elite0_tour3,300,1000,0.1000,0,3,3,2,1,True,0.0210,1,1,300,6379.80,0.00,0.0000
pop300_gen1000_mut0.1_elite0_tour3,300,1000,0.1000,0,3,3,2,2,True,0.0205,1,1,300,6375.20,0.00,0.0000
pop300_gen1000_mut0.1_elite0_tour3,300,1000,0.1000,0,3,3,2,3,True,0.0414,2,2,600,6380.20,4683.40,-0.0240
pop300_gen1000_mut0.1_elite0_tour3,300,1000,0.1000,0,3,3,2,4,True,0.0207,1,1,300,6379.80,0.00,0.0000
pop300_gen1000_mut0.1_elite0_tour3,300,1000,0.1000,0,3,3,2,5,True,0.0201,1,1,300,6375.20,0.00,0.0000
pop300_gen1000_mut0.1_elite0_tour3,300,1000,0.1000,0,3,3,2,6,True,0.0413,2,2,600,6380.20,4683.40,-0.0240
pop300_gen1000_mut0.1_elite0_tour3,300,1000,0.1000,0,3,3,2,7,True,0.0211,1,1,300,6375.20,0.00,0.0000
pop300_gen1000_mut0.1_elite0_tour3,300,1000,0.1000,0,3,3,2,8,True,0.0202,1,1,300,6375.20,0.00,0.0000
pop300_gen1000_mut0.1_elite0_tour3,300,1000,0.1000,0,3,3,2,9,True,0.0206,1,1,300,6379.80,0.00,0.0000
pop300_gen1000_mut0.1_elite0_tour3,300,1000,0.1000,0,3,3,2,10,True,0.0202,1,1,300,6375.20,0.00,0.0000
pop300_gen1000_mut0.1_elite0_tour5,300,1000,0.1000,0,5,3,2,1,True,0.0416,2,2,600,6380.20,4683.40,-0.0320
pop300_gen1000_mut0.1_elite0_tour5,300,1000,0.1000,0,5,3,2,2,True,0.0439,2,2,600,6380.20,4683.40,-0.0300
pop300_gen1000_mut0.1_elite0_tour5,300,1000,0.1000,0,5,3,2,3,True,0.0437,2,2,600,6380.20,4683.40,-0.0300
pop300_gen1000_mut0.1_elite0_tour5,300,1000,0.1000,0,5,3,2,4,True,0.0202,1,1,300,6375.20,0.00,0.0000
pop300_gen1000_mut0.1_elite0_tour5,300,1000,0.1000,0,5,3,2,5,True,0.0206,1,1,300,6375.20,0.00,0.0000
pop300_gen1000_mut0.1_elite0_tour5,300,1000,0.1000,0,5,3,2,6,True,0.0211,1,1,300,6379.80,0.00,0.0000
pop300_gen1000_mut0.1_elite0_tour5,300,1000,0.1000,0,5,3,2,7,True,0.0210,1,1,300,6375.20,0.00,0.0000
pop300_gen1000_mut0.1_elite0_tour5,300,1000,0.1000,0,5,3,2,8,True,0.0202,1,1,300,6375.20,0.00,0.0000
pop300_gen1000_mut0.1_elite0_tour5,300,1000,0.1000,0,5,3,2,9,True,0.0458,2,2,600,6384.80,4688.00,-0.0340
pop300_gen1000_mut0.1_elite0_tour5,300,1000,0.1000,0,5,3,2,10,True,0.0429,2,2,600,6380.20,4683.40,-0.0280
pop500_gen1000_mut0.1_elite0_tour1,500,1000,0.1000,0,1,3,2,1,True,0.0546,1,1,500,6375.20,0.00,0.0000
pop500_gen1000_mut0.1_elite0_tour1,500,1000,0.1000,0,1,3,2,2,True,0.0525,1,1,500,6375.20,0.00,0.0000
pop500_gen1000_mut0.1_elite0_tour1,500,1000,0.1000,0,1,3,2,3,True,0.0530,1,1,500,6375.20,0.00,0.0000
pop500_gen1000_mut0.1_elite0_tour1,500,1000,0.1000,0,1,3,2,4,True,0.1061,2,2,1000,6384.80,4688.00,-0.0320
pop500_gen1000_mut0.1_elite0_tour1,500,1000,0.1000,0,1,3,2,5,True,0.0523,1,1,500,6375.20,0.00,0.0000
pop500_gen1000_mut0.1_elite0_tour1,500,1000,0.1000,0,1,3,2,6,True,0.0515,1,1,500,6375.20,0.00,0.0000
pop500_gen1000_mut0.1_elite0_tour1,500,1000,0.1000,0,1,3,2,7,True,0.0532,1,1,500,6379.80,0.00,0.0000
pop500_gen1000_mut0.1_elite0_tour1,500,1000,0.1000,0,1,3,2,8,True,0.0534,1,1,500,6379.80,0.00,0.0000
pop500_gen1000_mut0.1_elite0_tour1,500,1000,0.1000,0,1,3,2,9,True,0.1169,2,2,1000,6380.20,4683.40,-0.0240
pop500_gen1000_mut0.1_elite0_tour1,500,1000,0.1000,0,1,3,2,10,True,0.0536,1,1,500,6379.80,0.00,0.0000
pop500_gen1000_mut0.1_elite0_tour2,500,1000,0.1000,0,2,3,2,1,True,0.1284,2,2,1000,6380.20,4683.40,-0.0350
pop500_gen1000_mut0.1_elite0_tour2,500,1000,0.1000,0,2,3,2,2,True,0.0534,1,1,500,6375.20,0.00,0.0000
pop500_gen1000_mut0.1_elite0_tour2,500,1000,0.1000,0,2,3,2,3,True,0.0524,1,1,500,6379.80,0.00,0.0000
pop500_gen1000_mut0.1_elite0_tour2,500,1000,0.1000,0,2,3,2,4,True,0.0692,1,1,500,6375.20,0.00,0.0000
pop500_gen1000_mut0.1_elite0_tour2,500,1000,0.1000,0,2,3,2,5,True,0.1197,2,2,1000,6384.80,4688.00,-0.0310
pop500_gen1000_mut0.1_elite0_tour2,500,1000,0.1000,0,2,3,2,6,True,0.0518,1,1,500,6375.20,0.00,0.0000
pop500_gen1000_mut0.1_elite0_tour2,500,1000,0.1000,0,2,3,2,7,True,0.0515,1,1,500,6375.20,0.00,0.0000
pop500_gen1000_mut0.1_elite0_tour2,500,1000,0.1000,0,2,3,2,8,True,0.0535,1,1,500,6379.80,0.00,0.0000
pop500_gen1000_mut0.1_elite0_tour2,500,1000,0.1000,0,2,3,2,9,True,0.0546,1,1,500,6375.20,0.00,0.0000
pop500_gen1000_mut0.1_elite0_tour2,500,1000,0.1000,0,2,3,2,10,True,0.0534,1,1,500,6379.80,0.00,0.0000
pop500_gen1000_mut0.1_elite0_tour3,500,1000,0.1000,0,3,3,2,1,True,0.0530,1,1,500,6379.80,0.00,0.0000
pop500_gen1000_mut0.1_elite0_tour3,500,1000,0.1000,0,3,3,2,2,True,0.0516,1,1,500,6375.20,0.00,0.0000
pop500_gen1000_mut0.1_elite0_tour3,500,1000,0.1000,0,3,3,2,3,True,0.1052,2,2,1000,6384.80,4688.00,-0.0260
pop500_gen1000_mut0.1_elite0_tour3,500,1000,0.1000,0,3,3,2,4,True,0.0537,1,1,500,6375.20,0.00,0.0000
pop500_gen1000_mut0.1_elite0_tour3,500,1000,0.1000,0,3,3,2,5,True,0.0518,1,1,500,6375.20,0.00,0.0000
pop500_gen1000_mut0.1_elite0_tour3,500,1000,0.1000,0,3,3,2,6,True,0.1066,2,2,1000,6384.80,4688.00,-0.0420
pop500_gen1000_mut0.1_elite0_tour3,500,1000,0.1000,0,3,3,2,7,True,0.0525,1,1,500,6379.80,0.00,0.0000
pop500_gen1000_mut0.1_elite0_tour3,500,1000,0.1000,0,3,3,2,8,True,0.0509,1,1,500,6375.20,0.00,0.0000
pop500_gen1000_mut0.1_elite0_tour3,500,1000,0.1000,0,3,3,2,9,True,0.0519,1,1,500,6379.80,0.00,0.0000
pop500_gen1000_mut0.1_elite0_tour3,500,1000,0.1000,0,3,3,2,10,True,0.0510,1,1,500,6375.20,0.00,0.0000
pop500_gen1000_mut0.1_elite0_tour5,500,1000,0.1000,0,5,3,2,1,True,0.0518,1,1,500,6375.20,0.00,0.0000
pop500_gen1000_mut0.1_elite0_tour5,500,1000,0.1000,0,5,3,2,2,True,0.0537,1,1,500,6375.20,0.00,0.0000
pop500_gen1000_mut0.1_elite0_tour5,500,1000,0.1000,0,5,3,2,3,True,0.0522,1,1,500,6375.20,0.00,0.0000
pop500_gen1000_mut0.1_elite0_tour5,500,1000,0.1000,0,5,3,2,4,True,0.0592,1,1,500,6379.80,0.00,0.0000
pop500_gen1000_mut0.1_elite0_tour5,500,1000,0.1000,0,5,3,2,5,True,0.0534,1,1,500,6379.80,0.00,0.0000
pop500_gen1000_mut0.1_elite0_tour5,500,1000,0.1000,0,5,3,2,6,True,0.0513,1,1,500,6379.80,0.00,0.0000
pop500_gen1000_mut0.1_elite0_tour5,500,1000,0.1000,0,5,3,2,7,True,0.0519,1,1,500,6379.80,0.00,0.0000
pop500_gen1000_mut0.1_elite0_tour5,500,1000,0.1000,0,5,3,2,8,True,0.0520,1,1,500,6375.20,0.00,0.0000
pop500_gen1000_mut0.1_elite0_tour5,500,1000,0.1000,0,5,3,2,9,True,0.0547,1,1,500,6375.20,0.00,0.0000
pop500_gen1000_mut0.1_elite0_tour5,500,1000,0.1000,0,5,3,2,10,True,0.0525,1,1,500,6375.20,0.00,0.0000
pop100_gen1000_mut0.1_elite0_tour1,100,1000,0.1000,0,1,3,2,1,True,0.0034,1,1,100,6379.80,0.00,0.0000
pop100_gen1000_mut0.1_elite0_tour1,100,1000,0.1000,0,1,3,2,2,True,0.0033,1,1,100,6375.20,0.00,0.0000
pop100_gen1000_mut0.1_elite0_tour1,100,1000,0.1000,0,1,3,2,3,True,0.0034,1,1,100,6379.80,0.00,0.0000
pop100_gen1000_mut0.1_elite0_tour1,100,1000,0.1000,0,1,3,2,4,True,0.0038,1,1,100,6375.20,0.00,0.0000
pop100_gen1000_mut0.1_elite0_tour1,100,1000,0.1000,0,1,3,2,5,True,0.0036,1,1,100,6375.20,0.00,0.0000
pop100_gen1000_mut0.1_elite0_tour1,100,1000,0.1000,0,1,3,2,6,True,0.0036,1,1,100,6375.20,0.00,0.0000
pop100_gen1000_mut0.1_elite0_tour1,100,1000,0.1000,0,1,3,2,7,True,0.0032,1,1,100,6375.20,0.00,0.0000
pop100_gen1000_mut0.1_elite0_tour1,100,1000,0.1000,0,1,3,2,8,True,0.0033,1,1,100,6375.20,0.00,0.0000
pop100_gen1000_mut0.1_elite0_tour1,100,1000,0.1000,0,1,3,2,9,True,0.0037,1,1,100,6379.80,0.00,0.0000
pop100_gen1000_mut0.1_elite0_tour1,100,1000,0.1000,0,1,3,2,10,True,0.0032,1,1,100,6375.20,0.00,0.0000
pop100_gen1000_mut0.1_elite0_tour2,100,1000,0.1000,0,2,3,2,1,True,0.0032,1,1,100,6375.20,0.00,0.0000
pop100_gen1000_mut0.1_elite0_tour2,100,1000,0.1000,0,2,3,2,2,True,0.0035,1,1,100,6379.80,0.00,0.0000
pop100_gen1000_mut0.1_elite0_tour2,100,1000,0.1000,0,2,3,2,3,True,0.0033,1,1,100,6375.20,0.00,0.0000
pop100_gen1000_mut0.1_elite0_tour2,100,1000,0.1000,0,2,3,2,4,True,0.0032,1,1,100,6375.20,0.00,0.0000
pop100_gen1000_mut0.1_elite0_tour2,100,1000,0.1000,0,2,3,2,5,True,0.0033,1,1,100,6375.20,0.00,0.0000
pop100_gen1000_mut0.1_elite0_tour2,100,1000,0.1000,0,2,3,2,6,True,0.0034,1,1,100,6379.80,0.00,0.0000
pop100_gen1000_mut0.1_elite0_tour2,100,1000,0.1000,0,2,3,2,7,True,0.0033,1,1,100,6375.20,0.00,0.0000
pop100_gen1000_mut0.1_elite0_tour2,100,1000,0.1000,0,2,3,2,8,True,0.0034,1,1,100,6375.20,0.00,0.0000
pop100_gen1000_mut0.1_elite0_tour2,100,1000,0.1000,0,2,3,2,9,True,0.0033,1,1,100,6375.20,0.00,0.0000
pop100_gen1000_mut0.1_elite0_tour2,100,1000,0.1000,0,2,3,2,10,True,0.0033,1,1,100,6375.20,0.00,0.0000
pop100_gen1000_mut0.1_elite0_tour3,100,1000,0.1000,0,3,3,2,1,True,0.0031,1,1,100,6375.20,0.00,0.0000
pop100_gen1000_mut0.1_elite0_tour3,100,1000,0.1000,0,3,3,2,2,True,0.0067,2,2,200,6380.20,4683.40,-0.0370
pop100_gen1000_mut0.1_elite0_tour3,100,1000,0.1000,0,3,3,2,3,True,0.0036,1,1,100,6375.20,0.00,0.0000
pop100_gen1000_mut0.1_elite0_tour3,100,1000,0.1000,0,3,3,2,4,True,0.0032,1,1,100,6375.20,0.00,0.0000
pop100_gen1000_mut0.1_elite0_tour3,100,1000,0.1000,0,3,3,2,5,True,0.0032,1,1,100,6375.20,0.00,0.0000
pop100_gen1000_mut0.1_elite0_tour3,100,1000,0.1000,0,3,3,2,6,True,0.0075,2,2,200,6380.20,4683.40,-0.0360
pop100_gen1000_mut0.1_elite0_tour3,100,1000,0.1000,0,3,3,2,7,True,0.0032,1,1,100,6375.20,0.00,0.0000
pop100_gen1000_mut0.1_elite0_tour3,100,1000,0.1000,0,3,3,2,8,True,0.0032,1,1,100,6375.20,0.00,0.0000
pop100_gen1000_mut0.1_elite0_tour3,100,1000,0.1000,0,3,3,2,9,True,0.0034,1,1,100,6375.20,0.00,0.0000
pop100_gen1000_mut0.1_elite0_tour3,100,1000,0.1000,0,3,3,2,10,True,0.0033,1,1,100,6375.20,0.00,0.0000
pop100_gen1000_mut0.1_elite0_tour5,100,1000,0.1000,0,5,3,2,1,True,0.0070,2,2,200,6380.20,4683.40,-0.0230
pop100_gen1000_mut0.1_elite0_tour5,100,1000,0.1000,0,5,3,2,2,True,0.0036,1,1,100,6375.20,0.00,0.0000
pop100_gen1000_mut0.1_elite0_tour5,100,1000,0.1000,0,5,3,2,3,True,0.0035,1,1,100,6375.20,0.00,0.0000
pop100_gen1000_mut0.1_elite0_tour5,100,1000,0.1000,0,5,3,2,4,True,0.0069,2,2,200,6384.80,4688.00,-0.0420
pop100_gen1000_mut0.1_elite0_tour5,100,1000,0.1000,0,5,3,2,5,True,0.0070,2,2,200,6380.20,4683.40,-0.0300
pop100_gen1000_mut0.1_elite0_tour5,100,1000,0.1000,0,5,3,2,6,True,0.0035,1,1,100,6375.20,0.00,0.0000
pop100_gen1000_mut0.1_elite0_tour5,100,1000,0.1000,0,5,3,2,7,True,0.0033,1,1,100,6375.20,0.00,0.0000
pop100_gen1000_mut0.1_elite0_tour5,100,1000,0.1000,0,5,3,2,8,True,0.0034,1,1,100,6375.20,0.00,0.0000
pop100_gen1000_mut0.1_elite0_tour5,100,1000,0.1000,0,5,3,2,9,True,0.0074,2,2,200,6380.20,4683.40,-0.0400
pop100_gen1000_mut0.1_elite0_tour5,100,1000,0.1000,0,5,3,2,10,True,0.0032,1,1,100,6375.20,0.00,0.0000
pop200_gen1000_mut0.1_elite0_tour1,200,1000,0.1000,0,1,3,2,1,True,0.0212,2,2,400,6380.20,4683.40,-0.0320
pop200_gen1000_mut0.1_elite0_tour1,200,1000,0.1000,0,1,3,2,2,True,0.0101,1,1,200,6379.80,0.00,0.0000
pop200_gen1000_mut0.1_elite0_tour1,200,1000,0.1000,0,1,3,2,3,True,0.0101,1,1,200,6379.80,0.00,0.0000
pop200_gen1000_mut0.1_elite0_tour1,200,1000,0.1000,0,1,3,2,4,True,0.0203,2,2,400,6380.20,4683.40,-0.0320
pop200_gen1000_mut0.1_elite0_tour1,200,1000,0.1000,0,1,3,2,5,True,0.0100,1,1,200,6375.20,0.00,0.0000
pop200_gen1000_mut0.1_elite0_tour1,200,1000,0.1000,0,1,3,2,6,True,0.0208,2,2,400,6380.20,4683.40,-0.0260
pop200_gen1000_mut0.1_elite0_tour1,200,1000,0.1000,0,1,3,2,7,True,0.0210,2,2,400,6380.20,4683.40,-0.0260
pop200_gen1000_mut0.1_elite0_tour1,200,1000,0.1000,0,1,3,2,8,True,0.0206,2,2,400,6380.20,4683.40,-0.0270
pop200_gen1000_mut0.1_elite0_tour1,200,1000,0.1000,0,1,3,2,9,True,0.0104,1,1,200,6375.20,0.00,0.0000
pop200_gen1000_mut0.1_elite0_tour1,200,1000,0.1000,0,1,3,2,10,True,0.0102,1,1,200,6375.20,0.00,0.0000
pop200_gen1000_mut0.1_elite0_tour2,200,1000,0.1000,0,2,3,2,1,True,0.0210,2,2,400,6380.20,4683.40,-0.0320
pop200_gen1000_mut0.1_elite0_tour2,200,1000,0.1000,0,2,3,2,2,True,0.0096,1,1,200,6375.20,0.00,0.0000
pop200_gen1000_mut0.1_elite0_tour2,200,1000,0.1000,0,2,3,2,3,True,0.0097,1,1,200,6375.20,0.00,0.0000
pop200_gen1000_mut0.1_elite0_tour2,200,1000,0.1000,0,2,3,2,4,True,0.0099,1,1,200,6375.20,0.00,0.0000
pop200_gen1000_mut0.1_elite0_tour2,200,1000,0.1000,0,2,3,2,5,True,0.0206,2,2,400,6380.20,4683.40,-0.0410
pop200_gen1000_mut0.1_elite0_tour2,200,1000,0.1000,0,2,3,2,6,True,0.0116,1,1,200,6379.80,0.00,0.0000
pop200_gen1000_mut0.1_elite0_tour2,200,1000,0.1000,0,2,3,2,7,True,0.0111,1,1,200,6379.80,0.00,0.0000
pop200_gen1000_mut0.1_elite0_tour2,200,1000,0.1000,0,2,3,2,8,True,0.0099,1,1,200,6375.20,0.00,0.0000
pop200_gen1000_mut0.1_elite0_tour2,200,1000,0.1000,0,2,3,2,9,True,0.0098,1,1,200,6375.20,0.00,0.0000
pop200_gen1000_mut0.1_elite0_tour2,200,1000,0.1000,0,2,3,2,10,True,0.0116,1,1,200,6375.20,0.00,0.0000
pop200_gen1000_mut0.1_elite0_tour3,200,1000,0.1000,0,3,3,2,1,True,0.0102,1,1,200,6379.80,0.00,0.0000
pop200_gen1000_mut0.1_elite0_tour3,200,1000,0.1000,0,3,3,2,2,True,0.0239,2,2,400,6380.20,4683.40,-0.0260
pop200_gen1000_mut0.1_elite0_tour3,200,1000,0.1000,0,3,3,2,3,True,0.0326,2,2,400,6380.20,4683.40,-0.0250
pop200_gen1000_mut0.1_elite0_tour3,200,1000,0.1000,0,3,3,2,4,True,0.0119,1,1,200,6375.20,0.00,0.0000
pop200_gen1000_mut0.1_elite0_tour3,200,1000,0.1000,0,3,3,2,5,True,0.0208,2,2,400,6380.20,4683.40,-0.0330
pop200_gen1000_mut0.1_elite0_tour3,200,1000,0.1000,0,3,3,2,6,True,0.0100,1,1,200,6375.20,0.00,0.0000
pop200_gen1000_mut0.1_elite0_tour3,200,1000,0.1000,0,3,3,2,7,True,0.0100,1,1,200,6375.20,0.00,0.0000
pop200_gen1000_mut0.1_elite0_tour3,200,1000,0.1000,0,3,3,2,8,True,0.0097,1,1,200,6375.20,0.00,0.0000
pop200_gen1000_mut0.1_elite0_tour3,200,1000,0.1000,0,3,3,2,9,True,0.0212,2,2,400,6380.20,4683.40,-0.0240
pop200_gen1000_mut0.1_elite0_tour3,200,1000,0.1000,0,3,3,2,10,True,0.0107,1,1,200,6379.80,0.00,0.0000
pop200_gen1000_mut0.1_elite0_tour5,200,1000,0.1000,0,5,3,2,1,True,0.0105,1,1,200,6375.20,0.00,0.0000
pop200_gen1000_mut0.1_elite0_tour5,200,1000,0.1000,0,5,3,2,2,True,0.0106,1,1,200,6379.80,0.00,0.0000
pop200_gen1000_mut0.1_elite0_tour5,200,1000,0.1000,0,5,3,2,3,True,0.0107,1,1,200,6375.20,0.00,0.0000
pop200_gen1000_mut0.1_elite0_tour5,200,1000,0.1000,0,5,3,2,4,True,0.0109,1,1,200,6375.20,0.00,0.0000
pop200_gen1000_mut0.1_elite0_tour5,200,1000,0.1000,0,5,3,2,5,True,0.0266,2,2,400,6380.20,4683.40,-0.0300
pop200_gen1000_mut0.1_elite0_tour5,200,1000,0.1000,0,5,3,2,6,True,0.0102,1,1,200,6375.20,0.00,0.0000
pop200_gen1000_mut0.1_elite0_tour5,200,1000,0.1000,0,5,3,2,7,True,0.0104,1,1,200,6375.20,0.00,0.0000
pop200_gen1000_mut0.1_elite0_tour5,200,1000,0.1000,0,5,3,2,8,True,0.0100,1,1,200,6379.80,0.00,0.0000
pop200_gen1000_mut0.1_elite0_tour5,200,1000,0.1000,0,5,3,2,9,True,0.0216,2,2,400,6380.20,4683.40,-0.0280
pop200_gen1000_mut0.1_elite0_tour5,200,1000,0.1000,0,5,3,2,10,True,0.0102,1,1,200,6375.20,0.00,0.0000
pop300_gen1000_mut0.1_elite0_tour1,300,1000,0.1000,0,1,3,2,1,True,0.0420,2,2,600,6380.20,4683.40,-0.0270
pop300_gen1000_mut0.1_elite0_tour1,300,1000,0.1000,0,1,3,2,2,True,0.0206,1,1,300,6375.20,0.00,0.0000
pop300_gen1000_mut0.1_elite0_tour1,300,1000,0.1000,0,1,3,2,3,True,0.0206,1,1,300,6375.20,0.00,0.0000
pop300_gen1000_mut0.1_elite0_tour1,300,1000,0.1000,0,1,3,2,4,True,0.0198,1,1,300,6375.20,0.00,0.0000
pop300_gen1000_mut0.1_elite0_tour1,300,1000,0.1000,0,1,3,2,5,True,0.0208,1,1,300,6379.80,0.00,0.0000
pop300_gen1000_mut0.1_elite0_tour1,300,1000,0.1000,0,1,3,2,6,True,0.0201,1,1,300,6375.20,0.00,0.0000
pop300_gen1000_mut0.1_elite0_tour1,300,1000,0.1000,0,1,3,2,7,True,0.0229,1,1,300,6375.20,0.00,0.0000
pop300_gen1000_mut0.1_elite0_tour1,300,1000,0.1000,0,1,3,2,8,True,0.0198,1,1,300,6375.20,0.00,0.0000
pop300_gen1000_mut0.1_elite0_tour1,300,1000,0.1000,0,1,3,2,9,True,0.0215,1,1,300,6379.80,0.00,0.0000
pop300_gen1000_mut0.1_elite0_tour1,300,1000,0.1000,0,1,3,2,10,True,0.0208,1,1,300,6375.20,0.00,0.0000
pop300_gen1000_mut0.1_elite0_tour2,300,1000,0.1000,0,2,3,2,1,True,0.0420,2,2,600,6380.20,4683.40,-0.0260
pop300_gen1000_mut0.1_elite0_tour2,300,1000,0.1000,0,2,3,2,2,True,0.0199,1,1,300,6375.20,0.00,0.0000
pop300_gen1000_mut0.1_elite0_tour2,300,1000,0.1000,0,2,3,2,3,True,0.0203,1,1,300,6379.80,0.00,0.0000
pop300_gen1000_mut0.1_elite0_tour2,300,1000,0.1000,0,2,3,2,4,True,0.0208,1,1,300,6375.20,0.00,0.0000
pop300_gen1000_mut0.1_elite0_tour2,300,1000,0.1000,0,2,3,2,5,True,0.0261,1,1,300,6379.80,0.00,0.0000
pop300_gen1000_mut0.1_elite0_tour2,300,1000,0.1000,0,2,3,2,6,True,0.0278,1,1,300,6375.20,0.00,0.0000
pop300_gen1000_mut0.1_elite0_tour2,300,1000,0.1000,0,2,3,2,7,True,0.0208,1,1,300,6375.20,0.00,0.0000
pop300_gen1000_mut0.1_elite0_tour2,300,1000,0.1000,0,2,3,2,8,True,0.0410,2,2,600,6380.20,4683.40,-0.0220
pop300_gen1000_mut0.1_elite0_tour2,300,1000,0.1000,0,2,3,2,9,True,0.0199,1,1,300,6375.20,0.00,0.0000
pop300_gen1000_mut0.1_elite0_tour2,300,1000,0.1000,0,2,3,2,10,True,0.0210,1,1,300,6375.20,0.00,0.0000
pop300_gen1000_mut0.1_elite0_tour3,300,1000,0.1000,0,3,3,2,1,True,0.0211,1,1,300,6375.20,0.00,0.0000
pop300_gen1000_mut0.1_elite0_tour3,300,1000,0.1000,0,3,3,2,2,True,0.0200,1,1,300,6375.20,0.00,0.0000
pop300_gen1000_mut0.1_elite0_tour3,300,1000,0.1000,0,3,3,2,3,True,0.0415,2,2,600,6384.80,4688.00,-0.0350
pop300_gen1000_mut0.1_elite0_tour3,300,1000,0.1000,0,3,3,2,4,True,0.0201,1,1,300,6375.20,0.00,0.0000
pop300_gen1000_mut0.1_elite0_tour3,300,1000,0.1000,0,3,3,2,5,True,0.0256,1,1,300,6375.20,0.00,0.0000
pop300_gen1000_mut0.1_elite0_tour3,300,1000,0.1000,0,3,3,2,6,True,0.0443,2,2,600,6380.20,4683.40,-0.0270
pop300_gen1000_mut0.1_elite0_tour3,300,1000,0.1000,0,3,3,2,7,True,0.0200,1,1,300,6375.20,0.00,0.0000
pop300_gen1000_mut0.1_elite0_tour3,300,1000,0.1000,0,3,3,2,8,True,0.0469,2,2,600,6384.80,4688.00,-0.0320
pop300_gen1000_mut0.1_elite0_tour3,300,1000,0.1000,0,3,3,2,9,True,0.0201,1,1,300,6375.20,0.00,0.0000
pop300_gen1000_mut0.1_elite0_tour3,300,1000,0.1000,0,3,3,2,10,True,0.0200,1,1,300,6375.20,0.00,0.0000
pop300_gen1000_mut0.1_elite0_tour5,300,1000,0.1000,0,5,3,2,1,True,0.0211,1,1,300,6375.20,0.00,0.0000
pop300_gen1000_mut0.1_elite0_tour5,300,1000,0.1000,0,5,3,2,2,True,0.0419,2,2,600,6380.20,4683.40,-0.0290
pop300_gen1000_mut0.1_elite0_tour5,300,1000,0.1000,0,5,3,2,3,True,0.0201,1,1,300,6375.20,0.00,0.0000
pop300_gen1000_mut0.1_elite0_tour5,300,1000,0.1000,0,5,3,2,4,True,0.0418,2,2,600,6384.80,4688.00,-0.0310
pop300_gen1000_mut0.1_elite0_tour5,300,1000,0.1000,0,5,3,2,5,True,0.0200,1,1,300,6375.20,0.00,0.0000
pop300_gen1000_mut0.1_elite0_tour5,300,1000,0.1000,0,5,3,2,6,True,0.0211,1,1,300,6379.80,0.00,0.0000
pop300_gen1000_mut0.1_elite0_tour5,300,1000,0.1000,0,5,3,2,7,True,0.0225,1,1,300,6375.20,0.00,0.0000
pop300_gen1000_mut0.1_elite0_tour5,300,1000,0.1000,0,5,3,2,8,True,0.0505,2,2,600,6380.20,4683.40,-0.0250
pop300_gen1000_mut0.1_elite0_tour5,300,1000,0.1000,0,5,3,2,9,True,0.0424,2,2,600,6380.20,4683.40,-0.0340
pop300_gen1000_mut0.1_elite0_tour5,300,1000,0.1000,0,5,3,2,10,True,0.0207,1,1,300,6375.20,0.00,0.0000
pop500_gen1000_mut0.1_elite0_tour1,500,1000,0.1000,0,1,3,2,1,True,0.1027,2,2,1000,6384.80,4688.00,-0.0360
pop500_gen1000_mut0.1_elite0_tour1,500,1000,0.1000,0,1,3,2,2,True,0.0545,1,1,500,6375.20,0.00,0.0000
pop500_gen1000_mut0.1_elite0_tour1,500,1000,0.1000,0,1,3,2,3,True,0.0527,1,1,500,6379.80,0.00,0.0000
pop500_gen1000_mut0.1_elite0_tour1,500,1000,0.1000,0,1,3,2,4,True,0.0526,1,1,500,6375.20,0.00,0.0000
pop500_gen1000_mut0.1_elite0_tour1,500,1000,0.1000,0,1,3,2,5,True,0.0521,1,1,500,6375.20,0.00,0.0000
pop500_gen1000_mut0.1_elite0_tour1,500,1000,0.1000,0,1,3,2,6,True,0.0599,1,1,500,6375.20,0.00,0.0000
pop500_gen1000_mut0.1_elite0_tour1,500,1000,0.1000,0,1,3,2,7,True,0.0518,1,1,500,6379.80,0.00,0.0000
pop500_gen1000_mut0.1_elite0_tour1,500,1000,0.1000,0,1,3,2,8,True,0.0608,1,1,500,6375.20,0.00,0.0000
pop500_gen1000_mut0.1_elite0_tour1,500,1000,0.1000,0,1,3,2,9,True,0.0525,1,1,500,6375.20,0.00,0.0000
pop500_gen1000_mut0.1_elite0_tour1,500,1000,0.1000,0,1,3,2,10,True,0.0616,1,1,500,6375.20,0.00,0.0000
pop500_gen1000_mut0.1_elite0_tour2,500,1000,0.1000,0,2,3,2,1,True,0.0516,1,1,500,6375.20,0.00,0.0000
pop500_gen1000_mut0.1_elite0_tour2,500,1000,0.1000,0,2,3,2,2,True,0.0523,1,1,500,6375.20,0.00,0.0000
pop500_gen1000_mut0.1_elite0_tour2,500,1000,0.1000,0,2,3,2,3,True,0.0598,1,1,500,6375.20,0.00,0.0000
pop500_gen1000_mut0.1_elite0_tour2,500,1000,0.1000,0,2,3,2,4,True,0.1043,2,2,1000,6384.80,4688.00,-0.0270
pop500_gen1000_mut0.1_elite0_tour2,500,1000,0.1000,0,2,3,2,5,True,0.0520,1,1,500,6375.20,0.00,0.0000
pop500_gen1000_mut0.1_elite0_tour2,500,1000,0.1000,0,2,3,2,6,True,0.1047,2,2,1000,6384.80,4688.00,-0.0350
pop500_gen1000_mut0.1_elite0_tour2,500,1000,0.1000,0,2,3,2,7,True,0.0515,1,1,500,6375.20,0.00,0.0000
pop500_gen1000_mut0.1_elite0_tour2,500,1000,0.1000,0,2,3,2,8,True,0.0501,1,1,500,6375.20,0.00,0.0000
pop500_gen1000_mut0.1_elite0_tour2,500,1000,0.1000,0,2,3,2,9,True,0.0507,1,1,500,6375.20,0.00,0.0000
pop500_gen1000_mut0.1_elite0_tour2,500,1000,0.1000,0,2,3,2,10,True,0.0507,1,1,500,6375.20,0.00,0.0000
pop500_gen1000_mut0.1_elite0_tour3,500,1000,0.1000,0,3,3,2,1,True,0.1045,2,2,1000,6384.80,4688.00,-0.0310
pop500_gen1000_mut0.1_elite0_tour3,500,1000,0.1000,0,3,3,2,2,True,0.0560,1,1,500,6375.20,0.00,0.0000
pop500_gen1000_mut0.1_elite0_tour3,500,1000,0.1000,0,3,3,2,3,True,0.0538,1,1,500,6379.80,0.00,0.0000
pop500_gen1000_mut0.1_elite0_tour3,500,1000,0.1000,0,3,3,2,4,True,0.0516,1,1,500,6375.20,0.00,0.0000
pop500_gen1000_mut0.1_elite0_tour3,500,1000,0.1000,0,3,3,2,5,True,0.0514,1,1,500,6375.20,0.00,0.0000
pop500_gen1000_mut0.1_elite0_tour3,500,1000,0.1000,0,3,3,2,6,True,0.0514,1,1,500,6375.20,0.00,0.0000
pop500_gen1000_mut0.1_elite0_tour3,500,1000,0.1000,0,3,3,2,7,True,0.0515,1,1,500,6375.20,0.00,0.0000
pop500_gen1000_mut0.1_elite0_tour3,500,1000,0.1000,0,3,3,2,8,True,0.1106,2,2,1000,6384.80,4688.00,-0.0230
pop500_gen1000_mut0.1_elite0_tour3,500,1000,0.1000,0,3,3,2,9,True,0.1168,2,2,1000,6384.80,4688.00,-0.0270
pop500_gen1000_mut0.1_elite0_tour3,500,1000,0.1000,0,3,3,2,10,True,0.0505,1,1,500,6375.20,0.00,0.0000
pop500_gen1000_mut0.1_elite0_tour5,500,1000,0.1000,0,5,3,2,1,True,0.0504,1,1,500,6375.20,0.00,0.0000
pop500_gen1000_mut0.1_elite0_tour5,500,1000,0.1000,0,5,3,2,2,True,0.0505,1,1,500,6375.20,0.00,0.0000
pop500_gen1000_mut0.1_elite0_tour5,500,1000,0.1000,0,5,3,2,3,True,0.0522,1,1,500,6379.80,0.00,0.0000
pop500_gen1000_mut0.1_elite0_tour5,500,1000,0.1000,0,5,3,2,4,True,0.0526,1,1,500,6375.20,0.00,0.0000
pop500_gen1000_mut0.1_elite0_tour5,500,1000,0.1000,0,5,3,2,5,True,0.0503,1,1,500,6375.20,0.00,0.0000
pop500_gen1000_mut0.1_elite0_tour5,500,1000,0.1000,0,5,3,2,6,True,0.0532,1,1,500,6379.80,0.00,0.0000
pop500_gen1000_mut0.1_elite0_tour5,500,1000,0.1000,0,5,3,2,7,True,0.0513,1,1,500,6375.20,0.00,0.0000
pop500_gen1000_mut0.1_elite0_tour5,500,1000,0.1000,0,5,3,2,8,True,0.1206,2,2,1000,6380.20,4683.40,-0.0280
pop500_gen1000_mut0.1_elite0_tour5,500,1000,0.1000,0,5,3,2,9,True,0.0555,1,1,500,6375.20,0.00,0.0000
pop500_gen1000_mut0.1_elite0_tour5,500,1000,0.1000,0,5,3,2,10,True,0.0517,1,1,500,6375.20,0.00,0.0000
pop100_gen500_mut0.01_elite2_tour1,100,500,0.0100,2,1,3,2,1,True,0.0033,1,1,100,6375.20,0.00,0.0000
pop100_gen500_mut0.01_elite2_tour1,100,500,0.0100,2,1,3,2,2,True,0.0067,2,2,200,6380.20,4683.40,-0.0020
pop100_gen500_mut0.01_elite2_tour1,100,500,0.0100,2,1,3,2,3,True,0.0033,1,1,100,6375.20,0.00,0.0000
pop100_gen500_mut0.01_elite2_tour1,100,500,0.0100,2,1,3,2,4,True,0.0034,1,1,100,6379.80,0.00,0.0000
pop100_gen500_mut0.01_elite2_tour1,100,500,0.0100,2,1,3,2,5,True,0.0034,1,1,100,6379.80,0.00,0.0000
pop100_gen500_mut0.01_elite2_tour1,100,500,0.0100,2,1,3,2,6,True,0.0036,1,1,100,6379.80,0.00,0.0000
pop100_gen500_mut0.01_elite2_tour1,100,500,0.0100,2,1,3,2,7,True,0.0031,1,1,100,6375.20,0.00,0.0000
pop100_gen500_mut0.01_elite2_tour1,100,500,0.0100,2,1,3,2,8,True,0.0068,2,2,200,6380.20,4683.40,-0.0040
pop100_gen500_mut0.01_elite2_tour1,100,500,0.0100,2,1,3,2,9,True,0.0034,1,1,100,6379.80,0.00,0.0000
pop100_gen500_mut0.01_elite2_tour1,100,500,0.0100,2,1,3,2,10,True,0.0034,1,1,100,6379.80,0.00,0.0000
pop100_gen500_mut0.01_elite2_tour2,100,500,0.0100,2,2,3,2,1,True,0.0040,1,1,100,6379.80,0.00,0.0000
pop100_gen500_mut0.01_elite2_tour2,100,500,0.0100,2,2,3,2,2,True,0.0033,1,1,100,6375.20,0.00,0.0000
pop100_gen500_mut0.01_elite2_tour2,100,500,0.0100,2,2,3,2,3,True,0.0034,1,1,100,6379.80,0.00,0.0000
pop100_gen500_mut0.01_elite2_tour2,100,500,0.0100,2,2,3,2,4,True,0.0033,1,1,100,6375.20,0.00,0.0000
pop100_gen500_mut0.01_elite2_tour2,100,500,0.0100,2,2,3,2,5,True,0.0034,1,1,100,6379.80,0.00,0.0000
pop100_gen500_mut0.01_elite2_tour2,100,500,0.0100,2,2,3,2,6,True,0.0034,1,1,100,6379.80,0.00,0.0000
pop100_gen500_mut0.01_elite2_tour2,100,500,0.0100,2,2,3,2,7,True,0.0034,1,1,100,6379.80,0.00,0.0000
pop100_gen500_mut0.01_elite2_tour2,100,500,0.0100,2,2,3,2,8,True,0.0103,3,3,300,6380.20,4683.40,-0.0070
pop100_gen500_mut0.01_elite2_tour2,100,500,0.0100,2,2,3,2,9,True,0.0200,5,5,500,6380.20,4683.40,-0.0150
pop100_gen500_mut0.01_elite2_tour2,100,500,0.0100,2,2,3,2,10,True,0.0034,1,1,100,6375.20,0.00,0.0000
pop100_gen500_mut0.01_elite2_tour3,100,500,0.0100,2,3,3,2,1,True,0.0034,1,1,100,6375.20,0.00,0.0000
pop100_gen500_mut0.01_elite2_tour3,100,500,0.0100,2,3,3,2,2,True,0.0033,1,1,100,6375.20,0.00,0.0000
pop100_gen500_mut0.01_elite2_tour3,100,500,0.0100,2,3,3,2,3,True,0.0033,1,1,100,6375.20,0.00,0.0000
pop100_gen500_mut0.01_elite2_tour3,100,500,0.0100,2,3,3,2,4,True,0.0032,1,1,100,6375.20,0.00,0.0000
pop100_gen500_mut0.01_elite2_tour3,100,500,0.0100,2,3,3,2,5,True,0.0033,1,1,100,6375.20,0.00,0.0000
pop100_gen500_mut0.01_elite2_tour3,100,500,0.0100,2,3,3,2,6,True,0.0035,1,1,100,6375.20,0.00,0.0000
pop100_gen500_mut0.01_elite2_tour3,100,500,0.0100,2,3,3,2,7,True,0.0033,1,1,100,6375.20,0.00,0.0000
pop100_gen500_mut0.01_elite2_tour3,100,500,0.0100,2,3,3,2,8,True,0.0033,1,1,100,6375.20,0.00,0.0000
pop100_gen500_mut0.01_elite2_tour3,100,500,0.0100,2,3,3,2,9,True,0.0033,1,1,100,6375.20,0.00,0.0000
pop100_gen500_mut0.01_elite2_tour3,100,500,0.0100,2,3,3,2,10,True,0.0089,2,2,200,6380.20,4683.40,-0.0040
pop100_gen500_mut0.01_elite2_tour5,100,500,0.0100,2,5,3,2,1,True,0.0035,1,1,100,6379.80,0.00,0.0000
pop100_gen500_mut0.01_elite2_tour5,100,500,0.0100,2,5,3,2,2,True,0.0036,1,1,100,6375.20,0.00,0.0000
pop100_gen500_mut0.01_elite2_tour5,100,500,0.0100,2,5,3,2,3,True,0.0069,2,2,200,6380.20,4683.40,-0.0070
pop100_gen500_mut0.01_elite2_tour5,100,500,0.0100,2,5,3,2,4,True,0.0034,1,1,100,6379.80,0.00,0.0000
pop100_gen500_mut0.01_elite2_tour5,100,500,0.0100,2,5,3,2,5,True,0.0034,1,1,100,6379.80,0.00,0.0000
pop100_gen500_mut0.01_elite2_tour5,100,500,0.0100,2,5,3,2,6,True,0.0034,1,1,100,6375.20,0.00,0.0000
pop100_gen500_mut0.01_elite2_tour5,100,500,0.0100,2,5,3,2,7,True,0.0034,1,1,100,6375.20,0.00,0.0000
pop100_gen500_mut0.01_elite2_tour5,100,500,0.0100,2,5,3,2,8,True,0.0351,10,10,1000,6380.20,4683.40,-0.0070
pop100_gen500_mut0.01_elite2_tour5,100,500,0.0100,2,5,3,2,9,True,0.0035,1,1,100,6375.20,0.00,0.0000
pop100_gen500_mut0.01_elite2_tour5,100,500,0.0100,2,5,3,2,10,True,0.0034,1,1,100,6375.20,0.00,0.0000
pop200_gen500_mut0.01_elite2_tour1,200,500,0.0100,2,1,3,2,1,True,0.0101,1,1,200,6375.20,0.00,0.0000
pop200_gen500_mut0.01_elite2_tour1,200,500,0.0100,2,1,3,2,2,True,0.0099,1,1,200,6375.20,0.00,0.0000
pop200_gen500_mut0.01_elite2_tour1,200,500,0.0100,2,1,3,2,3,True,0.0098,1,1,200,6375.20,0.00,0.0000
pop200_gen500_mut0.01_elite2_tour1,200,500,0.0100,2,1,3,2,4,True,0.0100,1,1,200,6375.20,0.00,0.0000
pop200_gen500_mut0.01_elite2_tour1,200,500,0.0100,2,1,3,2,5,True,0.0209,2,2,400,6380.20,4683.40,-0.0020
pop200_gen500_mut0.01_elite2_tour1,200,500,0.0100,2,1,3,2,6,True,0.0105,1,1,200,6375.20,0.00,0.0000
pop200_gen500_mut0.01_elite2_tour1,200,500,0.0100,2,1,3,2,7,True,0.0104,1,1,200,6379.80,0.00,0.0000
pop200_gen500_mut0.01_elite2_tour1,200,500,0.0100,2,1,3,2,8,True,0.0102,1,1,200,6375.20,0.00,0.0000
pop200_gen500_mut0.01_elite2_tour1,200,500,0.0100,2,1,3,2,9,True,0.0202,2,2,400,6380.20,4683.40,-0.0030
pop200_gen500_mut0.01_elite2_tour1,200,500,0.0100,2,1,3,2,10,True,0.0098,1,1,200,6375.20,0.00,0.0000
pop200_gen500_mut0.01_elite2_tour2,200,500,0.0100,2,2,3,2,1,True,0.0101,1,1,200,6375.20,0.00,0.0000
pop200_gen500_mut0.01_elite2_tour2,200,500,0.0100,2,2,3,2,2,True,0.0102,1,1,200,6379.80,0.00,0.0000
pop200_gen500_mut0.01_elite2_tour2,200,500,0.0100,2,2,3,2,3,True,0.0104,1,1,200,6379.80,0.00,0.0000
pop200_gen500_mut0.01_elite2_tour2,200,500,0.0100,2,2,3,2,4,True,0.0098,1,1,200,6375.20,0.00,0.0000
pop200_gen500_mut0.01_elite2_tour2,200,500,0.0100,2,2,3,2,5,True,0.0102,1,1,200,6379.80,0.00,0.0000
pop200_gen500_mut0.01_elite2_tour2,200,500,0.0100,2,2,3,2,6,True,0.0103,1,1,200,6379.80,0.00,0.0000
pop200_gen500_mut0.01_elite2_tour2,200,500,0.0100,2,2,3,2,7,True,0.0099,1,1,200,6375.20,0.00,0.0000
pop200_gen500_mut0.01_elite2_tour2,200,500,0.0100,2,2,3,2,8,True,0.0100,1,1,200,6375.20,0.00,0.0000
pop200_gen500_mut0.01_elite2_tour2,200,500,0.0100,2,2,3,2,9,True,0.0253,2,2,400,6380.20,4683.40,-0.0030
pop200_gen500_mut0.01_elite2_tour2,200,500,0.0100,2,2,3,2,10,True,0.0106,1,1,200,6375.20,0.00,0.0000
pop200_gen500_mut0.01_elite2_tour3,200,500,0.0100,2,3,3,2,1,True,0.0100,1,1,200,6375.20,0.00,0.0000
pop200_gen500_mut0.01_elite2_tour3,200,500,0.0100,2,3,3,2,2,True,0.0101,1,1,200,6375.20,0.00,0.0000
pop200_gen500_mut0.01_elite2_tour3,200,500,0.0100,2,3,3,2,3,True,0.0329,3,3,600,6380.20,4683.40,-0.0060
pop200_gen500_mut0.01_elite2_tour3,200,500,0.0100,2,3,3,2,4,True,0.0103,1,1,200,6379.80,0.00,0.0000
pop200_gen500_mut0.01_elite2_tour3,200,500,0.0100,2,3,3,2,5,True,0.0098,1,1,200,6375.20,0.00,0.0000
pop200_gen500_mut0.01_elite2_tour3,200,500,0.0100,2,3,3,2,6,True,0.0101,1,1,200,6375.20,0.00,0.0000
pop200_gen500_mut0.01_elite2_tour3,200,500,0.0100,2,3,3,2,7,True,0.0097,1,1,200,6375.20,0.00,0.0000
pop200_gen500_mut0.01_elite2_tour3,200,500,0.0100,2,3,3,2,8,True,0.0099,1,1,200,6375.20,0.00,0.0000
pop200_gen500_mut0.01_elite2_tour3,200,500,0.0100,2,3,3,2,9,True,0.0096,1,1,200,6375.20,0.00,0.0000
pop200_gen500_mut0.01_elite2_tour3,200,500,0.0100,2,3,3,2,10,True,0.0100,1,1,200,6375.20,0.00,0.0000
pop200_gen500_mut0.01_elite2_tour5,200,500,0.0100,2,5,3,2,1,True,0.0101,1,1,200,6375.20,0.00,0.0000
pop200_gen500_mut0.01_elite2_tour5,200,500,0.0100,2,5,3,2,2,True,0.0373,3,3,600,6380.20,4683.40,-0.0020
pop200_gen500_mut0.01_elite2_tour5,200,500,0.0100,2,5,3,2,3,True,0.0099,1,1,200,6375.20,0.00,0.0000
pop200_gen500_mut0.01_elite2_tour5,200,500,0.0100,2,5,3,2,4,True,0.0103,1,1,200,6375.20,0.00,0.0000
pop200_gen500_mut0.01_elite2_tour5,200,500,0.0100,2,5,3,2,5,True,0.0100,1,1,200,6375.20,0.00,0.0000
pop200_gen500_mut0.01_elite2_tour5,200,500,0.0100,2,5,3,2,6,True,0.0101,1,1,200,6375.20,0.00,0.0000
pop200_gen500_mut0.01_elite2_tour5,200,500,0.0100,2,5,3,2,7,True,0.0100,1,1,200,6375.20,0.00,0.0000
pop200_gen500_mut0.01_elite2_tour5,200,500,0.0100,2,5,3,2,8,True,0.0102,1,1,200,6379.80,0.00,0.0000
pop200_gen500_mut0.01_elite2_tour5,200,500,0.0100,2,5,3,2,9,True,0.0107,1,1,200,6379.80,0.00,0.0000
pop200_gen500_mut0.01_elite2_tour5,200,500,0.0100,2,5,3,2,10,True,0.0106,1,1,200,6379.80,0.00,0.0000
pop300_gen500_mut0.01_elite2_tour1,300,500,0.0100,2,1,3,2,1,True,0.0211,1,1,300,6375.20,0.00,0.0000
pop300_gen500_mut0.01_elite2_tour1,300,500,0.0100,2,1,3,2,2,True,0.0429,2,2,600,6380.20,4683.40,-0.0020
pop300_gen500_mut0.01_elite2_tour1,300,500,0.0100,2,1,3,2,3,True,0.0406,2,2,600,6380.20,4683.40,-0.0010
pop300_gen500_mut0.01_elite2_tour1,300,500,0.0100,2,1,3,2,4,True,0.0203,1,1,300,6375.20,0.00,0.0000
pop300_gen500_mut0.01_elite2_tour1,300,500,0.0100,2,1,3,2,5,True,0.0200,1,1,300,6375.20,0.00,0.0000
pop300_gen500_mut0.01_elite2_tour1,300,500,0.0100,2,1,3,2,6,True,0.0407,2,2,600,6380.20,4683.40,-0.0040
pop300_gen500_mut0.01_elite2_tour1,300,500,0.0100,2,1,3,2,7,True,0.0220,1,1,300,6379.80,0.00,0.0000
pop300_gen500_mut0.01_elite2_tour1,300,500,0.0100,2,1,3,2,8,True,0.0256,1,1,300,6379.80,0.00,0.0000
pop300_gen500_mut0.01_elite2_tour1,300,500,0.0100,2,1,3,2,9,True,0.0202,1,1,300,6375.20,0.00,0.0000
pop300_gen500_mut0.01_elite2_tour1,300,500,0.0100,2,1,3,2,10,True,0.0211,1,1,300,6379.80,0.00,0.0000
pop300_gen500_mut0.01_elite2_tour2,300,500,0.0100,2,2,3,2,1,True,0.0230,1,1,300,6375.20,0.00,0.0000
pop300_gen500_mut0.01_elite2_tour2,300,500,0.0100,2,2,3,2,2,True,0.0205,1,1,300,6379.80,0.00,0.0000
pop300_gen500_mut0.01_elite2_tour2,300,500,0.0100,2,2,3,2,3,True,0.0427,2,2,600,6380.20,4683.40,-0.0050
pop300_gen500_mut0.01_elite2_tour2,300,500,0.0100,2,2,3,2,4,True,0.0204,1,1,300,6375.20,0.00,0.0000
pop300_gen500_mut0.01_elite2_tour2,300,500,0.0100,2,2,3,2,5,True,0.0646,3,3,900,6380.20,4683.40,-0.0030
pop300_gen500_mut0.01_elite2_tour2,300,500,0.0100,2,2,3,2,6,True,0.0406,2,2,600,6380.20,4683.40,-0.0030
pop300_gen500_mut0.01_elite2_tour2,300,500,0.0100,2,2,3,2,7,True,0.0214,1,1,300,6379.80,0.00,0.0000
pop300_gen500_mut0.01_elite2_tour2,300,500,0.0100,2,2,3,2,8,True,0.0206,1,1,300,6379.80,0.00,0.0000
pop300_gen500_mut0.01_elite2_tour2,300,500,0.0100,2,2,3,2,9,True,0.0430,2,2,600,6380.20,4683.40,-0.0030
pop300_gen500_mut0.01_elite2_tour2,300,500,0.0100,2,2,3,2,10,True,0.0208,1,1,300,6375.20,0.00,0.0000
pop300_gen500_mut0.01_elite2_tour3,300,500,0.0100,2,3,3,2,1,True,0.0211,1,1,300,6379.80,0.00,0.0000
pop300_gen500_mut0.01_elite2_tour3,300,500,0.0100,2,3,3,2,2,True,0.0202,1,1,300,6379.80,0.00,0.0000
pop300_gen500_mut0.01_elite2_tour3,300,500,0.0100,2,3,3,2,3,True,0.0204,1,1,300,6379.80,0.00,0.0000
pop300_gen500_mut0.01_elite2_tour3,300,500,0.0100,2,3,3,2,4,True,0.0208,1,1,300,6375.20,0.00,0.0000
pop300_gen500_mut0.01_elite2_tour3,300,500,0.0100,2,3,3,2,5,True,0.0208,1,1,300,6375.20,0.00,0.0000
pop300_gen500_mut0.01_elite2_tour3,300,500,0.0100,2,3,3,2,6,True,0.0203,1,1,300,6375.20,0.00,0.0000
pop300_gen500_mut0.01_elite2_tour3,300,500,0.0100,2,3,3,2,7,True,0.0196,1,1,300,6375.20,0.00,0.0000
pop300_gen500_mut0.01_elite2_tour3,300,500,0.0100,2,3,3,2,8,True,0.0241,1,1,300,6375.20,0.00,0.0000
pop300_gen500_mut0.01_elite2_tour3,300,500,0.0100,2,3,3,2,9,True,0.0199,1,1,300,6375.20,0.00,0.0000
pop300_gen500_mut0.01_elite2_tour3,300,500,0.0100,2,3,3,2,10,True,0.0204,1,1,300,6375.20,0.00,0.0000
pop300_gen500_mut0.01_elite2_tour5,300,500,0.0100,2,5,3,2,1,True,0.0226,1,1,300,6375.20,0.00,0.0000
pop300_gen500_mut0.01_elite2_tour5,300,500,0.0100,2,5,3,2,2,True,0.0212,1,1,300,6375.20,0.00,0.0000
pop300_gen500_mut0.01_elite2_tour5,300,500,0.0100,2,5,3,2,3,True,0.0209,1,1,300,6375.20,0.00,0.0000
pop300_gen500_mut0.01_elite2_tour5,300,500,0.0100,2,5,3,2,4,True,0.0201,1,1,300,6375.20,0.00,0.0000
pop300_gen500_mut0.01_elite2_tour5,300,500,0.0100,2,5,3,2,5,True,0.0201,1,1,300,6375.20,0.00,0.0000
pop300_gen500_mut0.01_elite2_tour5,300,500,0.0100,2,5,3,2,6,True,0.0202,1,1,300,6375.20,0.00,0.0000
pop300_gen500_mut0.01_elite2_tour5,300,500,0.0100,2,5,3,2,7,True,0.0203,1,1,300,6375.20,0.00,0.0000
pop300_gen500_mut0.01_elite2_tour5,300,500,0.0100,2,5,3,2,8,True,0.0227,1,1,300,6379.80,0.00,0.0000
pop300_gen500_mut0.01_elite2_tour5,300,500,0.0100,2,5,3,2,9,True,0.0209,1,1,300,6375.20,0.00,0.0000
pop300_gen500_mut0.01_elite2_tour5,300,500,0.0100,2,5,3,2,10,True,0.0201,1,1,300,6375.20,0.00,0.0000
pop500_gen500_mut0.01_elite2_tour1,500,500,0.0100,2,1,3,2,1,True,0.0512,1,1,500,6375.20,0.00,0.0000
pop500_gen500_mut0.01_elite2_tour1,500,500,0.0100,2,1,3,2,2,True,0.0517,1,1,500,6375.20,0.00,0.0000
pop500_gen500_mut0.01_elite2_tour1,500,500,0.0100,2,1,3,2,3,True,0.0602,1,1,500,6375.20,0.00,0.0000
pop500_gen500_mut0.01_elite2_tour1,500,500,0.0100,2,1,3,2,4,True,0.1049,2,2,1000,6380.20,4683.40,-0.0020
pop500_gen500_mut0.01_elite2_tour1,500,500,0.0100,2,1,3,2,5,True,0.0537,1,1,500,6379.80,0.00,0.0000
pop500_gen500_mut0.01_elite2_tour1,500,500,0.0100,2,1,3,2,6,True,0.0509,1,1,500,6375.20,0.00,0.0000
pop500_gen500_mut0.01_elite2_tour1,500,500,0.0100,2,1,3,2,7,True,0.0529,1,1,500,6375.20,0.00,0.0000
pop500_gen500_mut0.01_elite2_tour1,500,500,0.0100,2,1,3,2,8,True,0.0518,1,1,500,6379.80,0.00,0.0000
pop500_gen500_mut0.01_elite2_tour1,500,500,0.0100,2,1,3,2,9,True,0.1048,2,2,1000,6380.20,4683.40,-0.0030
pop500_gen500_mut0.01_elite2_tour1,500,500,0.0100,2,1,3,2,10,True,0.0537,1,1,500,6379.80,0.00,0.0000
pop500_gen500_mut0.01_elite2_tour2,500,500,0.0100,2,2,3,2,1,True,0.1067,2,2,1000,6380.20,4683.40,-0.0050
pop500_gen500_mut0.01_elite2_tour2,500,500,0.0100,2,2,3,2,2,True,0.0510,1,1,500,6375.20,0.00,0.0000
pop500_gen500_mut0.01_elite2_tour2,500,500,0.0100,2,2,3,2,3,True,0.0501,1,1,500,6375.20,0.00,0.0000
pop500_gen500_mut0.01_elite2_tour2,500,500,0.0100,2,2,3,2,4,True,0.1648,3,3,1500,6380.20,4683.40,-0.0040
pop500_gen500_mut0.01_elite2_tour2,500,500,0.0100,2,2,3,2,5,True,0.0535,1,1,500,6375.20,0.00,0.0000
pop500_gen500_mut0.01_elite2_tour2,500,500,0.0100,2,2,3,2,6,True,0.1044,2,2,1000,6380.20,4683.40,-0.0030
pop500_gen500_mut0.01_elite2_tour2,500,500,0.0100,2,2,3,2,7,True,0.0536,1,1,500,6375.20,0.00,0.0000
pop500_gen500_mut0.01_elite2_tour2,500,500,0.0100,2,2,3,2,8,True,0.0534,1,1,500,6375.20,0.00,0.0000
pop500_gen500_mut0.01_elite2_tour2,500,500,0.0100,2,2,3,2,9,True,0.0576,1,1,500,6375.20,0.00,0.0000
pop500_gen500_mut0.01_elite2_tour2,500,500,0.0100,2,2,3,2,10,True,0.0631,1,1,500,6375.20,0.00,0.0000
pop500_gen500_mut0.01_elite2_tour3,500,500,0.0100,2,3,3,2,1,True,0.1125,2,2,1000,6380.20,4683.40,-0.0040
pop500_gen500_mut0.01_elite2_tour3,500,500,0.0100,2,3,3,2,2,True,0.0555,1,1,500,6375.20,0.00,0.0000
pop500_gen500_mut0.01_elite2_tour3,500,500,0.0100,2,3,3,2,3,True,0.0516,1,1,500,6375.20,0.00,0.0000
pop500_gen500_mut0.01_elite2_tour3,500,500,0.0100,2,3,3,2,4,True,0.1061,2,2,1000,6380.20,4683.40,-0.0020
pop500_gen500_mut0.01_elite2_tour3,500,500,0.0100,2,3,3,2,5,True,0.0513,1,1,500,6375.20,0.00,0.0000
pop500_gen500_mut0.01_elite2_tour3,500,500,0.0100,2,3,3,2,6,True,0.0544,1,1,500,6375.20,0.00,0.0000
pop500_gen500_mut0.01_elite2_tour3,500,500,0.0100,2,3,3,2,7,True,0.0513,1,1,500,6379.80,0.00,0.0000
pop500_gen500_mut0.01_elite2_tour3,500,500,0.0100,2,3,3,2,8,True,0.1111,2,2,1000,6380.20,4683.40,-0.0040
pop500_gen500_mut0.01_elite2_tour3,500,500,0.0100,2,3,3,2,9,True,0.1030,2,2,1000,6380.20,4683.40,-0.0020
pop500_gen500_mut0.01_elite2_tour3,500,500,0.0100,2,3,3,2,10,True,0.0528,1,1,500,6379.80,0.00,0.0000
pop500_gen500_mut0.01_elite2_tour5,500,500,0.0100,2,5,3,2,1,True,0.1045,2,2,1000,6380.20,4683.40,-0.0030
pop500_gen500_mut0.01_elite2_tour5,500,500,0.0100,2,5,3,2,2,True,0.1059,2,2,1000,6380.20,4683.40,-0.0030
pop500_gen500_mut0.01_elite2_tour5,500,500,0.0100,2,5,3,2,3,True,0.0517,1,1,500,6375.20,0.00,0.0000
pop500_gen500_mut0.01_elite2_tour5,500,500,0.0100,2,5,3,2,4,True,0.0508,1,1,500,6375.20,0.00,0.0000
pop500_gen500_mut0.01_elite2_tour5,500,500,0.0100,2,5,3,2,5,True,0.0509,1,1,500,6375.20,0.00,0.0000
pop500_gen500_mut0.01_elite2_tour5,500,500,0.0100,2,5,3,2,6,True,0.0519,1,1,500,6379.80,0.00,0.0000
pop500_gen500_mut0.01_elite2_tour5,500,500,0.0100,2,5,3,2,7,True,0.0523,1,1,500,6379.80,0.00,0.0000
pop500_gen500_mut0.01_elite2_tour5,500,500,0.0100,2,5,3,2,8,True,0.0534,1,1,500,6375.20,0.00,0.0000
pop500_gen500_mut0.01_elite2_tour5,500,500,0.0100,2,5,3,2,9,True,0.0556,1,1,500,6375.20,0.00,0.0000
pop500_gen500_mut0.01_elite2_tour5,500,500,0.0100,2,5,3,2,10,True,0.0510,1,1,500,6375.20,0.00,0.0000
pop100_gen500_mut0.03_elite2_tour1,100,500,0.0300,2,1,3,2,1,True,0.0036,1,1,100,6375.20,0.00,0.0000
pop100_gen500_mut0.03_elite2_tour1,100,500,0.0300,2,1,3,2,2,True,0.0036,1,1,100,6375.20,0.00,0.0000
pop100_gen500_mut0.03_elite2_tour1,100,500,0.0300,2,1,3,2,3,True,0.0034,1,1,100,6379.80,0.00,0.0000
pop100_gen500_mut0.03_elite2_tour1,100,500,0.0300,2,1,3,2,4,True,0.0033,1,1,100,6375.20,0.00,0.0000
pop100_gen500_mut0.03_elite2_tour1,100,500,0.0300,2,1,3,2,5,True,0.0033,1,1,100,6375.20,0.00,0.0000
pop100_gen500_mut0.03_elite2_tour1,100,500,0.0300,2,1,3,2,6,True,0.0034,1,1,100,6375.20,0.00,0.0000
pop100_gen500_mut0.03_elite2_tour1,100,500,0.0300,2,1,3,2,7,True,0.0033,1,1,100,6375.20,0.00,0.0000
pop100_gen500_mut0.03_elite2_tour1,100,500,0.0300,2,1,3,2,8,True,0.0045,1,1,100,6379.80,0.00,0.0000
pop100_gen500_mut0.03_elite2_tour1,100,500,0.0300,2,1,3,2,9,True,0.0033,1,1,100,6375.20,0.00,0.0000
pop100_gen500_mut0.03_elite2_tour1,100,500,0.0300,2,1,3,2,10,True,0.0044,1,1,100,6375.20,0.00,0.0000
pop100_gen500_mut0.03_elite2_tour2,100,500,0.0300,2,2,3,2,1,True,0.0033,1,1,100,6375.20,0.00,0.0000
pop100_gen500_mut0.03_elite2_tour2,100,500,0.0300,2,2,3,2,2,True,0.0068,2,2,200,6380.20,4683.40,-0.0070
pop100_gen500_mut0.03_elite2_tour2,100,500,0.0300,2,2,3,2,3,True,0.0036,1,1,100,6375.20,0.00,0.0000
pop100_gen500_mut0.03_elite2_tour2,100,500,0.0300,2,2,3,2,4,True,0.0032,1,1,100,6375.20,0.00,0.0000
pop100_gen500_mut0.03_elite2_tour2,100,500,0.0300,2,2,3,2,5,True,0.0033,1,1,100,6375.20,0.00,0.0000
pop100_gen500_mut0.03_elite2_tour2,100,500,0.0300,2,2,3,2,6,True,0.0033,1,1,100,6375.20,0.00,0.0000
pop100_gen500_mut0.03_elite2_tour2,100,500,0.0300,2,2,3,2,7,True,0.0035,1,1,100,6375.20,0.00,0.0000
pop100_gen500_mut0.03_elite2_tour2,100,500,0.0300,2,2,3,2,8,True,0.0110,2,2,200,6380.20,4683.40,-0.0110
pop100_gen500_mut0.03_elite2_tour2,100,500,0.0300,2,2,3,2,9,True,0.0034,1,1,100,6379.80,0.00,0.0000
pop100_gen500_mut0.03_elite2_tour2,100,500,0.0300,2,2,3,2,10,True,0.0033,1,1,100,6375.20,0.00,0.0000
pop100_gen500_mut0.03_elite2_tour3,100,500,0.0300,2,3,3,2,1,True,0.0033,1,1,100,6375.20,0.00,0.0000
pop100_gen500_mut0.03_elite2_tour3,100,500,0.0300,2,3,3,2,2,True,0.0038,1,1,100,6375.20,0.00,0.0000
pop100_gen500_mut0.03_elite2_tour3,100,500,0.0300,2,3,3,2,3,True,0.0069,2,2,200,6380.20,4683.40,-0.0170
pop100_gen500_mut0.03_elite2_tour3,100,500,0.0300,2,3,3,2,4,True,0.0074,2,2,200,6380.20,4683.40,-0.0110
pop100_gen500_mut0.03_elite2_tour3,100,500,0.0300,2,3,3,2,5,True,0.0032,1,1,100,6375.20,0.00,0.0000
pop100_gen500_mut0.03_elite2_tour3,100,500,0.0300,2,3,3,2,6,True,0.0033,1,1,100,6375.20,0.00,0.0000
pop100_gen500_mut0.03_elite2_tour3,100,500,0.0300,2,3,3,2,7,True,0.0037,1,1,100,6375.20,0.00,0.0000
pop100_gen500_mut0.03_elite2_tour3,100,500,0.0300,2,3,3,2,8,True,0.0082,2,2,200,6380.20,4683.40,-0.0110
pop100_gen500_mut0.03_elite2_tour3,100,500,0.0300,2,3,3,2,9,True,0.0033,1,1,100,6375.20,0.00,0.0000
pop100_gen500_mut0.03_elite2_tour3,100,500,0.0300,2,3,3,2,10,True,0.0033,1,1,100,6375.20,0.00,0.0000
pop100_gen500_mut0.03_elite2_tour5,100,500,0.0300,2,5,3,2,1,True,0.0032,1,1,100,6375.20,0.00,0.0000
pop100_gen500_mut0.03_elite2_tour5,100,500,0.0300,2,5,3,2,2,True,0.0035,1,1,100,6375.20,0.00,0.0000
pop100_gen500_mut0.03_elite2_tour5,100,500,0.0300,2,5,3,2,3,True,0.0034,1,1,100,6375.20,0.00,0.0000
pop100_gen500_mut0.03_elite2_tour5,100,500,0.0300,2,5,3,2,4,True,0.0068,2,2,200,6380.20,4683.40,-0.0040
pop100_gen500_mut0.03_elite2_tour5,100,500,0.0300,2,5,3,2,5,True,0.0033,1,1,100,6375.20,0.00,0.0000
pop100_gen500_mut0.03_elite2_tour5,100,500,0.0300,2,5,3,2,6,True,0.0034,1,1,100,6375.20,0.00,0.0000
pop100_gen500_mut0.03_elite2_tour5,100,500,0.0300,2,5,3,2,7,True,0.0034,1,1,100,6375.20,0.00,0.0000
pop100_gen500_mut0.03_elite2_tour5,100,500,0.0300,2,5,3,2,8,True,0.0034,1,1,100,6379.80,0.00,0.0000
pop100_gen500_mut0.03_elite2_tour5,100,500,0.0300,2,5,3,2,9,True,0.0033,1,1,100,6375.20,0.00,0.0000
pop100_gen500_mut0.03_elite2_tour5,100,500,0.0300,2,5,3,2,10,True,0.0069,2,2,200,6380.20,4683.40,-0.0150
pop200_gen500_mut0.03_elite2_tour1,200,500,0.0300,2,1,3,2,1,True,0.0105,1,1,200,6379.80,0.00,0.0000
pop200_gen500_mut0.03_elite2_tour1,200,500,0.0300,2,1,3,2,2,True,0.0104,1,1,200,6379.80,0.00,0.0000
pop200_gen500_mut0.03_elite2_tour1,200,500,0.0300,2,1,3,2,3,True,0.0231,2,2,400,6384.80,4688.00,-0.0080
pop200_gen500_mut0.03_elite2_tour1,200,500,0.0300,2,1,3,2,4,True,0.0100,1,1,200,6375.20,0.00,0.0000
pop200_gen500_mut0.03_elite2_tour1,200,500,0.0300,2,1,3,2,5,True,0.0129,1,1,200,6375.20,0.00,0.0000
pop200_gen500_mut0.03_elite2_tour1,200,500,0.0300,2,1,3,2,6,True,0.0203,2,2,400,6380.20,4683.40,-0.0080
pop200_gen500_mut0.03_elite2_tour1,200,500,0.0300,2,1,3,2,7,True,0.0208,2,2,400,6380.20,4683.40,-0.0060
pop200_gen500_mut0.03_elite2_tour1,200,500,0.0300,2,1,3,2,8,True,0.0104,1,1,200,6375.20,0.00,0.0000
pop200_gen500_mut0.03_elite2_tour1,200,500,0.0300,2,1,3,2,9,True,0.0103,1,1,200,6379.80,0.00,0.0000
pop200_gen500_mut0.03_elite2_tour1,200,500,0.0300,2,1,3,2,10,True,0.0106,1,1,200,6375.20,0.00,0.0000
pop200_gen500_mut0.03_elite2_tour2,200,500,0.0300,2,2,3,2,1,True,0.0207,2,2,400,6380.20,4683.40,-0.0080
pop200_gen500_mut0.03_elite2_tour2,200,500,0.0300,2,2,3,2,2,True,0.0103,1,1,200,6375.20,0.00,0.0000
pop200_gen500_mut0.03_elite2_tour2,200,500,0.0300,2,2,3,2,3,True,0.0098,1,1,200,6375.20,0.00,0.0000
pop200_gen500_mut0.03_elite2_tour2,200,500,0.0300,2,2,3,2,4,True,0.0111,1,1,200,6375.20,0.00,0.0000
pop200_gen500_mut0.03_elite2_tour2,200,500,0.0300,2,2,3,2,5,True,0.0110,1,1,200,6379.80,0.00,0.0000
pop200_gen500_mut0.03_elite2_tour2,200,500,0.0300,2,2,3,2,6,True,0.0100,1,1,200,6375.20,0.00,0.0000
pop200_gen500_mut0.03_elite2_tour2,200,500,0.0300,2,2,3,2,7,True,0.0105,1,1,200,6379.80,0.00,0.0000
pop200_gen500_mut0.03_elite2_tour2,200,500,0.0300,2,2,3,2,8,True,0.0099,1,1,200,6375.20,0.00,0.0000
pop200_gen500_mut0.03_elite2_tour2,200,500,0.0300,2,2,3,2,9,True,0.0209,2,2,400,6380.20,4683.40,-0.0120
pop200_gen500_mut0.03_elite2_tour2,200,500,0.0300,2,2,3,2,10,True,0.0100,1,1,200,6375.20,0.00,0.0000
pop200_gen500_mut0.03_elite2_tour3,200,500,0.0300,2,3,3,2,1,True,0.0203,2,2,400,6380.20,4683.40,-0.0100
pop200_gen500_mut0.03_elite2_tour3,200,500,0.0300,2,3,3,2,2,True,0.0105,1,1,200,6375.20,0.00,0.0000
pop200_gen500_mut0.03_elite2_tour3,200,500,0.0300,2,3,3,2,3,True,0.0101,1,1,200,6375.20,0.00,0.0000
pop200_gen500_mut0.03_elite2_tour3,200,500,0.0300,2,3,3,2,4,True,0.0106,1,1,200,6375.20,0.00,0.0000
pop200_gen500_mut0.03_elite2_tour3,200,500,0.0300,2,3,3,2,5,True,0.0109,1,1,200,6375.20,0.00,0.0000
pop200_gen500_mut0.03_elite2_tour3,200,500,0.0300,2,3,3,2,6,True,0.0098,1,1,200,6375.20,0.00,0.0000
pop200_gen500_mut0.03_elite2_tour3,200,500,0.0300,2,3,3,2,7,True,0.0105,1,1,200,6379.80,0.00,0.0000
pop200_gen500_mut0.03_elite2_tour3,200,500,0.0300,2,3,3,2,8,True,0.0102,1,1,200,6375.20,0.00,0.0000
pop200_gen500_mut0.03_elite2_tour3,200,500,0.0300,2,3,3,2,9,True,0.0102,1,1,200,6379.80,0.00,0.0000
pop200_gen500_mut0.03_elite2_tour3,200,500,0.0300,2,3,3,2,10,True,0.0208,2,2,400,6380.20,4683.40,-0.0100
pop200_gen500_mut0.03_elite2_tour5,200,500,0.0300,2,5,3,2,1,True,0.0099,1,1,200,6375.20,0.00,0.0000
pop200_gen500_mut0.03_elite2_tour5,200,500,0.0300,2,5,3,2,2,True,0.0100,1,1,200,6375.20,0.00,0.0000
pop200_gen500_mut0.03_elite2_tour5,200,500,0.0300,2,5,3,2,3,True,0.0108,1,1,200,6375.20,0.00,0.0000
pop200_gen500_mut0.03_elite2_tour5,200,500,0.0300,2,5,3,2,4,True,0.0100,1,1,200,6375.20,0.00,0.0000
pop200_gen500_mut0.03_elite2_tour5,200,500,0.0300,2,5,3,2,5,True,0.0107,1,1,200,6375.20,0.00,0.0000
pop200_gen500_mut0.03_elite2_tour5,200,500,0.0300,2,5,3,2,6,True,0.0097,1,1,200,6375.20,0.00,0.0000
pop200_gen500_mut0.03_elite2_tour5,200,500,0.0300,2,5,3,2,7,True,0.0103,1,1,200,6379.80,0.00,0.0000
pop200_gen500_mut0.03_elite2_tour5,200,500,0.0300,2,5,3,2,8,True,0.0098,1,1,200,6375.20,0.00,0.0000
pop200_gen500_mut0.03_elite2_tour5,200,500,0.0300,2,5,3,2,9,True,0.0110,1,1,200,6375.20,0.00,0.0000
pop200_gen500_mut0.03_elite2_tour5,200,500,0.0300,2,5,3,2,10,True,0.0207,2,2,400,6380.20,4683.40,-0.0030
pop300_gen500_mut0.03_elite2_tour1,300,500,0.0300,2,1,3,2,1,True,0.0262,1,1,300,6375.20,0.00,0.0000
pop300_gen500_mut0.03_elite2_tour1,300,500,0.0300,2,1,3,2,2,True,0.0406,2,2,600,6380.20,4683.40,-0.0110
pop300_gen500_mut0.03_elite2_tour1,300,500,0.0300,2,1,3,2,3,True,0.0508,2,2,600,6380.20,4683.40,-0.0100
pop300_gen500_mut0.03_elite2_tour1,300,500,0.0300,2,1,3,2,4,True,0.0536,2,2,600,6380.20,4683.40,-0.0140
pop300_gen500_mut0.03_elite2_tour1,300,500,0.0300,2,1,3,2,5,True,0.0202,1,1,300,6375.20,0.00,0.0000
pop300_gen500_mut0.03_elite2_tour1,300,500,0.0300,2,1,3,2,6,True,0.0490,2,2,600,6380.20,4683.40,-0.0110
pop300_gen500_mut0.03_elite2_tour1,300,500,0.0300,2,1,3,2,7,True,0.0233,1,1,300,6375.20,0.00,0.0000
pop300_gen500_mut0.03_elite2_tour1,300,500,0.0300,2,1,3,2,8,True,0.0205,1,1,300,6375.20,0.00,0.0000
pop300_gen500_mut0.03_elite2_tour1,300,500,0.0300,2,1,3,2,9,True,0.0201,1,1,300,6375.20,0.00,0.0000
pop300_gen500_mut0.03_elite2_tour1,300,500,0.0300,2,1,3,2,10,True,0.0426,2,2,600,6380.20,4683.40,-0.0120
pop300_gen500_mut0.03_elite2_tour2,300,500,0.0300,2,2,3,2,1,True,0.0223,1,1,300,6379.80,0.00,0.0000
pop300_gen500_mut0.03_elite2_tour2,300,500,0.0300,2,2,3,2,2,True,0.0204,1,1,300,6375.20,0.00,0.0000
pop300_gen500_mut0.03_elite2_tour2,300,500,0.0300,2,2,3,2,3,True,0.0199,1,1,300,6375.20,0.00,0.0000
pop300_gen500_mut0.03_elite2_tour2,300,500,0.0300,2,2,3,2,4,True,0.0548,2,2,600,6380.20,4683.40,-0.0110
pop300_gen500_mut0.03_elite2_tour2,300,500,0.0300,2,2,3,2,5,True,0.0431,2,2,600,6380.20,4683.40,-0.0060
pop300_gen500_mut0.03_elite2_tour2,300,500,0.0300,2,2,3,2,6,True,0.0202,1,1,300,6375.20,0.00,0.0000
pop300_gen500_mut0.03_elite2_tour2,300,500,0.0300,2,2,3,2,7,True,0.0203,1,1,300,6375.20,0.00,0.0000
pop300_gen500_mut0.03_elite2_tour2,300,500,0.0300,2,2,3,2,8,True,0.0202,1,1,300,6379.80,0.00,0.0000
pop300_gen500_mut0.03_elite2_tour2,300,500,0.0300,2,2,3,2,9,True,0.0207,1,1,300,6375.20,0.00,0.0000
pop300_gen500_mut0.03_elite2_tour2,300,500,0.0300,2,2,3,2,10,True,0.0204,1,1,300,6375.20,0.00,0.0000
pop300_gen500_mut0.03_elite2_tour3,300,500,0.0300,2,3,3,2,1,True,0.0210,1,1,300,6375.20,0.00,0.0000
pop300_gen500_mut0.03_elite2_tour3,300,500,0.0300,2,3,3,2,2,True,0.0202,1,1,300,6375.20,0.00,0.0000
pop300_gen500_mut0.03_elite2_tour3,300,500,0.0300,2,3,3,2,3,True,0.0206,1,1,300,6379.80,0.00,0.0000
pop300_gen500_mut0.03_elite2_tour3,300,500,0.0300,2,3,3,2,4,True,0.0530,2,2,600,6380.20,4683.40,-0.0120
pop300_gen500_mut0.03_elite2_tour3,300,500,0.0300,2,3,3,2,5,True,0.0423,2,2,600,6384.80,4688.00,-0.0070
pop300_gen500_mut0.03_elite2_tour3,300,500,0.0300,2,3,3,2,6,True,0.0421,2,2,600,6380.20,4683.40,-0.0140
pop300_gen500_mut0.03_elite2_tour3,300,500,0.0300,2,3,3,2,7,True,0.0248,1,1,300,6375.20,0.00,0.0000
pop300_gen500_mut0.03_elite2_tour3,300,500,0.0300,2,3,3,2,8,True,0.0204,1,1,300,6375.20,0.00,0.0000
pop300_gen500_mut0.03_elite2_tour3,300,500,0.0300,2,3,3,2,9,True,0.0414,2,2,600,6384.80,4688.00,-0.0080
pop300_gen500_mut0.03_elite2_tour3,300,500,0.0300,2,3,3,2,10,True,0.0198,1,1,300,6375.20,0.00,0.0000
pop300_gen500_mut0.03_elite2_tour5,300,500,0.0300,2,5,3,2,1,True,0.0208,1,1,300,6379.80,0.00,0.0000
pop300_gen500_mut0.03_elite2_tour5,300,500,0.0300,2,5,3,2,2,True,0.0197,1,1,300,6375.20,0.00,0.0000
pop300_gen500_mut0.03_elite2_tour5,300,500,0.0300,2,5,3,2,3,True,0.0200,1,1,300,6375.20,0.00,0.0000
pop300_gen500_mut0.03_elite2_tour5,300,500,0.0300,2,5,3,2,4,True,0.0206,1,1,300,6375.20,0.00,0.0000
pop300_gen500_mut0.03_elite2_tour5,300,500,0.0300,2,5,3,2,5,True,0.0417,2,2,600,6380.20,4683.40,-0.0100
pop300_gen500_mut0.03_elite2_tour5,300,500,0.0300,2,5,3,2,6,True,0.0205,1,1,300,6375.20,0.00,0.0000
pop300_gen500_mut0.03_elite2_tour5,300,500,0.0300,2,5,3,2,7,True,0.0203,1,1,300,6379.80,0.00,0.0000
pop300_gen500_mut0.03_elite2_tour5,300,500,0.0300,2,5,3,2,8,True,0.0198,1,1,300,6375.20,0.00,0.0000
pop300_gen500_mut0.03_elite2_tour5,300,500,0.0300,2,5,3,2,9,True,0.0212,1,1,300,6375.20,0.00,0.0000
pop300_gen500_mut0.03_elite2_tour5,300,500,0.0300,2,5,3,2,10,True,0.0196,1,1,300,6375.20,0.00,0.0000
pop500_gen500_mut0.03_elite2_tour1,500,500,0.0300,2,1,3,2,1,True,0.0505,1,1,500,6375.20,0.00,0.0000
pop500_gen500_mut0.03_elite2_tour1,500,500,0.0300,2,1,3,2,2,True,0.0524,1,1,500,6375.20,0.00,0.0000
pop500_gen500_mut0.03_elite2_tour1,500,500,0.0300,2,1,3,2,3,True,0.0524,1,1,500,6375.20,0.00,0.0000
pop500_gen500_mut0.03_elite2_tour1,500,500,0.0300,2,1,3,2,4,True,0.0554,1,1,500,6379.80,0.00,0.0000
pop500_gen500_mut0.03_elite2_tour1,500,500,0.0300,2,1,3,2,5,True,0.0554,1,1,500,6379.80,0.00,0.0000
pop500_gen500_mut0.03_elite2_tour1,500,500,0.0300,2,1,3,2,6,True,0.0537,1,1,500,6379.80,0.00,0.0000
pop500_gen500_mut0.03_elite2_tour1,500,500,0.0300,2,1,3,2,7,True,0.0534,1,1,500,6375.20,0.00,0.0000
pop500_gen500_mut0.03_elite2_tour1,500,500,0.0300,2,1,3,2,8,True,0.1096,2,2,1000,6380.20,4683.40,-0.0080
pop500_gen500_mut0.03_elite2_tour1,500,500,0.0300,2,1,3,2,9,True,0.0529,1,1,500,6379.80,0.00,0.0000
pop500_gen500_mut0.03_elite2_tour1,500,500,0.0300,2,1,3,2,10,True,0.0621,1,1,500,6375.20,0.00,0.0000
pop500_gen500_mut0.03_elite2_tour2,500,500,0.0300,2,2,3,2,1,True,0.0508,1,1,500,6379.80,0.00,0.0000
pop500_gen500_mut0.03_elite2_tour2,500,500,0.0300,2,2,3,2,2,True,0.0528,1,1,500,6375.20,0.00,0.0000
pop500_gen500_mut0.03_elite2_tour2,500,500,0.0300,2,2,3,2,3,True,0.0512,1,1,500,6375.20,0.00,0.0000
pop500_gen500_mut0.03_elite2_tour2,500,500,0.0300,2,2,3,2,4,True,0.0520,1,1,500,6375.20,0.00,0.0000
pop500_gen500_mut0.03_elite2_tour2,500,500,0.0300,2,2,3,2,5,True,0.0516,1,1,500,6375.20,0.00,0.0000
pop500_gen500_mut0.03_elite2_tour2,500,500,0.0300,2,2,3,2,6,True,0.0519,1,1,500,6375.20,0.00,0.0000
pop500_gen500_mut0.03_elite2_tour2,500,500,0.0300,2,2,3,2,7,True,0.0562,1,1,500,6375.20,0.00,0.0000
pop500_gen500_mut0.03_elite2_tour2,500,500,0.0300,2,2,3,2,8,True,0.0508,1,1,500,6375.20,0.00,0.0000
pop500_gen500_mut0.03_elite2_tour2,500,500,0.0300,2,2,3,2,9,True,0.0579,1,1,500,6375.20,0.00,0.0000
pop500_gen500_mut0.03_elite2_tour2,500,500,0.0300,2,2,3,2,10,True,0.0572,1,1,500,6375.20,0.00,0.0000
pop500_gen500_mut0.03_elite2_tour3,500,500,0.0300,2,3,3,2,1,True,0.0534,1,1,500,6375.20,0.00,0.0000
pop500_gen500_mut0.03_elite2_tour3,500,500,0.0300,2,3,3,2,2,True,0.0504,1,1,500,6375.20,0.00,0.0000
pop500_gen500_mut0.03_elite2_tour3,500,500,0.0300,2,3,3,2,3,True,0.0514,1,1,500,6375.20,0.00,0.0000
pop500_gen500_mut0.03_elite2_tour3,500,500,0.0300,2,3,3,2,4,True,0.0511,1,1,500,6375.20,0.00,0.0000
pop500_gen500_mut0.03_elite2_tour3,500,500,0.0300,2,3,3,2,5,True,0.0507,1,1,500,6375.20,0.00,0.0000
pop500_gen500_mut0.03_elite2_tour3,500,500,0.0300,2,3,3,2,6,True,0.0507,1,1,500,6375.20,0.00,0.0000
pop500_gen500_mut0.03_elite2_tour3,500,500,0.0300,2,3,3,2,7,True,0.1050,2,2,1000,6380.20,4683.40,-0.0050
pop500_gen500_mut0.03_elite2_tour3,500,500,0.0300,2,3,3,2,8,True,0.1052,2,2,1000,6384.80,4688.00,-0.0100
pop500_gen500_mut0.03_elite2_tour3,500,500,0.0300,2,3,3,2,9,True,0.0530,1,1,500,6375.20,0.00,0.0000
pop500_gen500_mut0.03_elite2_tour3,500,500,0.0300,2,3,3,2,10,True,0.0514,1,1,500,6375.20,0.00,0.0000
pop500_gen500_mut0.03_elite2_tour5,500,500,0.0300,2,5,3,2,1,True,0.0634,1,1,500,6375.20,0.00,0.0000
pop500_gen500_mut0.03_elite2_tour5,500,500,0.0300,2,5,3,2,2,True,0.0523,1,1,500,6375.20,0.00,0.0000
pop500_gen500_mut0.03_elite2_tour5,500,500,0.0300,2,5,3,2,3,True,0.0525,1,1,500,6375.20,0.00,0.0000
pop500_gen500_mut0.03_elite2_tour5,500,500,0.0300,2,5,3,2,4,True,0.0516,1,1,500,6379.80,0.00,0.0000
pop500_gen500_mut0.03_elite2_tour5,500,500,0.0300,2,5,3,2,5,True,0.0526,1,1,500,6375.20,0.00,0.0000
pop500_gen500_mut0.03_elite2_tour5,500,500,0.0300,2,5,3,2,6,True,0.0527,1,1,500,6375.20,0.00,0.0000
pop500_gen500_mut0.03_elite2_tour5,500,500,0.0300,2,5,3,2,7,True,0.0527,1,1,500,6379.80,0.00,0.0000
pop500_gen500_mut0.03_elite2_tour5,500,500,0.0300,2,5,3,2,8,True,0.0518,1,1,500,6375.20,0.00,0.0000
pop500_gen500_mut0.03_elite2_tour5,500,500,0.0300,2,5,3,2,9,True,0.1131,2,2,1000,6380.20,4683.40,-0.0120
pop500_gen500_mut0.03_elite2_tour5,500,500,0.0300,2,5,3,2,10,True,0.0530,1,1,500,6375.20,0.00,0.0000
pop100_gen500_mut0.05_elite2_tour1,100,500,0.0500,2,1,3,2,1,True,0.0032,1,1,100,6375.20,0.00,0.0000
pop100_gen500_mut0.05_elite2_tour1,100,500,0.0500,2,1,3,2,2,True,0.0067,2,2,200,6380.20,4683.40,-0.0130
pop100_gen500_mut0.05_elite2_tour1,100,500,0.0500,2,1,3,2,3,True,0.0066,2,2,200,6380.20,4683.40,-0.0090
pop100_gen500_mut0.05_elite2_tour1,100,500,0.0500,2,1,3,2,4,True,0.0031,1,1,100,6375.20,0.00,0.0000
pop100_gen500_mut0.05_elite2_tour1,100,500,0.0500,2,1,3,2,5,True,0.0067,2,2,200,6380.20,4683.40,-0.0130
pop100_gen500_mut0.05_elite2_tour1,100,500,0.0500,2,1,3,2,6,True,0.0033,1,1,100,6375.20,0.00,0.0000
pop100_gen500_mut0.05_elite2_tour1,100,500,0.0500,2,1,3,2,7,True,0.0067,2,2,200,6380.20,4683.40,-0.0190
pop100_gen500_mut0.05_elite2_tour1,100,500,0.0500,2,1,3,2,8,True,0.0035,1,1,100,6375.20,0.00,0.0000
pop100_gen500_mut0.05_elite2_tour1,100,500,0.0500,2,1,3,2,9,True,0.0034,1,1,100,6375.20,0.00,0.0000
pop100_gen500_mut0.05_elite2_tour1,100,500,0.0500,2,1,3,2,10,True,0.0033,1,1,100,6375.20,0.00,0.0000
pop100_gen500_mut0.05_elite2_tour2,100,500,0.0500,2,2,3,2,1,True,0.0033,1,1,100,6375.20,0.00,0.0000
pop100_gen500_mut0.05_elite2_tour2,100,500,0.0500,2,2,3,2,2,True,0.0033,1,1,100,6375.20,0.00,0.0000
pop100_gen500_mut0.05_elite2_tour2,100,500,0.0500,2,2,3,2,3,True,0.0055,1,1,100,6375.20,0.00,0.0000
pop100_gen500_mut0.05_elite2_tour2,100,500,0.0500,2,2,3,2,4,True,0.0034,1,1,100,6379.80,0.00,0.0000
pop100_gen500_mut0.05_elite2_tour2,100,500,0.0500,2,2,3,2,5,True,0.0034,1,1,100,6375.20,0.00,0.0000
pop100_gen500_mut0.05_elite2_tour2,100,500,0.0500,2,2,3,2,6,True,0.0034,1,1,100,6375.20,0.00,0.0000
pop100_gen500_mut0.05_elite2_tour2,100,500,0.0500,2,2,3,2,7,True,0.0033,1,1,100,6375.20,0.00,0.0000
pop100_gen500_mut0.05_elite2_tour2,100,500,0.0500,2,2,3,2,8,True,0.0070,2,2,200,6380.20,4683.40,-0.0090
pop100_gen500_mut0.05_elite2_tour2,100,500,0.0500,2,2,3,2,9,True,0.0068,2,2,200,6384.80,4688.00,-0.0170
pop100_gen500_mut0.05_elite2_tour2,100,500,0.0500,2,2,3,2,10,True,0.0103,3,3,300,6380.20,4683.40,-0.0280
pop100_gen500_mut0.05_elite2_tour3,100,500,0.0500,2,3,3,2,1,True,0.0033,1,1,100,6375.20,0.00,0.0000
pop100_gen500_mut0.05_elite2_tour3,100,500,0.0500,2,3,3,2,2,True,0.0036,1,1,100,6379.80,0.00,0.0000
pop100_gen500_mut0.05_elite2_tour3,100,500,0.0500,2,3,3,2,3,True,0.0068,2,2,200,6380.20,4683.40,-0.0170
pop100_gen500_mut0.05_elite2_tour3,100,500,0.0500,2,3,3,2,4,True,0.0036,1,1,100,6375.20,0.00,0.0000
pop100_gen500_mut0.05_elite2_tour3,100,500,0.0500,2,3,3,2,5,True,0.0034,1,1,100,6379.80,0.00,0.0000
pop100_gen500_mut0.05_elite2_tour3,100,500,0.0500,2,3,3,2,6,True,0.0035,1,1,100,6375.20,0.00,0.0000
pop100_gen500_mut0.05_elite2_tour3,100,500,0.0500,2,3,3,2,7,True,0.0039,1,1,100,6379.80,0.00,0.0000
pop100_gen500_mut0.05_elite2_tour3,100,500,0.0500,2,3,3,2,8,True,0.0122,2,2,200,6380.20,4683.40,-0.0260
pop100_gen500_mut0.05_elite2_tour3,100,500,0.0500,2,3,3,2,9,True,0.0059,1,1,100,6375.20,0.00,0.0000
pop100_gen500_mut0.05_elite2_tour3,100,500,0.0500,2,3,3,2,10,True,0.0034,1,1,100,6379.80,0.00,0.0000
pop100_gen500_mut0.05_elite2_tour5,100,500,0.0500,2,5,3,2,1,True,0.0037,1,1,100,6375.20,0.00,0.0000
pop100_gen500_mut0.05_elite2_tour5,100,500,0.0500,2,5,3,2,2,True,0.0033,1,1,100,6375.20,0.00,0.0000
pop100_gen500_mut0.05_elite2_tour5,100,500,0.0500,2,5,3,2,3,True,0.0035,1,1,100,6375.20,0.00,0.0000
pop100_gen500_mut0.05_elite2_tour5,100,500,0.0500,2,5,3,2,4,True,0.0079,2,2,200,6380.20,4683.40,-0.0220
pop100_gen500_mut0.05_elite2_tour5,100,500,0.0500,2,5,3,2,5,True,0.0070,2,2,200,6380.20,4683.40,-0.0240
pop100_gen500_mut0.05_elite2_tour5,100,500,0.0500,2,5,3,2,6,True,0.0035,1,1,100,6375.20,0.00,0.0000
pop100_gen500_mut0.05_elite2_tour5,100,500,0.0500,2,5,3,2,7,True,0.0036,1,1,100,6379.80,0.00,0.0000
pop100_gen500_mut0.05_elite2_tour5,100,500,0.0500,2,5,3,2,8,True,0.0034,1,1,100,6375.20,0.00,0.0000
pop100_gen500_mut0.05_elite2_tour5,100,500,0.0500,2,5,3,2,9,True,0.0037,1,1,100,6375.20,0.00,0.0000
pop100_gen500_mut0.05_elite2_tour5,100,500,0.0500,2,5,3,2,10,True,0.0035,1,1,100,6379.80,0.00,0.0000
pop200_gen500_mut0.05_elite2_tour1,200,500,0.0500,2,1,3,2,1,True,0.0120,1,1,200,6379.80,0.00,0.0000
pop200_gen500_mut0.05_elite2_tour1,200,500,0.0500,2,1,3,2,2,True,0.0127,1,1,200,6379.80,0.00,0.0000
pop200_gen500_mut0.05_elite2_tour1,200,500,0.0500,2,1,3,2,3,True,0.0102,1,1,200,6375.20,0.00,0.0000
pop200_gen500_mut0.05_elite2_tour1,200,500,0.0500,2,1,3,2,4,True,0.0212,2,2,400,6380.20,4683.40,-0.0130
pop200_gen500_mut0.05_elite2_tour1,200,500,0.0500,2,1,3,2,5,True,0.0104,1,1,200,6375.20,0.00,0.0000
pop200_gen500_mut0.05_elite2_tour1,200,500,0.0500,2,1,3,2,6,True,0.0111,1,1,200,6375.20,0.00,0.0000
pop200_gen500_mut0.05_elite2_tour1,200,500,0.0500,2,1,3,2,7,True,0.0122,1,1,200,6375.20,0.00,0.0000
pop200_gen500_mut0.05_elite2_tour1,200,500,0.0500,2,1,3,2,8,True,0.0231,2,2,400,6380.20,4683.40,-0.0180
pop200_gen500_mut0.05_elite2_tour1,200,500,0.0500,2,1,3,2,9,True,0.0102,1,1,200,6375.20,0.00,0.0000
pop200_gen500_mut0.05_elite2_tour1,200,500,0.0500,2,1,3,2,10,True,0.0099,1,1,200,6375.20,0.00,0.0000
pop200_gen500_mut0.05_elite2_tour2,200,500,0.0500,2,2,3,2,1,True,0.0106,1,1,200,6379.80,0.00,0.0000
pop200_gen500_mut0.05_elite2_tour2,200,500,0.0500,2,2,3,2,2,True,0.0207,2,2,400,6380.20,4683.40,-0.0150
pop200_gen500_mut0.05_elite2_tour2,200,500,0.0500,2,2,3,2,3,True,0.0118,1,1,200,6375.20,0.00,0.0000
pop200_gen500_mut0.05_elite2_tour2,200,500,0.0500,2,2,3,2,4,True,0.0108,1,1,200,6375.20,0.00,0.0000
pop200_gen500_mut0.05_elite2_tour2,200,500,0.0500,2,2,3,2,5,True,0.0112,1,1,200,6375.20,0.00,0.0000
pop200_gen500_mut0.05_elite2_tour2,200,500,0.0500,2,2,3,2,6,True,0.0102,1,1,200,6375.20,0.00,0.0000
pop200_gen500_mut0.05_elite2_tour2,200,500,0.0500,2,2,3,2,7,True,0.0104,1,1,200,6379.80,0.00,0.0000
pop200_gen500_mut0.05_elite2_tour2,200,500,0.0500,2,2,3,2,8,True,0.0114,1,1,200,6375.20,0.00,0.0000
pop200_gen500_mut0.05_elite2_tour2,200,500,0.0500,2,2,3,2,9,True,0.0100,1,1,200,6375.20,0.00,0.0000
pop200_gen500_mut0.05_elite2_tour2,200,500,0.0500,2,2,3,2,10,True,0.0211,2,2,400,6380.20,4683.40,-0.0120
pop200_gen500_mut0.05_elite2_tour3,200,500,0.0500,2,3,3,2,1,True,0.0104,1,1,200,6375.20,0.00,0.0000
pop200_gen500_mut0.05_elite2_tour3,200,500,0.0500,2,3,3,2,2,True,0.0100,1,1,200,6375.20,0.00,0.0000
pop200_gen500_mut0.05_elite2_tour3,200,500,0.0500,2,3,3,2,3,True,0.0211,2,2,400,6380.20,4683.40,-0.0200
pop200_gen500_mut0.05_elite2_tour3,200,500,0.0500,2,3,3,2,4,True,0.0102,1,1,200,6375.20,0.00,0.0000
pop200_gen500_mut0.05_elite2_tour3,200,500,0.0500,2,3,3,2,5,True,0.0103,1,1,200,6375.20,0.00,0.0000
pop200_gen500_mut0.05_elite2_tour3,200,500,0.0500,2,3,3,2,6,True,0.0101,1,1,200,6375.20,0.00,0.0000
pop200_gen500_mut0.05_elite2_tour3,200,500,0.0500,2,3,3,2,7,True,0.0108,1,1,200,6375.20,0.00,0.0000
pop200_gen500_mut0.05_elite2_tour3,200,500,0.0500,2,3,3,2,8,True,0.0214,2,2,400,6380.20,4683.40,-0.0160
pop200_gen500_mut0.05_elite2_tour3,200,500,0.0500,2,3,3,2,9,True,0.0106,1,1,200,6375.20,0.00,0.0000
pop200_gen500_mut0.05_elite2_tour3,200,500,0.0500,2,3,3,2,10,True,0.0106,1,1,200,6375.20,0.00,0.0000
pop200_gen500_mut0.05_elite2_tour5,200,500,0.0500,2,5,3,2,1,True,0.0103,1,1,200,6375.20,0.00,0.0000
pop200_gen500_mut0.05_elite2_tour5,200,500,0.0500,2,5,3,2,2,True,0.0211,2,2,400,6380.20,4683.40,-0.0100
pop200_gen500_mut0.05_elite2_tour5,200,500,0.0500,2,5,3,2,3,True,0.0103,1,1,200,6375.20,0.00,0.0000
pop200_gen500_mut0.05_elite2_tour5,200,500,0.0500,2,5,3,2,4,True,0.0219,2,2,400,6380.20,4683.40,-0.0130
pop200_gen500_mut0.05_elite2_tour5,200,500,0.0500,2,5,3,2,5,True,0.0103,1,1,200,6375.20,0.00,0.0000
pop200_gen500_mut0.05_elite2_tour5,200,500,0.0500,2,5,3,2,6,True,0.0102,1,1,200,6375.20,0.00,0.0000
pop200_gen500_mut0.05_elite2_tour5,200,500,0.0500,2,5,3,2,7,True,0.0104,1,1,200,6375.20,0.00,0.0000
pop200_gen500_mut0.05_elite2_tour5,200,500,0.0500,2,5,3,2,8,True,0.0104,1,1,200,6375.20,0.00,0.0000
pop200_gen500_mut0.05_elite2_tour5,200,500,0.0500,2,5,3,2,9,True,0.0101,1,1,200,6375.20,0.00,0.0000
pop200_gen500_mut0.05_elite2_tour5,200,500,0.0500,2,5,3,2,10,True,0.0105,1,1,200,6379.80,0.00,0.0000
pop300_gen500_mut0.05_elite2_tour1,300,500,0.0500,2,1,3,2,1,True,0.0209,1,1,300,6375.20,0.00,0.0000
pop300_gen500_mut0.05_elite2_tour1,300,500,0.0500,2,1,3,2,2,True,0.0213,1,1,300,6375.20,0.00,0.0000
pop300_gen500_mut0.05_elite2_tour1,300,500,0.0500,2,1,3,2,3,True,0.0230,1,1,300,6379.80,0.00,0.0000
pop300_gen500_mut0.05_elite2_tour1,300,500,0.0500,2,1,3,2,4,True,0.0222,1,1,300,6379.80,0.00,0.0000
pop300_gen500_mut0.05_elite2_tour1,300,500,0.0500,2,1,3,2,5,True,0.0211,1,1,300,6375.20,0.00,0.0000
pop300_gen500_mut0.05_elite2_tour1,300,500,0.0500,2,1,3,2,6,True,0.0206,1,1,300,6375.20,0.00,0.0000
pop300_gen500_mut0.05_elite2_tour1,300,500,0.0500,2,1,3,2,7,True,0.0218,1,1,300,6379.80,0.00,0.0000
pop300_gen500_mut0.05_elite2_tour1,300,500,0.0500,2,1,3,2,8,True,0.0223,1,1,300,6375.20,0.00,0.0000
pop300_gen500_mut0.05_elite2_tour1,300,500,0.0500,2,1,3,2,9,True,0.0224,1,1,300,6379.80,0.00,0.0000
pop300_gen500_mut0.05_elite2_tour1,300,500,0.0500,2,1,3,2,10,True,0.0491,2,2,600,6380.20,4683.40,-0.0130
pop300_gen500_mut0.05_elite2_tour2,300,500,0.0500,2,2,3,2,1,True,0.0420,2,2,600,6380.20,4683.40,-0.0120
pop300_gen500_mut0.05_elite2_tour2,300,500,0.0500,2,2,3,2,2,True,0.0211,1,1,300,6379.80,0.00,0.0000
pop300_gen500_mut0.05_elite2_tour2,300,500,0.0500,2,2,3,2,3,True,0.0216,1,1,300,6379.80,0.00,0.0000
pop300_gen500_mut0.05_elite2_tour2,300,500,0.0500,2,2,3,2,4,True,0.0203,1,1,300,6375.20,0.00,0.0000
pop300_gen500_mut0.05_elite2_tour2,300,500,0.0500,2,2,3,2,5,True,0.0204,1,1,300,6375.20,0.00,0.0000
pop300_gen500_mut0.05_elite2_tour2,300,500,0.0500,2,2,3,2,6,True,0.0211,1,1,300,6375.20,0.00,0.0000
pop300_gen500_mut0.05_elite2_tour2,300,500,0.0500,2,2,3,2,7,True,0.0433,2,2,600,6380.20,4683.40,-0.0200
pop300_gen500_mut0.05_elite2_tour2,300,500,0.0500,2,2,3,2,8,True,0.0206,1,1,300,6375.20,0.00,0.0000
pop300_gen500_mut0.05_elite2_tour2,300,500,0.0500,2,2,3,2,9,True,0.0465,2,2,600,6380.20,4683.40,-0.0190
pop300_gen500_mut0.05_elite2_tour2,300,500,0.0500,2,2,3,2,10,True,0.0203,1,1,300,6375.20,0.00,0.0000
pop300_gen500_mut0.05_elite2_tour3,300,500,0.0500,2,3,3,2,1,True,0.0209,1,1,300,6379.80,0.00,0.0000
pop300_gen500_mut0.05_elite2_tour3,300,500,0.0500,2,3,3,2,2,True,0.0202,1,1,300,6375.20,0.00,0.0000
pop300_gen500_mut0.05_elite2_tour3,300,500,0.0500,2,3,3,2,3,True,0.0215,1,1,300,6379.80,0.00,0.0000
pop300_gen500_mut0.05_elite2_tour3,300,500,0.0500,2,3,3,2,4,True,0.0207,1,1,300,6375.20,0.00,0.0000
pop300_gen500_mut0.05_elite2_tour3,300,500,0.0500,2,3,3,2,5,True,0.0208,1,1,300,6379.80,0.00,0.0000
pop300_gen500_mut0.05_elite2_tour3,300,500,0.0500,2,3,3,2,6,True,0.0208,1,1,300,6379.80,0.00,0.0000
pop300_gen500_mut0.05_elite2_tour3,300,500,0.0500,2,3,3,2,7,True,0.0439,2,2,600,6380.20,4683.40,-0.0120
pop300_gen500_mut0.05_elite2_tour3,300,500,0.0500,2,3,3,2,8,True,0.0215,1,1,300,6379.80,0.00,0.0000
pop300_gen500_mut0.05_elite2_tour3,300,500,0.0500,2,3,3,2,9,True,0.0418,2,2,600,6380.20,4683.40,-0.0170
pop300_gen500_mut0.05_elite2_tour3,300,500,0.0500,2,3,3,2,10,True,0.0428,2,2,600,6380.20,4683.40,-0.0140
pop300_gen500_mut0.05_elite2_tour5,300,500,0.0500,2,5,3,2,1,True,0.0431,2,2,600,6380.20,4683.40,-0.0160
pop300_gen500_mut0.05_elite2_tour5,300,500,0.0500,2,5,3,2,2,True,0.0205,1,1,300,6375.20,0.00,0.0000
pop300_gen500_mut0.05_elite2_tour5,300,500,0.0500,2,5,3,2,3,True,0.0260,1,1,300,6379.80,0.00,0.0000
pop300_gen500_mut0.05_elite2_tour5,300,500,0.0500,2,5,3,2,4,True,0.0211,1,1,300,6375.20,0.00,0.0000
pop300_gen500_mut0.05_elite2_tour5,300,500,0.0500,2,5,3,2,5,True,0.0205,1,1,300,6375.20,0.00,0.0000
pop300_gen500_mut0.05_elite2_tour5,300,500,0.0500,2,5,3,2,6,True,0.0207,1,1,300,6375.20,0.00,0.0000
pop300_gen500_mut0.05_elite2_tour5,300,500,0.0500,2,5,3,2,7,True,0.0216,1,1,300,6375.20,0.00,0.0000
pop300_gen500_mut0.05_elite2_tour5,300,500,0.0500,2,5,3,2,8,True,0.0202,1,1,300,6375.20,0.00,0.0000
pop300_gen500_mut0.05_elite2_tour5,300,500,0.0500,2,5,3,2,9,True,0.0431,2,2,600,6380.20,4683.40,-0.0170
pop300_gen500_mut0.05_elite2_tour5,300,500,0.0500,2,5,3,2,10,True,0.0222,1,1,300,6379.80,0.00,0.0000
pop500_gen500_mut0.05_elite2_tour1,500,500,0.0500,2,1,3,2,1,True,0.0628,1,1,500,6375.20,0.00,0.0000
pop500_gen500_mut0.05_elite2_tour1,500,500,0.0500,2,1,3,2,2,True,0.0541,1,1,500,6375.20,0.00,0.0000
pop500_gen500_mut0.05_elite2_tour1,500,500,0.0500,2,1,3,2,3,True,0.0526,1,1,500,6375.20,0.00,0.0000
pop500_gen500_mut0.05_elite2_tour1,500,500,0.0500,2,1,3,2,4,True,0.0541,1,1,500,6379.80,0.00,0.0000
pop500_gen500_mut0.05_elite2_tour1,500,500,0.0500,2,1,3,2,5,True,0.0531,1,1,500,6375.20,0.00,0.0000
pop500_gen500_mut0.05_elite2_tour1,500,500,0.0500,2,1,3,2,6,True,0.0521,1,1,500,6375.20,0.00,0.0000
pop500_gen500_mut0.05_elite2_tour1,500,500,0.0500,2,1,3,2,7,True,0.0530,1,1,500,6375.20,0.00,0.0000
pop500_gen500_mut0.05_elite2_tour1,500,500,0.0500,2,1,3,2,8,True,0.1135,2,2,1000,6380.20,4683.40,-0.0160
pop500_gen500_mut0.05_elite2_tour1,500,500,0.0500,2,1,3,2,9,True,0.0522,1,1,500,6375.20,0.00,0.0000
pop500_gen500_mut0.05_elite2_tour1,500,500,0.0500,2,1,3,2,10,True,0.0556,1,1,500,6375.20,0.00,0.0000
pop500_gen500_mut0.05_elite2_tour2,500,500,0.0500,2,2,3,2,1,True,0.0526,1,1,500,6375.20,0.00,0.0000
pop500_gen500_mut0.05_elite2_tour2,500,500,0.0500,2,2,3,2,2,True,0.0591,1,1,500,6375.20,0.00,0.0000
pop500_gen500_mut0.05_elite2_tour2,500,500,0.0500,2,2,3,2,3,True,0.0507,1,1,500,6375.20,0.00,0.0000
pop500_gen500_mut0.05_elite2_tour2,500,500,0.0500,2,2,3,2,4,True,0.0513,1,1,500,6375.20,0.00,0.0000
pop500_gen500_mut0.05_elite2_tour2,500,500,0.0500,2,2,3,2,5,True,0.0523,1,1,500,6375.20,0.00,0.0000
pop500_gen500_mut0.05_elite2_tour2,500,500,0.0500,2,2,3,2,6,True,0.1151,2,2,1000,6380.20,4683.40,-0.0160
pop500_gen500_mut0.05_elite2_tour2,500,500,0.0500,2,2,3,2,7,True,0.0523,1,1,500,6379.80,0.00,0.0000
pop500_gen500_mut0.05_elite2_tour2,500,500,0.0500,2,2,3,2,8,True,0.0515,1,1,500,6375.20,0.00,0.0000
pop500_gen500_mut0.05_elite2_tour2,500,500,0.0500,2,2,3,2,9,True,0.0534,1,1,500,6375.20,0.00,0.0000
pop500_gen500_mut0.05_elite2_tour2,500,500,0.0500,2,2,3,2,10,True,0.0560,1,1,500,6375.20,0.00,0.0000
pop500_gen500_mut0.05_elite2_tour3,500,500,0.0500,2,3,3,2,1,True,0.0542,1,1,500,6375.20,0.00,0.0000
pop500_gen500_mut0.05_elite2_tour3,500,500,0.0500,2,3,3,2,2,True,0.0526,1,1,500,6375.20,0.00,0.0000
pop500_gen500_mut0.05_elite2_tour3,500,500,0.0500,2,3,3,2,3,True,0.0522,1,1,500,6379.80,0.00,0.0000
pop500_gen500_mut0.05_elite2_tour3,500,500,0.0500,2,3,3,2,4,True,0.0517,1,1,500,6375.20,0.00,0.0000
pop500_gen500_mut0.05_elite2_tour3,500,500,0.0500,2,3,3,2,5,True,0.0516,1,1,500,6375.20,0.00,0.0000
pop500_gen500_mut0.05_elite2_tour3,500,500,0.0500,2,3,3,2,6,True,0.0526,1,1,500,6375.20,0.00,0.0000
pop500_gen500_mut0.05_elite2_tour3,500,500,0.0500,2,3,3,2,7,True,0.0516,1,1,500,6375.20,0.00,0.0000
pop500_gen500_mut0.05_elite2_tour3,500,500,0.0500,2,3,3,2,8,True,0.0514,1,1,500,6375.20,0.00,0.0000
pop500_gen500_mut0.05_elite2_tour3,500,500,0.0500,2,3,3,2,9,True,0.0524,1,1,500,6379.80,0.00,0.0000
pop500_gen500_mut0.05_elite2_tour3,500,500,0.0500,2,3,3,2,10,True,0.0522,1,1,500,6375.20,0.00,0.0000
pop500_gen500_mut0.05_elite2_tour5,500,500,0.0500,2,5,3,2,1,True,0.0513,1,1,500,6379.80,0.00,0.0000
pop500_gen500_mut0.05_elite2_tour5,500,500,0.0500,2,5,3,2,2,True,0.0517,1,1,500,6379.80,0.00,0.0000
pop500_gen500_mut0.05_elite2_tour5,500,500,0.0500,2,5,3,2,3,True,0.0509,1,1,500,6375.20,0.00,0.0000
pop500_gen500_mut0.05_elite2_tour5,500,500,0.0500,2,5,3,2,4,True,0.0592,1,1,500,6379.80,0.00,0.0000
pop500_gen500_mut0.05_elite2_tour5,500,500,0.0500,2,5,3,2,5,True,0.0518,1,1,500,6375.20,0.00,0.0000
pop500_gen500_mut0.05_elite2_tour5,500,500,0.0500,2,5,3,2,6,True,0.0593,1,1,500,6375.20,0.00,0.0000
pop500_gen500_mut0.05_elite2_tour5,500,500,0.0500,2,5,3,2,7,True,0.0510,1,1,500,6375.20,0.00,0.0000
pop500_gen500_mut0.05_elite2_tour5,500,500,0.0500,2,5,3,2,8,True,0.0521,1,1,500,6375.20,0.00,0.0000
pop500_gen500_mut0.05_elite2_tour5,500,500,0.0500,2,5,3,2,9,True,0.0520,1,1,500,6375.20,0.00,0.0000
pop500_gen500_mut0.05_elite2_tour5,500,500,0.0500,2,5,3,2,10,True,0.0536,1,1,500,6379.80,0.00,0.0000
pop100_gen500_mut0.1_elite2_tour1,100,500,0.1000,2,1,3,2,1,True,0.0075,2,2,200,6380.20,4683.40,-0.0240
pop100_gen500_mut0.1_elite2_tour1,100,500,0.1000,2,1,3,2,2,True,0.0072,2,2,200,6380.20,4683.40,-0.0400
pop100_gen500_mut0.1_elite2_tour1,100,500,0.1000,2,1,3,2,3,True,0.0032,1,1,100,6375.20,0.00,0.0000
pop100_gen500_mut0.1_elite2_tour1,100,500,0.1000,2,1,3,2,4,True,0.0034,1,1,100,6379.80,0.00,0.0000
pop100_gen500_mut0.1_elite2_tour1,100,500,0.1000,2,1,3,2,5,True,0.0069,2,2,200,6380.20,4683.40,-0.0440
pop100_gen500_mut0.1_elite2_tour1,100,500,0.1000,2,1,3,2,6,True,0.0035,1,1,100,6375.20,0.00,0.0000
pop100_gen500_mut0.1_elite2_tour1,100,500,0.1000,2,1,3,2,7,True,0.0034,1,1,100,6375.20,0.00,0.0000
pop100_gen500_mut0.1_elite2_tour1,100,500,0.1000,2,1,3,2,8,True,0.0033,1,1,100,6375.20,0.00,0.0000
pop100_gen500_mut0.1_elite2_tour1,100,500,0.1000,2,1,3,2,9,True,0.0032,1,1,100,6375.20,0.00,0.0000
pop100_gen500_mut0.1_elite2_tour1,100,500,0.1000,2,1,3,2,10,True,0.0067,2,2,200,6380.20,4683.40,-0.0330
pop100_gen500_mut0.1_elite2_tour2,100,500,0.1000,2,2,3,2,1,True,0.0035,1,1,100,6375.20,0.00,0.0000
pop100_gen500_mut0.1_elite2_tour2,100,500,0.1000,2,2,3,2,2,True,0.0033,1,1,100,6375.20,0.00,0.0000
pop100_gen500_mut0.1_elite2_tour2,100,500,0.1000,2,2,3,2,3,True,0.0033,1,1,100,6375.20,0.00,0.0000
pop100_gen500_mut0.1_elite2_tour2,100,500,0.1000,2,2,3,2,4,True,0.0032,1,1,100,6375.20,0.00,0.0000
pop100_gen500_mut0.1_elite2_tour2,100,500,0.1000,2,2,3,2,5,True,0.0068,2,2,200,6380.20,4683.40,-0.0200
pop100_gen500_mut0.1_elite2_tour2,100,500,0.1000,2,2,3,2,6,True,0.0034,1,1,100,6379.80,0.00,0.0000
pop100_gen500_mut0.1_elite2_tour2,100,500,0.1000,2,2,3,2,7,True,0.0079,2,2,200,6380.20,4683.40,-0.0320
pop100_gen500_mut0.1_elite2_tour2,100,500,0.1000,2,2,3,2,8,True,0.0034,1,1,100,6379.80,0.00,0.0000
pop100_gen500_mut0.1_elite2_tour2,100,500,0.1000,2,2,3,2,9,True,0.0067,2,2,200,6380.20,4683.40,-0.0200
pop100_gen500_mut0.1_elite2_tour2,100,500,0.1000,2,2,3,2,10,True,0.0070,2,2,200,6380.20,4683.40,-0.0210
pop100_gen500_mut0.1_elite2_tour3,100,500,0.1000,2,3,3,2,1,True,0.0034,1,1,100,6379.80,0.00,0.0000
pop100_gen500_mut0.1_elite2_tour3,100,500,0.1000,2,3,3,2,2,True,0.0037,1,1,100,6375.20,0.00,0.0000
pop100_gen500_mut0.1_elite2_tour3,100,500,0.1000,2,3,3,2,3,True,0.0038,1,1,100,6379.80,0.00,0.0000
pop100_gen500_mut0.1_elite2_tour3,100,500,0.1000,2,3,3,2,4,True,0.0033,1,1,100,6375.20,0.00,0.0000
pop100_gen500_mut0.1_elite2_tour3,100,500,0.1000,2,3,3,2,5,True,0.0066,2,2,200,6380.20,4683.40,-0.0410
pop100_gen500_mut0.1_elite2_tour3,100,500,0.1000,2,3,3,2,6,True,0.0073,2,2,200,6380.20,4683.40,-0.0260
pop100_gen500_mut0.1_elite2_tour3,100,500,0.1000,2,3,3,2,7,True,0.0073,2,2,200,6384.80,4688.00,-0.0350
pop100_gen500_mut0.1_elite2_tour3,100,500,0.1000,2,3,3,2,8,True,0.0033,1,1,100,6375.20,0.00,0.0000
pop100_gen500_mut0.1_elite2_tour3,100,500,0.1000,2,3,3,2,9,True,0.0033,1,1,100,6375.20,0.00,0.0000
pop100_gen500_mut0.1_elite2_tour3,100,500,0.1000,2,3,3,2,10,True,0.0055,1,1,100,6375.20,0.00,0.0000
pop100_gen500_mut0.1_elite2_tour5,100,500,0.1000,2,5,3,2,1,True,0.0033,1,1,100,6379.80,0.00,0.0000
pop100_gen500_mut0.1_elite2_tour5,100,500,0.1000,2,5,3,2,2,True,0.0032,1,1,100,6375.20,0.00,0.0000
pop100_gen500_mut0.1_elite2_tour5,100,500,0.1000,2,5,3,2,3,True,0.0032,1,1,100,6375.20,0.00,0.0000
pop100_gen500_mut0.1_elite2_tour5,100,500,0.1000,2,5,3,2,4,True,0.0032,1,1,100,6375.20,0.00,0.0000
pop100_gen500_mut0.1_elite2_tour5,100,500,0.1000,2,5,3,2,5,True,0.0033,1,1,100,6379.80,0.00,0.0000
pop100_gen500_mut0.1_elite2_tour5,100,500,0.1000,2,5,3,2,6,True,0.0034,1,1,100,6379.80,0.00,0.0000
pop100_gen500_mut0.1_elite2_tour5,100,500,0.1000,2,5,3,2,7,True,0.0033,1,1,100,6379.80,0.00,0.0000
pop100_gen500_mut0.1_elite2_tour5,100,500,0.1000,2,5,3,2,8,True,0.0040,1,1,100,6375.20,0.00,0.0000
pop100_gen500_mut0.1_elite2_tour5,100,500,0.1000,2,5,3,2,9,True,0.0032,1,1,100,6375.20,0.00,0.0000
pop100_gen500_mut0.1_elite2_tour5,100,500,0.1000,2,5,3,2,10,True,0.0033,1,1,100,6375.20,0.00,0.0000
pop200_gen500_mut0.1_elite2_tour1,200,500,0.1000,2,1,3,2,1,True,0.0103,1,1,200,6375.20,0.00,0.0000
pop200_gen500_mut0.1_elite2_tour1,200,500,0.1000,2,1,3,2,2,True,0.0102,1,1,200,6375.20,0.00,0.0000
pop200_gen500_mut0.1_elite2_tour1,200,500,0.1000,2,1,3,2,3,True,0.0217,2,2,400,6380.20,4683.40,-0.0330
pop200_gen500_mut0.1_elite2_tour1,200,500,0.1000,2,1,3,2,4,True,0.0102,1,1,200,6375.20,0.00,0.0000
pop200_gen500_mut0.1_elite2_tour1,200,500,0.1000,2,1,3,2,5,True,0.0117,1,1,200,6375.20,0.00,0.0000
pop200_gen500_mut0.1_elite2_tour1,200,500,0.1000,2,1,3,2,6,True,0.0207,2,2,400,6380.20,4683.40,-0.0360
pop200_gen500_mut0.1_elite2_tour1,200,500,0.1000,2,1,3,2,7,True,0.0099,1,1,200,6375.20,0.00,0.0000
pop200_gen500_mut0.1_elite2_tour1,200,500,0.1000,2,1,3,2,8,True,0.0099,1,1,200,6375.20,0.00,0.0000
pop200_gen500_mut0.1_elite2_tour1,200,500,0.1000,2,1,3,2,9,True,0.0207,2,2,400,6384.80,4688.00,-0.0300
pop200_gen500_mut0.1_elite2_tour1,200,500,0.1000,2,1,3,2,10,True,0.0108,1,1,200,6379.80,0.00,0.0000
pop200_gen500_mut0.1_elite2_tour2,200,500,0.1000,2,2,3,2,1,True,0.0104,1,1,200,6379.80,0.00,0.0000
pop200_gen500_mut0.1_elite2_tour2,200,500,0.1000,2,2,3,2,2,True,0.0099,1,1,200,6375.20,0.00,0.0000
pop200_gen500_mut0.1_elite2_tour2,200,500,0.1000,2,2,3,2,3,True,0.0212,2,2,400,6380.20,4683.40,-0.0360
pop200_gen500_mut0.1_elite2_tour2,200,500,0.1000,2,2,3,2,4,True,0.0207,2,2,400,6380.20,4683.40,-0.0330
pop200_gen500_mut0.1_elite2_tour2,200,500,0.1000,2,2,3,2,5,True,0.0110,1,1,200,6375.20,0.00,0.0000
pop200_gen500_mut0.1_elite2_tour2,200,500,0.1000,2,2,3,2,6,True,0.0100,1,1,200,6375.20,0.00,0.0000
pop200_gen500_mut0.1_elite2_tour2,200,500,0.1000,2,2,3,2,7,True,0.0103,1,1,200,6375.20,0.00,0.0000
pop200_gen500_mut0.1_elite2_tour2,200,500,0.1000,2,2,3,2,8,True,0.0225,2,2,400,6384.80,4688.00,-0.0200
pop200_gen500_mut0.1_elite2_tour2,200,500,0.1000,2,2,3,2,9,True,0.0122,1,1,200,6375.20,0.00,0.0000
pop200_gen500_mut0.1_elite2_tour2,200,500,0.1000,2,2,3,2,10,True,0.0098,1,1,200,6375.20,0.00,0.0000
pop200_gen500_mut0.1_elite2_tour3,200,500,0.1000,2,3,3,2,1,True,0.0131,1,1,200,6375.20,0.00,0.0000
pop200_gen500_mut0.1_elite2_tour3,200,500,0.1000,2,3,3,2,2,True,0.0098,1,1,200,6375.20,0.00,0.0000
pop200_gen500_mut0.1_elite2_tour3,200,500,0.1000,2,3,3,2,3,True,0.0109,1,1,200,6379.80,0.00,0.0000
pop200_gen500_mut0.1_elite2_tour3,200,500,0.1000,2,3,3,2,4,True,0.0219,2,2,400,6380.20,4683.40,-0.0340
pop200_gen500_mut0.1_elite2_tour3,200,500,0.1000,2,3,3,2,5,True,0.0209,2,2,400,6380.20,4683.40,-0.0320
pop200_gen500_mut0.1_elite2_tour3,200,500,0.1000,2,3,3,2,6,True,0.0103,1,1,200,6375.20,0.00,0.0000
pop200_gen500_mut0.1_elite2_tour3,200,500,0.1000,2,3,3,2,7,True,0.0102,1,1,200,6375.20,0.00,0.0000
pop200_gen500_mut0.1_elite2_tour3,200,500,0.1000,2,3,3,2,8,True,0.0204,2,2,400,6380.20,4683.40,-0.0270
pop200_gen500_mut0.1_elite2_tour3,200,500,0.1000,2,3,3,2,9,True,0.0104,1,1,200,6379.80,0.00,0.0000
pop200_gen500_mut0.1_elite2_tour3,200,500,0.1000,2,3,3,2,10,True,0.0099,1,1,200,6375.20,0.00,0.0000
pop200_gen500_mut0.1_elite2_tour5,200,500,0.1000,2,5,3,2,1,True,0.0100,1,1,200,6375.20,0.00,0.0000
pop200_gen500_mut0.1_elite2_tour5,200,500,0.1000,2,5,3,2,2,True,0.0101,1,1,200,6375.20,0.00,0.0000
pop200_gen500_mut0.1_elite2_tour5,200,500,0.1000,2,5,3,2,3,True,0.0101,1,1,200,6375.20,0.00,0.0000
pop200_gen500_mut0.1_elite2_tour5,200,500,0.1000,2,5,3,2,4,True,0.0100,1,1,200,6375.20,0.00,0.0000
pop200_gen500_mut0.1_elite2_tour5,200,500,0.1000,2,5,3,2,5,True,0.0243,2,2,400,6380.20,4683.40,-0.0420
pop200_gen500_mut0.1_elite2_tour5,200,500,0.1000,2,5,3,2,6,True,0.0107,1,1,200,6375.20,0.00,0.0000
pop200_gen500_mut0.1_elite2_tour5,200,500,0.1000,2,5,3,2,7,True,0.0211,2,2,400,6384.80,4688.00,-0.0340
pop200_gen500_mut0.1_elite2_tour5,200,500,0.1000,2,5,3,2,8,True,0.0101,1,1,200,6375.20,0.00,0.0000
pop200_gen500_mut0.1_elite2_tour5,200,500,0.1000,2,5,3,2,9,True,0.0101,1,1,200,6375.20,0.00,0.0000
pop200_gen500_mut0.1_elite2_tour5,200,500,0.1000,2,5,3,2,10,True,0.0100,1,1,200,6375.20,0.00,0.0000
pop300_gen500_mut0.1_elite2_tour1,300,500,0.1000,2,1,3,2,1,True,0.0214,1,1,300,6379.80,0.00,0.0000
pop300_gen500_mut0.1_elite2_tour1,300,500,0.1000,2,1,3,2,2,True,0.0204,1,1,300,6375.20,0.00,0.0000
pop300_gen500_mut0.1_elite2_tour1,300,500,0.1000,2,1,3,2,3,True,0.0218,1,1,300,6375.20,0.00,0.0000
pop300_gen500_mut0.1_elite2_tour1,300,500,0.1000,2,1,3,2,4,True,0.0414,2,2,600,6384.80,4688.00,-0.0320
pop300_gen500_mut0.1_elite2_tour1,300,500,0.1000,2,1,3,2,5,True,0.0234,1,1,300,6379.80,0.00,0.0000
pop300_gen500_mut0.1_elite2_tour1,300,500,0.1000,2,1,3,2,6,True,0.0207,1,1,300,6375.20,0.00,0.0000
pop300_gen500_mut0.1_elite2_tour1,300,500,0.1000,2,1,3,2,7,True,0.0213,1,1,300,6375.20,0.00,0.0000
pop300_gen500_mut0.1_elite2_tour1,300,500,0.1000,2,1,3,2,8,True,0.0210,1,1,300,6375.20,0.00,0.0000
pop300_gen500_mut0.1_elite2_tour1,300,500,0.1000,2,1,3,2,9,True,0.0219,1,1,300,6375.20,0.00,0.0000
pop300_gen500_mut0.1_elite2_tour1,300,500,0.1000,2,1,3,2,10,True,0.0213,1,1,300,6375.20,0.00,0.0000
pop300_gen500_mut0.1_elite2_tour2,300,500,0.1000,2,2,3,2,1,True,0.0205,1,1,300,6375.20,0.00,0.0000
pop300_gen500_mut0.1_elite2_tour2,300,500,0.1000,2,2,3,2,2,True,0.0205,1,1,300,6375.20,0.00,0.0000
pop300_gen500_mut0.1_elite2_tour2,300,500,0.1000,2,2,3,2,3,True,0.0220,1,1,300,6375.20,0.00,0.0000
pop300_gen500_mut0.1_elite2_tour2,300,500,0.1000,2,2,3,2,4,True,0.0439,2,2,600,6380.20,4683.40,-0.0300
pop300_gen500_mut0.1_elite2_tour2,300,500,0.1000,2,2,3,2,5,True,0.0204,1,1,300,6375.20,0.00,0.0000
pop300_gen500_mut0.1_elite2_tour2,300,500,0.1000,2,2,3,2,6,True,0.0230,1,1,300,6375.20,0.00,0.0000
pop300_gen500_mut0.1_elite2_tour2,300,500,0.1000,2,2,3,2,7,True,0.0202,1,1,300,6379.80,0.00,0.0000
pop300_gen500_mut0.1_elite2_tour2,300,500,0.1000,2,2,3,2,8,True,0.0197,1,1,300,6375.20,0.00,0.0000
pop300_gen500_mut0.1_elite2_tour2,300,500,0.1000,2,2,3,2,9,True,0.0206,1,1,300,6375.20,0.00,0.0000
pop300_gen500_mut0.1_elite2_tour2,300,500,0.1000,2,2,3,2,10,True,0.0200,1,1,300,6375.20,0.00,0.0000
pop300_gen500_mut0.1_elite2_tour3,300,500,0.1000,2,3,3,2,1,True,0.0231,1,1,300,6379.80,0.00,0.0000
pop300_gen500_mut0.1_elite2_tour3,300,500,0.1000,2,3,3,2,2,True,0.0202,1,1,300,6375.20,0.00,0.0000
pop300_gen500_mut0.1_elite2_tour3,300,500,0.1000,2,3,3,2,3,True,0.0199,1,1,300,6375.20,0.00,0.0000
pop300_gen500_mut0.1_elite2_tour3,300,500,0.1000,2,3,3,2,4,True,0.0206,1,1,300,6375.20,0.00,0.0000
pop300_gen500_mut0.1_elite2_tour3,300,500,0.1000,2,3,3,2,5,True,0.0206,1,1,300,6375.20,0.00,0.0000
pop300_gen500_mut0.1_elite2_tour3,300,500,0.1000,2,3,3,2,6,True,0.0205,1,1,300,6375.20,0.00,0.0000
pop300_gen500_mut0.1_elite2_tour3,300,500,0.1000,2,3,3,2,7,True,0.0202,1,1,300,6375.20,0.00,0.0000
pop300_gen500_mut0.1_elite2_tour3,300,500,0.1000,2,3,3,2,8,True,0.0433,2,2,600,6380.20,4683.40,-0.0240
pop300_gen500_mut0.1_elite2_tour3,300,500,0.1000,2,3,3,2,9,True,0.0215,1,1,300,6375.20,0.00,0.0000
pop300_gen500_mut0.1_elite2_tour3,300,500,0.1000,2,3,3,2,10,True,0.0433,2,2,600,6380.20,4683.40,-0.0320
pop300_gen500_mut0.1_elite2_tour5,300,500,0.1000,2,5,3,2,1,True,0.0204,1,1,300,6375.20,0.00,0.0000
pop300_gen500_mut0.1_elite2_tour5,300,500,0.1000,2,5,3,2,2,True,0.0214,1,1,300,6379.80,0.00,0.0000
pop300_gen500_mut0.1_elite2_tour5,300,500,0.1000,2,5,3,2,3,True,0.0203,1,1,300,6375.20,0.00,0.0000
pop300_gen500_mut0.1_elite2_tour5,300,500,0.1000,2,5,3,2,4,True,0.0425,2,2,600,6380.20,4683.40,-0.0350
pop300_gen500_mut0.1_elite2_tour5,300,500,0.1000,2,5,3,2,5,True,0.0204,1,1,300,6375.20,0.00,0.0000
pop300_gen500_mut0.1_elite2_tour5,300,500,0.1000,2,5,3,2,6,True,0.0204,1,1,300,6375.20,0.00,0.0000
pop300_gen500_mut0.1_elite2_tour5,300,500,0.1000,2,5,3,2,7,True,0.0202,1,1,300,6375.20,0.00,0.0000
pop300_gen500_mut0.1_elite2_tour5,300,500,0.1000,2,5,3,2,8,True,0.0215,1,1,300,6375.20,0.00,0.0000
pop300_gen500_mut0.1_elite2_tour5,300,500,0.1000,2,5,3,2,9,True,0.0237,1,1,300,6375.20,0.00,0.0000
pop300_gen500_mut0.1_elite2_tour5,300,500,0.1000,2,5,3,2,10,True,0.0205,1,1,300,6379.80,0.00,0.0000
pop500_gen500_mut0.1_elite2_tour1,500,500,0.1000,2,1,3,2,1,True,0.0524,1,1,500,6375.20,0.00,0.0000
pop500_gen500_mut0.1_elite2_tour1,500,500,0.1000,2,1,3,2,2,True,0.0518,1,1,500,6375.20,0.00,0.0000
pop500_gen500_mut0.1_elite2_tour1,500,500,0.1000,2,1,3,2,3,True,0.0505,1,1,500,6375.20,0.00,0.0000
pop500_gen500_mut0.1_elite2_tour1,500,500,0.1000,2,1,3,2,4,True,0.0540,1,1,500,6375.20,0.00,0.0000
pop500_gen500_mut0.1_elite2_tour1,500,500,0.1000,2,1,3,2,5,True,0.1110,2,2,1000,6380.20,4683.40,-0.0370
pop500_gen500_mut0.1_elite2_tour1,500,500,0.1000,2,1,3,2,6,True,0.0574,1,1,500,6375.20,0.00,0.0000
pop500_gen500_mut0.1_elite2_tour1,500,500,0.1000,2,1,3,2,7,True,0.0542,1,1,500,6379.80,0.00,0.0000
pop500_gen500_mut0.1_elite2_tour1,500,500,0.1000,2,1,3,2,8,True,0.0531,1,1,500,6375.20,0.00,0.0000
pop500_gen500_mut0.1_elite2_tour1,500,500,0.1000,2,1,3,2,9,True,0.0530,1,1,500,6379.80,0.00,0.0000
pop500_gen500_mut0.1_elite2_tour1,500,500,0.1000,2,1,3,2,10,True,0.1044,2,2,1000,6384.80,4688.00,-0.0260
pop500_gen500_mut0.1_elite2_tour2,500,500,0.1000,2,2,3,2,1,True,0.0547,1,1,500,6375.20,0.00,0.0000
pop500_gen500_mut0.1_elite2_tour2,500,500,0.1000,2,2,3,2,2,True,0.0559,1,1,500,6379.80,0.00,0.0000
pop500_gen500_mut0.1_elite2_tour2,500,500,0.1000,2,2,3,2,3,True,0.0510,1,1,500,6375.20,0.00,0.0000
pop500_gen500_mut0.1_elite2_tour2,500,500,0.1000,2,2,3,2,4,True,0.0584,1,1,500,6379.80,0.00,0.0000
pop500_gen500_mut0.1_elite2_tour2,500,500,0.1000,2,2,3,2,5,True,0.0610,1,1,500,6379.80,0.00,0.0000
pop500_gen500_mut0.1_elite2_tour2,500,500,0.1000,2,2,3,2,6,True,0.0610,1,1,500,6375.20,0.00,0.0000
pop500_gen500_mut0.1_elite2_tour2,500,500,0.1000,2,2,3,2,7,True,0.0618,1,1,500,6375.20,0.00,0.0000
pop500_gen500_mut0.1_elite2_tour2,500,500,0.1000,2,2,3,2,8,True,0.0525,1,1,500,6375.20,0.00,0.0000
pop500_gen500_mut0.1_elite2_tour2,500,500,0.1000,2,2,3,2,9,True,0.0522,1,1,500,6375.20,0.00,0.0000
pop500_gen500_mut0.1_elite2_tour2,500,500,0.1000,2,2,3,2,10,True,0.0508,1,1,500,6375.20,0.00,0.0000
pop500_gen500_mut0.1_elite2_tour3,500,500,0.1000,2,3,3,2,1,True,0.0545,1,1,500,6379.80,0.00,0.0000
pop500_gen500_mut0.1_elite2_tour3,500,500,0.1000,2,3,3,2,2,True,0.1097,2,2,1000,6384.80,4688.00,-0.0290
pop500_gen500_mut0.1_elite2_tour3,500,500,0.1000,2,3,3,2,3,True,0.0534,1,1,500,6379.80,0.00,0.0000
pop500_gen500_mut0.1_elite2_tour3,500,500,0.1000,2,3,3,2,4,True,0.0515,1,1,500,6375.20,0.00,0.0000
pop500_gen500_mut0.1_elite2_tour3,500,500,0.1000,2,3,3,2,5,True,0.0516,1,1,500,6379.80,0.00,0.0000
pop500_gen500_mut0.1_elite2_tour3,500,500,0.1000,2,3,3,2,6,True,0.0517,1,1,500,6375.20,0.00,0.0000
pop500_gen500_mut0.1_elite2_tour3,500,500,0.1000,2,3,3,2,7,True,0.0502,1,1,500,6375.20,0.00,0.0000
pop500_gen500_mut0.1_elite2_tour3,500,500,0.1000,2,3,3,2,8,True,0.1067,2,2,1000,6380.20,4683.40,-0.0280
pop500_gen500_mut0.1_elite2_tour3,500,500,0.1000,2,3,3,2,9,True,0.1186,2,2,1000,6384.80,4688.00,-0.0320
pop500_gen500_mut0.1_elite2_tour3,500,500,0.1000,2,3,3,2,10,True,0.0637,1,1,500,6375.20,0.00,0.0000
pop500_gen500_mut0.1_elite2_tour5,500,500,0.1000,2,5,3,2,1,True,0.0619,1,1,500,6375.20,0.00,0.0000
pop500_gen500_mut0.1_elite2_tour5,500,500,0.1000,2,5,3,2,2,True,0.0510,1,1,500,6375.20,0.00,0.0000
pop500_gen500_mut0.1_elite2_tour5,500,500,0.1000,2,5,3,2,3,True,0.0519,1,1,500,6379.80,0.00,0.0000
pop500_gen500_mut0.1_elite2_tour5,500,500,0.1000,2,5,3,2,4,True,0.0511,1,1,500,6375.20,0.00,0.0000
pop500_gen500_mut0.1_elite2_tour5,500,500,0.1000,2,5,3,2,5,True,0.0529,1,1,500,6375.20,0.00,0.0000
pop500_gen500_mut0.1_elite2_tour5,500,500,0.1000,2,5,3,2,6,True,0.0615,1,1,500,6375.20,0.00,0.0000
pop500_gen500_mut0.1_elite2_tour5,500,500,0.1000,2,5,3,2,7,True,0.0570,1,1,500,6375.20,0.00,0.0000
pop500_gen500_mut0.1_elite2_tour5,500,500,0.1000,2,5,3,2,8,True,0.0516,1,1,500,6375.20,0.00,0.0000
pop500_gen500_mut0.1_elite2_tour5,500,500,0.1000,2,5,3,2,9,True,0.0536,1,1,500,6379.80,0.00,0.0000
pop500_gen500_mut0.1_elite2_tour5,500,500,0.1000,2,5,3,2,10,True,0.0510,1,1,500,6375.20,0.00,0.0000
pop100_gen500_mut0.1_elite2_tour1,100,500,0.1000,2,1,3,2,1,True,0.0035,1,1,100,6375.20,0.00,0.0000
pop100_gen500_mut0.1_elite2_tour1,100,500,0.1000,2,1,3,2,2,True,0.0067,2,2,200,6380.20,4683.40,-0.0400
pop100_gen500_mut0.1_elite2_tour1,100,500,0.1000,2,1,3,2,3,True,0.0033,1,1,100,6375.20,0.00,0.0000
pop100_gen500_mut0.1_elite2_tour1,100,500,0.1000,2,1,3,2,4,True,0.0033,1,1,100,6375.20,0.00,0.0000
pop100_gen500_mut0.1_elite2_tour1,100,500,0.1000,2,1,3,2,5,True,0.0072,2,2,200,6384.80,4688.00,-0.0310
pop100_gen500_mut0.1_elite2_tour1,100,500,0.1000,2,1,3,2,6,True,0.0035,1,1,100,6375.20,0.00,0.0000
pop100_gen500_mut0.1_elite2_tour1,100,500,0.1000,2,1,3,2,7,True,0.0033,1,1,100,6379.80,0.00,0.0000
pop100_gen500_mut0.1_elite2_tour1,100,500,0.1000,2,1,3,2,8,True,0.0035,1,1,100,6375.20,0.00,0.0000
pop100_gen500_mut0.1_elite2_tour1,100,500,0.1000,2,1,3,2,9,True,0.0034,1,1,100,6379.80,0.00,0.0000
pop100_gen500_mut0.1_elite2_tour1,100,500,0.1000,2,1,3,2,10,True,0.0069,2,2,200,6380.20,4683.40,-0.0360
pop100_gen500_mut0.1_elite2_tour2,100,500,0.1000,2,2,3,2,1,True,0.0034,1,1,100,6375.20,0.00,0.0000
pop100_gen500_mut0.1_elite2_tour2,100,500,0.1000,2,2,3,2,2,True,0.0069,2,2,200,6380.20,4683.40,-0.0320
pop100_gen500_mut0.1_elite2_tour2,100,500,0.1000,2,2,3,2,3,True,0.0035,1,1,100,6379.80,0.00,0.0000
pop100_gen500_mut0.1_elite2_tour2,100,500,0.1000,2,2,3,2,4,True,0.0068,2,2,200,6380.20,4683.40,-0.0280
pop100_gen500_mut0.1_elite2_tour2,100,500,0.1000,2,2,3,2,5,True,0.0038,1,1,100,6379.80,0.00,0.0000
pop100_gen500_mut0.1_elite2_tour2,100,500,0.1000,2,2,3,2,6,True,0.0068,2,2,200,6380.20,4683.40,-0.0220
pop100_gen500_mut0.1_elite2_tour2,100,500,0.1000,2,2,3,2,7,True,0.0035,1,1,100,6375.20,0.00,0.0000
pop100_gen500_mut0.1_elite2_tour2,100,500,0.1000,2,2,3,2,8,True,0.0034,1,1,100,6375.20,0.00,0.0000
pop100_gen500_mut0.1_elite2_tour2,100,500,0.1000,2,2,3,2,9,True,0.0034,1,1,100,6375.20,0.00,0.0000
pop100_gen500_mut0.1_elite2_tour2,100,500,0.1000,2,2,3,2,10,True,0.0034,1,1,100,6375.20,0.00,0.0000
pop100_gen500_mut0.1_elite2_tour3,100,500,0.1000,2,3,3,2,1,True,0.0034,1,1,100,6375.20,0.00,0.0000
pop100_gen500_mut0.1_elite2_tour3,100,500,0.1000,2,3,3,2,2,True,0.0040,1,1,100,6375.20,0.00,0.0000
pop100_gen500_mut0.1_elite2_tour3,100,500,0.1000,2,3,3,2,3,True,0.0071,2,2,200,6384.80,4688.00,-0.0440
pop100_gen500_mut0.1_elite2_tour3,100,500,0.1000,2,3,3,2,4,True,0.0036,1,1,100,6375.20,0.00,0.0000
pop100_gen500_mut0.1_elite2_tour3,100,500,0.1000,2,3,3,2,5,True,0.0033,1,1,100,6375.20,0.00,0.0000
pop100_gen500_mut0.1_elite2_tour3,100,500,0.1000,2,3,3,2,6,True,0.0067,2,2,200,6384.80,4688.00,-0.0240
pop100_gen500_mut0.1_elite2_tour3,100,500,0.1000,2,3,3,2,7,True,0.0032,1,1,100,6375.20,0.00,0.0000
pop100_gen500_mut0.1_elite2_tour3,100,500,0.1000,2,3,3,2,8,True,0.0035,1,1,100,6379.80,0.00,0.0000
pop100_gen500_mut0.1_elite2_tour3,100,500,0.1000,2,3,3,2,9,True,0.0069,2,2,200,6380.20,4683.40,-0.0360
pop100_gen500_mut0.1_elite2_tour3,100,500,0.1000,2,3,3,2,10,True,0.0032,1,1,100,6375.20,0.00,0.0000
pop100_gen500_mut0.1_elite2_tour5,100,500,0.1000,2,5,3,2,1,True,0.0036,1,1,100,6379.80,0.00,0.0000
pop100_gen500_mut0.1_elite2_tour5,100,500,0.1000,2,5,3,2,2,True,0.0070,2,2,200,6384.80,4688.00,-0.0320
pop100_gen500_mut0.1_elite2_tour5,100,500,0.1000,2,5,3,2,3,True,0.0039,1,1,100,6379.80,0.00,0.0000
pop100_gen500_mut0.1_elite2_tour5,100,500,0.1000,2,5,3,2,4,True,0.0033,1,1,100,6375.20,0.00,0.0000
pop100_gen500_mut0.1_elite2_tour5,100,500,0.1000,2,5,3,2,5,True,0.0033,1,1,100,6375.20,0.00,0.0000
pop100_gen500_mut0.1_elite2_tour5,100,500,0.1000,2,5,3,2,6,True,0.0034,1,1,100,6375.20,0.00,0.0000
pop100_gen500_mut0.1_elite2_tour5,100,500,0.1000,2,5,3,2,7,True,0.0071,2,2,200,6380.20,4683.40,-0.0380
pop100_gen500_mut0.1_elite2_tour5,100,500,0.1000,2,5,3,2,8,True,0.0033,1,1,100,6375.20,0.00,0.0000
pop100_gen500_mut0.1_elite2_tour5,100,500,0.1000,2,5,3,2,9,True,0.0070,2,2,200,6380.20,4683.40,-0.0260
pop100_gen500_mut0.1_elite2_tour5,100,500,0.1000,2,5,3,2,10,True,0.0075,2,2,200,6380.20,4683.40,-0.0320
pop200_gen500_mut0.1_elite2_tour1,200,500,0.1000,2,1,3,2,1,True,0.0205,2,2,400,6380.20,4683.40,-0.0310
pop200_gen500_mut0.1_elite2_tour1,200,500,0.1000,2,1,3,2,2,True,0.0110,1,1,200,6379.80,0.00,0.0000
pop200_gen500_mut0.1_elite2_tour1,200,500,0.1000,2,1,3,2,3,True,0.0100,1,1,200,6375.20,0.00,0.0000
pop200_gen500_mut0.1_elite2_tour1,200,500,0.1000,2,1,3,2,4,True,0.0105,1,1,200,6379.80,0.00,0.0000
pop200_gen500_mut0.1_elite2_tour1,200,500,0.1000,2,1,3,2,5,True,0.0105,1,1,200,6375.20,0.00,0.0000
pop200_gen500_mut0.1_elite2_tour1,200,500,0.1000,2,1,3,2,6,True,0.0100,1,1,200,6375.20,0.00,0.0000
pop200_gen500_mut0.1_elite2_tour1,200,500,0.1000,2,1,3,2,7,True,0.0104,1,1,200,6375.20,0.00,0.0000
pop200_gen500_mut0.1_elite2_tour1,200,500,0.1000,2,1,3,2,8,True,0.0106,1,1,200,6375.20,0.00,0.0000
pop200_gen500_mut0.1_elite2_tour1,200,500,0.1000,2,1,3,2,9,True,0.0103,1,1,200,6379.80,0.00,0.0000
pop200_gen500_mut0.1_elite2_tour1,200,500,0.1000,2,1,3,2,10,True,0.0101,1,1,200,6375.20,0.00,0.0000
pop200_gen500_mut0.1_elite2_tour2,200,500,0.1000,2,2,3,2,1,True,0.0099,1,1,200,6375.20,0.00,0.0000
pop200_gen500_mut0.1_elite2_tour2,200,500,0.1000,2,2,3,2,2,True,0.0101,1,1,200,6375.20,0.00,0.0000
pop200_gen500_mut0.1_elite2_tour2,200,500,0.1000,2,2,3,2,3,True,0.0156,1,1,200,6375.20,0.00,0.0000
pop200_gen500_mut0.1_elite2_tour2,200,500,0.1000,2,2,3,2,4,True,0.0109,1,1,200,6375.20,0.00,0.0000
pop200_gen500_mut0.1_elite2_tour2,200,500,0.1000,2,2,3,2,5,True,0.0099,1,1,200,6375.20,0.00,0.0000
pop200_gen500_mut0.1_elite2_tour2,200,500,0.1000,2,2,3,2,6,True,0.0097,1,1,200,6375.20,0.00,0.0000
pop200_gen500_mut0.1_elite2_tour2,200,500,0.1000,2,2,3,2,7,True,0.0205,2,2,400,6384.80,4688.00,-0.0330
pop200_gen500_mut0.1_elite2_tour2,200,500,0.1000,2,2,3,2,8,True,0.0103,1,1,200,6379.80,0.00,0.0000
pop200_gen500_mut0.1_elite2_tour2,200,500,0.1000,2,2,3,2,9,True,0.0101,1,1,200,6379.80,0.00,0.0000
pop200_gen500_mut0.1_elite2_tour2,200,500,0.1000,2,2,3,2,10,True,0.0109,1,1,200,6379.80,0.00,0.0000
pop200_gen500_mut0.1_elite2_tour3,200,500,0.1000,2,3,3,2,1,True,0.0099,1,1,200,6375.20,0.00,0.0000
pop200_gen500_mut0.1_elite2_tour3,200,500,0.1000,2,3,3,2,2,True,0.0101,1,1,200,6379.80,0.00,0.0000
pop200_gen500_mut0.1_elite2_tour3,200,500,0.1000,2,3,3,2,3,True,0.0102,1,1,200,6375.20,0.00,0.0000
pop200_gen500_mut0.1_elite2_tour3,200,500,0.1000,2,3,3,2,4,True,0.0108,1,1,200,6379.80,0.00,0.0000
pop200_gen500_mut0.1_elite2_tour3,200,500,0.1000,2,3,3,2,5,True,0.0100,1,1,200,6375.20,0.00,0.0000
pop200_gen500_mut0.1_elite2_tour3,200,500,0.1000,2,3,3,2,6,True,0.0106,1,1,200,6375.20,0.00,0.0000
pop200_gen500_mut0.1_elite2_tour3,200,500,0.1000,2,3,3,2,7,True,0.0101,1,1,200,6379.80,0.00,0.0000
pop200_gen500_mut0.1_elite2_tour3,200,500,0.1000,2,3,3,2,8,True,0.0106,1,1,200,6375.20,0.00,0.0000
pop200_gen500_mut0.1_elite2_tour3,200,500,0.1000,2,3,3,2,9,True,0.0104,1,1,200,6379.80,0.00,0.0000
pop200_gen500_mut0.1_elite2_tour3,200,500,0.1000,2,3,3,2,10,True,0.0219,2,2,400,6384.80,4688.00,-0.0380
pop200_gen500_mut0.1_elite2_tour5,200,500,0.1000,2,5,3,2,1,True,0.0125,1,1,200,6375.20,0.00,0.0000
pop200_gen500_mut0.1_elite2_tour5,200,500,0.1000,2,5,3,2,2,True,0.0101,1,1,200,6375.20,0.00,0.0000
pop200_gen500_mut0.1_elite2_tour5,200,500,0.1000,2,5,3,2,3,True,0.0110,1,1,200,6375.20,0.00,0.0000
pop200_gen500_mut0.1_elite2_tour5,200,500,0.1000,2,5,3,2,4,True,0.0101,1,1,200,6375.20,0.00,0.0000
pop200_gen500_mut0.1_elite2_tour5,200,500,0.1000,2,5,3,2,5,True,0.0210,2,2,400,6380.20,4683.40,-0.0340
pop200_gen500_mut0.1_elite2_tour5,200,500,0.1000,2,5,3,2,6,True,0.0210,2,2,400,6380.20,4683.40,-0.0330
pop200_gen500_mut0.1_elite2_tour5,200,500,0.1000,2,5,3,2,7,True,0.0105,1,1,200,6375.20,0.00,0.0000
pop200_gen500_mut0.1_elite2_tour5,200,500,0.1000,2,5,3,2,8,True,0.0103,1,1,200,6375.20,0.00,0.0000
pop200_gen500_mut0.1_elite2_tour5,200,500,0.1000,2,5,3,2,9,True,0.0141,1,1,200,6375.20,0.00,0.0000
pop200_gen500_mut0.1_elite2_tour5,200,500,0.1000,2,5,3,2,10,True,0.0208,2,2,400,6380.20,4683.40,-0.0390
pop300_gen500_mut0.1_elite2_tour1,300,500,0.1000,2,1,3,2,1,True,0.0201,1,1,300,6375.20,0.00,0.0000
pop300_gen500_mut0.1_elite2_tour1,300,500,0.1000,2,1,3,2,2,True,0.0213,1,1,300,6375.20,0.00,0.0000
pop300_gen500_mut0.1_elite2_tour1,300,500,0.1000,2,1,3,2,3,True,0.0209,1,1,300,6379.80,0.00,0.0000
pop300_gen500_mut0.1_elite2_tour1,300,500,0.1000,2,1,3,2,4,True,0.0432,2,2,600,6380.20,4683.40,-0.0200
pop300_gen500_mut0.1_elite2_tour1,300,500,0.1000,2,1,3,2,5,True,0.0424,2,2,600,6384.80,4688.00,-0.0310
pop300_gen500_mut0.1_elite2_tour1,300,500,0.1000,2,1,3,2,6,True,0.0211,1,1,300,6379.80,0.00,0.0000
pop300_gen500_mut0.1_elite2_tour1,300,500,0.1000,2,1,3,2,7,True,0.0216,1,1,300,6375.20,0.00,0.0000
pop300_gen500_mut0.1_elite2_tour1,300,500,0.1000,2,1,3,2,8,True,0.0207,1,1,300,6375.20,0.00,0.0000
pop300_gen500_mut0.1_elite2_tour1,300,500,0.1000,2,1,3,2,9,True,0.0207,1,1,300,6375.20,0.00,0.0000
pop300_gen500_mut0.1_elite2_tour1,300,500,0.1000,2,1,3,2,10,True,0.0202,1,1,300,6375.20,0.00,0.0000
pop300_gen500_mut0.1_elite2_tour2,300,500,0.1000,2,2,3,2,1,True,0.0214,1,1,300,6375.20,0.00,0.0000
pop300_gen500_mut0.1_elite2_tour2,300,500,0.1000,2,2,3,2,2,True,0.0227,1,1,300,6379.80,0.00,0.0000
pop300_gen500_mut0.1_elite2_tour2,300,500,0.1000,2,2,3,2,3,True,0.0227,1,1,300,6375.20,0.00,0.0000
pop300_gen500_mut0.1_elite2_tour2,300,500,0.1000,2,2,3,2,4,True,0.0206,1,1,300,6379.80,0.00,0.0000
pop300_gen500_mut0.1_elite2_tour2,300,500,0.1000,2,2,3,2,5,True,0.0228,1,1,300,6379.80,0.00,0.0000
pop300_gen500_mut0.1_elite2_tour2,300,500,0.1000,2,2,3,2,6,True,0.0207,1,1,300,6375.20,0.00,0.0000
pop300_gen500_mut0.1_elite2_tour2,300,500,0.1000,2,2,3,2,7,True,0.0200,1,1,300,6375.20,0.00,0.0000
pop300_gen500_mut0.1_elite2_tour2,300,500,0.1000,2,2,3,2,8,True,0.0417,2,2,600,6384.80,4688.00,-0.0440
pop300_gen500_mut0.1_elite2_tour2,300,500,0.1000,2,2,3,2,9,True,0.0211,1,1,300,6375.20,0.00,0.0000
pop300_gen500_mut0.1_elite2_tour2,300,500,0.1000,2,2,3,2,10,True,0.0202,1,1,300,6375.20,0.00,0.0000
pop300_gen500_mut0.1_elite2_tour3,300,500,0.1000,2,3,3,2,1,True,0.0253,1,1,300,6375.20,0.00,0.0000
pop300_gen500_mut0.1_elite2_tour3,300,500,0.1000,2,3,3,2,2,True,0.0203,1,1,300,6375.20,0.00,0.0000
pop300_gen500_mut0.1_elite2_tour3,300,500,0.1000,2,3,3,2,3,True,0.0425,2,2,600,6384.80,4688.00,-0.0360
pop300_gen500_mut0.1_elite2_tour3,300,500,0.1000,2,3,3,2,4,True,0.0216,1,1,300,6375.20,0.00,0.0000
pop300_gen500_mut0.1_elite2_tour3,300,500,0.1000,2,3,3,2,5,True,0.0212,1,1,300,6375.20,0.00,0.0000
pop300_gen500_mut0.1_elite2_tour3,300,500,0.1000,2,3,3,2,6,True,0.0216,1,1,300,6375.20,0.00,0.0000
pop300_gen500_mut0.1_elite2_tour3,300,500,0.1000,2,3,3,2,7,True,0.0271,1,1,300,6375.20,0.00,0.0000
pop300_gen500_mut0.1_elite2_tour3,300,500,0.1000,2,3,3,2,8,True,0.0224,1,1,300,6379.80,0.00,0.0000
pop300_gen500_mut0.1_elite2_tour3,300,500,0.1000,2,3,3,2,9,True,0.0413,2,2,600,6384.80,4688.00,-0.0220
pop300_gen500_mut0.1_elite2_tour3,300,500,0.1000,2,3,3,2,10,True,0.0281,1,1,300,6375.20,0.00,0.0000
pop300_gen500_mut0.1_elite2_tour5,300,500,0.1000,2,5,3,2,1,True,0.0200,1,1,300,6375.20,0.00,0.0000
pop300_gen500_mut0.1_elite2_tour5,300,500,0.1000,2,5,3,2,2,True,0.0197,1,1,300,6375.20,0.00,0.0000
pop300_gen500_mut0.1_elite2_tour5,300,500,0.1000,2,5,3,2,3,True,0.0286,1,1,300,6379.80,0.00,0.0000
pop300_gen500_mut0.1_elite2_tour5,300,500,0.1000,2,5,3,2,4,True,0.0235,1,1,300,6375.20,0.00,0.0000
pop300_gen500_mut0.1_elite2_tour5,300,500,0.1000,2,5,3,2,5,True,0.0424,2,2,600,6384.80,4688.00,-0.0370
pop300_gen500_mut0.1_elite2_tour5,300,500,0.1000,2,5,3,2,6,True,0.0209,1,1,300,6379.80,0.00,0.0000
pop300_gen500_mut0.1_elite2_tour5,300,500,0.1000,2,5,3,2,7,True,0.0206,1,1,300,6379.80,0.00,0.0000
pop300_gen500_mut0.1_elite2_tour5,300,500,0.1000,2,5,3,2,8,True,0.0231,1,1,300,6379.80,0.00,0.0000
pop300_gen500_mut0.1_elite2_tour5,300,500,0.1000,2,5,3,2,9,True,0.0207,1,1,300,6379.80,0.00,0.0000
pop300_gen500_mut0.1_elite2_tour5,300,500,0.1000,2,5,3,2,10,True,0.0205,1,1,300,6379.80,0.00,0.0000
pop500_gen500_mut0.1_elite2_tour1,500,500,0.1000,2,1,3,2,1,True,0.0512,1,1,500,6379.80,0.00,0.0000
pop500_gen500_mut0.1_elite2_tour1,500,500,0.1000,2,1,3,2,2,True,0.1046,2,2,1000,6384.80,4688.00,-0.0340
pop500_gen500_mut0.1_elite2_tour1,500,500,0.1000,2,1,3,2,3,True,0.0512,1,1,500,6375.20,0.00,0.0000
pop500_gen500_mut0.1_elite2_tour1,500,500,0.1000,2,1,3,2,4,True,0.1063,2,2,1000,6380.20,4683.40,-0.0300
pop500_gen500_mut0.1_elite2_tour1,500,500,0.1000,2,1,3,2,5,True,0.0522,1,1,500,6375.20,0.00,0.0000
pop500_gen500_mut0.1_elite2_tour1,500,500,0.1000,2,1,3,2,6,True,0.0501,1,1,500,6375.20,0.00,0.0000
pop500_gen500_mut0.1_elite2_tour1,500,500,0.1000,2,1,3,2,7,True,0.1043,2,2,1000,6384.80,4688.00,-0.0310
pop500_gen500_mut0.1_elite2_tour1,500,500,0.1000,2,1,3,2,8,True,0.0533,1,1,500,6379.80,0.00,0.0000
pop500_gen500_mut0.1_elite2_tour1,500,500,0.1000,2,1,3,2,9,True,0.0506,1,1,500,6375.20,0.00,0.0000
pop500_gen500_mut0.1_elite2_tour1,500,500,0.1000,2,1,3,2,10,True,0.1049,2,2,1000,6384.80,4688.00,-0.0320
pop500_gen500_mut0.1_elite2_tour2,500,500,0.1000,2,2,3,2,1,True,0.0520,1,1,500,6375.20,0.00,0.0000
pop500_gen500_mut0.1_elite2_tour2,500,500,0.1000,2,2,3,2,2,True,0.0516,1,1,500,6375.20,0.00,0.0000
pop500_gen500_mut0.1_elite2_tour2,500,500,0.1000,2,2,3,2,3,True,0.0515,1,1,500,6375.20,0.00,0.0000
pop500_gen500_mut0.1_elite2_tour2,500,500,0.1000,2,2,3,2,4,True,0.0595,1,1,500,6375.20,0.00,0.0000
pop500_gen500_mut0.1_elite2_tour2,500,500,0.1000,2,2,3,2,5,True,0.0510,1,1,500,6375.20,0.00,0.0000
pop500_gen500_mut0.1_elite2_tour2,500,500,0.1000,2,2,3,2,6,True,0.0515,1,1,500,6375.20,0.00,0.0000
pop500_gen500_mut0.1_elite2_tour2,500,500,0.1000,2,2,3,2,7,True,0.0522,1,1,500,6375.20,0.00,0.0000
pop500_gen500_mut0.1_elite2_tour2,500,500,0.1000,2,2,3,2,8,True,0.0515,1,1,500,6375.20,0.00,0.0000
pop500_gen500_mut0.1_elite2_tour2,500,500,0.1000,2,2,3,2,9,True,0.0534,1,1,500,6379.80,0.00,0.0000
pop500_gen500_mut0.1_elite2_tour2,500,500,0.1000,2,2,3,2,10,True,0.0508,1,1,500,6375.20,0.00,0.0000
pop500_gen500_mut0.1_elite2_tour3,500,500,0.1000,2,3,3,2,1,True,0.0531,1,1,500,6379.80,0.00,0.0000
pop500_gen500_mut0.1_elite2_tour3,500,500,0.1000,2,3,3,2,2,True,0.0528,1,1,500,6375.20,0.00,0.0000
pop500_gen500_mut0.1_elite2_tour3,500,500,0.1000,2,3,3,2,3,True,0.0534,1,1,500,6375.20,0.00,0.0000
pop500_gen500_mut0.1_elite2_tour3,500,500,0.1000,2,3,3,2,4,True,0.0546,1,1,500,6375.20,0.00,0.0000
pop500_gen500_mut0.1_elite2_tour3,500,500,0.1000,2,3,3,2,5,True,0.0563,1,1,500,6375.20,0.00,0.0000
pop500_gen500_mut0.1_elite2_tour3,500,500,0.1000,2,3,3,2,6,True,0.0507,1,1,500,6375.20,0.00,0.0000
pop500_gen500_mut0.1_elite2_tour3,500,500,0.1000,2,3,3,2,7,True,0.0511,1,1,500,6375.20,0.00,0.0000
pop500_gen500_mut0.1_elite2_tour3,500,500,0.1000,2,3,3,2,8,True,0.1124,2,2,1000,6384.80,4688.00,-0.0330
pop500_gen500_mut0.1_elite2_tour3,500,500,0.1000,2,3,3,2,9,True,0.0507,1,1,500,6375.20,0.00,0.0000
pop500_gen500_mut0.1_elite2_tour3,500,500,0.1000,2,3,3,2,10,True,0.0548,1,1,500,6379.80,0.00,0.0000
pop500_gen500_mut0.1_elite2_tour5,500,500,0.1000,2,5,3,2,1,True,0.0522,1,1,500,6375.20,0.00,0.0000
pop500_gen500_mut0.1_elite2_tour5,500,500,0.1000,2,5,3,2,2,True,0.0520,1,1,500,6379.80,0.00,0.0000
pop500_gen500_mut0.1_elite2_tour5,500,500,0.1000,2,5,3,2,3,True,0.0517,1,1,500,6375.20,0.00,0.0000
pop500_gen500_mut0.1_elite2_tour5,500,500,0.1000,2,5,3,2,4,True,0.0544,1,1,500,6375.20,0.00,0.0000
pop500_gen500_mut0.1_elite2_tour5,500,500,0.1000,2,5,3,2,5,True,0.0544,1,1,500,6379.80,0.00,0.0000
pop500_gen500_mut0.1_elite2_tour5,500,500,0.1000,2,5,3,2,6,True,0.1070,2,2,1000,6384.80,4688.00,-0.0340
pop500_gen500_mut0.1_elite2_tour5,500,500,0.1000,2,5,3,2,7,True,0.0514,1,1,500,6375.20,0.00,0.0000
pop500_gen500_mut0.1_elite2_tour5,500,500,0.1000,2,5,3,2,8,True,0.1107,2,2,1000,6384.80,4688.00,-0.0310
pop500_gen500_mut0.1_elite2_tour5,500,500,0.1000,2,5,3,2,9,True,0.1151,2,2,1000,6384.80,4688.00,-0.0330
pop500_gen500_mut0.1_elite2_tour5,500,500,0.1000,2,5,3,2,10,True,0.0533,1,1,500,6379.80,0.00,0.0000
pop100_gen1000_mut0.01_elite2_tour1,100,1000,0.0100,2,1,3,2,1,True,0.0042,1,1,100,6379.80,0.00,0.0000
pop100_gen1000_mut0.01_elite2_tour1,100,1000,0.0100,2,1,3,2,2,True,0.0045,1,1,100,6375.20,0.00,0.0000
pop100_gen1000_mut0.01_elite2_tour1,100,1000,0.0100,2,1,3,2,3,True,0.0035,1,1,100,6375.20,0.00,0.0000
pop100_gen1000_mut0.01_elite2_tour1,100,1000,0.0100,2,1,3,2,4,True,0.0069,2,2,200,6380.20,4683.40,-0.0020
pop100_gen1000_mut0.01_elite2_tour1,100,1000,0.0100,2,1,3,2,5,True,0.0043,1,1,100,6379.80,0.00,0.0000
pop100_gen1000_mut0.01_elite2_tour1,100,1000,0.0100,2,1,3,2,6,True,0.0034,1,1,100,6379.80,0.00,0.0000
pop100_gen1000_mut0.01_elite2_tour1,100,1000,0.0100,2,1,3,2,7,True,0.0033,1,1,100,6375.20,0.00,0.0000
pop100_gen1000_mut0.01_elite2_tour1,100,1000,0.0100,2,1,3,2,8,True,0.0034,1,1,100,6379.80,0.00,0.0000
pop100_gen1000_mut0.01_elite2_tour1,100,1000,0.0100,2,1,3,2,9,True,0.0033,1,1,100,6375.20,0.00,0.0000
pop100_gen1000_mut0.01_elite2_tour1,100,1000,0.0100,2,1,3,2,10,True,0.0033,1,1,100,6375.20,0.00,0.0000
pop100_gen1000_mut0.01_elite2_tour2,100,1000,0.0100,2,2,3,2,1,True,0.0033,1,1,100,6375.20,0.00,0.0000
pop100_gen1000_mut0.01_elite2_tour2,100,1000,0.0100,2,2,3,2,2,True,0.0041,1,1,100,6375.20,0.00,0.0000
pop100_gen1000_mut0.01_elite2_tour2,100,1000,0.0100,2,2,3,2,3,True,0.0035,1,1,100,6379.80,0.00,0.0000
pop100_gen1000_mut0.01_elite2_tour2,100,1000,0.0100,2,2,3,2,4,True,0.0034,1,1,100,6375.20,0.00,0.0000
pop100_gen1000_mut0.01_elite2_tour2,100,1000,0.0100,2,2,3,2,5,True,0.0033,1,1,100,6375.20,0.00,0.0000
pop100_gen1000_mut0.01_elite2_tour2,100,1000,0.0100,2,2,3,2,6,True,0.0035,1,1,100,6375.20,0.00,0.0000
pop100_gen1000_mut0.01_elite2_tour2,100,1000,0.0100,2,2,3,2,7,True,0.0033,1,1,100,6375.20,0.00,0.0000
pop100_gen1000_mut0.01_elite2_tour2,100,1000,0.0100,2,2,3,2,8,True,0.0036,1,1,100,6375.20,0.00,0.0000
pop100_gen1000_mut0.01_elite2_tour2,100,1000,0.0100,2,2,3,2,9,True,0.0036,1,1,100,6375.20,0.00,0.0000
pop100_gen1000_mut0.01_elite2_tour2,100,1000,0.0100,2,2,3,2,10,True,0.0041,1,1,100,6379.80,0.00,0.0000
pop100_gen1000_mut0.01_elite2_tour3,100,1000,0.0100,2,3,3,2,1,True,0.0034,1,1,100,6379.80,0.00,0.0000
pop100_gen1000_mut0.01_elite2_tour3,100,1000,0.0100,2,3,3,2,2,True,0.0037,1,1,100,6375.20,0.00,0.0000
pop100_gen1000_mut0.01_elite2_tour3,100,1000,0.0100,2,3,3,2,3,True,0.0033,1,1,100,6375.20,0.00,0.0000
pop100_gen1000_mut0.01_elite2_tour3,100,1000,0.0100,2,3,3,2,4,True,0.0034,1,1,100,6379.80,0.00,0.0000
pop100_gen1000_mut0.01_elite2_tour3,100,1000,0.0100,2,3,3,2,5,True,0.0033,1,1,100,6375.20,0.00,0.0000
pop100_gen1000_mut0.01_elite2_tour3,100,1000,0.0100,2,3,3,2,6,True,0.0033,1,1,100,6375.20,0.00,0.0000
pop100_gen1000_mut0.01_elite2_tour3,100,1000,0.0100,2,3,3,2,7,True,0.0069,2,2,200,6380.20,4683.40,-0.0070
pop100_gen1000_mut0.01_elite2_tour3,100,1000,0.0100,2,3,3,2,8,True,0.0176,5,5,500,6384.80,4688.00,-0.0490
pop100_gen1000_mut0.01_elite2_tour3,100,1000,0.0100,2,3,3,2,9,True,0.0032,1,1,100,6375.20,0.00,0.0000
pop100_gen1000_mut0.01_elite2_tour3,100,1000,0.0100,2,3,3,2,10,True,0.0032,1,1,100,6375.20,0.00,0.0000
pop100_gen1000_mut0.01_elite2_tour5,100,1000,0.0100,2,5,3,2,1,True,0.0032,1,1,100,6375.20,0.00,0.0000
pop100_gen1000_mut0.01_elite2_tour5,100,1000,0.0100,2,5,3,2,2,True,0.0106,3,3,300,6380.20,4683.40,-0.0150
pop100_gen1000_mut0.01_elite2_tour5,100,1000,0.0100,2,5,3,2,3,True,0.0176,5,5,500,6380.20,4683.40,-0.0600
pop100_gen1000_mut0.01_elite2_tour5,100,1000,0.0100,2,5,3,2,4,True,0.0040,1,1,100,6375.20,0.00,0.0000
pop100_gen1000_mut0.01_elite2_tour5,100,1000,0.0100,2,5,3,2,5,True,0.0034,1,1,100,6375.20,0.00,0.0000
pop100_gen1000_mut0.01_elite2_tour5,100,1000,0.0100,2,5,3,2,6,True,0.0042,1,1,100,6375.20,0.00,0.0000
pop100_gen1000_mut0.01_elite2_tour5,100,1000,0.0100,2,5,3,2,7,True,0.0040,1,1,100,6375.20,0.00,0.0000
pop100_gen1000_mut0.01_elite2_tour5,100,1000,0.0100,2,5,3,2,8,True,0.0035,1,1,100,6379.80,0.00,0.0000
pop100_gen1000_mut0.01_elite2_tour5,100,1000,0.0100,2,5,3,2,9,True,0.0038,1,1,100,6379.80,0.00,0.0000
pop100_gen1000_mut0.01_elite2_tour5,100,1000,0.0100,2,5,3,2,10,True,0.0040,1,1,100,6379.80,0.00,0.0000
pop200_gen1000_mut0.01_elite2_tour1,200,1000,0.0100,2,1,3,2,1,True,0.0117,1,1,200,6375.20,0.00,0.0000
pop200_gen1000_mut0.01_elite2_tour1,200,1000,0.0100,2,1,3,2,2,True,0.0106,1,1,200,6375.20,0.00,0.0000
pop200_gen1000_mut0.01_elite2_tour1,200,1000,0.0100,2,1,3,2,3,True,0.0111,1,1,200,6379.80,0.00,0.0000
pop200_gen1000_mut0.01_elite2_tour1,200,1000,0.0100,2,1,3,2,4,True,0.0110,1,1,200,6375.20,0.00,0.0000
pop200_gen1000_mut0.01_elite2_tour1,200,1000,0.0100,2,1,3,2,5,True,0.0115,1,1,200,6375.20,0.00,0.0000
pop200_gen1000_mut0.01_elite2_tour1,200,1000,0.0100,2,1,3,2,6,True,0.0102,1,1,200,6379.80,0.00,0.0000
pop200_gen1000_mut0.01_elite2_tour1,200,1000,0.0100,2,1,3,2,7,True,0.0101,1,1,200,6375.20,0.00,0.0000
pop200_gen1000_mut0.01_elite2_tour1,200,1000,0.0100,2,1,3,2,8,True,0.0107,1,1,200,6375.20,0.00,0.0000
pop200_gen1000_mut0.01_elite2_tour1,200,1000,0.0100,2,1,3,2,9,True,0.0101,1,1,200,6375.20,0.00,0.0000
pop200_gen1000_mut0.01_elite2_tour1,200,1000,0.0100,2,1,3,2,10,True,0.0110,1,1,200,6379.80,0.00,0.0000
pop200_gen1000_mut0.01_elite2_tour2,200,1000,0.0100,2,2,3,2,1,True,0.0224,2,2,400,6380.20,4683.40,-0.0070
pop200_gen1000_mut0.01_elite2_tour2,200,1000,0.0100,2,2,3,2,2,True,0.0103,1,1,200,6375.20,0.00,0.0000
pop200_gen1000_mut0.01_elite2_tour2,200,1000,0.0100,2,2,3,2,3,True,0.0097,1,1,200,6375.20,0.00,0.0000
pop200_gen1000_mut0.01_elite2_tour2,200,1000,0.0100,2,2,3,2,4,True,0.0204,2,2,400,6380.20,4683.40,-0.0070
pop200_gen1000_mut0.01_elite2_tour2,200,1000,0.0100,2,2,3,2,5,True,0.0101,1,1,200,6375.20,0.00,0.0000
pop200_gen1000_mut0.01_elite2_tour2,200,1000,0.0100,2,2,3,2,6,True,0.0100,1,1,200,6375.20,0.00,0.0000
pop200_gen1000_mut0.01_elite2_tour2,200,1000,0.0100,2,2,3,2,7,True,0.0111,1,1,200,6379.80,0.00,0.0000
pop200_gen1000_mut0.01_elite2_tour2,200,1000,0.0100,2,2,3,2,8,True,0.0101,1,1,200,6375.20,0.00,0.0000
pop200_gen1000_mut0.01_elite2_tour2,200,1000,0.0100,2,2,3,2,9,True,0.0106,1,1,200,6375.20,0.00,0.0000
pop200_gen1000_mut0.01_elite2_tour2,200,1000,0.0100,2,2,3,2,10,True,0.0100,1,1,200,6375.20,0.00,0.0000
pop200_gen1000_mut0.01_elite2_tour3,200,1000,0.0100,2,3,3,2,1,True,0.0212,2,2,400,6380.20,4683.40,-0.0040
pop200_gen1000_mut0.01_elite2_tour3,200,1000,0.0100,2,3,3,2,2,True,0.0102,1,1,200,6375.20,0.00,0.0000
pop200_gen1000_mut0.01_elite2_tour3,200,1000,0.0100,2,3,3,2,3,True,0.0109,1,1,200,6375.20,0.00,0.0000
pop200_gen1000_mut0.01_elite2_tour3,200,1000,0.0100,2,3,3,2,4,True,0.0220,2,2,400,6380.20,4683.40,-0.0040
pop200_gen1000_mut0.01_elite2_tour3,200,1000,0.0100,2,3,3,2,5,True,0.0112,1,1,200,6375.20,0.00,0.0000
pop200_gen1000_mut0.01_elite2_tour3,200,1000,0.0100,2,3,3,2,6,True,0.0101,1,1,200,6375.20,0.00,0.0000
pop200_gen1000_mut0.01_elite2_tour3,200,1000,0.0100,2,3,3,2,7,True,0.0113,1,1,200,6375.20,0.00,0.0000
pop200_gen1000_mut0.01_elite2_tour3,200,1000,0.0100,2,3,3,2,8,True,0.0102,1,1,200,6379.80,0.00,0.0000
pop200_gen1000_mut0.01_elite2_tour3,200,1000,0.0100,2,3,3,2,9,True,0.0140,1,1,200,6379.80,0.00,0.0000
pop200_gen1000_mut0.01_elite2_tour3,200,1000,0.0100,2,3,3,2,10,True,0.0206,2,2,400,6380.20,4683.40,-0.0040
pop200_gen1000_mut0.01_elite2_tour5,200,1000,0.0100,2,5,3,2,1,True,0.0106,1,1,200,6379.80,0.00,0.0000
pop200_gen1000_mut0.01_elite2_tour5,200,1000,0.0100,2,5,3,2,2,True,0.0100,1,1,200,6375.20,0.00,0.0000
pop200_gen1000_mut0.01_elite2_tour5,200,1000,0.0100,2,5,3,2,3,True,0.0123,1,1,200,6375.20,0.00,0.0000
pop200_gen1000_mut0.01_elite2_tour5,200,1000,0.0100,2,5,3,2,4,True,0.0222,2,2,400,6380.20,4683.40,-0.0010
pop200_gen1000_mut0.01_elite2_tour5,200,1000,0.0100,2,5,3,2,5,True,0.0102,1,1,200,6379.80,0.00,0.0000
pop200_gen1000_mut0.01_elite2_tour5,200,1000,0.0100,2,5,3,2,6,True,0.0104,1,1,200,6379.80,0.00,0.0000
pop200_gen1000_mut0.01_elite2_tour5,200,1000,0.0100,2,5,3,2,7,True,0.0206,2,2,400,6380.20,4683.40,-0.0060
pop200_gen1000_mut0.01_elite2_tour5,200,1000,0.0100,2,5,3,2,8,True,0.0106,1,1,200,6375.20,0.00,0.0000
pop200_gen1000_mut0.01_elite2_tour5,200,1000,0.0100,2,5,3,2,9,True,0.0315,3,3,600,6380.20,4683.40,-0.0070
pop200_gen1000_mut0.01_elite2_tour5,200,1000,0.0100,2,5,3,2,10,True,0.0104,1,1,200,6375.20,0.00,0.0000
pop300_gen1000_mut0.01_elite2_tour1,300,1000,0.0100,2,1,3,2,1,True,0.0211,1,1,300,6379.80,0.00,0.0000
pop300_gen1000_mut0.01_elite2_tour1,300,1000,0.0100,2,1,3,2,2,True,0.0622,3,3,900,6380.20,4683.40,-0.0050
pop300_gen1000_mut0.01_elite2_tour1,300,1000,0.0100,2,1,3,2,3,True,0.0637,3,3,900,6380.20,4683.40,-0.0070
pop300_gen1000_mut0.01_elite2_tour1,300,1000,0.0100,2,1,3,2,4,True,0.0202,1,1,300,6375.20,0.00,0.0000
pop300_gen1000_mut0.01_elite2_tour1,300,1000,0.0100,2,1,3,2,5,True,0.0213,1,1,300,6379.80,0.00,0.0000
pop300_gen1000_mut0.01_elite2_tour1,300,1000,0.0100,2,1,3,2,6,True,0.0208,1,1,300,6375.20,0.00,0.0000
pop300_gen1000_mut0.01_elite2_tour1,300,1000,0.0100,2,1,3,2,7,True,0.0202,1,1,300,6375.20,0.00,0.0000
pop300_gen1000_mut0.01_elite2_tour1,300,1000,0.0100,2,1,3,2,8,True,0.0418,2,2,600,6380.20,4683.40,-0.0060
pop300_gen1000_mut0.01_elite2_tour1,300,1000,0.0100,2,1,3,2,9,True,0.0409,2,2,600,6380.20,4683.40,-0.0040
pop300_gen1000_mut0.01_elite2_tour1,300,1000,0.0100,2,1,3,2,10,True,0.0503,2,2,600,6380.20,4683.40,-0.0070
pop300_gen1000_mut0.01_elite2_tour2,300,1000,0.0100,2,2,3,2,1,True,0.0205,1,1,300,6375.20,0.00,0.0000
pop300_gen1000_mut0.01_elite2_tour2,300,1000,0.0100,2,2,3,2,2,True,0.0538,2,2,600,6380.20,4683.40,-0.0030
pop300_gen1000_mut0.01_elite2_tour2,300,1000,0.0100,2,2,3,2,3,True,0.0202,1,1,300,6375.20,0.00,0.0000
pop300_gen1000_mut0.01_elite2_tour2,300,1000,0.0100,2,2,3,2,4,True,0.0642,3,3,900,6380.20,4683.40,-0.0010
pop300_gen1000_mut0.01_elite2_tour2,300,1000,0.0100,2,2,3,2,5,True,0.0214,1,1,300,6379.80,0.00,0.0000
pop300_gen1000_mut0.01_elite2_tour2,300,1000,0.0100,2,2,3,2,6,True,0.0232,1,1,300,6375.20,0.00,0.0000
pop300_gen1000_mut0.01_elite2_tour2,300,1000,0.0100,2,2,3,2,7,True,0.0225,1,1,300,6379.80,0.00,0.0000
pop300_gen1000_mut0.01_elite2_tour2,300,1000,0.0100,2,2,3,2,8,True,0.0209,1,1,300,6379.80,0.00,0.0000
pop300_gen1000_mut0.01_elite2_tour2,300,1000,0.0100,2,2,3,2,9,True,0.0203,1,1,300,6375.20,0.00,0.0000
pop300_gen1000_mut0.01_elite2_tour2,300,1000,0.0100,2,2,3,2,10,True,0.0216,1,1,300,6375.20,0.00,0.0000
pop300_gen1000_mut0.01_elite2_tour3,300,1000,0.0100,2,3,3,2,1,True,0.0209,1,1,300,6375.20,0.00,0.0000
pop300_gen1000_mut0.01_elite2_tour3,300,1000,0.0100,2,3,3,2,2,True,0.0447,2,2,600,6380.20,4683.40,-0.0050
pop300_gen1000_mut0.01_elite2_tour3,300,1000,0.0100,2,3,3,2,3,True,0.0216,1,1,300,6379.80,0.00,0.0000
pop300_gen1000_mut0.01_elite2_tour3,300,1000,0.0100,2,3,3,2,4,True,0.0209,1,1,300,6375.20,0.00,0.0000
pop300_gen1000_mut0.01_elite2_tour3,300,1000,0.0100,2,3,3,2,5,True,0.0437,2,2,600,6380.20,4683.40,-0.0040
pop300_gen1000_mut0.01_elite2_tour3,300,1000,0.0100,2,3,3,2,6,True,0.0203,1,1,300,6375.20,0.00,0.0000
pop300_gen1000_mut0.01_elite2_tour3,300,1000,0.0100,2,3,3,2,7,True,0.0201,1,1,300,6375.20,0.00,0.0000
pop300_gen1000_mut0.01_elite2_tour3,300,1000,0.0100,2,3,3,2,8,True,0.0334,1,1,300,6375.20,0.00,0.0000
pop300_gen1000_mut0.01_elite2_tour3,300,1000,0.0100,2,3,3,2,9,True,0.0342,1,1,300,6379.80,0.00,0.0000
pop300_gen1000_mut0.01_elite2_tour3,300,1000,0.0100,2,3,3,2,10,True,0.0212,1,1,300,6375.20,0.00,0.0000
pop300_gen1000_mut0.01_elite2_tour5,300,1000,0.0100,2,5,3,2,1,True,0.0202,1,1,300,6375.20,0.00,0.0000
pop300_gen1000_mut0.01_elite2_tour5,300,1000,0.0100,2,5,3,2,2,True,0.0422,2,2,600,6380.20,4683.40,-0.0040
pop300_gen1000_mut0.01_elite2_tour5,300,1000,0.0100,2,5,3,2,3,True,0.0208,1,1,300,6379.80,0.00,0.0000
pop300_gen1000_mut0.01_elite2_tour5,300,1000,0.0100,2,5,3,2,4,True,0.0415,2,2,600,6380.20,4683.40,-0.0040
pop300_gen1000_mut0.01_elite2_tour5,300,1000,0.0100,2,5,3,2,5,True,0.0461,2,2,600,6380.20,4683.40,-0.0040
pop300_gen1000_mut0.01_elite2_tour5,300,1000,0.0100,2,5,3,2,6,True,0.0216,1,1,300,6379.80,0.00,0.0000
pop300_gen1000_mut0.01_elite2_tour5,300,1000,0.0100,2,5,3,2,7,True,0.0755,3,3,900,6380.20,4683.40,-0.0130
pop300_gen1000_mut0.01_elite2_tour5,300,1000,0.0100,2,5,3,2,8,True,0.0224,1,1,300,6375.20,0.00,0.0000
pop300_gen1000_mut0.01_elite2_tour5,300,1000,0.0100,2,5,3,2,9,True,0.0208,1,1,300,6379.80,0.00,0.0000
pop300_gen1000_mut0.01_elite2_tour5,300,1000,0.0100,2,5,3,2,10,True,0.0211,1,1,300,6375.20,0.00,0.0000
pop500_gen1000_mut0.01_elite2_tour1,500,1000,0.0100,2,1,3,2,1,True,0.1227,2,2,1000,6380.20,4683.40,-0.0010
pop500_gen1000_mut0.01_elite2_tour1,500,1000,0.0100,2,1,3,2,2,True,0.1182,2,2,1000,6380.20,4683.40,-0.0040
pop500_gen1000_mut0.01_elite2_tour1,500,1000,0.0100,2,1,3,2,3,True,0.0526,1,1,500,6379.80,0.00,0.0000
pop500_gen1000_mut0.01_elite2_tour1,500,1000,0.0100,2,1,3,2,4,True,0.1034,2,2,1000,6380.20,4683.40,-0.0060
pop500_gen1000_mut0.01_elite2_tour1,500,1000,0.0100,2,1,3,2,5,True,0.0608,1,1,500,6375.20,0.00,0.0000
pop500_gen1000_mut0.01_elite2_tour1,500,1000,0.0100,2,1,3,2,6,True,0.1116,2,2,1000,6380.20,4683.40,-0.0040
pop500_gen1000_mut0.01_elite2_tour1,500,1000,0.0100,2,1,3,2,7,True,0.0598,1,1,500,6379.80,0.00,0.0000
pop500_gen1000_mut0.01_elite2_tour1,500,1000,0.0100,2,1,3,2,8,True,0.0509,1,1,500,6375.20,0.00,0.0000
pop500_gen1000_mut0.01_elite2_tour1,500,1000,0.0100,2,1,3,2,9,True,0.0543,1,1,500,6379.80,0.00,0.0000
pop500_gen1000_mut0.01_elite2_tour1,500,1000,0.0100,2,1,3,2,10,True,0.0507,1,1,500,6375.20,0.00,0.0000
pop500_gen1000_mut0.01_elite2_tour2,500,1000,0.0100,2,2,3,2,1,True,0.0519,1,1,500,6375.20,0.00,0.0000
pop500_gen1000_mut0.01_elite2_tour2,500,1000,0.0100,2,2,3,2,2,True,0.1059,2,2,1000,6380.20,4683.40,-0.0030
pop500_gen1000_mut0.01_elite2_tour2,500,1000,0.0100,2,2,3,2,3,True,0.0640,1,1,500,6375.20,0.00,0.0000
pop500_gen1000_mut0.01_elite2_tour2,500,1000,0.0100,2,2,3,2,4,True,0.0510,1,1,500,6375.20,0.00,0.0000
pop500_gen1000_mut0.01_elite2_tour2,500,1000,0.0100,2,2,3,2,5,True,0.0515,1,1,500,6375.20,0.00,0.0000
pop500_gen1000_mut0.01_elite2_tour2,500,1000,0.0100,2,2,3,2,6,True,0.0529,1,1,500,6375.20,0.00,0.0000
pop500_gen1000_mut0.01_elite2_tour2,500,1000,0.0100,2,2,3,2,7,True,0.0553,1,1,500,6379.80,0.00,0.0000
pop500_gen1000_mut0.01_elite2_tour2,500,1000,0.0100,2,2,3,2,8,True,0.0546,1,1,500,6375.20,0.00,0.0000
pop500_gen1000_mut0.01_elite2_tour2,500,1000,0.0100,2,2,3,2,9,True,0.0517,1,1,500,6375.20,0.00,0.0000
pop500_gen1000_mut0.01_elite2_tour2,500,1000,0.0100,2,2,3,2,10,True,0.0526,1,1,500,6375.20,0.00,0.0000
pop500_gen1000_mut0.01_elite2_tour3,500,1000,0.0100,2,3,3,2,1,True,0.0514,1,1,500,6375.20,0.00,0.0000
pop500_gen1000_mut0.01_elite2_tour3,500,1000,0.0100,2,3,3,2,2,True,0.1071,2,2,1000,6380.20,4683.40,-0.0010
pop500_gen1000_mut0.01_elite2_tour3,500,1000,0.0100,2,3,3,2,3,True,0.0531,1,1,500,6375.20,0.00,0.0000
pop500_gen1000_mut0.01_elite2_tour3,500,1000,0.0100,2,3,3,2,4,True,0.1565,3,3,1500,6380.20,4683.40,-0.0110
pop500_gen1000_mut0.01_elite2_tour3,500,1000,0.0100,2,3,3,2,5,True,0.0516,1,1,500,6375.20,0.00,0.0000
pop500_gen1000_mut0.01_elite2_tour3,500,1000,0.0100,2,3,3,2,6,True,0.0515,1,1,500,6375.20,0.00,0.0000
pop500_gen1000_mut0.01_elite2_tour3,500,1000,0.0100,2,3,3,2,7,True,0.0539,1,1,500,6379.80,0.00,0.0000
pop500_gen1000_mut0.01_elite2_tour3,500,1000,0.0100,2,3,3,2,8,True,0.0521,1,1,500,6375.20,0.00,0.0000
pop500_gen1000_mut0.01_elite2_tour3,500,1000,0.0100,2,3,3,2,9,True,0.0532,1,1,500,6375.20,0.00,0.0000
pop500_gen1000_mut0.01_elite2_tour3,500,1000,0.0100,2,3,3,2,10,True,0.0553,1,1,500,6375.20,0.00,0.0000
pop500_gen1000_mut0.01_elite2_tour5,500,1000,0.0100,2,5,3,2,1,True,0.1059,2,2,1000,6380.20,4683.40,-0.0070
pop500_gen1000_mut0.01_elite2_tour5,500,1000,0.0100,2,5,3,2,2,True,0.0512,1,1,500,6375.20,0.00,0.0000
pop500_gen1000_mut0.01_elite2_tour5,500,1000,0.0100,2,5,3,2,3,True,0.0524,1,1,500,6375.20,0.00,0.0000
pop500_gen1000_mut0.01_elite2_tour5,500,1000,0.0100,2,5,3,2,4,True,0.1148,2,2,1000,6380.20,4683.40,-0.0030
pop500_gen1000_mut0.01_elite2_tour5,500,1000,0.0100,2,5,3,2,5,True,0.0519,1,1,500,6375.20,0.00,0.0000
pop500_gen1000_mut0.01_elite2_tour5,500,1000,0.0100,2,5,3,2,6,True,0.0565,1,1,500,6375.20,0.00,0.0000
pop500_gen1000_mut0.01_elite2_tour5,500,1000,0.0100,2,5,3,2,7,True,0.1115,2,2,1000,6380.20,4683.40,-0.0050
pop500_gen1000_mut0.01_elite2_tour5,500,1000,0.0100,2,5,3,2,8,True,0.0530,1,1,500,6379.80,0.00,0.0000
pop500_gen1000_mut0.01_elite2_tour5,500,1000,0.0100,2,5,3,2,9,True,0.1082,2,2,1000,6380.20,4683.40,-0.0030
pop500_gen1000_mut0.01_elite2_tour5,500,1000,0.0100,2,5,3,2,10,True,0.0547,1,1,500,6375.20,0.00,0.0000
pop100_gen1000_mut0.03_elite2_tour1,100,1000,0.0300,2,1,3,2,1,True,0.0037,1,1,100,6375.20,0.00,0.0000
pop100_gen1000_mut0.03_elite2_tour1,100,1000,0.0300,2,1,3,2,2,True,0.0102,3,3,300,6380.20,4683.40,-0.0110
pop100_gen1000_mut0.03_elite2_tour1,100,1000,0.0300,2,1,3,2,3,True,0.0034,1,1,100,6379.80,0.00,0.0000
pop100_gen1000_mut0.03_elite2_tour1,100,1000,0.0300,2,1,3,2,4,True,0.0069,2,2,200,6380.20,4683.40,-0.0110
pop100_gen1000_mut0.03_elite2_tour1,100,1000,0.0300,2,1,3,2,5,True,0.0034,1,1,100,6375.20,0.00,0.0000
pop100_gen1000_mut0.03_elite2_tour1,100,1000,0.0300,2,1,3,2,6,True,0.0061,1,1,100,6375.20,0.00,0.0000
pop100_gen1000_mut0.03_elite2_tour1,100,1000,0.0300,2,1,3,2,7,True,0.0035,1,1,100,6375.20,0.00,0.0000
pop100_gen1000_mut0.03_elite2_tour1,100,1000,0.0300,2,1,3,2,8,True,0.0034,1,1,100,6375.20,0.00,0.0000
pop100_gen1000_mut0.03_elite2_tour1,100,1000,0.0300,2,1,3,2,9,True,0.0039,1,1,100,6375.20,0.00,0.0000
pop100_gen1000_mut0.03_elite2_tour1,100,1000,0.0300,2,1,3,2,10,True,0.0038,1,1,100,6375.20,0.00,0.0000
pop100_gen1000_mut0.03_elite2_tour2,100,1000,0.0300,2,2,3,2,1,True,0.0070,2,2,200,6380.20,4683.40,-0.0090
pop100_gen1000_mut0.03_elite2_tour2,100,1000,0.0300,2,2,3,2,2,True,0.0034,1,1,100,6375.20,0.00,0.0000
pop100_gen1000_mut0.03_elite2_tour2,100,1000,0.0300,2,2,3,2,3,True,0.0033,1,1,100,6375.20,0.00,0.0000
pop100_gen1000_mut0.03_elite2_tour2,100,1000,0.0300,2,2,3,2,4,True,0.0035,1,1,100,6379.80,0.00,0.0000
pop100_gen1000_mut0.03_elite2_tour2,100,1000,0.0300,2,2,3,2,5,True,0.0035,1,1,100,6379.80,0.00,0.0000
pop100_gen1000_mut0.03_elite2_tour2,100,1000,0.0300,2,2,3,2,6,True,0.0033,1,1,100,6375.20,0.00,0.0000
pop100_gen1000_mut0.03_elite2_tour2,100,1000,0.0300,2,2,3,2,7,True,0.0033,1,1,100,6375.20,0.00,0.0000
pop100_gen1000_mut0.03_elite2_tour2,100,1000,0.0300,2,2,3,2,8,True,0.0082,2,2,200,6380.20,4683.40,-0.0110
pop100_gen1000_mut0.03_elite2_tour2,100,1000,0.0300,2,2,3,2,9,True,0.0035,1,1,100,6379.80,0.00,0.0000
pop100_gen1000_mut0.03_elite2_tour2,100,1000,0.0300,2,2,3,2,10,True,0.0038,1,1,100,6379.80,0.00,0.0000
pop100_gen1000_mut0.03_elite2_tour3,100,1000,0.0300,2,3,3,2,1,True,0.0033,1,1,100,6375.20,0.00,0.0000
pop100_gen1000_mut0.03_elite2_tour3,100,1000,0.0300,2,3,3,2,2,True,0.0035,1,1,100,6379.80,0.00,0.0000
pop100_gen1000_mut0.03_elite2_tour3,100,1000,0.0300,2,3,3,2,3,True,0.0037,1,1,100,6379.80,0.00,0.0000
pop100_gen1000_mut0.03_elite2_tour3,100,1000,0.0300,2,3,3,2,4,True,0.0034,1,1,100,6375.20,0.00,0.0000
pop100_gen1000_mut0.03_elite2_tour3,100,1000,0.0300,2,3,3,2,5,True,0.0038,1,1,100,6375.20,0.00,0.0000
pop100_gen1000_mut0.03_elite2_tour3,100,1000,0.0300,2,3,3,2,6,True,0.0035,1,1,100,6375.20,0.00,0.0000
pop100_gen1000_mut0.03_elite2_tour3,100,1000,0.0300,2,3,3,2,7,True,0.0038,1,1,100,6375.20,0.00,0.0000
pop100_gen1000_mut0.03_elite2_tour3,100,1000,0.0300,2,3,3,2,8,True,0.0033,1,1,100,6375.20,0.00,0.0000
pop100_gen1000_mut0.03_elite2_tour3,100,1000,0.0300,2,3,3,2,9,True,0.0042,1,1,100,6379.80,0.00,0.0000
pop100_gen1000_mut0.03_elite2_tour3,100,1000,0.0300,2,3,3,2,10,True,0.0037,1,1,100,6379.80,0.00,0.0000
pop100_gen1000_mut0.03_elite2_tour5,100,1000,0.0300,2,5,3,2,1,True,0.0060,1,1,100,6375.20,0.00,0.0000
pop100_gen1000_mut0.03_elite2_tour5,100,1000,0.0300,2,5,3,2,2,True,0.0050,1,1,100,6375.20,0.00,0.0000
pop100_gen1000_mut0.03_elite2_tour5,100,1000,0.0300,2,5,3,2,3,True,0.0042,1,1,100,6375.20,0.00,0.0000
pop100_gen1000_mut0.03_elite2_tour5,100,1000,0.0300,2,5,3,2,4,True,0.0071,2,2,200,6380.20,4683.40,-0.0150
pop100_gen1000_mut0.03_elite2_tour5,100,1000,0.0300,2,5,3,2,5,True,0.0032,1,1,100,6375.20,0.00,0.0000
pop100_gen1000_mut0.03_elite2_tour5,100,1000,0.0300,2,5,3,2,6,True,0.0034,1,1,100,6375.20,0.00,0.0000
pop100_gen1000_mut0.03_elite2_tour5,100,1000,0.0300,2,5,3,2,7,True,0.0032,1,1,100,6375.20,0.00,0.0000
pop100_gen1000_mut0.03_elite2_tour5,100,1000,0.0300,2,5,3,2,8,True,0.0035,1,1,100,6379.80,0.00,0.0000
pop100_gen1000_mut0.03_elite2_tour5,100,1000,0.0300,2,5,3,2,9,True,0.0036,1,1,100,6379.80,0.00,0.0000
pop100_gen1000_mut0.03_elite2_tour5,100,1000,0.0300,2,5,3,2,10,True,0.0036,1,1,100,6375.20,0.00,0.0000
pop200_gen1000_mut0.03_elite2_tour1,200,1000,0.0300,2,1,3,2,1,True,0.0107,1,1,200,6379.80,0.00,0.0000
pop200_gen1000_mut0.03_elite2_tour1,200,1000,0.0300,2,1,3,2,2,True,0.0106,1,1,200,6375.20,0.00,0.0000
pop200_gen1000_mut0.03_elite2_tour1,200,1000,0.0300,2,1,3,2,3,True,0.0099,1,1,200,6375.20,0.00,0.0000
pop200_gen1000_mut0.03_elite2_tour1,200,1000,0.0300,2,1,3,2,4,True,0.0105,1,1,200,6375.20,0.00,0.0000
pop200_gen1000_mut0.03_elite2_tour1,200,1000,0.0300,2,1,3,2,5,True,0.0101,1,1,200,6375.20,0.00,0.0000
pop200_gen1000_mut0.03_elite2_tour1,200,1000,0.0300,2,1,3,2,6,True,0.0102,1,1,200,6375.20,0.00,0.0000
pop200_gen1000_mut0.03_elite2_tour1,200,1000,0.0300,2,1,3,2,7,True,0.0103,1,1,200,6375.20,0.00,0.0000
pop200_gen1000_mut0.03_elite2_tour1,200,1000,0.0300,2,1,3,2,8,True,0.0101,1,1,200,6375.20,0.00,0.0000
pop200_gen1000_mut0.03_elite2_tour1,200,1000,0.0300,2,1,3,2,9,True,0.0212,2,2,400,6380.20,4683.40,-0.0080
pop200_gen1000_mut0.03_elite2_tour1,200,1000,0.0300,2,1,3,2,10,True,0.0105,1,1,200,6375.20,0.00,0.0000
pop200_gen1000_mut0.03_elite2_tour2,200,1000,0.0300,2,2,3,2,1,True,0.0116,1,1,200,6379.80,0.00,0.0000
pop200_gen1000_mut0.03_elite2_tour2,200,1000,0.0300,2,2,3,2,2,True,0.0114,1,1,200,6379.80,0.00,0.0000
pop200_gen1000_mut0.03_elite2_tour2,200,1000,0.0300,2,2,3,2,3,True,0.0249,2,2,400,6380.20,4683.40,-0.0090
pop200_gen1000_mut0.03_elite2_tour2,200,1000,0.0300,2,2,3,2,4,True,0.0104,1,1,200,6375.20,0.00,0.0000
pop200_gen1000_mut0.03_elite2_tour2,200,1000,0.0300,2,2,3,2,5,True,0.0102,1,1,200,6375.20,0.00,0.0000
pop200_gen1000_mut0.03_elite2_tour2,200,1000,0.0300,2,2,3,2,6,True,0.0103,1,1,200,6375.20,0.00,0.0000
pop200_gen1000_mut0.03_elite2_tour2,200,1000,0.0300,2,2,3,2,7,True,0.0210,2,2,400,6380.20,4683.40,-0.0080
pop200_gen1000_mut0.03_elite2_tour2,200,1000,0.0300,2,2,3,2,8,True,0.0120,1,1,200,6375.20,0.00,0.0000
pop200_gen1000_mut0.03_elite2_tour2,200,1000,0.0300,2,2,3,2,9,True,0.0103,1,1,200,6379.80,0.00,0.0000
pop200_gen1000_mut0.03_elite2_tour2,200,1000,0.0300,2,2,3,2,10,True,0.0104,1,1,200,6379.80,0.00,0.0000
pop200_gen1000_mut0.03_elite2_tour3,200,1000,0.0300,2,3,3,2,1,True,0.0101,1,1,200,6375.20,0.00,0.0000
pop200_gen1000_mut0.03_elite2_tour3,200,1000,0.0300,2,3,3,2,2,True,0.0105,1,1,200,6375.20,0.00,0.0000
pop200_gen1000_mut0.03_elite2_tour3,200,1000,0.0300,2,3,3,2,3,True,0.0101,1,1,200,6375.20,0.00,0.0000
pop200_gen1000_mut0.03_elite2_tour3,200,1000,0.0300,2,3,3,2,4,True,0.0104,1,1,200,6375.20,0.00,0.0000
pop200_gen1000_mut0.03_elite2_tour3,200,1000,0.0300,2,3,3,2,5,True,0.0100,1,1,200,6375.20,0.00,0.0000
pop200_gen1000_mut0.03_elite2_tour3,200,1000,0.0300,2,3,3,2,6,True,0.0101,1,1,200,6375.20,0.00,0.0000
pop200_gen1000_mut0.03_elite2_tour3,200,1000,0.0300,2,3,3,2,7,True,0.0100,1,1,200,6375.20,0.00,0.0000
pop200_gen1000_mut0.03_elite2_tour3,200,1000,0.0300,2,3,3,2,8,True,0.0101,1,1,200,6375.20,0.00,0.0000
pop200_gen1000_mut0.03_elite2_tour3,200,1000,0.0300,2,3,3,2,9,True,0.0101,1,1,200,6375.20,0.00,0.0000
pop200_gen1000_mut0.03_elite2_tour3,200,1000,0.0300,2,3,3,2,10,True,0.0106,1,1,200,6379.80,0.00,0.0000
pop200_gen1000_mut0.03_elite2_tour5,200,1000,0.0300,2,5,3,2,1,True,0.0335,3,3,600,6384.80,4688.00,-0.0170
pop200_gen1000_mut0.03_elite2_tour5,200,1000,0.0300,2,5,3,2,2,True,0.0103,1,1,200,6375.20,0.00,0.0000
pop200_gen1000_mut0.03_elite2_tour5,200,1000,0.0300,2,5,3,2,3,True,0.0109,1,1,200,6375.20,0.00,0.0000
pop200_gen1000_mut0.03_elite2_tour5,200,1000,0.0300,2,5,3,2,4,True,0.0105,1,1,200,6379.80,0.00,0.0000
pop200_gen1000_mut0.03_elite2_tour5,200,1000,0.0300,2,5,3,2,5,True,0.0105,1,1,200,6375.20,0.00,0.0000
pop200_gen1000_mut0.03_elite2_tour5,200,1000,0.0300,2,5,3,2,6,True,0.0219,2,2,400,6380.20,4683.40,-0.0100
pop200_gen1000_mut0.03_elite2_tour5,200,1000,0.0300,2,5,3,2,7,True,0.0209,2,2,400,6380.20,4683.40,-0.0040
pop200_gen1000_mut0.03_elite2_tour5,200,1000,0.0300,2,5,3,2,8,True,0.0110,1,1,200,6379.80,0.00,0.0000
pop200_gen1000_mut0.03_elite2_tour5,200,1000,0.0300,2,5,3,2,9,True,0.0108,1,1,200,6375.20,0.00,0.0000
pop200_gen1000_mut0.03_elite2_tour5,200,1000,0.0300,2,5,3,2,10,True,0.0115,1,1,200,6375.20,0.00,0.0000
pop300_gen1000_mut0.03_elite2_tour1,300,1000,0.0300,2,1,3,2,1,True,0.0220,1,1,300,6379.80,0.00,0.0000
pop300_gen1000_mut0.03_elite2_tour1,300,1000,0.0300,2,1,3,2,2,True,0.0204,1,1,300,6375.20,0.00,0.0000
pop300_gen1000_mut0.03_elite2_tour1,300,1000,0.0300,2,1,3,2,3,True,0.0205,1,1,300,6375.20,0.00,0.0000
pop300_gen1000_mut0.03_elite2_tour1,300,1000,0.0300,2,1,3,2,4,True,0.0455,2,2,600,6380.20,4683.40,-0.0070
pop300_gen1000_mut0.03_elite2_tour1,300,1000,0.0300,2,1,3,2,5,True,0.0353,1,1,300,6375.20,0.00,0.0000
pop300_gen1000_mut0.03_elite2_tour1,300,1000,0.0300,2,1,3,2,6,True,0.0430,2,2,600,6380.20,4683.40,-0.0080
pop300_gen1000_mut0.03_elite2_tour1,300,1000,0.0300,2,1,3,2,7,True,0.0205,1,1,300,6375.20,0.00,0.0000
pop300_gen1000_mut0.03_elite2_tour1,300,1000,0.0300,2,1,3,2,8,True,0.0419,2,2,600,6380.20,4683.40,-0.0050
pop300_gen1000_mut0.03_elite2_tour1,300,1000,0.0300,2,1,3,2,9,True,0.0204,1,1,300,6375.20,0.00,0.0000
pop300_gen1000_mut0.03_elite2_tour1,300,1000,0.0300,2,1,3,2,10,True,0.0211,1,1,300,6375.20,0.00,0.0000
pop300_gen1000_mut0.03_elite2_tour2,300,1000,0.0300,2,2,3,2,1,True,0.0221,1,1,300,6379.80,0.00,0.0000
pop300_gen1000_mut0.03_elite2_tour2,300,1000,0.0300,2,2,3,2,2,True,0.0425,2,2,600,6380.20,4683.40,-0.0120
pop300_gen1000_mut0.03_elite2_tour2,300,1000,0.0300,2,2,3,2,3,True,0.0203,1,1,300,6379.80,0.00,0.0000
pop300_gen1000_mut0.03_elite2_tour2,300,1000,0.0300,2,2,3,2,4,True,0.0218,1,1,300,6379.80,0.00,0.0000
pop300_gen1000_mut0.03_elite2_tour2,300,1000,0.0300,2,2,3,2,5,True,0.0206,1,1,300,6375.20,0.00,0.0000
pop300_gen1000_mut0.03_elite2_tour2,300,1000,0.0300,2,2,3,2,6,True,0.0202,1,1,300,6379.80,0.00,0.0000
pop300_gen1000_mut0.03_elite2_tour2,300,1000,0.0300,2,2,3,2,7,True,0.0204,1,1,300,6375.20,0.00,0.0000
pop300_gen1000_mut0.03_elite2_tour2,300,1000,0.0300,2,2,3,2,8,True,0.0224,1,1,300,6375.20,0.00,0.0000
pop300_gen1000_mut0.03_elite2_tour2,300,1000,0.0300,2,2,3,2,9,True,0.0200,1,1,300,6375.20,0.00,0.0000
pop300_gen1000_mut0.03_elite2_tour2,300,1000,0.0300,2,2,3,2,10,True,0.0204,1,1,300,6379.80,0.00,0.0000
pop300_gen1000_mut0.03_elite2_tour3,300,1000,0.0300,2,3,3,2,1,True,0.0205,1,1,300,6375.20,0.00,0.0000
pop300_gen1000_mut0.03_elite2_tour3,300,1000,0.0300,2,3,3,2,2,True,0.0205,1,1,300,6375.20,0.00,0.0000
pop300_gen1000_mut0.03_elite2_tour3,300,1000,0.0300,2,3,3,2,3,True,0.0417,2,2,600,6380.20,4683.40,-0.0100
pop300_gen1000_mut0.03_elite2_tour3,300,1000,0.0300,2,3,3,2,4,True,0.0410,2,2,600,6380.20,4683.40,-0.0110
pop300_gen1000_mut0.03_elite2_tour3,300,1000,0.0300,2,3,3,2,5,True,0.0632,3,3,900,6384.80,4688.00,-0.0220
pop300_gen1000_mut0.03_elite2_tour3,300,1000,0.0300,2,3,3,2,6,True,0.0201,1,1,300,6375.20,0.00,0.0000
pop300_gen1000_mut0.03_elite2_tour3,300,1000,0.0300,2,3,3,2,7,True,0.0203,1,1,300,6375.20,0.00,0.0000
pop300_gen1000_mut0.03_elite2_tour3,300,1000,0.0300,2,3,3,2,8,True,0.0216,1,1,300,6375.20,0.00,0.0000
pop300_gen1000_mut0.03_elite2_tour3,300,1000,0.0300,2,3,3,2,9,True,0.0203,1,1,300,6375.20,0.00,0.0000
pop300_gen1000_mut0.03_elite2_tour3,300,1000,0.0300,2,3,3,2,10,True,0.0246,1,1,300,6379.80,0.00,0.0000
pop300_gen1000_mut0.03_elite2_tour5,300,1000,0.0300,2,5,3,2,1,True,0.0203,1,1,300,6375.20,0.00,0.0000
pop300_gen1000_mut0.03_elite2_tour5,300,1000,0.0300,2,5,3,2,2,True,0.0198,1,1,300,6375.20,0.00,0.0000
pop300_gen1000_mut0.03_elite2_tour5,300,1000,0.0300,2,5,3,2,3,True,0.0195,1,1,300,6375.20,0.00,0.0000
pop300_gen1000_mut0.03_elite2_tour5,300,1000,0.0300,2,5,3,2,4,True,0.0207,1,1,300,6375.20,0.00,0.0000
pop300_gen1000_mut0.03_elite2_tour5,300,1000,0.0300,2,5,3,2,5,True,0.0199,1,1,300,6375.20,0.00,0.0000
pop300_gen1000_mut0.03_elite2_tour5,300,1000,0.0300,2,5,3,2,6,True,0.0205,1,1,300,6379.80,0.00,0.0000
pop300_gen1000_mut0.03_elite2_tour5,300,1000,0.0300,2,5,3,2,7,True,0.0210,1,1,300,6375.20,0.00,0.0000
pop300_gen1000_mut0.03_elite2_tour5,300,1000,0.0300,2,5,3,2,8,True,0.0199,1,1,300,6375.20,0.00,0.0000
pop300_gen1000_mut0.03_elite2_tour5,300,1000,0.0300,2,5,3,2,9,True,0.0429,2,2,600,6380.20,4683.40,-0.0070
pop300_gen1000_mut0.03_elite2_tour5,300,1000,0.0300,2,5,3,2,10,True,0.0198,1,1,300,6375.20,0.00,0.0000
pop500_gen1000_mut0.03_elite2_tour1,500,1000,0.0300,2,1,3,2,1,True,0.0511,1,1,500,6375.20,0.00,0.0000
pop500_gen1000_mut0.03_elite2_tour1,500,1000,0.0300,2,1,3,2,2,True,0.0524,1,1,500,6375.20,0.00,0.0000
pop500_gen1000_mut0.03_elite2_tour1,500,1000,0.0300,2,1,3,2,3,True,0.0510,1,1,500,6375.20,0.00,0.0000
pop500_gen1000_mut0.03_elite2_tour1,500,1000,0.0300,2,1,3,2,4,True,0.0535,1,1,500,6379.80,0.00,0.0000
pop500_gen1000_mut0.03_elite2_tour1,500,1000,0.0300,2,1,3,2,5,True,0.0548,1,1,500,6375.20,0.00,0.0000
pop500_gen1000_mut0.03_elite2_tour1,500,1000,0.0300,2,1,3,2,6,True,0.0522,1,1,500,6375.20,0.00,0.0000
pop500_gen1000_mut0.03_elite2_tour1,500,1000,0.0300,2,1,3,2,7,True,0.0566,1,1,500,6375.20,0.00,0.0000
pop500_gen1000_mut0.03_elite2_tour1,500,1000,0.0300,2,1,3,2,8,True,0.0616,1,1,500,6375.20,0.00,0.0000
pop500_gen1000_mut0.03_elite2_tour1,500,1000,0.0300,2,1,3,2,9,True,0.0641,1,1,500,6379.80,0.00,0.0000
pop500_gen1000_mut0.03_elite2_tour1,500,1000,0.0300,2,1,3,2,10,True,0.0621,1,1,500,6375.20,0.00,0.0000
pop500_gen1000_mut0.03_elite2_tour2,500,1000,0.0300,2,2,3,2,1,True,0.0531,1,1,500,6375.20,0.00,0.0000
pop500_gen1000_mut0.03_elite2_tour2,500,1000,0.0300,2,2,3,2,2,True,0.0513,1,1,500,6375.20,0.00,0.0000
pop500_gen1000_mut0.03_elite2_tour2,500,1000,0.0300,2,2,3,2,3,True,0.0509,1,1,500,6379.80,0.00,0.0000
pop500_gen1000_mut0.03_elite2_tour2,500,1000,0.0300,2,2,3,2,4,True,0.0511,1,1,500,6375.20,0.00,0.0000
pop500_gen1000_mut0.03_elite2_tour2,500,1000,0.0300,2,2,3,2,5,True,0.0543,1,1,500,6375.20,0.00,0.0000
pop500_gen1000_mut0.03_elite2_tour2,500,1000,0.0300,2,2,3,2,6,True,0.0550,1,1,500,6379.80,0.00,0.0000
pop500_gen1000_mut0.03_elite2_tour2,500,1000,0.0300,2,2,3,2,7,True,0.0561,1,1,500,6379.80,0.00,0.0000
pop500_gen1000_mut0.03_elite2_tour2,500,1000,0.0300,2,2,3,2,8,True,0.0517,1,1,500,6375.20,0.00,0.0000
pop500_gen1000_mut0.03_elite2_tour2,500,1000,0.0300,2,2,3,2,9,True,0.0531,1,1,500,6379.80,0.00,0.0000
pop500_gen1000_mut0.03_elite2_tour2,500,1000,0.0300,2,2,3,2,10,True,0.0522,1,1,500,6375.20,0.00,0.0000
pop500_gen1000_mut0.03_elite2_tour3,500,1000,0.0300,2,3,3,2,1,True,0.1064,2,2,1000,6380.20,4683.40,-0.0120
pop500_gen1000_mut0.03_elite2_tour3,500,1000,0.0300,2,3,3,2,2,True,0.1086,2,2,1000,6380.20,4683.40,-0.0080
pop500_gen1000_mut0.03_elite2_tour3,500,1000,0.0300,2,3,3,2,3,True,0.0529,1,1,500,6375.20,0.00,0.0000
pop500_gen1000_mut0.03_elite2_tour3,500,1000,0.0300,2,3,3,2,4,True,0.1051,2,2,1000,6380.20,4683.40,-0.0090
pop500_gen1000_mut0.03_elite2_tour3,500,1000,0.0300,2,3,3,2,5,True,0.1061,2,2,1000,6384.80,4688.00,-0.0110
pop500_gen1000_mut0.03_elite2_tour3,500,1000,0.0300,2,3,3,2,6,True,0.0545,1,1,500,6375.20,0.00,0.0000
pop500_gen1000_mut0.03_elite2_tour3,500,1000,0.0300,2,3,3,2,7,True,0.0523,1,1,500,6375.20,0.00,0.0000
pop500_gen1000_mut0.03_elite2_tour3,500,1000,0.0300,2,3,3,2,8,True,0.0524,1,1,500,6375.20,0.00,0.0000
pop500_gen1000_mut0.03_elite2_tour3,500,1000,0.0300,2,3,3,2,9,True,0.0516,1,1,500,6375.20,0.00,0.0000
pop500_gen1000_mut0.03_elite2_tour3,500,1000,0.0300,2,3,3,2,10,True,0.1120,2,2,1000,6380.20,4683.40,-0.0070
pop500_gen1000_mut0.03_elite2_tour5,500,1000,0.0300,2,5,3,2,1,True,0.0569,1,1,500,6375.20,0.00,0.0000
pop500_gen1000_mut0.03_elite2_tour5,500,1000,0.0300,2,5,3,2,2,True,0.0524,1,1,500,6375.20,0.00,0.0000
pop500_gen1000_mut0.03_elite2_tour5,500,1000,0.0300,2,5,3,2,3,True,0.0548,1,1,500,6379.80,0.00,0.0000
pop500_gen1000_mut0.03_elite2_tour5,500,1000,0.0300,2,5,3,2,4,True,0.0514,1,1,500,6375.20,0.00,0.0000
pop500_gen1000_mut0.03_elite2_tour5,500,1000,0.0300,2,5,3,2,5,True,0.0510,1,1,500,6375.20,0.00,0.0000
pop500_gen1000_mut0.03_elite2_tour5,500,1000,0.0300,2,5,3,2,6,True,0.0509,1,1,500,6375.20,0.00,0.0000
pop500_gen1000_mut0.03_elite2_tour5,500,1000,0.0300,2,5,3,2,7,True,0.0514,1,1,500,6375.20,0.00,0.0000
pop500_gen1000_mut0.03_elite2_tour5,500,1000,0.0300,2,5,3,2,8,True,0.1058,2,2,1000,6380.20,4683.40,-0.0100
pop500_gen1000_mut0.03_elite2_tour5,500,1000,0.0300,2,5,3,2,9,True,0.0515,1,1,500,6375.20,0.00,0.0000
pop500_gen1000_mut0.03_elite2_tour5,500,1000,0.0300,2,5,3,2,10,True,0.0520,1,1,500,6375.20,0.00,0.0000
pop100_gen1000_mut0.05_elite2_tour1,100,1000,0.0500,2,1,3,2,1,True,0.0034,1,1,100,6379.80,0.00,0.0000
pop100_gen1000_mut0.05_elite2_tour1,100,1000,0.0500,2,1,3,2,2,True,0.0073,2,2,200,6380.20,4683.40,-0.0170
pop100_gen1000_mut0.05_elite2_tour1,100,1000,0.0500,2,1,3,2,3,True,0.0034,1,1,100,6375.20,0.00,0.0000
pop100_gen1000_mut0.05_elite2_tour1,100,1000,0.0500,2,1,3,2,4,True,0.0032,1,1,100,6375.20,0.00,0.0000
pop100_gen1000_mut0.05_elite2_tour1,100,1000,0.0500,2,1,3,2,5,True,0.0067,2,2,200,6380.20,4683.40,-0.0150
pop100_gen1000_mut0.05_elite2_tour1,100,1000,0.0500,2,1,3,2,6,True,0.0032,1,1,100,6375.20,0.00,0.0000
pop100_gen1000_mut0.05_elite2_tour1,100,1000,0.0500,2,1,3,2,7,True,0.0032,1,1,100,6375.20,0.00,0.0000
pop100_gen1000_mut0.05_elite2_tour1,100,1000,0.0500,2,1,3,2,8,True,0.0033,1,1,100,6375.20,0.00,0.0000
pop100_gen1000_mut0.05_elite2_tour1,100,1000,0.0500,2,1,3,2,9,True,0.0044,1,1,100,6375.20,0.00,0.0000
pop100_gen1000_mut0.05_elite2_tour1,100,1000,0.0500,2,1,3,2,10,True,0.0067,2,2,200,6380.20,4683.40,-0.0070
pop100_gen1000_mut0.05_elite2_tour2,100,1000,0.0500,2,2,3,2,1,True,0.0073,2,2,200,6380.20,4683.40,-0.0200
pop100_gen1000_mut0.05_elite2_tour2,100,1000,0.0500,2,2,3,2,2,True,0.0034,1,1,100,6379.80,0.00,0.0000
pop100_gen1000_mut0.05_elite2_tour2,100,1000,0.0500,2,2,3,2,3,True,0.0034,1,1,100,6379.80,0.00,0.0000
pop100_gen1000_mut0.05_elite2_tour2,100,1000,0.0500,2,2,3,2,4,True,0.0034,1,1,100,6379.80,0.00,0.0000
pop100_gen1000_mut0.05_elite2_tour2,100,1000,0.0500,2,2,3,2,5,True,0.0076,2,2,200,6380.20,4683.40,-0.0130
pop100_gen1000_mut0.05_elite2_tour2,100,1000,0.0500,2,2,3,2,6,True,0.0033,1,1,100,6375.20,0.00,0.0000
pop100_gen1000_mut0.05_elite2_tour2,100,1000,0.0500,2,2,3,2,7,True,0.0032,1,1,100,6375.20,0.00,0.0000
pop100_gen1000_mut0.05_elite2_tour2,100,1000,0.0500,2,2,3,2,8,True,0.0037,1,1,100,6375.20,0.00,0.0000
pop100_gen1000_mut0.05_elite2_tour2,100,1000,0.0500,2,2,3,2,9,True,0.0038,1,1,100,6375.20,0.00,0.0000
pop100_gen1000_mut0.05_elite2_tour2,100,1000,0.0500,2,2,3,2,10,True,0.0033,1,1,100,6375.20,0.00,0.0000
pop100_gen1000_mut0.05_elite2_tour3,100,1000,0.0500,2,3,3,2,1,True,0.0034,1,1,100,6379.80,0.00,0.0000
pop100_gen1000_mut0.05_elite2_tour3,100,1000,0.0500,2,3,3,2,2,True,0.0042,1,1,100,6375.20,0.00,0.0000
pop100_gen1000_mut0.05_elite2_tour3,100,1000,0.0500,2,3,3,2,3,True,0.0032,1,1,100,6375.20,0.00,0.0000
pop100_gen1000_mut0.05_elite2_tour3,100,1000,0.0500,2,3,3,2,4,True,0.0033,1,1,100,6375.20,0.00,0.0000
pop100_gen1000_mut0.05_elite2_tour3,100,1000,0.0500,2,3,3,2,5,True,0.0090,2,2,200,6384.80,4688.00,-0.0200
pop100_gen1000_mut0.05_elite2_tour3,100,1000,0.0500,2,3,3,2,6,True,0.0037,1,1,100,6379.80,0.00,0.0000
pop100_gen1000_mut0.05_elite2_tour3,100,1000,0.0500,2,3,3,2,7,True,0.0033,1,1,100,6375.20,0.00,0.0000
pop100_gen1000_mut0.05_elite2_tour3,100,1000,0.0500,2,3,3,2,8,True,0.0035,1,1,100,6375.20,0.00,0.0000
pop100_gen1000_mut0.05_elite2_tour3,100,1000,0.0500,2,3,3,2,9,True,0.0033,1,1,100,6375.20,0.00,0.0000
pop100_gen1000_mut0.05_elite2_tour3,100,1000,0.0500,2,3,3,2,10,True,0.0069,2,2,200,6380.20,4683.40,-0.0110
pop100_gen1000_mut0.05_elite2_tour5,100,1000,0.0500,2,5,3,2,1,True,0.0068,2,2,200,6380.20,4683.40,-0.0130
pop100_gen1000_mut0.05_elite2_tour5,100,1000,0.0500,2,5,3,2,2,True,0.0046,1,1,100,6375.20,0.00,0.0000
pop100_gen1000_mut0.05_elite2_tour5,100,1000,0.0500,2,5,3,2,3,True,0.0033,1,1,100,6375.20,0.00,0.0000
pop100_gen1000_mut0.05_elite2_tour5,100,1000,0.0500,2,5,3,2,4,True,0.0033,1,1,100,6375.20,0.00,0.0000
pop100_gen1000_mut0.05_elite2_tour5,100,1000,0.0500,2,5,3,2,5,True,0.0069,2,2,200,6380.20,4683.40,-0.0170
pop100_gen1000_mut0.05_elite2_tour5,100,1000,0.0500,2,5,3,2,6,True,0.0032,1,1,100,6375.20,0.00,0.0000
pop100_gen1000_mut0.05_elite2_tour5,100,1000,0.0500,2,5,3,2,7,True,0.0034,1,1,100,6379.80,0.00,0.0000
pop100_gen1000_mut0.05_elite2_tour5,100,1000,0.0500,2,5,3,2,8,True,0.0073,2,2,200,6380.20,4683.40,-0.0150
pop100_gen1000_mut0.05_elite2_tour5,100,1000,0.0500,2,5,3,2,9,True,0.0033,1,1,100,6375.20,0.00,0.0000
pop100_gen1000_mut0.05_elite2_tour5,100,1000,0.0500,2,5,3,2,10,True,0.0032,1,1,100,6375.20,0.00,0.0000
pop200_gen1000_mut0.05_elite2_tour1,200,1000,0.0500,2,1,3,2,1,True,0.0100,1,1,200,6375.20,0.00,0.0000
pop200_gen1000_mut0.05_elite2_tour1,200,1000,0.0500,2,1,3,2,2,True,0.0101,1,1,200,6375.20,0.00,0.0000
pop200_gen1000_mut0.05_elite2_tour1,200,1000,0.0500,2,1,3,2,3,True,0.0103,1,1,200,6375.20,0.00,0.0000
pop200_gen1000_mut0.05_elite2_tour1,200,1000,0.0500,2,1,3,2,4,True,0.0098,1,1,200,6375.20,0.00,0.0000
pop200_gen1000_mut0.05_elite2_tour1,200,1000,0.0500,2,1,3,2,5,True,0.0100,1,1,200,6379.80,0.00,0.0000
pop200_gen1000_mut0.05_elite2_tour1,200,1000,0.0500,2,1,3,2,6,True,0.0102,1,1,200,6379.80,0.00,0.0000
pop200_gen1000_mut0.05_elite2_tour1,200,1000,0.0500,2,1,3,2,7,True,0.0110,1,1,200,6379.80,0.00,0.0000
pop200_gen1000_mut0.05_elite2_tour1,200,1000,0.0500,2,1,3,2,8,True,0.0104,1,1,200,6379.80,0.00,0.0000
pop200_gen1000_mut0.05_elite2_tour1,200,1000,0.0500,2,1,3,2,9,True,0.0100,1,1,200,6375.20,0.00,0.0000
pop200_gen1000_mut0.05_elite2_tour1,200,1000,0.0500,2,1,3,2,10,True,0.0102,1,1,200,6375.20,0.00,0.0000
pop200_gen1000_mut0.05_elite2_tour2,200,1000,0.0500,2,2,3,2,1,True,0.0102,1,1,200,6375.20,0.00,0.0000
pop200_gen1000_mut0.05_elite2_tour2,200,1000,0.0500,2,2,3,2,2,True,0.0101,1,1,200,6375.20,0.00,0.0000
pop200_gen1000_mut0.05_elite2_tour2,200,1000,0.0500,2,2,3,2,3,True,0.0207,2,2,400,6380.20,4683.40,-0.0130
pop200_gen1000_mut0.05_elite2_tour2,200,1000,0.0500,2,2,3,2,4,True,0.0105,1,1,200,6375.20,0.00,0.0000
pop200_gen1000_mut0.05_elite2_tour2,200,1000,0.0500,2,2,3,2,5,True,0.0097,1,1,200,6375.20,0.00,0.0000
pop200_gen1000_mut0.05_elite2_tour2,200,1000,0.0500,2,2,3,2,6,True,0.0100,1,1,200,6375.20,0.00,0.0000
pop200_gen1000_mut0.05_elite2_tour2,200,1000,0.0500,2,2,3,2,7,True,0.0098,1,1,200,6375.20,0.00,0.0000
pop200_gen1000_mut0.05_elite2_tour2,200,1000,0.0500,2,2,3,2,8,True,0.0099,1,1,200,6375.20,0.00,0.0000
pop200_gen1000_mut0.05_elite2_tour2,200,1000,0.0500,2,2,3,2,9,True,0.0098,1,1,200,6375.20,0.00,0.0000
pop200_gen1000_mut0.05_elite2_tour2,200,1000,0.0500,2,2,3,2,10,True,0.0103,1,1,200,6375.20,0.00,0.0000
pop200_gen1000_mut0.05_elite2_tour3,200,1000,0.0500,2,3,3,2,1,True,0.0182,1,1,200,6379.80,0.00,0.0000
pop200_gen1000_mut0.05_elite2_tour3,200,1000,0.0500,2,3,3,2,2,True,0.0101,1,1,200,6375.20,0.00,0.0000
pop200_gen1000_mut0.05_elite2_tour3,200,1000,0.0500,2,3,3,2,3,True,0.0205,2,2,400,6380.20,4683.40,-0.0170
pop200_gen1000_mut0.05_elite2_tour3,200,1000,0.0500,2,3,3,2,4,True,0.0120,1,1,200,6375.20,0.00,0.0000
pop200_gen1000_mut0.05_elite2_tour3,200,1000,0.0500,2,3,3,2,5,True,0.0101,1,1,200,6375.20,0.00,0.0000
pop200_gen1000_mut0.05_elite2_tour3,200,1000,0.0500,2,3,3,2,6,True,0.0097,1,1,200,6375.20,0.00,0.0000
pop200_gen1000_mut0.05_elite2_tour3,200,1000,0.0500,2,3,3,2,7,True,0.0103,1,1,200,6375.20,0.00,0.0000
pop200_gen1000_mut0.05_elite2_tour3,200,1000,0.0500,2,3,3,2,8,True,0.0102,1,1,200,6379.80,0.00,0.0000
pop200_gen1000_mut0.05_elite2_tour3,200,1000,0.0500,2,3,3,2,9,True,0.0205,2,2,400,6384.80,4688.00,-0.0190
pop200_gen1000_mut0.05_elite2_tour3,200,1000,0.0500,2,3,3,2,10,True,0.0100,1,1,200,6375.20,0.00,0.0000
pop200_gen1000_mut0.05_elite2_tour5,200,1000,0.0500,2,5,3,2,1,True,0.0164,1,1,200,6379.80,0.00,0.0000
pop200_gen1000_mut0.05_elite2_tour5,200,1000,0.0500,2,5,3,2,2,True,0.0098,1,1,200,6375.20,0.00,0.0000
pop200_gen1000_mut0.05_elite2_tour5,200,1000,0.0500,2,5,3,2,3,True,0.0105,1,1,200,6375.20,0.00,0.0000
pop200_gen1000_mut0.05_elite2_tour5,200,1000,0.0500,2,5,3,2,4,True,0.0204,2,2,400,6384.80,4688.00,-0.0160
pop200_gen1000_mut0.05_elite2_tour5,200,1000,0.0500,2,5,3,2,5,True,0.0099,1,1,200,6375.20,0.00,0.0000
pop200_gen1000_mut0.05_elite2_tour5,200,1000,0.0500,2,5,3,2,6,True,0.0242,2,2,400,6380.20,4683.40,-0.0140
pop200_gen1000_mut0.05_elite2_tour5,200,1000,0.0500,2,5,3,2,7,True,0.0099,1,1,200,6375.20,0.00,0.0000
pop200_gen1000_mut0.05_elite2_tour5,200,1000,0.0500,2,5,3,2,8,True,0.0103,1,1,200,6375.20,0.00,0.0000
pop200_gen1000_mut0.05_elite2_tour5,200,1000,0.0500,2,5,3,2,9,True,0.0099,1,1,200,6375.20,0.00,0.0000
pop200_gen1000_mut0.05_elite2_tour5,200,1000,0.0500,2,5,3,2,10,True,0.0204,2,2,400,6380.20,4683.40,-0.0140
pop300_gen1000_mut0.05_elite2_tour1,300,1000,0.0500,2,1,3,2,1,True,0.0210,1,1,300,6379.80,0.00,0.0000
pop300_gen1000_mut0.05_elite2_tour1,300,1000,0.0500,2,1,3,2,2,True,0.0210,1,1,300,6375.20,0.00,0.0000
pop300_gen1000_mut0.05_elite2_tour1,300,1000,0.0500,2,1,3,2,3,True,0.0222,1,1,300,6375.20,0.00,0.0000
pop300_gen1000_mut0.05_elite2_tour1,300,1000,0.0500,2,1,3,2,4,True,0.0487,2,2,600,6380.20,4683.40,-0.0140
pop300_gen1000_mut0.05_elite2_tour1,300,1000,0.0500,2,1,3,2,5,True,0.0205,1,1,300,6375.20,0.00,0.0000
pop300_gen1000_mut0.05_elite2_tour1,300,1000,0.0500,2,1,3,2,6,True,0.0202,1,1,300,6379.80,0.00,0.0000
pop300_gen1000_mut0.05_elite2_tour1,300,1000,0.0500,2,1,3,2,7,True,0.0207,1,1,300,6375.20,0.00,0.0000
pop300_gen1000_mut0.05_elite2_tour1,300,1000,0.0500,2,1,3,2,8,True,0.0204,1,1,300,6379.80,0.00,0.0000
pop300_gen1000_mut0.05_elite2_tour1,300,1000,0.0500,2,1,3,2,9,True,0.0440,2,2,600,6380.20,4683.40,-0.0150
pop300_gen1000_mut0.05_elite2_tour1,300,1000,0.0500,2,1,3,2,10,True,0.0199,1,1,300,6375.20,0.00,0.0000
pop300_gen1000_mut0.05_elite2_tour2,300,1000,0.0500,2,2,3,2,1,True,0.0206,1,1,300,6379.80,0.00,0.0000
pop300_gen1000_mut0.05_elite2_tour2,300,1000,0.0500,2,2,3,2,2,True,0.0413,2,2,600,6380.20,4683.40,-0.0130
pop300_gen1000_mut0.05_elite2_tour2,300,1000,0.0500,2,2,3,2,3,True,0.0419,2,2,600,6380.20,4683.40,-0.0170
pop300_gen1000_mut0.05_elite2_tour2,300,1000,0.0500,2,2,3,2,4,True,0.0250,1,1,300,6375.20,0.00,0.0000
pop300_gen1000_mut0.05_elite2_tour2,300,1000,0.0500,2,2,3,2,5,True,0.0290,1,1,300,6375.20,0.00,0.0000
pop300_gen1000_mut0.05_elite2_tour2,300,1000,0.0500,2,2,3,2,6,True,0.0256,1,1,300,6375.20,0.00,0.0000
pop300_gen1000_mut0.05_elite2_tour2,300,1000,0.0500,2,2,3,2,7,True,0.0241,1,1,300,6375.20,0.00,0.0000
pop300_gen1000_mut0.05_elite2_tour2,300,1000,0.0500,2,2,3,2,8,True,0.0220,1,1,300,6375.20,0.00,0.0000
pop300_gen1000_mut0.05_elite2_tour2,300,1000,0.0500,2,2,3,2,9,True,0.0199,1,1,300,6375.20,0.00,0.0000
pop300_gen1000_mut0.05_elite2_tour2,300,1000,0.0500,2,2,3,2,10,True,0.0230,1,1,300,6375.20,0.00,0.0000
pop300_gen1000_mut0.05_elite2_tour3,300,1000,0.0500,2,3,3,2,1,True,0.0260,1,1,300,6379.80,0.00,0.0000
pop300_gen1000_mut0.05_elite2_tour3,300,1000,0.0500,2,3,3,2,2,True,0.0200,1,1,300,6375.20,0.00,0.0000
pop300_gen1000_mut0.05_elite2_tour3,300,1000,0.0500,2,3,3,2,3,True,0.0206,1,1,300,6379.80,0.00,0.0000
pop300_gen1000_mut0.05_elite2_tour3,300,1000,0.0500,2,3,3,2,4,True,0.0204,1,1,300,6375.20,0.00,0.0000
pop300_gen1000_mut0.05_elite2_tour3,300,1000,0.0500,2,3,3,2,5,True,0.0211,1,1,300,6375.20,0.00,0.0000
pop300_gen1000_mut0.05_elite2_tour3,300,1000,0.0500,2,3,3,2,6,True,0.0204,1,1,300,6375.20,0.00,0.0000
pop300_gen1000_mut0.05_elite2_tour3,300,1000,0.0500,2,3,3,2,7,True,0.0446,2,2,600,6380.20,4683.40,-0.0110
pop300_gen1000_mut0.05_elite2_tour3,300,1000,0.0500,2,3,3,2,8,True,0.0441,2,2,600,6380.20,4683.40,-0.0120
pop300_gen1000_mut0.05_elite2_tour3,300,1000,0.0500,2,3,3,2,9,True,0.0210,1,1,300,6375.20,0.00,0.0000
pop300_gen1000_mut0.05_elite2_tour3,300,1000,0.0500,2,3,3,2,10,True,0.0202,1,1,300,6379.80,0.00,0.0000
pop300_gen1000_mut0.05_elite2_tour5,300,1000,0.0500,2,5,3,2,1,True,0.0229,1,1,300,6375.20,0.00,0.0000
pop300_gen1000_mut0.05_elite2_tour5,300,1000,0.0500,2,5,3,2,2,True,0.0200,1,1,300,6375.20,0.00,0.0000
pop300_gen1000_mut0.05_elite2_tour5,300,1000,0.0500,2,5,3,2,3,True,0.0216,1,1,300,6379.80,0.00,0.0000
pop300_gen1000_mut0.05_elite2_tour5,300,1000,0.0500,2,5,3,2,4,True,0.0202,1,1,300,6375.20,0.00,0.0000
pop300_gen1000_mut0.05_elite2_tour5,300,1000,0.0500,2,5,3,2,5,True,0.0203,1,1,300,6379.80,0.00,0.0000
pop300_gen1000_mut0.05_elite2_tour5,300,1000,0.0500,2,5,3,2,6,True,0.0412,2,2,600,6380.20,4683.40,-0.0190
pop300_gen1000_mut0.05_elite2_tour5,300,1000,0.0500,2,5,3,2,7,True,0.0202,1,1,300,6375.20,0.00,0.0000
pop300_gen1000_mut0.05_elite2_tour5,300,1000,0.0500,2,5,3,2,8,True,0.0211,1,1,300,6379.80,0.00,0.0000
pop300_gen1000_mut0.05_elite2_tour5,300,1000,0.0500,2,5,3,2,9,True,0.0203,1,1,300,6375.20,0.00,0.0000
pop300_gen1000_mut0.05_elite2_tour5,300,1000,0.0500,2,5,3,2,10,True,0.0199,1,1,300,6375.20,0.00,0.0000
pop500_gen1000_mut0.05_elite2_tour1,500,1000,0.0500,2,1,3,2,1,True,0.0539,1,1,500,6375.20,0.00,0.0000
pop500_gen1000_mut0.05_elite2_tour1,500,1000,0.0500,2,1,3,2,2,True,0.0537,1,1,500,6375.20,0.00,0.0000
pop500_gen1000_mut0.05_elite2_tour1,500,1000,0.0500,2,1,3,2,3,True,0.0511,1,1,500,6375.20,0.00,0.0000
pop500_gen1000_mut0.05_elite2_tour1,500,1000,0.0500,2,1,3,2,4,True,0.0507,1,1,500,6375.20,0.00,0.0000
pop500_gen1000_mut0.05_elite2_tour1,500,1000,0.0500,2,1,3,2,5,True,0.0521,1,1,500,6375.20,0.00,0.0000
pop500_gen1000_mut0.05_elite2_tour1,500,1000,0.0500,2,1,3,2,6,True,0.0517,1,1,500,6375.20,0.00,0.0000
pop500_gen1000_mut0.05_elite2_tour1,500,1000,0.0500,2,1,3,2,7,True,0.1063,2,2,1000,6380.20,4683.40,-0.0180
pop500_gen1000_mut0.05_elite2_tour1,500,1000,0.0500,2,1,3,2,8,True,0.0545,1,1,500,6375.20,0.00,0.0000
pop500_gen1000_mut0.05_elite2_tour1,500,1000,0.0500,2,1,3,2,9,True,0.0538,1,1,500,6379.80,0.00,0.0000
pop500_gen1000_mut0.05_elite2_tour1,500,1000,0.0500,2,1,3,2,10,True,0.0536,1,1,500,6375.20,0.00,0.0000
pop500_gen1000_mut0.05_elite2_tour2,500,1000,0.0500,2,2,3,2,1,True,0.0529,1,1,500,6379.80,0.00,0.0000
pop500_gen1000_mut0.05_elite2_tour2,500,1000,0.0500,2,2,3,2,2,True,0.0504,1,1,500,6375.20,0.00,0.0000
pop500_gen1000_mut0.05_elite2_tour2,500,1000,0.0500,2,2,3,2,3,True,0.0533,1,1,500,6379.80,0.00,0.0000
pop500_gen1000_mut0.05_elite2_tour2,500,1000,0.0500,2,2,3,2,4,True,0.0552,1,1,500,6379.80,0.00,0.0000
pop500_gen1000_mut0.05_elite2_tour2,500,1000,0.0500,2,2,3,2,5,True,0.0570,1,1,500,6375.20,0.00,0.0000
pop500_gen1000_mut0.05_elite2_tour2,500,1000,0.0500,2,2,3,2,6,True,0.0506,1,1,500,6375.20,0.00,0.0000
pop500_gen1000_mut0.05_elite2_tour2,500,1000,0.0500,2,2,3,2,7,True,0.0521,1,1,500,6375.20,0.00,0.0000
pop500_gen1000_mut0.05_elite2_tour2,500,1000,0.0500,2,2,3,2,8,True,0.0574,1,1,500,6379.80,0.00,0.0000
pop500_gen1000_mut0.05_elite2_tour2,500,1000,0.0500,2,2,3,2,9,True,0.0575,1,1,500,6379.80,0.00,0.0000
pop500_gen1000_mut0.05_elite2_tour2,500,1000,0.0500,2,2,3,2,10,True,0.0518,1,1,500,6375.20,0.00,0.0000
pop500_gen1000_mut0.05_elite2_tour3,500,1000,0.0500,2,3,3,2,1,True,0.0510,1,1,500,6375.20,0.00,0.0000
pop500_gen1000_mut0.05_elite2_tour3,500,1000,0.0500,2,3,3,2,2,True,0.0533,1,1,500,6379.80,0.00,0.0000
pop500_gen1000_mut0.05_elite2_tour3,500,1000,0.0500,2,3,3,2,3,True,0.1062,2,2,1000,6380.20,4683.40,-0.0150
pop500_gen1000_mut0.05_elite2_tour3,500,1000,0.0500,2,3,3,2,4,True,0.0512,1,1,500,6375.20,0.00,0.0000
pop500_gen1000_mut0.05_elite2_tour3,500,1000,0.0500,2,3,3,2,5,True,0.0574,1,1,500,6375.20,0.00,0.0000
pop500_gen1000_mut0.05_elite2_tour3,500,1000,0.0500,2,3,3,2,6,True,0.0532,1,1,500,6375.20,0.00,0.0000
pop500_gen1000_mut0.05_elite2_tour3,500,1000,0.0500,2,3,3,2,7,True,0.0513,1,1,500,6375.20,0.00,0.0000
pop500_gen1000_mut0.05_elite2_tour3,500,1000,0.0500,2,3,3,2,8,True,0.1053,2,2,1000,6380.20,4683.40,-0.0160
pop500_gen1000_mut0.05_elite2_tour3,500,1000,0.0500,2,3,3,2,9,True,0.0586,1,1,500,6375.20,0.00,0.0000
pop500_gen1000_mut0.05_elite2_tour3,500,1000,0.0500,2,3,3,2,10,True,0.0519,1,1,500,6379.80,0.00,0.0000
pop500_gen1000_mut0.05_elite2_tour5,500,1000,0.0500,2,5,3,2,1,True,0.0507,1,1,500,6375.20,0.00,0.0000
pop500_gen1000_mut0.05_elite2_tour5,500,1000,0.0500,2,5,3,2,2,True,0.0554,1,1,500,6379.80,0.00,0.0000
pop500_gen1000_mut0.05_elite2_tour5,500,1000,0.0500,2,5,3,2,3,True,0.0516,1,1,500,6379.80,0.00,0.0000
pop500_gen1000_mut0.05_elite2_tour5,500,1000,0.0500,2,5,3,2,4,True,0.1044,2,2,1000,6380.20,4683.40,-0.0160
pop500_gen1000_mut0.05_elite2_tour5,500,1000,0.0500,2,5,3,2,5,True,0.0582,1,1,500,6375.20,0.00,0.0000
pop500_gen1000_mut0.05_elite2_tour5,500,1000,0.0500,2,5,3,2,6,True,0.0510,1,1,500,6375.20,0.00,0.0000
pop500_gen1000_mut0.05_elite2_tour5,500,1000,0.0500,2,5,3,2,7,True,0.0511,1,1,500,6375.20,0.00,0.0000
pop500_gen1000_mut0.05_elite2_tour5,500,1000,0.0500,2,5,3,2,8,True,0.0584,1,1,500,6375.20,0.00,0.0000
pop500_gen1000_mut0.05_elite2_tour5,500,1000,0.0500,2,5,3,2,9,True,0.0526,1,1,500,6379.80,0.00,0.0000
pop500_gen1000_mut0.05_elite2_tour5,500,1000,0.0500,2,5,3,2,10,True,0.0508,1,1,500,6375.20,0.00,0.0000
pop100_gen1000_mut0.1_elite2_tour1,100,1000,0.1000,2,1,3,2,1,True,0.0067,2,2,200,6380.20,4683.40,-0.0260
pop100_gen1000_mut0.1_elite2_tour1,100,1000,0.1000,2,1,3,2,2,True,0.0067,2,2,200,6380.20,4683.40,-0.0450
pop100_gen1000_mut0.1_elite2_tour1,100,1000,0.1000,2,1,3,2,3,True,0.0033,1,1,100,6375.20,0.00,0.0000
pop100_gen1000_mut0.1_elite2_tour1,100,1000,0.1000,2,1,3,2,4,True,0.0035,1,1,100,6375.20,0.00,0.0000
pop100_gen1000_mut0.1_elite2_tour1,100,1000,0.1000,2,1,3,2,5,True,0.0032,1,1,100,6375.20,0.00,0.0000
pop100_gen1000_mut0.1_elite2_tour1,100,1000,0.1000,2,1,3,2,6,True,0.0068,2,2,200,6380.20,4683.40,-0.0240
pop100_gen1000_mut0.1_elite2_tour1,100,1000,0.1000,2,1,3,2,7,True,0.0032,1,1,100,6375.20,0.00,0.0000
pop100_gen1000_mut0.1_elite2_tour1,100,1000,0.1000,2,1,3,2,8,True,0.0041,1,1,100,6379.80,0.00,0.0000
pop100_gen1000_mut0.1_elite2_tour1,100,1000,0.1000,2,1,3,2,9,True,0.0034,1,1,100,6379.80,0.00,0.0000
pop100_gen1000_mut0.1_elite2_tour1,100,1000,0.1000,2,1,3,2,10,True,0.0068,2,2,200,6380.20,4683.40,-0.0380
pop100_gen1000_mut0.1_elite2_tour2,100,1000,0.1000,2,2,3,2,1,True,0.0068,2,2,200,6380.20,4683.40,-0.0310
pop100_gen1000_mut0.1_elite2_tour2,100,1000,0.1000,2,2,3,2,2,True,0.0079,2,2,200,6384.80,4688.00,-0.0440
pop100_gen1000_mut0.1_elite2_tour2,100,1000,0.1000,2,2,3,2,3,True,0.0032,1,1,100,6375.20,0.00,0.0000
pop100_gen1000_mut0.1_elite2_tour2,100,1000,0.1000,2,2,3,2,4,True,0.0035,1,1,100,6375.20,0.00,0.0000
pop100_gen1000_mut0.1_elite2_tour2,100,1000,0.1000,2,2,3,2,5,True,0.0033,1,1,100,6375.20,0.00,0.0000
pop100_gen1000_mut0.1_elite2_tour2,100,1000,0.1000,2,2,3,2,6,True,0.0042,1,1,100,6375.20,0.00,0.0000
pop100_gen1000_mut0.1_elite2_tour2,100,1000,0.1000,2,2,3,2,7,True,0.0070,2,2,200,6380.20,4683.40,-0.0220
pop100_gen1000_mut0.1_elite2_tour2,100,1000,0.1000,2,2,3,2,8,True,0.0078,2,2,200,6380.20,4683.40,-0.0320
pop100_gen1000_mut0.1_elite2_tour2,100,1000,0.1000,2,2,3,2,9,True,0.0038,1,1,100,6375.20,0.00,0.0000
pop100_gen1000_mut0.1_elite2_tour2,100,1000,0.1000,2,2,3,2,10,True,0.0043,1,1,100,6375.20,0.00,0.0000
pop100_gen1000_mut0.1_elite2_tour3,100,1000,0.1000,2,3,3,2,1,True,0.0034,1,1,100,6379.80,0.00,0.0000
pop100_gen1000_mut0.1_elite2_tour3,100,1000,0.1000,2,3,3,2,2,True,0.0032,1,1,100,6375.20,0.00,0.0000
pop100_gen1000_mut0.1_elite2_tour3,100,1000,0.1000,2,3,3,2,3,True,0.0073,2,2,200,6380.20,4683.40,-0.0330
pop100_gen1000_mut0.1_elite2_tour3,100,1000,0.1000,2,3,3,2,4,True,0.0072,2,2,200,6380.20,4683.40,-0.0220
pop100_gen1000_mut0.1_elite2_tour3,100,1000,0.1000,2,3,3,2,5,True,0.0037,1,1,100,6375.20,0.00,0.0000
pop100_gen1000_mut0.1_elite2_tour3,100,1000,0.1000,2,3,3,2,6,True,0.0033,1,1,100,6375.20,0.00,0.0000
pop100_gen1000_mut0.1_elite2_tour3,100,1000,0.1000,2,3,3,2,7,True,0.0038,1,1,100,6375.20,0.00,0.0000
pop100_gen1000_mut0.1_elite2_tour3,100,1000,0.1000,2,3,3,2,8,True,0.0068,2,2,200,6380.20,4683.40,-0.0240
pop100_gen1000_mut0.1_elite2_tour3,100,1000,0.1000,2,3,3,2,9,True,0.0034,1,1,100,6379.80,0.00,0.0000
pop100_gen1000_mut0.1_elite2_tour3,100,1000,0.1000,2,3,3,2,10,True,0.0032,1,1,100,6375.20,0.00,0.0000
pop100_gen1000_mut0.1_elite2_tour5,100,1000,0.1000,2,5,3,2,1,True,0.0034,1,1,100,6375.20,0.00,0.0000
pop100_gen1000_mut0.1_elite2_tour5,100,1000,0.1000,2,5,3,2,2,True,0.0032,1,1,100,6375.20,0.00,0.0000
pop100_gen1000_mut0.1_elite2_tour5,100,1000,0.1000,2,5,3,2,3,True,0.0033,1,1,100,6375.20,0.00,0.0000
pop100_gen1000_mut0.1_elite2_tour5,100,1000,0.1000,2,5,3,2,4,True,0.0042,1,1,100,6375.20,0.00,0.0000
pop100_gen1000_mut0.1_elite2_tour5,100,1000,0.1000,2,5,3,2,5,True,0.0039,1,1,100,6375.20,0.00,0.0000
pop100_gen1000_mut0.1_elite2_tour5,100,1000,0.1000,2,5,3,2,6,True,0.0034,1,1,100,6375.20,0.00,0.0000
pop100_gen1000_mut0.1_elite2_tour5,100,1000,0.1000,2,5,3,2,7,True,0.0033,1,1,100,6375.20,0.00,0.0000
pop100_gen1000_mut0.1_elite2_tour5,100,1000,0.1000,2,5,3,2,8,True,0.0069,2,2,200,6380.20,4683.40,-0.0300
pop100_gen1000_mut0.1_elite2_tour5,100,1000,0.1000,2,5,3,2,9,True,0.0082,2,2,200,6380.20,4683.40,-0.0150
pop100_gen1000_mut0.1_elite2_tour5,100,1000,0.1000,2,5,3,2,10,True,0.0037,1,1,100,6379.80,0.00,0.0000
pop200_gen1000_mut0.1_elite2_tour1,200,1000,0.1000,2,1,3,2,1,True,0.0102,1,1,200,6375.20,0.00,0.0000
pop200_gen1000_mut0.1_elite2_tour1,200,1000,0.1000,2,1,3,2,2,True,0.0101,1,1,200,6375.20,0.00,0.0000
pop200_gen1000_mut0.1_elite2_tour1,200,1000,0.1000,2,1,3,2,3,True,0.0117,1,1,200,6375.20,0.00,0.0000
pop200_gen1000_mut0.1_elite2_tour1,200,1000,0.1000,2,1,3,2,4,True,0.0101,1,1,200,6375.20,0.00,0.0000
pop200_gen1000_mut0.1_elite2_tour1,200,1000,0.1000,2,1,3,2,5,True,0.0105,1,1,200,6375.20,0.00,0.0000
pop200_gen1000_mut0.1_elite2_tour1,200,1000,0.1000,2,1,3,2,6,True,0.0105,1,1,200,6375.20,0.00,0.0000
pop200_gen1000_mut0.1_elite2_tour1,200,1000,0.1000,2,1,3,2,7,True,0.0103,1,1,200,6379.80,0.00,0.0000
pop200_gen1000_mut0.1_elite2_tour1,200,1000,0.1000,2,1,3,2,8,True,0.0102,1,1,200,6379.80,0.00,0.0000
pop200_gen1000_mut0.1_elite2_tour1,200,1000,0.1000,2,1,3,2,9,True,0.0101,1,1,200,6375.20,0.00,0.0000
pop200_gen1000_mut0.1_elite2_tour1,200,1000,0.1000,2,1,3,2,10,True,0.0100,1,1,200,6375.20,0.00,0.0000
pop200_gen1000_mut0.1_elite2_tour2,200,1000,0.1000,2,2,3,2,1,True,0.0172,1,1,200,6375.20,0.00,0.0000
pop200_gen1000_mut0.1_elite2_tour2,200,1000,0.1000,2,2,3,2,2,True,0.0101,1,1,200,6375.20,0.00,0.0000
pop200_gen1000_mut0.1_elite2_tour2,200,1000,0.1000,2,2,3,2,3,True,0.0102,1,1,200,6375.20,0.00,0.0000
pop200_gen1000_mut0.1_elite2_tour2,200,1000,0.1000,2,2,3,2,4,True,0.0274,2,2,400,6380.20,4683.40,-0.0270
pop200_gen1000_mut0.1_elite2_tour2,200,1000,0.1000,2,2,3,2,5,True,0.0117,1,1,200,6375.20,0.00,0.0000
pop200_gen1000_mut0.1_elite2_tour2,200,1000,0.1000,2,2,3,2,6,True,0.0102,1,1,200,6379.80,0.00,0.0000
pop200_gen1000_mut0.1_elite2_tour2,200,1000,0.1000,2,2,3,2,7,True,0.0099,1,1,200,6375.20,0.00,0.0000
pop200_gen1000_mut0.1_elite2_tour2,200,1000,0.1000,2,2,3,2,8,True,0.0105,1,1,200,6379.80,0.00,0.0000
pop200_gen1000_mut0.1_elite2_tour2,200,1000,0.1000,2,2,3,2,9,True,0.0202,2,2,400,6380.20,4683.40,-0.0310
pop200_gen1000_mut0.1_elite2_tour2,200,1000,0.1000,2,2,3,2,10,True,0.0107,1,1,200,6379.80,0.00,0.0000
pop200_gen1000_mut0.1_elite2_tour3,200,1000,0.1000,2,3,3,2,1,True,0.0205,2,2,400,6384.80,4688.00,-0.0370
pop200_gen1000_mut0.1_elite2_tour3,200,1000,0.1000,2,3,3,2,2,True,0.0104,1,1,200,6379.80,0.00,0.0000
pop200_gen1000_mut0.1_elite2_tour3,200,1000,0.1000,2,3,3,2,3,True,0.0101,1,1,200,6379.80,0.00,0.0000
pop200_gen1000_mut0.1_elite2_tour3,200,1000,0.1000,2,3,3,2,4,True,0.0100,1,1,200,6375.20,0.00,0.0000
pop200_gen1000_mut0.1_elite2_tour3,200,1000,0.1000,2,3,3,2,5,True,0.0102,1,1,200,6375.20,0.00,0.0000
pop200_gen1000_mut0.1_elite2_tour3,200,1000,0.1000,2,3,3,2,6,True,0.0098,1,1,200,6375.20,0.00,0.0000
pop200_gen1000_mut0.1_elite2_tour3,200,1000,0.1000,2,3,3,2,7,True,0.0209,2,2,400,6380.20,4683.40,-0.0350
pop200_gen1000_mut0.1_elite2_tour3,200,1000,0.1000,2,3,3,2,8,True,0.0102,1,1,200,6375.20,0.00,0.0000
pop200_gen1000_mut0.1_elite2_tour3,200,1000,0.1000,2,3,3,2,9,True,0.0100,1,1,200,6375.20,0.00,0.0000
pop200_gen1000_mut0.1_elite2_tour3,200,1000,0.1000,2,3,3,2,10,True,0.0102,1,1,200,6375.20,0.00,0.0000
pop200_gen1000_mut0.1_elite2_tour5,200,1000,0.1000,2,5,3,2,1,True,0.0109,1,1,200,6375.20,0.00,0.0000
pop200_gen1000_mut0.1_elite2_tour5,200,1000,0.1000,2,5,3,2,2,True,0.0221,2,2,400,6380.20,4683.40,-0.0310
pop200_gen1000_mut0.1_elite2_tour5,200,1000,0.1000,2,5,3,2,3,True,0.0100,1,1,200,6375.20,0.00,0.0000
pop200_gen1000_mut0.1_elite2_tour5,200,1000,0.1000,2,5,3,2,4,True,0.0102,1,1,200,6379.80,0.00,0.0000
pop200_gen1000_mut0.1_elite2_tour5,200,1000,0.1000,2,5,3,2,5,True,0.0101,1,1,200,6375.20,0.00,0.0000
pop200_gen1000_mut0.1_elite2_tour5,200,1000,0.1000,2,5,3,2,6,True,0.0219,2,2,400,6384.80,4688.00,-0.0300
pop200_gen1000_mut0.1_elite2_tour5,200,1000,0.1000,2,5,3,2,7,True,0.0276,2,2,400,6384.80,4688.00,-0.0270
pop200_gen1000_mut0.1_elite2_tour5,200,1000,0.1000,2,5,3,2,8,True,0.0103,1,1,200,6375.20,0.00,0.0000
pop200_gen1000_mut0.1_elite2_tour5,200,1000,0.1000,2,5,3,2,9,True,0.0102,1,1,200,6375.20,0.00,0.0000
pop200_gen1000_mut0.1_elite2_tour5,200,1000,0.1000,2,5,3,2,10,True,0.0098,1,1,200,6375.20,0.00,0.0000
pop300_gen1000_mut0.1_elite2_tour1,300,1000,0.1000,2,1,3,2,1,True,0.0209,1,1,300,6375.20,0.00,0.0000
pop300_gen1000_mut0.1_elite2_tour1,300,1000,0.1000,2,1,3,2,2,True,0.0203,1,1,300,6375.20,0.00,0.0000
pop300_gen1000_mut0.1_elite2_tour1,300,1000,0.1000,2,1,3,2,3,True,0.0210,1,1,300,6375.20,0.00,0.0000
pop300_gen1000_mut0.1_elite2_tour1,300,1000,0.1000,2,1,3,2,4,True,0.0199,1,1,300,6375.20,0.00,0.0000
pop300_gen1000_mut0.1_elite2_tour1,300,1000,0.1000,2,1,3,2,5,True,0.0205,1,1,300,6379.80,0.00,0.0000
pop300_gen1000_mut0.1_elite2_tour1,300,1000,0.1000,2,1,3,2,6,True,0.0202,1,1,300,6375.20,0.00,0.0000
pop300_gen1000_mut0.1_elite2_tour1,300,1000,0.1000,2,1,3,2,7,True,0.0205,1,1,300,6375.20,0.00,0.0000
pop300_gen1000_mut0.1_elite2_tour1,300,1000,0.1000,2,1,3,2,8,True,0.0207,1,1,300,6375.20,0.00,0.0000
pop300_gen1000_mut0.1_elite2_tour1,300,1000,0.1000,2,1,3,2,9,True,0.0416,2,2,600,6380.20,4683.40,-0.0330
pop300_gen1000_mut0.1_elite2_tour1,300,1000,0.1000,2,1,3,2,10,True,0.0413,2,2,600,6380.20,4683.40,-0.0300
pop300_gen1000_mut0.1_elite2_tour2,300,1000,0.1000,2,2,3,2,1,True,0.0203,1,1,300,6379.80,0.00,0.0000
pop300_gen1000_mut0.1_elite2_tour2,300,1000,0.1000,2,2,3,2,2,True,0.0237,1,1,300,6375.20,0.00,0.0000
pop300_gen1000_mut0.1_elite2_tour2,300,1000,0.1000,2,2,3,2,3,True,0.0199,1,1,300,6375.20,0.00,0.0000
pop300_gen1000_mut0.1_elite2_tour2,300,1000,0.1000,2,2,3,2,4,True,0.0202,1,1,300,6375.20,0.00,0.0000
pop300_gen1000_mut0.1_elite2_tour2,300,1000,0.1000,2,2,3,2,5,True,0.0202,1,1,300,6375.20,0.00,0.0000
pop300_gen1000_mut0.1_elite2_tour2,300,1000,0.1000,2,2,3,2,6,True,0.0198,1,1,300,6375.20,0.00,0.0000
pop300_gen1000_mut0.1_elite2_tour2,300,1000,0.1000,2,2,3,2,7,True,0.0433,2,2,600,6380.20,4683.40,-0.0300
pop300_gen1000_mut0.1_elite2_tour2,300,1000,0.1000,2,2,3,2,8,True,0.0202,1,1,300,6375.20,0.00,0.0000
pop300_gen1000_mut0.1_elite2_tour2,300,1000,0.1000,2,2,3,2,9,True,0.0203,1,1,300,6375.20,0.00,0.0000
pop300_gen1000_mut0.1_elite2_tour2,300,1000,0.1000,2,2,3,2,10,True,0.0258,1,1,300,6375.20,0.00,0.0000
pop300_gen1000_mut0.1_elite2_tour3,300,1000,0.1000,2,3,3,2,1,True,0.0223,1,1,300,6375.20,0.00,0.0000
pop300_gen1000_mut0.1_elite2_tour3,300,1000,0.1000,2,3,3,2,2,True,0.0224,1,1,300,6379.80,0.00,0.0000
pop300_gen1000_mut0.1_elite2_tour3,300,1000,0.1000,2,3,3,2,3,True,0.0202,1,1,300,6375.20,0.00,0.0000
pop300_gen1000_mut0.1_elite2_tour3,300,1000,0.1000,2,3,3,2,4,True,0.0205,1,1,300,6379.80,0.00,0.0000
pop300_gen1000_mut0.1_elite2_tour3,300,1000,0.1000,2,3,3,2,5,True,0.0208,1,1,300,6375.20,0.00,0.0000
pop300_gen1000_mut0.1_elite2_tour3,300,1000,0.1000,2,3,3,2,6,True,0.0442,2,2,600,6380.20,4683.40,-0.0300
pop300_gen1000_mut0.1_elite2_tour3,300,1000,0.1000,2,3,3,2,7,True,0.0204,1,1,300,6375.20,0.00,0.0000
pop300_gen1000_mut0.1_elite2_tour3,300,1000,0.1000,2,3,3,2,8,True,0.0205,1,1,300,6379.80,0.00,0.0000
pop300_gen1000_mut0.1_elite2_tour3,300,1000,0.1000,2,3,3,2,9,True,0.0197,1,1,300,6375.20,0.00,0.0000
pop300_gen1000_mut0.1_elite2_tour3,300,1000,0.1000,2,3,3,2,10,True,0.0413,2,2,600,6380.20,4683.40,-0.0280
pop300_gen1000_mut0.1_elite2_tour5,300,1000,0.1000,2,5,3,2,1,True,0.0205,1,1,300,6375.20,0.00,0.0000
pop300_gen1000_mut0.1_elite2_tour5,300,1000,0.1000,2,5,3,2,2,True,0.0210,1,1,300,6375.20,0.00,0.0000
pop300_gen1000_mut0.1_elite2_tour5,300,1000,0.1000,2,5,3,2,3,True,0.0213,1,1,300,6375.20,0.00,0.0000
pop300_gen1000_mut0.1_elite2_tour5,300,1000,0.1000,2,5,3,2,4,True,0.0198,1,1,300,6375.20,0.00,0.0000
pop300_gen1000_mut0.1_elite2_tour5,300,1000,0.1000,2,5,3,2,5,True,0.0206,1,1,300,6379.80,0.00,0.0000
pop300_gen1000_mut0.1_elite2_tour5,300,1000,0.1000,2,5,3,2,6,True,0.0423,2,2,600,6384.80,4688.00,-0.0320
pop300_gen1000_mut0.1_elite2_tour5,300,1000,0.1000,2,5,3,2,7,True,0.0232,1,1,300,6375.20,0.00,0.0000
pop300_gen1000_mut0.1_elite2_tour5,300,1000,0.1000,2,5,3,2,8,True,0.0204,1,1,300,6375.20,0.00,0.0000
pop300_gen1000_mut0.1_elite2_tour5,300,1000,0.1000,2,5,3,2,9,True,0.0202,1,1,300,6375.20,0.00,0.0000
pop300_gen1000_mut0.1_elite2_tour5,300,1000,0.1000,2,5,3,2,10,True,0.0214,1,1,300,6375.20,0.00,0.0000
pop500_gen1000_mut0.1_elite2_tour1,500,1000,0.1000,2,1,3,2,1,True,0.0508,1,1,500,6375.20,0.00,0.0000
pop500_gen1000_mut0.1_elite2_tour1,500,1000,0.1000,2,1,3,2,2,True,0.0557,1,1,500,6379.80,0.00,0.0000
pop500_gen1000_mut0.1_elite2_tour1,500,1000,0.1000,2,1,3,2,3,True,0.0564,1,1,500,6375.20,0.00,0.0000
pop500_gen1000_mut0.1_elite2_tour1,500,1000,0.1000,2,1,3,2,4,True,0.1080,2,2,1000,6384.80,4688.00,-0.0380
pop500_gen1000_mut0.1_elite2_tour1,500,1000,0.1000,2,1,3,2,5,True,0.0513,1,1,500,6375.20,0.00,0.0000
pop500_gen1000_mut0.1_elite2_tour1,500,1000,0.1000,2,1,3,2,6,True,0.1057,2,2,1000,6384.80,4688.00,-0.0360
pop500_gen1000_mut0.1_elite2_tour1,500,1000,0.1000,2,1,3,2,7,True,0.0560,1,1,500,6375.20,0.00,0.0000
pop500_gen1000_mut0.1_elite2_tour1,500,1000,0.1000,2,1,3,2,8,True,0.0518,1,1,500,6375.20,0.00,0.0000
pop500_gen1000_mut0.1_elite2_tour1,500,1000,0.1000,2,1,3,2,9,True,0.0617,1,1,500,6375.20,0.00,0.0000
pop500_gen1000_mut0.1_elite2_tour1,500,1000,0.1000,2,1,3,2,10,True,0.0518,1,1,500,6375.20,0.00,0.0000
pop500_gen1000_mut0.1_elite2_tour2,500,1000,0.1000,2,2,3,2,1,True,0.1062,2,2,1000,6380.20,4683.40,-0.0340
pop500_gen1000_mut0.1_elite2_tour2,500,1000,0.1000,2,2,3,2,2,True,0.0522,1,1,500,6379.80,0.00,0.0000
pop500_gen1000_mut0.1_elite2_tour2,500,1000,0.1000,2,2,3,2,3,True,0.1103,2,2,1000,6380.20,4683.40,-0.0270
pop500_gen1000_mut0.1_elite2_tour2,500,1000,0.1000,2,2,3,2,4,True,0.0552,1,1,500,6375.20,0.00,0.0000
pop500_gen1000_mut0.1_elite2_tour2,500,1000,0.1000,2,2,3,2,5,True,0.0510,1,1,500,6375.20,0.00,0.0000
pop500_gen1000_mut0.1_elite2_tour2,500,1000,0.1000,2,2,3,2,6,True,0.0530,1,1,500,6375.20,0.00,0.0000
pop500_gen1000_mut0.1_elite2_tour2,500,1000,0.1000,2,2,3,2,7,True,0.0585,1,1,500,6375.20,0.00,0.0000
pop500_gen1000_mut0.1_elite2_tour2,500,1000,0.1000,2,2,3,2,8,True,0.0513,1,1,500,6375.20,0.00,0.0000
pop500_gen1000_mut0.1_elite2_tour2,500,1000,0.1000,2,2,3,2,9,True,0.0516,1,1,500,6375.20,0.00,0.0000
pop500_gen1000_mut0.1_elite2_tour2,500,1000,0.1000,2,2,3,2,10,True,0.0514,1,1,500,6375.20,0.00,0.0000
pop500_gen1000_mut0.1_elite2_tour3,500,1000,0.1000,2,3,3,2,1,True,0.0512,1,1,500,6375.20,0.00,0.0000
pop500_gen1000_mut0.1_elite2_tour3,500,1000,0.1000,2,3,3,2,2,True,0.0542,1,1,500,6379.80,0.00,0.0000
pop500_gen1000_mut0.1_elite2_tour3,500,1000,0.1000,2,3,3,2,3,True,0.0508,1,1,500,6375.20,0.00,0.0000
pop500_gen1000_mut0.1_elite2_tour3,500,1000,0.1000,2,3,3,2,4,True,0.0595,1,1,500,6375.20,0.00,0.0000
pop500_gen1000_mut0.1_elite2_tour3,500,1000,0.1000,2,3,3,2,5,True,0.0522,1,1,500,6375.20,0.00,0.0000
pop500_gen1000_mut0.1_elite2_tour3,500,1000,0.1000,2,3,3,2,6,True,0.1045,2,2,1000,6384.80,4688.00,-0.0360
pop500_gen1000_mut0.1_elite2_tour3,500,1000,0.1000,2,3,3,2,7,True,0.0505,1,1,500,6375.20,0.00,0.0000
pop500_gen1000_mut0.1_elite2_tour3,500,1000,0.1000,2,3,3,2,8,True,0.0536,1,1,500,6375.20,0.00,0.0000
pop500_gen1000_mut0.1_elite2_tour3,500,1000,0.1000,2,3,3,2,9,True,0.0513,1,1,500,6379.80,0.00,0.0000
pop500_gen1000_mut0.1_elite2_tour3,500,1000,0.1000,2,3,3,2,10,True,0.0622,1,1,500,6379.80,0.00,0.0000
pop500_gen1000_mut0.1_elite2_tour5,500,1000,0.1000,2,5,3,2,1,True,0.0514,1,1,500,6379.80,0.00,0.0000
pop500_gen1000_mut0.1_elite2_tour5,500,1000,0.1000,2,5,3,2,2,True,0.0511,1,1,500,6375.20,0.00,0.0000
pop500_gen1000_mut0.1_elite2_tour5,500,1000,0.1000,2,5,3,2,3,True,0.0509,1,1,500,6375.20,0.00,0.0000
pop500_gen1000_mut0.1_elite2_tour5,500,1000,0.1000,2,5,3,2,4,True,0.0544,1,1,500,6375.20,0.00,0.0000
pop500_gen1000_mut0.1_elite2_tour5,500,1000,0.1000,2,5,3,2,5,True,0.0530,1,1,500,6379.80,0.00,0.0000
pop500_gen1000_mut0.1_elite2_tour5,500,1000,0.1000,2,5,3,2,6,True,0.0602,1,1,500,6375.20,0.00,0.0000
pop500_gen1000_mut0.1_elite2_tour5,500,1000,0.1000,2,5,3,2,7,True,0.0527,1,1,500,6375.20,0.00,0.0000
pop500_gen1000_mut0.1_elite2_tour5,500,1000,0.1000,2,5,3,2,8,True,0.0563,1,1,500,6379.80,0.00,0.0000
pop500_gen1000_mut0.1_elite2_tour5,500,1000,0.1000,2,5,3,2,9,True,0.0516,1,1,500,6375.20,0.00,0.0000
pop500_gen1000_mut0.1_elite2_tour5,500,1000,0.1000,2,5,3,2,10,True,0.0522,1,1,500,6375.20,0.00,0.0000
pop100_gen1000_mut0.1_elite2_tour1,100,1000,0.1000,2,1,3,2,1,True,0.0033,1,1,100,6375.20,0.00,0.0000
pop100_gen1000_mut0.1_elite2_tour1,100,1000,0.1000,2,1,3,2,2,True,0.0033,1,1,100,6375.20,0.00,0.0000
pop100_gen1000_mut0.1_elite2_tour1,100,1000,0.1000,2,1,3,2,3,True,0.0033,1,1,100,6375.20,0.00,0.0000
pop100_gen1000_mut0.1_elite2_tour1,100,1000,0.1000,2,1,3,2,4,True,0.0033,1,1,100,6375.20,0.00,0.0000
pop100_gen1000_mut0.1_elite2_tour1,100,1000,0.1000,2,1,3,2,5,True,0.0068,2,2,200,6380.20,4683.40,-0.0380
pop100_gen1000_mut0.1_elite2_tour1,100,1000,0.1000,2,1,3,2,6,True,0.0069,2,2,200,6384.80,4688.00,-0.0400
pop100_gen1000_mut0.1_elite2_tour1,100,1000,0.1000,2,1,3,2,7,True,0.0031,1,1,100,6375.20,0.00,0.0000
pop100_gen1000_mut0.1_elite2_tour1,100,1000,0.1000,2,1,3,2,8,True,0.0034,1,1,100,6379.80,0.00,0.0000
pop100_gen1000_mut0.1_elite2_tour1,100,1000,0.1000,2,1,3,2,9,True,0.0034,1,1,100,6379.80,0.00,0.0000
pop100_gen1000_mut0.1_elite2_tour1,100,1000,0.1000,2,1,3,2,10,True,0.0034,1,1,100,6379.80,0.00,0.0000
pop100_gen1000_mut0.1_elite2_tour2,100,1000,0.1000,2,2,3,2,1,True,0.0032,1,1,100,6375.20,0.00,0.0000
pop100_gen1000_mut0.1_elite2_tour2,100,1000,0.1000,2,2,3,2,2,True,0.0036,1,1,100,6375.20,0.00,0.0000
pop100_gen1000_mut0.1_elite2_tour2,100,1000,0.1000,2,2,3,2,3,True,0.0034,1,1,100,6375.20,0.00,0.0000
pop100_gen1000_mut0.1_elite2_tour2,100,1000,0.1000,2,2,3,2,4,True,0.0033,1,1,100,6375.20,0.00,0.0000
pop100_gen1000_mut0.1_elite2_tour2,100,1000,0.1000,2,2,3,2,5,True,0.0032,1,1,100,6375.20,0.00,0.0000
pop100_gen1000_mut0.1_elite2_tour2,100,1000,0.1000,2,2,3,2,6,True,0.0034,1,1,100,6379.80,0.00,0.0000
pop100_gen1000_mut0.1_elite2_tour2,100,1000,0.1000,2,2,3,2,7,True,0.0069,2,2,200,6380.20,4683.40,-0.0260
pop100_gen1000_mut0.1_elite2_tour2,100,1000,0.1000,2,2,3,2,8,True,0.0033,1,1,100,6375.20,0.00,0.0000
pop100_gen1000_mut0.1_elite2_tour2,100,1000,0.1000,2,2,3,2,9,True,0.0034,1,1,100,6379.80,0.00,0.0000
pop100_gen1000_mut0.1_elite2_tour2,100,1000,0.1000,2,2,3,2,10,True,0.0033,1,1,100,6375.20,0.00,0.0000
pop100_gen1000_mut0.1_elite2_tour3,100,1000,0.1000,2,3,3,2,1,True,0.0036,1,1,100,6375.20,0.00,0.0000
pop100_gen1000_mut0.1_elite2_tour3,100,1000,0.1000,2,3,3,2,2,True,0.0070,2,2,200,6380.20,4683.40,-0.0280
pop100_gen1000_mut0.1_elite2_tour3,100,1000,0.1000,2,3,3,2,3,True,0.0052,1,1,100,6379.80,0.00,0.0000
pop100_gen1000_mut0.1_elite2_tour3,100,1000,0.1000,2,3,3,2,4,True,0.0034,1,1,100,6375.20,0.00,0.0000
pop100_gen1000_mut0.1_elite2_tour3,100,1000,0.1000,2,3,3,2,5,True,0.0035,1,1,100,6379.80,0.00,0.0000
pop100_gen1000_mut0.1_elite2_tour3,100,1000,0.1000,2,3,3,2,6,True,0.0032,1,1,100,6375.20,0.00,0.0000
pop100_gen1000_mut0.1_elite2_tour3,100,1000,0.1000,2,3,3,2,7,True,0.0034,1,1,100,6375.20,0.00,0.0000
pop100_gen1000_mut0.1_elite2_tour3,100,1000,0.1000,2,3,3,2,8,True,0.0033,1,1,100,6375.20,0.00,0.0000
pop100_gen1000_mut0.1_elite2_tour3,100,1000,0.1000,2,3,3,2,9,True,0.0071,2,2,200,6384.80,4688.00,-0.0190
pop100_gen1000_mut0.1_elite2_tour3,100,1000,0.1000,2,3,3,2,10,True,0.0071,2,2,200,6380.20,4683.40,-0.0310
pop100_gen1000_mut0.1_elite2_tour5,100,1000,0.1000,2,5,3,2,1,True,0.0034,1,1,100,6379.80,0.00,0.0000
pop100_gen1000_mut0.1_elite2_tour5,100,1000,0.1000,2,5,3,2,2,True,0.0033,1,1,100,6375.20,0.00,0.0000
pop100_gen1000_mut0.1_elite2_tour5,100,1000,0.1000,2,5,3,2,3,True,0.0041,1,1,100,6375.20,0.00,0.0000
pop100_gen1000_mut0.1_elite2_tour5,100,1000,0.1000,2,5,3,2,4,True,0.0068,2,2,200,6380.20,4683.40,-0.0280
pop100_gen1000_mut0.1_elite2_tour5,100,1000,0.1000,2,5,3,2,5,True,0.0037,1,1,100,6375.20,0.00,0.0000
pop100_gen1000_mut0.1_elite2_tour5,100,1000,0.1000,2,5,3,2,6,True,0.0033,1,1,100,6375.20,0.00,0.0000
pop100_gen1000_mut0.1_elite2_tour5,100,1000,0.1000,2,5,3,2,7,True,0.0033,1,1,100,6375.20,0.00,0.0000
pop100_gen1000_mut0.1_elite2_tour5,100,1000,0.1000,2,5,3,2,8,True,0.0035,1,1,100,6379.80,0.00,0.0000
pop100_gen1000_mut0.1_elite2_tour5,100,1000,0.1000,2,5,3,2,9,True,0.0033,1,1,100,6375.20,0.00,0.0000
pop100_gen1000_mut0.1_elite2_tour5,100,1000,0.1000,2,5,3,2,10,True,0.0039,1,1,100,6379.80,0.00,0.0000
pop200_gen1000_mut0.1_elite2_tour1,200,1000,0.1000,2,1,3,2,1,True,0.0104,1,1,200,6375.20,0.00,0.0000
pop200_gen1000_mut0.1_elite2_tour1,200,1000,0.1000,2,1,3,2,2,True,0.0098,1,1,200,6375.20,0.00,0.0000
pop200_gen1000_mut0.1_elite2_tour1,200,1000,0.1000,2,1,3,2,3,True,0.0104,1,1,200,6375.20,0.00,0.0000
pop200_gen1000_mut0.1_elite2_tour1,200,1000,0.1000,2,1,3,2,4,True,0.0102,1,1,200,6375.20,0.00,0.0000
pop200_gen1000_mut0.1_elite2_tour1,200,1000,0.1000,2,1,3,2,5,True,0.0104,1,1,200,6375.20,0.00,0.0000
pop200_gen1000_mut0.1_elite2_tour1,200,1000,0.1000,2,1,3,2,6,True,0.0105,1,1,200,6379.80,0.00,0.0000
pop200_gen1000_mut0.1_elite2_tour1,200,1000,0.1000,2,1,3,2,7,True,0.0109,1,1,200,6375.20,0.00,0.0000
pop200_gen1000_mut0.1_elite2_tour1,200,1000,0.1000,2,1,3,2,8,True,0.0103,1,1,200,6375.20,0.00,0.0000
pop200_gen1000_mut0.1_elite2_tour1,200,1000,0.1000,2,1,3,2,9,True,0.0206,2,2,400,6380.20,4683.40,-0.0290
pop200_gen1000_mut0.1_elite2_tour1,200,1000,0.1000,2,1,3,2,10,True,0.0111,1,1,200,6375.20,0.00,0.0000
pop200_gen1000_mut0.1_elite2_tour2,200,1000,0.1000,2,2,3,2,1,True,0.0099,1,1,200,6375.20,0.00,0.0000
pop200_gen1000_mut0.1_elite2_tour2,200,1000,0.1000,2,2,3,2,2,True,0.0103,1,1,200,6375.20,0.00,0.0000
pop200_gen1000_mut0.1_elite2_tour2,200,1000,0.1000,2,2,3,2,3,True,0.0103,1,1,200,6375.20,0.00,0.0000
pop200_gen1000_mut0.1_elite2_tour2,200,1000,0.1000,2,2,3,2,4,True,0.0207,2,2,400,6380.20,4683.40,-0.0270
pop200_gen1000_mut0.1_elite2_tour2,200,1000,0.1000,2,2,3,2,5,True,0.0114,1,1,200,6379.80,0.00,0.0000
pop200_gen1000_mut0.1_elite2_tour2,200,1000,0.1000,2,2,3,2,6,True,0.0103,1,1,200,6379.80,0.00,0.0000
pop200_gen1000_mut0.1_elite2_tour2,200,1000,0.1000,2,2,3,2,7,True,0.0296,2,2,400,6380.20,4683.40,-0.0360
pop200_gen1000_mut0.1_elite2_tour2,200,1000,0.1000,2,2,3,2,8,True,0.0209,2,2,400,6384.80,4688.00,-0.0310
pop200_gen1000_mut0.1_elite2_tour2,200,1000,0.1000,2,2,3,2,9,True,0.0105,1,1,200,6375.20,0.00,0.0000
pop200_gen1000_mut0.1_elite2_tour2,200,1000,0.1000,2,2,3,2,10,True,0.0100,1,1,200,6375.20,0.00,0.0000
pop200_gen1000_mut0.1_elite2_tour3,200,1000,0.1000,2,3,3,2,1,True,0.0098,1,1,200,6375.20,0.00,0.0000
pop200_gen1000_mut0.1_elite2_tour3,200,1000,0.1000,2,3,3,2,2,True,0.0103,1,1,200,6379.80,0.00,0.0000
pop200_gen1000_mut0.1_elite2_tour3,200,1000,0.1000,2,3,3,2,3,True,0.0103,1,1,200,6379.80,0.00,0.0000
pop200_gen1000_mut0.1_elite2_tour3,200,1000,0.1000,2,3,3,2,4,True,0.0100,1,1,200,6375.20,0.00,0.0000
pop200_gen1000_mut0.1_elite2_tour3,200,1000,0.1000,2,3,3,2,5,True,0.0098,1,1,200,6375.20,0.00,0.0000
pop200_gen1000_mut0.1_elite2_tour3,200,1000,0.1000,2,3,3,2,6,True,0.0107,1,1,200,6375.20,0.00,0.0000
pop200_gen1000_mut0.1_elite2_tour3,200,1000,0.1000,2,3,3,2,7,True,0.0206,2,2,400,6380.20,4683.40,-0.0250
pop200_gen1000_mut0.1_elite2_tour3,200,1000,0.1000,2,3,3,2,8,True,0.0102,1,1,200,6375.20,0.00,0.0000
pop200_gen1000_mut0.1_elite2_tour3,200,1000,0.1000,2,3,3,2,9,True,0.0104,1,1,200,6375.20,0.00,0.0000
pop200_gen1000_mut0.1_elite2_tour3,200,1000,0.1000,2,3,3,2,10,True,0.0104,1,1,200,6375.20,0.00,0.0000
pop200_gen1000_mut0.1_elite2_tour5,200,1000,0.1000,2,5,3,2,1,True,0.0139,1,1,200,6379.80,0.00,0.0000
pop200_gen1000_mut0.1_elite2_tour5,200,1000,0.1000,2,5,3,2,2,True,0.0105,1,1,200,6375.20,0.00,0.0000
pop200_gen1000_mut0.1_elite2_tour5,200,1000,0.1000,2,5,3,2,3,True,0.0099,1,1,200,6375.20,0.00,0.0000
pop200_gen1000_mut0.1_elite2_tour5,200,1000,0.1000,2,5,3,2,4,True,0.0102,1,1,200,6375.20,0.00,0.0000
pop200_gen1000_mut0.1_elite2_tour5,200,1000,0.1000,2,5,3,2,5,True,0.0099,1,1,200,6375.20,0.00,0.0000
pop200_gen1000_mut0.1_elite2_tour5,200,1000,0.1000,2,5,3,2,6,True,0.0105,1,1,200,6375.20,0.00,0.0000
pop200_gen1000_mut0.1_elite2_tour5,200,1000,0.1000,2,5,3,2,7,True,0.0098,1,1,200,6375.20,0.00,0.0000
pop200_gen1000_mut0.1_elite2_tour5,200,1000,0.1000,2,5,3,2,8,True,0.0108,1,1,200,6375.20,0.00,0.0000
pop200_gen1000_mut0.1_elite2_tour5,200,1000,0.1000,2,5,3,2,9,True,0.0105,1,1,200,6379.80,0.00,0.0000
pop200_gen1000_mut0.1_elite2_tour5,200,1000,0.1000,2,5,3,2,10,True,0.0118,1,1,200,6379.80,0.00,0.0000
pop300_gen1000_mut0.1_elite2_tour1,300,1000,0.1000,2,1,3,2,1,True,0.0198,1,1,300,6375.20,0.00,0.0000
pop300_gen1000_mut0.1_elite2_tour1,300,1000,0.1000,2,1,3,2,2,True,0.0208,1,1,300,6379.80,0.00,0.0000
pop300_gen1000_mut0.1_elite2_tour1,300,1000,0.1000,2,1,3,2,3,True,0.0197,1,1,300,6375.20,0.00,0.0000
pop300_gen1000_mut0.1_elite2_tour1,300,1000,0.1000,2,1,3,2,4,True,0.0205,1,1,300,6379.80,0.00,0.0000
pop300_gen1000_mut0.1_elite2_tour1,300,1000,0.1000,2,1,3,2,5,True,0.0206,1,1,300,6375.20,0.00,0.0000
pop300_gen1000_mut0.1_elite2_tour1,300,1000,0.1000,2,1,3,2,6,True,0.0198,1,1,300,6375.20,0.00,0.0000
pop300_gen1000_mut0.1_elite2_tour1,300,1000,0.1000,2,1,3,2,7,True,0.0200,1,1,300,6375.20,0.00,0.0000
pop300_gen1000_mut0.1_elite2_tour1,300,1000,0.1000,2,1,3,2,8,True,0.0205,1,1,300,6375.20,0.00,0.0000
pop300_gen1000_mut0.1_elite2_tour1,300,1000,0.1000,2,1,3,2,9,True,0.0214,1,1,300,6379.80,0.00,0.0000
pop300_gen1000_mut0.1_elite2_tour1,300,1000,0.1000,2,1,3,2,10,True,0.0404,2,2,600,6380.20,4683.40,-0.0220
pop300_gen1000_mut0.1_elite2_tour2,300,1000,0.1000,2,2,3,2,1,True,0.0557,2,2,600,6380.20,4683.40,-0.0350
pop300_gen1000_mut0.1_elite2_tour2,300,1000,0.1000,2,2,3,2,2,True,0.0196,1,1,300,6375.20,0.00,0.0000
pop300_gen1000_mut0.1_elite2_tour2,300,1000,0.1000,2,2,3,2,3,True,0.0199,1,1,300,6375.20,0.00,0.0000
pop300_gen1000_mut0.1_elite2_tour2,300,1000,0.1000,2,2,3,2,4,True,0.0408,2,2,600,6380.20,4683.40,-0.0340
pop300_gen1000_mut0.1_elite2_tour2,300,1000,0.1000,2,2,3,2,5,True,0.0210,1,1,300,6379.80,0.00,0.0000
pop300_gen1000_mut0.1_elite2_tour2,300,1000,0.1000,2,2,3,2,6,True,0.0202,1,1,300,6375.20,0.00,0.0000
pop300_gen1000_mut0.1_elite2_tour2,300,1000,0.1000,2,2,3,2,7,True,0.0431,2,2,600,6384.80,4688.00,-0.0260
pop300_gen1000_mut0.1_elite2_tour2,300,1000,0.1000,2,2,3,2,8,True,0.0214,1,1,300,6375.20,0.00,0.0000
pop300_gen1000_mut0.1_elite2_tour2,300,1000,0.1000,2,2,3,2,9,True,0.0196,1,1,300,6375.20,0.00,0.0000
pop300_gen1000_mut0.1_elite2_tour2,300,1000,0.1000,2,2,3,2,10,True,0.0489,2,2,600,6384.80,4688.00,-0.0400
pop300_gen1000_mut0.1_elite2_tour3,300,1000,0.1000,2,3,3,2,1,True,0.0235,1,1,300,6375.20,0.00,0.0000
pop300_gen1000_mut0.1_elite2_tour3,300,1000,0.1000,2,3,3,2,2,True,0.0201,1,1,300,6375.20,0.00,0.0000
pop300_gen1000_mut0.1_elite2_tour3,300,1000,0.1000,2,3,3,2,3,True,0.0197,1,1,300,6375.20,0.00,0.0000
pop300_gen1000_mut0.1_elite2_tour3,300,1000,0.1000,2,3,3,2,4,True,0.0413,2,2,600,6384.80,4688.00,-0.0370
pop300_gen1000_mut0.1_elite2_tour3,300,1000,0.1000,2,3,3,2,5,True,0.0457,2,2,600,6384.80,4688.00,-0.0300
pop300_gen1000_mut0.1_elite2_tour3,300,1000,0.1000,2,3,3,2,6,True,0.0212,1,1,300,6379.80,0.00,0.0000
pop300_gen1000_mut0.1_elite2_tour3,300,1000,0.1000,2,3,3,2,7,True,0.0280,1,1,300,6375.20,0.00,0.0000
pop300_gen1000_mut0.1_elite2_tour3,300,1000,0.1000,2,3,3,2,8,True,0.0416,2,2,600,6384.80,4688.00,-0.0320
pop300_gen1000_mut0.1_elite2_tour3,300,1000,0.1000,2,3,3,2,9,True,0.0204,1,1,300,6375.20,0.00,0.0000
pop300_gen1000_mut0.1_elite2_tour3,300,1000,0.1000,2,3,3,2,10,True,0.0597,2,2,600,6384.80,4688.00,-0.0360
pop300_gen1000_mut0.1_elite2_tour5,300,1000,0.1000,2,5,3,2,1,True,0.0216,1,1,300,6375.20,0.00,0.0000
pop300_gen1000_mut0.1_elite2_tour5,300,1000,0.1000,2,5,3,2,2,True,0.0198,1,1,300,6375.20,0.00,0.0000
pop300_gen1000_mut0.1_elite2_tour5,300,1000,0.1000,2,5,3,2,3,True,0.0412,2,2,600,6384.80,4688.00,-0.0240
pop300_gen1000_mut0.1_elite2_tour5,300,1000,0.1000,2,5,3,2,4,True,0.0207,1,1,300,6375.20,0.00,0.0000
pop300_gen1000_mut0.1_elite2_tour5,300,1000,0.1000,2,5,3,2,5,True,0.0207,1,1,300,6379.80,0.00,0.0000
pop300_gen1000_mut0.1_elite2_tour5,300,1000,0.1000,2,5,3,2,6,True,0.0207,1,1,300,6375.20,0.00,0.0000
pop300_gen1000_mut0.1_elite2_tour5,300,1000,0.1000,2,5,3,2,7,True,0.0204,1,1,300,6375.20,0.00,0.0000
pop300_gen1000_mut0.1_elite2_tour5,300,1000,0.1000,2,5,3,2,8,True,0.0206,1,1,300,6379.80,0.00,0.0000
pop300_gen1000_mut0.1_elite2_tour5,300,1000,0.1000,2,5,3,2,9,True,0.0204,1,1,300,6375.20,0.00,0.0000
pop300_gen1000_mut0.1_elite2_tour5,300,1000,0.1000,2,5,3,2,10,True,0.0199,1,1,300,6375.20,0.00,0.0000
pop500_gen1000_mut0.1_elite2_tour1,500,1000,0.1000,2,1,3,2,1,True,0.0524,1,1,500,6379.80,0.00,0.0000
pop500_gen1000_mut0.1_elite2_tour1,500,1000,0.1000,2,1,3,2,2,True,0.0531,1,1,500,6379.80,0.00,0.0000
pop500_gen1000_mut0.1_elite2_tour1,500,1000,0.1000,2,1,3,2,3,True,0.0510,1,1,500,6375.20,0.00,0.0000
pop500_gen1000_mut0.1_elite2_tour1,500,1000,0.1000,2,1,3,2,4,True,0.0518,1,1,500,6379.80,0.00,0.0000
pop500_gen1000_mut0.1_elite2_tour1,500,1000,0.1000,2,1,3,2,5,True,0.1058,2,2,1000,6384.80,4688.00,-0.0220
pop500_gen1000_mut0.1_elite2_tour1,500,1000,0.1000,2,1,3,2,6,True,0.0508,1,1,500,6375.20,0.00,0.0000
pop500_gen1000_mut0.1_elite2_tour1,500,1000,0.1000,2,1,3,2,7,True,0.0513,1,1,500,6375.20,0.00,0.0000
pop500_gen1000_mut0.1_elite2_tour1,500,1000,0.1000,2,1,3,2,8,True,0.1063,2,2,1000,6384.80,4688.00,-0.0280
pop500_gen1000_mut0.1_elite2_tour1,500,1000,0.1000,2,1,3,2,9,True,0.0509,1,1,500,6375.20,0.00,0.0000
pop500_gen1000_mut0.1_elite2_tour1,500,1000,0.1000,2,1,3,2,10,True,0.0508,1,1,500,6375.20,0.00,0.0000
pop500_gen1000_mut0.1_elite2_tour2,500,1000,0.1000,2,2,3,2,1,True,0.0555,1,1,500,6375.20,0.00,0.0000
pop500_gen1000_mut0.1_elite2_tour2,500,1000,0.1000,2,2,3,2,2,True,0.0506,1,1,500,6375.20,0.00,0.0000
pop500_gen1000_mut0.1_elite2_tour2,500,1000,0.1000,2,2,3,2,3,True,0.0523,1,1,500,6379.80,0.00,0.0000
pop500_gen1000_mut0.1_elite2_tour2,500,1000,0.1000,2,2,3,2,4,True,0.0562,1,1,500,6375.20,0.00,0.0000
pop500_gen1000_mut0.1_elite2_tour2,500,1000,0.1000,2,2,3,2,5,True,0.0503,1,1,500,6375.20,0.00,0.0000
pop500_gen1000_mut0.1_elite2_tour2,500,1000,0.1000,2,2,3,2,6,True,0.0650,1,1,500,6375.20,0.00,0.0000
pop500_gen1000_mut0.1_elite2_tour2,500,1000,0.1000,2,2,3,2,7,True,0.0538,1,1,500,6375.20,0.00,0.0000
pop500_gen1000_mut0.1_elite2_tour2,500,1000,0.1000,2,2,3,2,8,True,0.0506,1,1,500,6375.20,0.00,0.0000
pop500_gen1000_mut0.1_elite2_tour2,500,1000,0.1000,2,2,3,2,9,True,0.0503,1,1,500,6375.20,0.00,0.0000
pop500_gen1000_mut0.1_elite2_tour2,500,1000,0.1000,2,2,3,2,10,True,0.0587,1,1,500,6375.20,0.00,0.0000
pop500_gen1000_mut0.1_elite2_tour3,500,1000,0.1000,2,3,3,2,1,True,0.0562,1,1,500,6375.20,0.00,0.0000
pop500_gen1000_mut0.1_elite2_tour3,500,1000,0.1000,2,3,3,2,2,True,0.0515,1,1,500,6379.80,0.00,0.0000
pop500_gen1000_mut0.1_elite2_tour3,500,1000,0.1000,2,3,3,2,3,True,0.1068,2,2,1000,6384.80,4688.00,-0.0320
pop500_gen1000_mut0.1_elite2_tour3,500,1000,0.1000,2,3,3,2,4,True,0.0508,1,1,500,6375.20,0.00,0.0000
pop500_gen1000_mut0.1_elite2_tour3,500,1000,0.1000,2,3,3,2,5,True,0.0543,1,1,500,6375.20,0.00,0.0000
pop500_gen1000_mut0.1_elite2_tour3,500,1000,0.1000,2,3,3,2,6,True,0.0528,1,1,500,6379.80,0.00,0.0000
pop500_gen1000_mut0.1_elite2_tour3,500,1000,0.1000,2,3,3,2,7,True,0.0523,1,1,500,6379.80,0.00,0.0000
pop500_gen1000_mut0.1_elite2_tour3,500,1000,0.1000,2,3,3,2,8,True,0.0529,1,1,500,6379.80,0.00,0.0000
pop500_gen1000_mut0.1_elite2_tour3,500,1000,0.1000,2,3,3,2,9,True,0.0513,1,1,500,6375.20,0.00,0.0000
pop500_gen1000_mut0.1_elite2_tour3,500,1000,0.1000,2,3,3,2,10,True,0.0532,1,1,500,6379.80,0.00,0.0000
pop500_gen1000_mut0.1_elite2_tour5,500,1000,0.1000,2,5,3,2,1,True,0.1059,2,2,1000,6380.20,4683.40,-0.0340
pop500_gen1000_mut0.1_elite2_tour5,500,1000,0.1000,2,5,3,2,2,True,0.1080,2,2,1000,6384.80,4688.00,-0.0300
pop500_gen1000_mut0.1_elite2_tour5,500,1000,0.1000,2,5,3,2,3,True,0.0514,1,1,500,6375.20,0.00,0.0000
pop500_gen1000_mut0.1_elite2_tour5,500,1000,0.1000,2,5,3,2,4,True,0.0533,1,1,500,6375.20,0.00,0.0000
pop500_gen1000_mut0.1_elite2_tour5,500,1000,0.1000,2,5,3,2,5,True,0.0544,1,1,500,6379.80,0.00,0.0000
pop500_gen1000_mut0.1_elite2_tour5,500,1000,0.1000,2,5,3,2,6,True,0.0534,1,1,500,6375.20,0.00,0.0000
pop500_gen1000_mut0.1_elite2_tour5,500,1000,0.1000,2,5,3,2,7,True,0.0511,1,1,500,6375.20,0.00,0.0000
pop500_gen1000_mut0.1_elite2_tour5,500,1000,0.1000,2,5,3,2,8,True,0.1046,2,2,1000,6384.80,4688.00,-0.0340
pop500_gen1000_mut0.1_elite2_tour5,500,1000,0.1000,2,5,3,2,9,True,0.0507,1,1,500,6375.20,0.00,0.0000
pop500_gen1000_mut0.1_elite2_tour5,500,1000,0.1000,2,5,3,2,10,True,0.0509,1,1,500,6375.20,0.00,0.0000
pop100_gen500_mut0.01_elite5_tour1,100,500,0.0100,5,1,3,2,1,True,0.0058,1,1,100,6375.20,0.00,0.0000
pop100_gen500_mut0.01_elite5_tour1,100,500,0.0100,5,1,3,2,2,True,0.0068,2,2,200,6380.20,4683.40,-0.0040
pop100_gen500_mut0.01_elite5_tour1,100,500,0.0100,5,1,3,2,3,True,0.0132,4,4,400,6380.20,4683.40,-0.0040
pop100_gen500_mut0.01_elite5_tour1,100,500,0.0100,5,1,3,2,4,True,0.0036,1,1,100,6379.80,0.00,0.0000
pop100_gen500_mut0.01_elite5_tour1,100,500,0.0100,5,1,3,2,5,True,0.0033,1,1,100,6375.20,0.00,0.0000
pop100_gen500_mut0.01_elite5_tour1,100,500,0.0100,5,1,3,2,6,True,0.0036,1,1,100,6375.20,0.00,0.0000
pop100_gen500_mut0.01_elite5_tour1,100,500,0.0100,5,1,3,2,7,True,0.0075,2,2,200,6380.20,4683.40,-0.0070
pop100_gen500_mut0.01_elite5_tour1,100,500,0.0100,5,1,3,2,8,True,0.0033,1,1,100,6375.20,0.00,0.0000
pop100_gen500_mut0.01_elite5_tour1,100,500,0.0100,5,1,3,2,9,True,0.0167,5,5,500,6380.20,4683.40,-0.0110
pop100_gen500_mut0.01_elite5_tour1,100,500,0.0100,5,1,3,2,10,True,0.0115,3,3,300,6380.20,4683.40,-0.0040
pop100_gen500_mut0.01_elite5_tour2,100,500,0.0100,5,2,3,2,1,True,0.0033,1,1,100,6375.20,0.00,0.0000
pop100_gen500_mut0.01_elite5_tour2,100,500,0.0100,5,2,3,2,2,True,0.0033,1,1,100,6375.20,0.00,0.0000
pop100_gen500_mut0.01_elite5_tour2,100,500,0.0100,5,2,3,2,3,True,0.0032,1,1,100,6375.20,0.00,0.0000
pop100_gen500_mut0.01_elite5_tour2,100,500,0.0100,5,2,3,2,4,True,0.0034,1,1,100,6379.80,0.00,0.0000
pop100_gen500_mut0.01_elite5_tour2,100,500,0.0100,5,2,3,2,5,True,0.0149,4,4,400,6380.20,4683.40,-0.0440
pop100_gen500_mut0.01_elite5_tour2,100,500,0.0100,5,2,3,2,6,True,0.0037,1,1,100,6379.80,0.00,0.0000
pop100_gen500_mut0.01_elite5_tour2,100,500,0.0100,5,2,3,2,7,True,0.0035,1,1,100,6379.80,0.00,0.0000
pop100_gen500_mut0.01_elite5_tour2,100,500,0.0100,5,2,3,2,8,True,0.0037,1,1,100,6375.20,0.00,0.0000
pop100_gen500_mut0.01_elite5_tour2,100,500,0.0100,5,2,3,2,9,True,0.0033,1,1,100,6375.20,0.00,0.0000
pop100_gen500_mut0.01_elite5_tour2,100,500,0.0100,5,2,3,2,10,True,0.0067,2,2,200,6380.20,4683.40,-0.0040
pop100_gen500_mut0.01_elite5_tour3,100,500,0.0100,5,3,3,2,1,True,0.0033,1,1,100,6375.20,0.00,0.0000
pop100_gen500_mut0.01_elite5_tour3,100,500,0.0100,5,3,3,2,2,True,0.0034,1,1,100,6379.80,0.00,0.0000
pop100_gen500_mut0.01_elite5_tour3,100,500,0.0100,5,3,3,2,3,True,0.0043,1,1,100,6379.80,0.00,0.0000
pop100_gen500_mut0.01_elite5_tour3,100,500,0.0100,5,3,3,2,4,True,0.0053,1,1,100,6379.80,0.00,0.0000
pop100_gen500_mut0.01_elite5_tour3,100,500,0.0100,5,3,3,2,5,True,0.0032,1,1,100,6375.20,0.00,0.0000
pop100_gen500_mut0.01_elite5_tour3,100,500,0.0100,5,3,3,2,6,True,0.0033,1,1,100,6375.20,0.00,0.0000
pop100_gen500_mut0.01_elite5_tour3,100,500,0.0100,5,3,3,2,7,True,0.0033,1,1,100,6375.20,0.00,0.0000
pop100_gen500_mut0.01_elite5_tour3,100,500,0.0100,5,3,3,2,8,True,0.0069,2,2,200,6380.20,4683.40,-0.0110
pop100_gen500_mut0.01_elite5_tour3,100,500,0.0100,5,3,3,2,9,True,0.0034,1,1,100,6379.80,0.00,0.0000
pop100_gen500_mut0.01_elite5_tour3,100,500,0.0100,5,3,3,2,10,True,0.0102,3,3,300,6380.20,4683.40,-0.0040
pop100_gen500_mut0.01_elite5_tour5,100,500,0.0100,5,5,3,2,1,True,0.0043,1,1,100,6379.80,0.00,0.0000
pop100_gen500_mut0.01_elite5_tour5,100,500,0.0100,5,5,3,2,2,True,0.0035,1,1,100,6379.80,0.00,0.0000
pop100_gen500_mut0.01_elite5_tour5,100,500,0.0100,5,5,3,2,3,True,0.0037,1,1,100,6375.20,0.00,0.0000
pop100_gen500_mut0.01_elite5_tour5,100,500,0.0100,5,5,3,2,4,True,0.0033,1,1,100,6375.20,0.00,0.0000
pop100_gen500_mut0.01_elite5_tour5,100,500,0.0100,5,5,3,2,5,True,0.0033,1,1,100,6375.20,0.00,0.0000
pop100_gen500_mut0.01_elite5_tour5,100,500,0.0100,5,5,3,2,6,True,0.0073,2,2,200,6380.20,4683.40,-0.0020
pop100_gen500_mut0.01_elite5_tour5,100,500,0.0100,5,5,3,2,7,True,0.0032,1,1,100,6375.20,0.00,0.0000
pop100_gen500_mut0.01_elite5_tour5,100,500,0.0100,5,5,3,2,8,True,0.0184,5,5,500,6380.20,4683.40,-0.0020
pop100_gen500_mut0.01_elite5_tour5,100,500,0.0100,5,5,3,2,9,True,0.0122,3,3,300,6380.20,4683.40,-0.0370
pop100_gen500_mut0.01_elite5_tour5,100,500,0.0100,5,5,3,2,10,True,0.0035,1,1,100,6375.20,0.00,0.0000
pop200_gen500_mut0.01_elite5_tour1,200,500,0.0100,5,1,3,2,1,True,0.0109,1,1,200,6375.20,0.00,0.0000
pop200_gen500_mut0.01_elite5_tour1,200,500,0.0100,5,1,3,2,2,True,0.0111,1,1,200,6375.20,0.00,0.0000
pop200_gen500_mut0.01_elite5_tour1,200,500,0.0100,5,1,3,2,3,True,0.0099,1,1,200,6375.20,0.00,0.0000
pop200_gen500_mut0.01_elite5_tour1,200,500,0.0100,5,1,3,2,4,True,0.0101,1,1,200,6375.20,0.00,0.0000
pop200_gen500_mut0.01_elite5_tour1,200,500,0.0100,5,1,3,2,5,True,0.0301,3,3,600,6380.20,4683.40,-0.0060
pop200_gen500_mut0.01_elite5_tour1,200,500,0.0100,5,1,3,2,6,True,0.0118,1,1,200,6375.20,0.00,0.0000
pop200_gen500_mut0.01_elite5_tour1,200,500,0.0100,5,1,3,2,7,True,0.0101,1,1,200,6375.20,0.00,0.0000
pop200_gen500_mut0.01_elite5_tour1,200,500,0.0100,5,1,3,2,8,True,0.0099,1,1,200,6375.20,0.00,0.0000
pop200_gen500_mut0.01_elite5_tour1,200,500,0.0100,5,1,3,2,9,True,0.0101,1,1,200,6379.80,0.00,0.0000
pop200_gen500_mut0.01_elite5_tour1,200,500,0.0100,5,1,3,2,10,True,0.0205,2,2,400,6380.20,4683.40,-0.0040
pop200_gen500_mut0.01_elite5_tour2,200,500,0.0100,5,2,3,2,1,True,0.0204,2,2,400,6380.20,4683.40,-0.0010
pop200_gen500_mut0.01_elite5_tour2,200,500,0.0100,5,2,3,2,2,True,0.0103,1,1,200,6375.20,0.00,0.0000
pop200_gen500_mut0.01_elite5_tour2,200,500,0.0100,5,2,3,2,3,True,0.0102,1,1,200,6379.80,0.00,0.0000
pop200_gen500_mut0.01_elite5_tour2,200,500,0.0100,5,2,3,2,4,True,0.0116,1,1,200,6375.20,0.00,0.0000
pop200_gen500_mut0.01_elite5_tour2,200,500,0.0100,5,2,3,2,5,True,0.0102,1,1,200,6379.80,0.00,0.0000
pop200_gen500_mut0.01_elite5_tour2,200,500,0.0100,5,2,3,2,6,True,0.0100,1,1,200,6375.20,0.00,0.0000
pop200_gen500_mut0.01_elite5_tour2,200,500,0.0100,5,2,3,2,7,True,0.0113,1,1,200,6375.20,0.00,0.0000
pop200_gen500_mut0.01_elite5_tour2,200,500,0.0100,5,2,3,2,8,True,0.0098,1,1,200,6375.20,0.00,0.0000
pop200_gen500_mut0.01_elite5_tour2,200,500,0.0100,5,2,3,2,9,True,0.0102,1,1,200,6379.80,0.00,0.0000
pop200_gen500_mut0.01_elite5_tour2,200,500,0.0100,5,2,3,2,10,True,0.0104,1,1,200,6375.20,0.00,0.0000
pop200_gen500_mut0.01_elite5_tour3,200,500,0.0100,5,3,3,2,1,True,0.0099,1,1,200,6375.20,0.00,0.0000
pop200_gen500_mut0.01_elite5_tour3,200,500,0.0100,5,3,3,2,2,True,0.0329,3,3,600,6380.20,4683.40,-0.0060
pop200_gen500_mut0.01_elite5_tour3,200,500,0.0100,5,3,3,2,3,True,0.0207,2,2,400,6380.20,4683.40,-0.0030
pop200_gen500_mut0.01_elite5_tour3,200,500,0.0100,5,3,3,2,4,True,0.0107,1,1,200,6379.80,0.00,0.0000
pop200_gen500_mut0.01_elite5_tour3,200,500,0.0100,5,3,3,2,5,True,0.0097,1,1,200,6375.20,0.00,0.0000
pop200_gen500_mut0.01_elite5_tour3,200,500,0.0100,5,3,3,2,6,True,0.0099,1,1,200,6375.20,0.00,0.0000
pop200_gen500_mut0.01_elite5_tour3,200,500,0.0100,5,3,3,2,7,True,0.0107,1,1,200,6379.80,0.00,0.0000
pop200_gen500_mut0.01_elite5_tour3,200,500,0.0100,5,3,3,2,8,True,0.0121,1,1,200,6375.20,0.00,0.0000
pop200_gen500_mut0.01_elite5_tour3,200,500,0.0100,5,3,3,2,9,True,0.0205,2,2,400,6380.20,4683.40,-0.0040
pop200_gen500_mut0.01_elite5_tour3,200,500,0.0100,5,3,3,2,10,True,0.0207,2,2,400,6380.20,4683.40,-0.0020
pop200_gen500_mut0.01_elite5_tour5,200,500,0.0100,5,5,3,2,1,True,0.0107,1,1,200,6375.20,0.00,0.0000
pop200_gen500_mut0.01_elite5_tour5,200,500,0.0100,5,5,3,2,2,True,0.0104,1,1,200,6375.20,0.00,0.0000
pop200_gen500_mut0.01_elite5_tour5,200,500,0.0100,5,5,3,2,3,True,0.0100,1,1,200,6375.20,0.00,0.0000
pop200_gen500_mut0.01_elite5_tour5,200,500,0.0100,5,5,3,2,4,True,0.0211,2,2,400,6380.20,4683.40,-0.0030
pop200_gen500_mut0.01_elite5_tour5,200,500,0.0100,5,5,3,2,5,True,0.0102,1,1,200,6379.80,0.00,0.0000
pop200_gen500_mut0.01_elite5_tour5,200,500,0.0100,5,5,3,2,6,True,0.0109,1,1,200,6379.80,0.00,0.0000
pop200_gen500_mut0.01_elite5_tour5,200,500,0.0100,5,5,3,2,7,True,0.0104,1,1,200,6375.20,0.00,0.0000
pop200_gen500_mut0.01_elite5_tour5,200,500,0.0100,5,5,3,2,8,True,0.0111,1,1,200,6379.80,0.00,0.0000
pop200_gen500_mut0.01_elite5_tour5,200,500,0.0100,5,5,3,2,9,True,0.0331,3,3,600,6380.20,4683.40,-0.0040
pop200_gen500_mut0.01_elite5_tour5,200,500,0.0100,5,5,3,2,10,True,0.0100,1,1,200,6375.20,0.00,0.0000
pop300_gen500_mut0.01_elite5_tour1,300,500,0.0100,5,1,3,2,1,True,0.0244,1,1,300,6379.80,0.00,0.0000
pop300_gen500_mut0.01_elite5_tour1,300,500,0.0100,5,1,3,2,2,True,0.0200,1,1,300,6375.20,0.00,0.0000
pop300_gen500_mut0.01_elite5_tour1,300,500,0.0100,5,1,3,2,3,True,0.0213,1,1,300,6379.80,0.00,0.0000
pop300_gen500_mut0.01_elite5_tour1,300,500,0.0100,5,1,3,2,4,True,0.0204,1,1,300,6379.80,0.00,0.0000
pop300_gen500_mut0.01_elite5_tour1,300,500,0.0100,5,1,3,2,5,True,0.0253,1,1,300,6375.20,0.00,0.0000
pop300_gen500_mut0.01_elite5_tour1,300,500,0.0100,5,1,3,2,6,True,0.0203,1,1,300,6375.20,0.00,0.0000
pop300_gen500_mut0.01_elite5_tour1,300,500,0.0100,5,1,3,2,7,True,0.0209,1,1,300,6375.20,0.00,0.0000
pop300_gen500_mut0.01_elite5_tour1,300,500,0.0100,5,1,3,2,8,True,0.0428,2,2,600,6380.20,4683.40,-0.0040
pop300_gen500_mut0.01_elite5_tour1,300,500,0.0100,5,1,3,2,9,True,0.0198,1,1,300,6375.20,0.00,0.0000
pop300_gen500_mut0.01_elite5_tour1,300,500,0.0100,5,1,3,2,10,True,0.0328,1,1,300,6375.20,0.00,0.0000
pop300_gen500_mut0.01_elite5_tour2,300,500,0.0100,5,2,3,2,1,True,0.0232,1,1,300,6375.20,0.00,0.0000
pop300_gen500_mut0.01_elite5_tour2,300,500,0.0100,5,2,3,2,2,True,0.0260,1,1,300,6379.80,0.00,0.0000
pop300_gen500_mut0.01_elite5_tour2,300,500,0.0100,5,2,3,2,3,True,0.0210,1,1,300,6379.80,0.00,0.0000
pop300_gen500_mut0.01_elite5_tour2,300,500,0.0100,5,2,3,2,4,True,0.0203,1,1,300,6375.20,0.00,0.0000
pop300_gen500_mut0.01_elite5_tour2,300,500,0.0100,5,2,3,2,5,True,0.0200,1,1,300,6375.20,0.00,0.0000
pop300_gen500_mut0.01_elite5_tour2,300,500,0.0100,5,2,3,2,6,True,0.0220,1,1,300,6375.20,0.00,0.0000
pop300_gen500_mut0.01_elite5_tour2,300,500,0.0100,5,2,3,2,7,True,0.0219,1,1,300,6375.20,0.00,0.0000
pop300_gen500_mut0.01_elite5_tour2,300,500,0.0100,5,2,3,2,8,True,0.0204,1,1,300,6375.20,0.00,0.0000
pop300_gen500_mut0.01_elite5_tour2,300,500,0.0100,5,2,3,2,9,True,0.0416,2,2,600,6380.20,4683.40,-0.0040
pop300_gen500_mut0.01_elite5_tour2,300,500,0.0100,5,2,3,2,10,True,0.0208,1,1,300,6375.20,0.00,0.0000
pop300_gen500_mut0.01_elite5_tour3,300,500,0.0100,5,3,3,2,1,True,0.0204,1,1,300,6375.20,0.00,0.0000
pop300_gen500_mut0.01_elite5_tour3,300,500,0.0100,5,3,3,2,2,True,0.0215,1,1,300,6375.20,0.00,0.0000
pop300_gen500_mut0.01_elite5_tour3,300,500,0.0100,5,3,3,2,3,True,0.0414,2,2,600,6380.20,4683.40,-0.0030
pop300_gen500_mut0.01_elite5_tour3,300,500,0.0100,5,3,3,2,4,True,0.0207,1,1,300,6375.20,0.00,0.0000
pop300_gen500_mut0.01_elite5_tour3,300,500,0.0100,5,3,3,2,5,True,0.0215,1,1,300,6375.20,0.00,0.0000
pop300_gen500_mut0.01_elite5_tour3,300,500,0.0100,5,3,3,2,6,True,0.0210,1,1,300,6375.20,0.00,0.0000
pop300_gen500_mut0.01_elite5_tour3,300,500,0.0100,5,3,3,2,7,True,0.0204,1,1,300,6375.20,0.00,0.0000
pop300_gen500_mut0.01_elite5_tour3,300,500,0.0100,5,3,3,2,8,True,0.0201,1,1,300,6375.20,0.00,0.0000
pop300_gen500_mut0.01_elite5_tour3,300,500,0.0100,5,3,3,2,9,True,0.0209,1,1,300,6379.80,0.00,0.0000
pop300_gen500_mut0.01_elite5_tour3,300,500,0.0100,5,3,3,2,10,True,0.0207,1,1,300,6375.20,0.00,0.0000
pop300_gen500_mut0.01_elite5_tour5,300,500,0.0100,5,5,3,2,1,True,0.0412,2,2,600,6380.20,4683.40,-0.0040
pop300_gen500_mut0.01_elite5_tour5,300,500,0.0100,5,5,3,2,2,True,0.0212,1,1,300,6379.80,0.00,0.0000
pop300_gen500_mut0.01_elite5_tour5,300,500,0.0100,5,5,3,2,3,True,0.0207,1,1,300,6375.20,0.00,0.0000
pop300_gen500_mut0.01_elite5_tour5,300,500,0.0100,5,5,3,2,4,True,0.0438,2,2,600,6380.20,4683.40,-0.0050
pop300_gen500_mut0.01_elite5_tour5,300,500,0.0100,5,5,3,2,5,True,0.0205,1,1,300,6379.80,0.00,0.0000
pop300_gen500_mut0.01_elite5_tour5,300,500,0.0100,5,5,3,2,6,True,0.0199,1,1,300,6375.20,0.00,0.0000
pop300_gen500_mut0.01_elite5_tour5,300,500,0.0100,5,5,3,2,7,True,0.0206,1,1,300,6379.80,0.00,0.0000
pop300_gen500_mut0.01_elite5_tour5,300,500,0.0100,5,5,3,2,8,True,0.0209,1,1,300,6375.20,0.00,0.0000
pop300_gen500_mut0.01_elite5_tour5,300,500,0.0100,5,5,3,2,9,True,0.0209,1,1,300,6375.20,0.00,0.0000
pop300_gen500_mut0.01_elite5_tour5,300,500,0.0100,5,5,3,2,10,True,0.0203,1,1,300,6379.80,0.00,0.0000
pop500_gen500_mut0.01_elite5_tour1,500,500,0.0100,5,1,3,2,1,True,0.0568,1,1,500,6375.20,0.00,0.0000
pop500_gen500_mut0.01_elite5_tour1,500,500,0.0100,5,1,3,2,2,True,0.0514,1,1,500,6375.20,0.00,0.0000
pop500_gen500_mut0.01_elite5_tour1,500,500,0.0100,5,1,3,2,3,True,0.0508,1,1,500,6375.20,0.00,0.0000
pop500_gen500_mut0.01_elite5_tour1,500,500,0.0100,5,1,3,2,4,True,0.0510,1,1,500,6375.20,0.00,0.0000
pop500_gen500_mut0.01_elite5_tour1,500,500,0.0100,5,1,3,2,5,True,0.0509,1,1,500,6375.20,0.00,0.0000
pop500_gen500_mut0.01_elite5_tour1,500,500,0.0100,5,1,3,2,6,True,0.1077,2,2,1000,6380.20,4683.40,-0.0040
pop500_gen500_mut0.01_elite5_tour1,500,500,0.0100,5,1,3,2,7,True,0.0520,1,1,500,6375.20,0.00,0.0000
pop500_gen500_mut0.01_elite5_tour1,500,500,0.0100,5,1,3,2,8,True,0.0522,1,1,500,6375.20,0.00,0.0000
pop500_gen500_mut0.01_elite5_tour1,500,500,0.0100,5,1,3,2,9,True,0.1030,2,2,1000,6380.20,4683.40,-0.0060
pop500_gen500_mut0.01_elite5_tour1,500,500,0.0100,5,1,3,2,10,True,0.0516,1,1,500,6379.80,0.00,0.0000
pop500_gen500_mut0.01_elite5_tour2,500,500,0.0100,5,2,3,2,1,True,0.1103,2,2,1000,6380.20,4683.40,-0.0040
pop500_gen500_mut0.01_elite5_tour2,500,500,0.0100,5,2,3,2,2,True,0.0523,1,1,500,6375.20,0.00,0.0000
pop500_gen500_mut0.01_elite5_tour2,500,500,0.0100,5,2,3,2,3,True,0.0506,1,1,500,6375.20,0.00,0.0000
pop500_gen500_mut0.01_elite5_tour2,500,500,0.0100,5,2,3,2,4,True,0.0504,1,1,500,6375.20,0.00,0.0000
pop500_gen500_mut0.01_elite5_tour2,500,500,0.0100,5,2,3,2,5,True,0.0560,1,1,500,6375.20,0.00,0.0000
pop500_gen500_mut0.01_elite5_tour2,500,500,0.0100,5,2,3,2,6,True,0.0518,1,1,500,6375.20,0.00,0.0000
pop500_gen500_mut0.01_elite5_tour2,500,500,0.0100,5,2,3,2,7,True,0.1080,2,2,1000,6380.20,4683.40,-0.0030
pop500_gen500_mut0.01_elite5_tour2,500,500,0.0100,5,2,3,2,8,True,0.1030,2,2,1000,6380.20,4683.40,-0.0020
pop500_gen500_mut0.01_elite5_tour2,500,500,0.0100,5,2,3,2,9,True,0.0544,1,1,500,6375.20,0.00,0.0000
pop500_gen500_mut0.01_elite5_tour2,500,500,0.0100,5,2,3,2,10,True,0.1023,2,2,1000,6380.20,4683.40,-0.0030
pop500_gen500_mut0.01_elite5_tour3,500,500,0.0100,5,3,3,2,1,True,0.0517,1,1,500,6375.20,0.00,0.0000
pop500_gen500_mut0.01_elite5_tour3,500,500,0.0100,5,3,3,2,2,True,0.1576,3,3,1500,6384.80,4688.00,-0.0070
pop500_gen500_mut0.01_elite5_tour3,500,500,0.0100,5,3,3,2,3,True,0.1051,2,2,1000,6380.20,4683.40,-0.0030
pop500_gen500_mut0.01_elite5_tour3,500,500,0.0100,5,3,3,2,4,True,0.0552,1,1,500,6375.20,0.00,0.0000
pop500_gen500_mut0.01_elite5_tour3,500,500,0.0100,5,3,3,2,5,True,0.0529,1,1,500,6375.20,0.00,0.0000
pop500_gen500_mut0.01_elite5_tour3,500,500,0.0100,5,3,3,2,6,True,0.0508,1,1,500,6375.20,0.00,0.0000
pop500_gen500_mut0.01_elite5_tour3,500,500,0.0100,5,3,3,2,7,True,0.1041,2,2,1000,6380.20,4683.40,-0.0020
pop500_gen500_mut0.01_elite5_tour3,500,500,0.0100,5,3,3,2,8,True,0.0522,1,1,500,6379.80,0.00,0.0000
pop500_gen500_mut0.01_elite5_tour3,500,500,0.0100,5,3,3,2,9,True,0.0540,1,1,500,6375.20,0.00,0.0000
pop500_gen500_mut0.01_elite5_tour3,500,500,0.0100,5,3,3,2,10,True,0.1042,2,2,1000,6380.20,4683.40,-0.0030
pop500_gen500_mut0.01_elite5_tour5,500,500,0.0100,5,5,3,2,1,True,0.0514,1,1,500,6375.20,0.00,0.0000
pop500_gen500_mut0.01_elite5_tour5,500,500,0.0100,5,5,3,2,2,True,0.0549,1,1,500,6375.20,0.00,0.0000
pop500_gen500_mut0.01_elite5_tour5,500,500,0.0100,5,5,3,2,3,True,0.0518,1,1,500,6375.20,0.00,0.0000
pop500_gen500_mut0.01_elite5_tour5,500,500,0.0100,5,5,3,2,4,True,0.0561,1,1,500,6379.80,0.00,0.0000
pop500_gen500_mut0.01_elite5_tour5,500,500,0.0100,5,5,3,2,5,True,0.0515,1,1,500,6379.80,0.00,0.0000
pop500_gen500_mut0.01_elite5_tour5,500,500,0.0100,5,5,3,2,6,True,0.0570,1,1,500,6375.20,0.00,0.0000
pop500_gen500_mut0.01_elite5_tour5,500,500,0.0100,5,5,3,2,7,True,0.0541,1,1,500,6375.20,0.00,0.0000
pop500_gen500_mut0.01_elite5_tour5,500,500,0.0100,5,5,3,2,8,True,0.0552,1,1,500,6375.20,0.00,0.0000
pop500_gen500_mut0.01_elite5_tour5,500,500,0.0100,5,5,3,2,9,True,0.0518,1,1,500,6375.20,0.00,0.0000
pop500_gen500_mut0.01_elite5_tour5,500,500,0.0100,5,5,3,2,10,True,0.0580,1,1,500,6379.80,0.00,0.0000
pop100_gen500_mut0.03_elite5_tour1,100,500,0.0300,5,1,3,2,1,True,0.0033,1,1,100,6375.20,0.00,0.0000
pop100_gen500_mut0.03_elite5_tour1,100,500,0.0300,5,1,3,2,2,True,0.0072,2,2,200,6380.20,4683.40,-0.0070
pop100_gen500_mut0.03_elite5_tour1,100,500,0.0300,5,1,3,2,3,True,0.0033,1,1,100,6375.20,0.00,0.0000
pop100_gen500_mut0.03_elite5_tour1,100,500,0.0300,5,1,3,2,4,True,0.0033,1,1,100,6375.20,0.00,0.0000
pop100_gen500_mut0.03_elite5_tour1,100,500,0.0300,5,1,3,2,5,True,0.0034,1,1,100,6379.80,0.00,0.0000
pop100_gen500_mut0.03_elite5_tour1,100,500,0.0300,5,1,3,2,6,True,0.0034,1,1,100,6375.20,0.00,0.0000
pop100_gen500_mut0.03_elite5_tour1,100,500,0.0300,5,1,3,2,7,True,0.0034,1,1,100,6375.20,0.00,0.0000
pop100_gen500_mut0.03_elite5_tour1,100,500,0.0300,5,1,3,2,8,True,0.0033,1,1,100,6375.20,0.00,0.0000
pop100_gen500_mut0.03_elite5_tour1,100,500,0.0300,5,1,3,2,9,True,0.0035,1,1,100,6379.80,0.00,0.0000
pop100_gen500_mut0.03_elite5_tour1,100,500,0.0300,5,1,3,2,10,True,0.0032,1,1,100,6375.20,0.00,0.0000
pop100_gen500_mut0.03_elite5_tour2,100,500,0.0300,5,2,3,2,1,True,0.0034,1,1,100,6379.80,0.00,0.0000
pop100_gen500_mut0.03_elite5_tour2,100,500,0.0300,5,2,3,2,2,True,0.0035,1,1,100,6375.20,0.00,0.0000
pop100_gen500_mut0.03_elite5_tour2,100,500,0.0300,5,2,3,2,3,True,0.0032,1,1,100,6375.20,0.00,0.0000
pop100_gen500_mut0.03_elite5_tour2,100,500,0.0300,5,2,3,2,4,True,0.0035,1,1,100,6375.20,0.00,0.0000
pop100_gen500_mut0.03_elite5_tour2,100,500,0.0300,5,2,3,2,5,True,0.0034,1,1,100,6375.20,0.00,0.0000
pop100_gen500_mut0.03_elite5_tour2,100,500,0.0300,5,2,3,2,6,True,0.0038,1,1,100,6375.20,0.00,0.0000
pop100_gen500_mut0.03_elite5_tour2,100,500,0.0300,5,2,3,2,7,True,0.0033,1,1,100,6375.20,0.00,0.0000
pop100_gen500_mut0.03_elite5_tour2,100,500,0.0300,5,2,3,2,8,True,0.0039,1,1,100,6379.80,0.00,0.0000
pop100_gen500_mut0.03_elite5_tour2,100,500,0.0300,5,2,3,2,9,True,0.0035,1,1,100,6379.80,0.00,0.0000
pop100_gen500_mut0.03_elite5_tour2,100,500,0.0300,5,2,3,2,10,True,0.0066,2,2,200,6380.20,4683.40,-0.0090
pop100_gen500_mut0.03_elite5_tour3,100,500,0.0300,5,3,3,2,1,True,0.0041,1,1,100,6375.20,0.00,0.0000
pop100_gen500_mut0.03_elite5_tour3,100,500,0.0300,5,3,3,2,2,True,0.0035,1,1,100,6375.20,0.00,0.0000
pop100_gen500_mut0.03_elite5_tour3,100,500,0.0300,5,3,3,2,3,True,0.0101,3,3,300,6380.20,4683.40,-0.0230
pop100_gen500_mut0.03_elite5_tour3,100,500,0.0300,5,3,3,2,4,True,0.0037,1,1,100,6375.20,0.00,0.0000
pop100_gen500_mut0.03_elite5_tour3,100,500,0.0300,5,3,3,2,5,True,0.0067,2,2,200,6380.20,4683.40,-0.0130
pop100_gen500_mut0.03_elite5_tour3,100,500,0.0300,5,3,3,2,6,True,0.0034,1,1,100,6375.20,0.00,0.0000
pop100_gen500_mut0.03_elite5_tour3,100,500,0.0300,5,3,3,2,7,True,0.0034,1,1,100,6379.80,0.00,0.0000
pop100_gen500_mut0.03_elite5_tour3,100,500,0.0300,5,3,3,2,8,True,0.0034,1,1,100,6379.80,0.00,0.0000
pop100_gen500_mut0.03_elite5_tour3,100,500,0.0300,5,3,3,2,9,True,0.0032,1,1,100,6375.20,0.00,0.0000
pop100_gen500_mut0.03_elite5_tour3,100,500,0.0300,5,3,3,2,10,True,0.0070,2,2,200,6380.20,4683.40,-0.0070
pop100_gen500_mut0.03_elite5_tour5,100,500,0.0300,5,5,3,2,1,True,0.0068,2,2,200,6380.20,4683.40,-0.0110
pop100_gen500_mut0.03_elite5_tour5,100,500,0.0300,5,5,3,2,2,True,0.0069,2,2,200,6380.20,4683.40,-0.0090
pop100_gen500_mut0.03_elite5_tour5,100,500,0.0300,5,5,3,2,3,True,0.0034,1,1,100,6379.80,0.00,0.0000
pop100_gen500_mut0.03_elite5_tour5,100,500,0.0300,5,5,3,2,4,True,0.0032,1,1,100,6375.20,0.00,0.0000
pop100_gen500_mut0.03_elite5_tour5,100,500,0.0300,5,5,3,2,5,True,0.0032,1,1,100,6375.20,0.00,0.0000
pop100_gen500_mut0.03_elite5_tour5,100,500,0.0300,5,5,3,2,6,True,0.0033,1,1,100,6375.20,0.00,0.0000
pop100_gen500_mut0.03_elite5_tour5,100,500,0.0300,5,5,3,2,7,True,0.0069,2,2,200,6380.20,4683.40,-0.0040
pop100_gen500_mut0.03_elite5_tour5,100,500,0.0300,5,5,3,2,8,True,0.0033,1,1,100,6375.20,0.00,0.0000
pop100_gen500_mut0.03_elite5_tour5,100,500,0.0300,5,5,3,2,9,True,0.0034,1,1,100,6375.20,0.00,0.0000
pop100_gen500_mut0.03_elite5_tour5,100,500,0.0300,5,5,3,2,10,True,0.0037,1,1,100,6375.20,0.00,0.0000
pop200_gen500_mut0.03_elite5_tour1,200,500,0.0300,5,1,3,2,1,True,0.0104,1,1,200,6379.80,0.00,0.0000
pop200_gen500_mut0.03_elite5_tour1,200,500,0.0300,5,1,3,2,2,True,0.0101,1,1,200,6375.20,0.00,0.0000
pop200_gen500_mut0.03_elite5_tour1,200,500,0.0300,5,1,3,2,3,True,0.0101,1,1,200,6375.20,0.00,0.0000
pop200_gen500_mut0.03_elite5_tour1,200,500,0.0300,5,1,3,2,4,True,0.0103,1,1,200,6379.80,0.00,0.0000
pop200_gen500_mut0.03_elite5_tour1,200,500,0.0300,5,1,3,2,5,True,0.0217,2,2,400,6380.20,4683.40,-0.0160
pop200_gen500_mut0.03_elite5_tour1,200,500,0.0300,5,1,3,2,6,True,0.0107,1,1,200,6375.20,0.00,0.0000
pop200_gen500_mut0.03_elite5_tour1,200,500,0.0300,5,1,3,2,7,True,0.0099,1,1,200,6375.20,0.00,0.0000
pop200_gen500_mut0.03_elite5_tour1,200,500,0.0300,5,1,3,2,8,True,0.0103,1,1,200,6375.20,0.00,0.0000
pop200_gen500_mut0.03_elite5_tour1,200,500,0.0300,5,1,3,2,9,True,0.0103,1,1,200,6375.20,0.00,0.0000
pop200_gen500_mut0.03_elite5_tour1,200,500,0.0300,5,1,3,2,10,True,0.0101,1,1,200,6375.20,0.00,0.0000
pop200_gen500_mut0.03_elite5_tour2,200,500,0.0300,5,2,3,2,1,True,0.0101,1,1,200,6379.80,0.00,0.0000
pop200_gen500_mut0.03_elite5_tour2,200,500,0.0300,5,2,3,2,2,True,0.0099,1,1,200,6375.20,0.00,0.0000
pop200_gen500_mut0.03_elite5_tour2,200,500,0.0300,5,2,3,2,3,True,0.0109,1,1,200,6375.20,0.00,0.0000
pop200_gen500_mut0.03_elite5_tour2,200,500,0.0300,5,2,3,2,4,True,0.0106,1,1,200,6379.80,0.00,0.0000
pop200_gen500_mut0.03_elite5_tour2,200,500,0.0300,5,2,3,2,5,True,0.0105,1,1,200,6375.20,0.00,0.0000
pop200_gen500_mut0.03_elite5_tour2,200,500,0.0300,5,2,3,2,6,True,0.0213,2,2,400,6380.20,4683.40,-0.0110
pop200_gen500_mut0.03_elite5_tour2,200,500,0.0300,5,2,3,2,7,True,0.0099,1,1,200,6375.20,0.00,0.0000
pop200_gen500_mut0.03_elite5_tour2,200,500,0.0300,5,2,3,2,8,True,0.0099,1,1,200,6375.20,0.00,0.0000
pop200_gen500_mut0.03_elite5_tour2,200,500,0.0300,5,2,3,2,9,True,0.0135,1,1,200,6375.20,0.00,0.0000
pop200_gen500_mut0.03_elite5_tour2,200,500,0.0300,5,2,3,2,10,True,0.0107,1,1,200,6375.20,0.00,0.0000
pop200_gen500_mut0.03_elite5_tour3,200,500,0.0300,5,3,3,2,1,True,0.0234,2,2,400,6380.20,4683.40,-0.0090
pop200_gen500_mut0.03_elite5_tour3,200,500,0.0300,5,3,3,2,2,True,0.0098,1,1,200,6375.20,0.00,0.0000
pop200_gen500_mut0.03_elite5_tour3,200,500,0.0300,5,3,3,2,3,True,0.0106,1,1,200,6375.20,0.00,0.0000
pop200_gen500_mut0.03_elite5_tour3,200,500,0.0300,5,3,3,2,4,True,0.0103,1,1,200,6375.20,0.00,0.0000
pop200_gen500_mut0.03_elite5_tour3,200,500,0.0300,5,3,3,2,5,True,0.0102,1,1,200,6375.20,0.00,0.0000
pop200_gen500_mut0.03_elite5_tour3,200,500,0.0300,5,3,3,2,6,True,0.0101,1,1,200,6375.20,0.00,0.0000
pop200_gen500_mut0.03_elite5_tour3,200,500,0.0300,5,3,3,2,7,True,0.0104,1,1,200,6375.20,0.00,0.0000
pop200_gen500_mut0.03_elite5_tour3,200,500,0.0300,5,3,3,2,8,True,0.0140,1,1,200,6379.80,0.00,0.0000
pop200_gen500_mut0.03_elite5_tour3,200,500,0.0300,5,3,3,2,9,True,0.0099,1,1,200,6375.20,0.00,0.0000
pop200_gen500_mut0.03_elite5_tour3,200,500,0.0300,5,3,3,2,10,True,0.0209,2,2,400,6380.20,4683.40,-0.0100
pop200_gen500_mut0.03_elite5_tour5,200,500,0.0300,5,5,3,2,1,True,0.0210,2,2,400,6380.20,4683.40,-0.0080
pop200_gen500_mut0.03_elite5_tour5,200,500,0.0300,5,5,3,2,2,True,0.0111,1,1,200,6379.80,0.00,0.0000
pop200_gen500_mut0.03_elite5_tour5,200,500,0.0300,5,5,3,2,3,True,0.0100,1,1,200,6375.20,0.00,0.0000
pop200_gen500_mut0.03_elite5_tour5,200,500,0.0300,5,5,3,2,4,True,0.0217,2,2,400,6380.20,4683.40,-0.0080
pop200_gen500_mut0.03_elite5_tour5,200,500,0.0300,5,5,3,2,5,True,0.0099,1,1,200,6375.20,0.00,0.0000
pop200_gen500_mut0.03_elite5_tour5,200,500,0.0300,5,5,3,2,6,True,0.0101,1,1,200,6375.20,0.00,0.0000
pop200_gen500_mut0.03_elite5_tour5,200,500,0.0300,5,5,3,2,7,True,0.0104,1,1,200,6375.20,0.00,0.0000
pop200_gen500_mut0.03_elite5_tour5,200,500,0.0300,5,5,3,2,8,True,0.0215,2,2,400,6380.20,4683.40,-0.0100
pop200_gen500_mut0.03_elite5_tour5,200,500,0.0300,5,5,3,2,9,True,0.0104,1,1,200,6379.80,0.00,0.0000
pop200_gen500_mut0.03_elite5_tour5,200,500,0.0300,5,5,3,2,10,True,0.0098,1,1,200,6375.20,0.00,0.0000
pop300_gen500_mut0.03_elite5_tour1,300,500,0.0300,5,1,3,2,1,True,0.0209,1,1,300,6379.80,0.00,0.0000
pop300_gen500_mut0.03_elite5_tour1,300,500,0.0300,5,1,3,2,2,True,0.0211,1,1,300,6379.80,0.00,0.0000
pop300_gen500_mut0.03_elite5_tour1,300,500,0.0300,5,1,3,2,3,True,0.0204,1,1,300,6375.20,0.00,0.0000
pop300_gen500_mut0.03_elite5_tour1,300,500,0.0300,5,1,3,2,4,True,0.0274,1,1,300,6375.20,0.00,0.0000
pop300_gen500_mut0.03_elite5_tour1,300,500,0.0300,5,1,3,2,5,True,0.0200,1,1,300,6375.20,0.00,0.0000
pop300_gen500_mut0.03_elite5_tour1,300,500,0.0300,5,1,3,2,6,True,0.0204,1,1,300,6379.80,0.00,0.0000
pop300_gen500_mut0.03_elite5_tour1,300,500,0.0300,5,1,3,2,7,True,0.0203,1,1,300,6375.20,0.00,0.0000
pop300_gen500_mut0.03_elite5_tour1,300,500,0.0300,5,1,3,2,8,True,0.0526,2,2,600,6380.20,4683.40,-0.0090
pop300_gen500_mut0.03_elite5_tour1,300,500,0.0300,5,1,3,2,9,True,0.0197,1,1,300,6375.20,0.00,0.0000
pop300_gen500_mut0.03_elite5_tour1,300,500,0.0300,5,1,3,2,10,True,0.0205,1,1,300,6379.80,0.00,0.0000
pop300_gen500_mut0.03_elite5_tour2,300,500,0.0300,5,2,3,2,1,True,0.0201,1,1,300,6375.20,0.00,0.0000
pop300_gen500_mut0.03_elite5_tour2,300,500,0.0300,5,2,3,2,2,True,0.0203,1,1,300,6375.20,0.00,0.0000
pop300_gen500_mut0.03_elite5_tour2,300,500,0.0300,5,2,3,2,3,True,0.0211,1,1,300,6379.80,0.00,0.0000
pop300_gen500_mut0.03_elite5_tour2,300,500,0.0300,5,2,3,2,4,True,0.0203,1,1,300,6375.20,0.00,0.0000
pop300_gen500_mut0.03_elite5_tour2,300,500,0.0300,5,2,3,2,5,True,0.0213,1,1,300,6379.80,0.00,0.0000
pop300_gen500_mut0.03_elite5_tour2,300,500,0.0300,5,2,3,2,6,True,0.0210,1,1,300,6375.20,0.00,0.0000
pop300_gen500_mut0.03_elite5_tour2,300,500,0.0300,5,2,3,2,7,True,0.0422,2,2,600,6380.20,4683.40,-0.0100
pop300_gen500_mut0.03_elite5_tour2,300,500,0.0300,5,2,3,2,8,True,0.0225,1,1,300,6375.20,0.00,0.0000
pop300_gen500_mut0.03_elite5_tour2,300,500,0.0300,5,2,3,2,9,True,0.0247,1,1,300,6375.20,0.00,0.0000
pop300_gen500_mut0.03_elite5_tour2,300,500,0.0300,5,2,3,2,10,True,0.0218,1,1,300,6379.80,0.00,0.0000
pop300_gen500_mut0.03_elite5_tour3,300,500,0.0300,5,3,3,2,1,True,0.0204,1,1,300,6375.20,0.00,0.0000
pop300_gen500_mut0.03_elite5_tour3,300,500,0.0300,5,3,3,2,2,True,0.0448,2,2,600,6380.20,4683.40,-0.0110
pop300_gen500_mut0.03_elite5_tour3,300,500,0.0300,5,3,3,2,3,True,0.0217,1,1,300,6375.20,0.00,0.0000
pop300_gen500_mut0.03_elite5_tour3,300,500,0.0300,5,3,3,2,4,True,0.0205,1,1,300,6375.20,0.00,0.0000
pop300_gen500_mut0.03_elite5_tour3,300,500,0.0300,5,3,3,2,5,True,0.0222,1,1,300,6375.20,0.00,0.0000
pop300_gen500_mut0.03_elite5_tour3,300,500,0.0300,5,3,3,2,6,True,0.0258,1,1,300,6375.20,0.00,0.0000
pop300_gen500_mut0.03_elite5_tour3,300,500,0.0300,5,3,3,2,7,True,0.0207,1,1,300,6379.80,0.00,0.0000
pop300_gen500_mut0.03_elite5_tour3,300,500,0.0300,5,3,3,2,8,True,0.0435,2,2,600,6380.20,4683.40,-0.0090
pop300_gen500_mut0.03_elite5_tour3,300,500,0.0300,5,3,3,2,9,True,0.0222,1,1,300,6375.20,0.00,0.0000
pop300_gen500_mut0.03_elite5_tour3,300,500,0.0300,5,3,3,2,10,True,0.0423,2,2,600,6380.20,4683.40,-0.0090
pop300_gen500_mut0.03_elite5_tour5,300,500,0.0300,5,5,3,2,1,True,0.0199,1,1,300,6375.20,0.00,0.0000
pop300_gen500_mut0.03_elite5_tour5,300,500,0.0300,5,5,3,2,2,True,0.0202,1,1,300,6375.20,0.00,0.0000
pop300_gen500_mut0.03_elite5_tour5,300,500,0.0300,5,5,3,2,3,True,0.0201,1,1,300,6375.20,0.00,0.0000
pop300_gen500_mut0.03_elite5_tour5,300,500,0.0300,5,5,3,2,4,True,0.0266,1,1,300,6379.80,0.00,0.0000
pop300_gen500_mut0.03_elite5_tour5,300,500,0.0300,5,5,3,2,5,True,0.0204,1,1,300,6375.20,0.00,0.0000
pop300_gen500_mut0.03_elite5_tour5,300,500,0.0300,5,5,3,2,6,True,0.0262,1,1,300,6375.20,0.00,0.0000
pop300_gen500_mut0.03_elite5_tour5,300,500,0.0300,5,5,3,2,7,True,0.0295,1,1,300,6375.20,0.00,0.0000
pop300_gen500_mut0.03_elite5_tour5,300,500,0.0300,5,5,3,2,8,True,0.0234,1,1,300,6375.20,0.00,0.0000
pop300_gen500_mut0.03_elite5_tour5,300,500,0.0300,5,5,3,2,9,True,0.0416,2,2,600,6380.20,4683.40,-0.0070
pop300_gen500_mut0.03_elite5_tour5,300,500,0.0300,5,5,3,2,10,True,0.0419,2,2,600,6380.20,4683.40,-0.0090
pop500_gen500_mut0.03_elite5_tour1,500,500,0.0300,5,1,3,2,1,True,0.0536,1,1,500,6379.80,0.00,0.0000
pop500_gen500_mut0.03_elite5_tour1,500,500,0.0300,5,1,3,2,2,True,0.0511,1,1,500,6375.20,0.00,0.0000
pop500_gen500_mut0.03_elite5_tour1,500,500,0.0300,5,1,3,2,3,True,0.1079,2,2,1000,6380.20,4683.40,-0.0120
pop500_gen500_mut0.03_elite5_tour1,500,500,0.0300,5,1,3,2,4,True,0.1097,2,2,1000,6380.20,4683.40,-0.0080
pop500_gen500_mut0.03_elite5_tour1,500,500,0.0300,5,1,3,2,5,True,0.1034,2,2,1000,6380.20,4683.40,-0.0100
pop500_gen500_mut0.03_elite5_tour1,500,500,0.0300,5,1,3,2,6,True,0.0533,1,1,500,6379.80,0.00,0.0000
pop500_gen500_mut0.03_elite5_tour1,500,500,0.0300,5,1,3,2,7,True,0.0521,1,1,500,6379.80,0.00,0.0000
pop500_gen500_mut0.03_elite5_tour1,500,500,0.0300,5,1,3,2,8,True,0.0532,1,1,500,6379.80,0.00,0.0000
pop500_gen500_mut0.03_elite5_tour1,500,500,0.0300,5,1,3,2,9,True,0.0518,1,1,500,6379.80,0.00,0.0000
pop500_gen500_mut0.03_elite5_tour1,500,500,0.0300,5,1,3,2,10,True,0.0544,1,1,500,6375.20,0.00,0.0000
pop500_gen500_mut0.03_elite5_tour2,500,500,0.0300,5,2,3,2,1,True,0.1089,2,2,1000,6380.20,4683.40,-0.0100
pop500_gen500_mut0.03_elite5_tour2,500,500,0.0300,5,2,3,2,2,True,0.0563,1,1,500,6375.20,0.00,0.0000
pop500_gen500_mut0.03_elite5_tour2,500,500,0.0300,5,2,3,2,3,True,0.0617,1,1,500,6379.80,0.00,0.0000
pop500_gen500_mut0.03_elite5_tour2,500,500,0.0300,5,2,3,2,4,True,0.0518,1,1,500,6379.80,0.00,0.0000
pop500_gen500_mut0.03_elite5_tour2,500,500,0.0300,5,2,3,2,5,True,0.0519,1,1,500,6379.80,0.00,0.0000
pop500_gen500_mut0.03_elite5_tour2,500,500,0.0300,5,2,3,2,6,True,0.0549,1,1,500,6375.20,0.00,0.0000
pop500_gen500_mut0.03_elite5_tour2,500,500,0.0300,5,2,3,2,7,True,0.0510,1,1,500,6375.20,0.00,0.0000
pop500_gen500_mut0.03_elite5_tour2,500,500,0.0300,5,2,3,2,8,True,0.0636,1,1,500,6375.20,0.00,0.0000
pop500_gen500_mut0.03_elite5_tour2,500,500,0.0300,5,2,3,2,9,True,0.0512,1,1,500,6375.20,0.00,0.0000
pop500_gen500_mut0.03_elite5_tour2,500,500,0.0300,5,2,3,2,10,True,0.0507,1,1,500,6375.20,0.00,0.0000
pop500_gen500_mut0.03_elite5_tour3,500,500,0.0300,5,3,3,2,1,True,0.0519,1,1,500,6379.80,0.00,0.0000
pop500_gen500_mut0.03_elite5_tour3,500,500,0.0300,5,3,3,2,2,True,0.0505,1,1,500,6375.20,0.00,0.0000
pop500_gen500_mut0.03_elite5_tour3,500,500,0.0300,5,3,3,2,3,True,0.1052,2,2,1000,6380.20,4683.40,-0.0060
pop500_gen500_mut0.03_elite5_tour3,500,500,0.0300,5,3,3,2,4,True,0.0518,1,1,500,6379.80,0.00,0.0000
pop500_gen500_mut0.03_elite5_tour3,500,500,0.0300,5,3,3,2,5,True,0.0517,1,1,500,6379.80,0.00,0.0000
pop500_gen500_mut0.03_elite5_tour3,500,500,0.0300,5,3,3,2,6,True,0.0508,1,1,500,6375.20,0.00,0.0000
pop500_gen500_mut0.03_elite5_tour3,500,500,0.0300,5,3,3,2,7,True,0.0517,1,1,500,6375.20,0.00,0.0000
pop500_gen500_mut0.03_elite5_tour3,500,500,0.0300,5,3,3,2,8,True,0.1113,2,2,1000,6380.20,4683.40,-0.0100
pop500_gen500_mut0.03_elite5_tour3,500,500,0.0300,5,3,3,2,9,True,0.0524,1,1,500,6375.20,0.00,0.0000
pop500_gen500_mut0.03_elite5_tour3,500,500,0.0300,5,3,3,2,10,True,0.0509,1,1,500,6379.80,0.00,0.0000
pop500_gen500_mut0.03_elite5_tour5,500,500,0.0300,5,5,3,2,1,True,0.0500,1,1,500,6375.20,0.00,0.0000
pop500_gen500_mut0.03_elite5_tour5,500,500,0.0300,5,5,3,2,2,True,0.0519,1,1,500,6375.20,0.00,0.0000
pop500_gen500_mut0.03_elite5_tour5,500,500,0.0300,5,5,3,2,3,True,0.0528,1,1,500,6375.20,0.00,0.0000
pop500_gen500_mut0.03_elite5_tour5,500,500,0.0300,5,5,3,2,4,True,0.0535,1,1,500,6375.20,0.00,0.0000
pop500_gen500_mut0.03_elite5_tour5,500,500,0.0300,5,5,3,2,5,True,0.0548,1,1,500,6375.20,0.00,0.0000
pop500_gen500_mut0.03_elite5_tour5,500,500,0.0300,5,5,3,2,6,True,0.0519,1,1,500,6379.80,0.00,0.0000
pop500_gen500_mut0.03_elite5_tour5,500,500,0.0300,5,5,3,2,7,True,0.0521,1,1,500,6375.20,0.00,0.0000
pop500_gen500_mut0.03_elite5_tour5,500,500,0.0300,5,5,3,2,8,True,0.0620,1,1,500,6379.80,0.00,0.0000
pop500_gen500_mut0.03_elite5_tour5,500,500,0.0300,5,5,3,2,9,True,0.0517,1,1,500,6375.20,0.00,0.0000
pop500_gen500_mut0.03_elite5_tour5,500,500,0.0300,5,5,3,2,10,True,0.0632,1,1,500,6379.80,0.00,0.0000
pop100_gen500_mut0.05_elite5_tour1,100,500,0.0500,5,1,3,2,1,True,0.0067,2,2,200,6380.20,4683.40,-0.0190
pop100_gen500_mut0.05_elite5_tour1,100,500,0.0500,5,1,3,2,2,True,0.0034,1,1,100,6379.80,0.00,0.0000
pop100_gen500_mut0.05_elite5_tour1,100,500,0.0500,5,1,3,2,3,True,0.0033,1,1,100,6375.20,0.00,0.0000
pop100_gen500_mut0.05_elite5_tour1,100,500,0.0500,5,1,3,2,4,True,0.0031,1,1,100,6375.20,0.00,0.0000
pop100_gen500_mut0.05_elite5_tour1,100,500,0.0500,5,1,3,2,5,True,0.0033,1,1,100,6375.20,0.00,0.0000
pop100_gen500_mut0.05_elite5_tour1,100,500,0.0500,5,1,3,2,6,True,0.0036,1,1,100,6375.20,0.00,0.0000
pop100_gen500_mut0.05_elite5_tour1,100,500,0.0500,5,1,3,2,7,True,0.0067,2,2,200,6380.20,4683.40,-0.0130
pop100_gen500_mut0.05_elite5_tour1,100,500,0.0500,5,1,3,2,8,True,0.0033,1,1,100,6375.20,0.00,0.0000
pop100_gen500_mut0.05_elite5_tour1,100,500,0.0500,5,1,3,2,9,True,0.0033,1,1,100,6375.20,0.00,0.0000
pop100_gen500_mut0.05_elite5_tour1,100,500,0.0500,5,1,3,2,10,True,0.0039,1,1,100,6375.20,0.00,0.0000
pop100_gen500_mut0.05_elite5_tour2,100,500,0.0500,5,2,3,2,1,True,0.0071,2,2,200,6380.20,4683.40,-0.0150
pop100_gen500_mut0.05_elite5_tour2,100,500,0.0500,5,2,3,2,2,True,0.0032,1,1,100,6375.20,0.00,0.0000
pop100_gen500_mut0.05_elite5_tour2,100,500,0.0500,5,2,3,2,3,True,0.0034,1,1,100,6379.80,0.00,0.0000
pop100_gen500_mut0.05_elite5_tour2,100,500,0.0500,5,2,3,2,4,True,0.0067,2,2,200,6380.20,4683.40,-0.0150
pop100_gen500_mut0.05_elite5_tour2,100,500,0.0500,5,2,3,2,5,True,0.0032,1,1,100,6375.20,0.00,0.0000
pop100_gen500_mut0.05_elite5_tour2,100,500,0.0500,5,2,3,2,6,True,0.0068,2,2,200,6380.20,4683.40,-0.0170
pop100_gen500_mut0.05_elite5_tour2,100,500,0.0500,5,2,3,2,7,True,0.0033,1,1,100,6375.20,0.00,0.0000
pop100_gen500_mut0.05_elite5_tour2,100,500,0.0500,5,2,3,2,8,True,0.0033,1,1,100,6375.20,0.00,0.0000
pop100_gen500_mut0.05_elite5_tour2,100,500,0.0500,5,2,3,2,9,True,0.0032,1,1,100,6375.20,0.00,0.0000
pop100_gen500_mut0.05_elite5_tour2,100,500,0.0500,5,2,3,2,10,True,0.0034,1,1,100,6375.20,0.00,0.0000
pop100_gen500_mut0.05_elite5_tour3,100,500,0.0500,5,3,3,2,1,True,0.0033,1,1,100,6375.20,0.00,0.0000
pop100_gen500_mut0.05_elite5_tour3,100,500,0.0500,5,3,3,2,2,True,0.0034,1,1,100,6375.20,0.00,0.0000
pop100_gen500_mut0.05_elite5_tour3,100,500,0.0500,5,3,3,2,3,True,0.0033,1,1,100,6375.20,0.00,0.0000
pop100_gen500_mut0.05_elite5_tour3,100,500,0.0500,5,3,3,2,4,True,0.0068,2,2,200,6380.20,4683.40,-0.0220
pop100_gen500_mut0.05_elite5_tour3,100,500,0.0500,5,3,3,2,5,True,0.0035,1,1,100,6379.80,0.00,0.0000
pop100_gen500_mut0.05_elite5_tour3,100,500,0.0500,5,3,3,2,6,True,0.0036,1,1,100,6375.20,0.00,0.0000
pop100_gen500_mut0.05_elite5_tour3,100,500,0.0500,5,3,3,2,7,True,0.0033,1,1,100,6375.20,0.00,0.0000
pop100_gen500_mut0.05_elite5_tour3,100,500,0.0500,5,3,3,2,8,True,0.0033,1,1,100,6375.20,0.00,0.0000
pop100_gen500_mut0.05_elite5_tour3,100,500,0.0500,5,3,3,2,9,True,0.0033,1,1,100,6375.20,0.00,0.0000
pop100_gen500_mut0.05_elite5_tour3,100,500,0.0500,5,3,3,2,10,True,0.0035,1,1,100,6379.80,0.00,0.0000
pop100_gen500_mut0.05_elite5_tour5,100,500,0.0500,5,5,3,2,1,True,0.0034,1,1,100,6375.20,0.00,0.0000
pop100_gen500_mut0.05_elite5_tour5,100,500,0.0500,5,5,3,2,2,True,0.0068,2,2,200,6380.20,4683.40,-0.0130
pop100_gen500_mut0.05_elite5_tour5,100,500,0.0500,5,5,3,2,3,True,0.0070,2,2,200,6380.20,4683.40,-0.0130
pop100_gen500_mut0.05_elite5_tour5,100,500,0.0500,5,5,3,2,4,True,0.0033,1,1,100,6375.20,0.00,0.0000
pop100_gen500_mut0.05_elite5_tour5,100,500,0.0500,5,5,3,2,5,True,0.0033,1,1,100,6375.20,0.00,0.0000
pop100_gen500_mut0.05_elite5_tour5,100,500,0.0500,5,5,3,2,6,True,0.0033,1,1,100,6375.20,0.00,0.0000
pop100_gen500_mut0.05_elite5_tour5,100,500,0.0500,5,5,3,2,7,True,0.0034,1,1,100,6375.20,0.00,0.0000
pop100_gen500_mut0.05_elite5_tour5,100,500,0.0500,5,5,3,2,8,True,0.0033,1,1,100,6375.20,0.00,0.0000
pop100_gen500_mut0.05_elite5_tour5,100,500,0.0500,5,5,3,2,9,True,0.0033,1,1,100,6375.20,0.00,0.0000
pop100_gen500_mut0.05_elite5_tour5,100,500,0.0500,5,5,3,2,10,True,0.0033,1,1,100,6375.20,0.00,0.0000
pop200_gen500_mut0.05_elite5_tour1,200,500,0.0500,5,1,3,2,1,True,0.0211,2,2,400,6380.20,4683.40,-0.0120
pop200_gen500_mut0.05_elite5_tour1,200,500,0.0500,5,1,3,2,2,True,0.0097,1,1,200,6375.20,0.00,0.0000
pop200_gen500_mut0.05_elite5_tour1,200,500,0.0500,5,1,3,2,3,True,0.0104,1,1,200,6375.20,0.00,0.0000
pop200_gen500_mut0.05_elite5_tour1,200,500,0.0500,5,1,3,2,4,True,0.0099,1,1,200,6375.20,0.00,0.0000
pop200_gen500_mut0.05_elite5_tour1,200,500,0.0500,5,1,3,2,5,True,0.0098,1,1,200,6375.20,0.00,0.0000
pop200_gen500_mut0.05_elite5_tour1,200,500,0.0500,5,1,3,2,6,True,0.0117,1,1,200,6379.80,0.00,0.0000
pop200_gen500_mut0.05_elite5_tour1,200,500,0.0500,5,1,3,2,7,True,0.0106,1,1,200,6379.80,0.00,0.0000
pop200_gen500_mut0.05_elite5_tour1,200,500,0.0500,5,1,3,2,8,True,0.0117,1,1,200,6375.20,0.00,0.0000
pop200_gen500_mut0.05_elite5_tour1,200,500,0.0500,5,1,3,2,9,True,0.0134,1,1,200,6375.20,0.00,0.0000
pop200_gen500_mut0.05_elite5_tour1,200,500,0.0500,5,1,3,2,10,True,0.0106,1,1,200,6379.80,0.00,0.0000
pop200_gen500_mut0.05_elite5_tour2,200,500,0.0500,5,2,3,2,1,True,0.0107,1,1,200,6379.80,0.00,0.0000
pop200_gen500_mut0.05_elite5_tour2,200,500,0.0500,5,2,3,2,2,True,0.0098,1,1,200,6375.20,0.00,0.0000
pop200_gen500_mut0.05_elite5_tour2,200,500,0.0500,5,2,3,2,3,True,0.0212,2,2,400,6380.20,4683.40,-0.0160
pop200_gen500_mut0.05_elite5_tour2,200,500,0.0500,5,2,3,2,4,True,0.0119,1,1,200,6375.20,0.00,0.0000
pop200_gen500_mut0.05_elite5_tour2,200,500,0.0500,5,2,3,2,5,True,0.0103,1,1,200,6375.20,0.00,0.0000
pop200_gen500_mut0.05_elite5_tour2,200,500,0.0500,5,2,3,2,6,True,0.0106,1,1,200,6375.20,0.00,0.0000
pop200_gen500_mut0.05_elite5_tour2,200,500,0.0500,5,2,3,2,7,True,0.0108,1,1,200,6379.80,0.00,0.0000
pop200_gen500_mut0.05_elite5_tour2,200,500,0.0500,5,2,3,2,8,True,0.0209,2,2,400,6380.20,4683.40,-0.0130
pop200_gen500_mut0.05_elite5_tour2,200,500,0.0500,5,2,3,2,9,True,0.0207,2,2,400,6380.20,4683.40,-0.0080
pop200_gen500_mut0.05_elite5_tour2,200,500,0.0500,5,2,3,2,10,True,0.0098,1,1,200,6375.20,0.00,0.0000
pop200_gen500_mut0.05_elite5_tour3,200,500,0.0500,5,3,3,2,1,True,0.0103,1,1,200,6379.80,0.00,0.0000
pop200_gen500_mut0.05_elite5_tour3,200,500,0.0500,5,3,3,2,2,True,0.0102,1,1,200,6375.20,0.00,0.0000
pop200_gen500_mut0.05_elite5_tour3,200,500,0.0500,5,3,3,2,3,True,0.0208,2,2,400,6380.20,4683.40,-0.0180
pop200_gen500_mut0.05_elite5_tour3,200,500,0.0500,5,3,3,2,4,True,0.0202,2,2,400,6380.20,4683.40,-0.0170
pop200_gen500_mut0.05_elite5_tour3,200,500,0.0500,5,3,3,2,5,True,0.0102,1,1,200,6379.80,0.00,0.0000
pop200_gen500_mut0.05_elite5_tour3,200,500,0.0500,5,3,3,2,6,True,0.0203,2,2,400,6380.20,4683.40,-0.0210
pop200_gen500_mut0.05_elite5_tour3,200,500,0.0500,5,3,3,2,7,True,0.0110,1,1,200,6375.20,0.00,0.0000
pop200_gen500_mut0.05_elite5_tour3,200,500,0.0500,5,3,3,2,8,True,0.0109,1,1,200,6375.20,0.00,0.0000
pop200_gen500_mut0.05_elite5_tour3,200,500,0.0500,5,3,3,2,9,True,0.0116,1,1,200,6375.20,0.00,0.0000
pop200_gen500_mut0.05_elite5_tour3,200,500,0.0500,5,3,3,2,10,True,0.0103,1,1,200,6379.80,0.00,0.0000
pop200_gen500_mut0.05_elite5_tour5,200,500,0.0500,5,5,3,2,1,True,0.0118,1,1,200,6375.20,0.00,0.0000
pop200_gen500_mut0.05_elite5_tour5,200,500,0.0500,5,5,3,2,2,True,0.0101,1,1,200,6375.20,0.00,0.0000
pop200_gen500_mut0.05_elite5_tour5,200,500,0.0500,5,5,3,2,3,True,0.0102,1,1,200,6379.80,0.00,0.0000
pop200_gen500_mut0.05_elite5_tour5,200,500,0.0500,5,5,3,2,4,True,0.0210,2,2,400,6380.20,4683.40,-0.0210
pop200_gen500_mut0.05_elite5_tour5,200,500,0.0500,5,5,3,2,5,True,0.0227,2,2,400,6380.20,4683.40,-0.0180
pop200_gen500_mut0.05_elite5_tour5,200,500,0.0500,5,5,3,2,6,True,0.0105,1,1,200,6375.20,0.00,0.0000
pop200_gen500_mut0.05_elite5_tour5,200,500,0.0500,5,5,3,2,7,True,0.0101,1,1,200,6375.20,0.00,0.0000
pop200_gen500_mut0.05_elite5_tour5,200,500,0.0500,5,5,3,2,8,True,0.0107,1,1,200,6375.20,0.00,0.0000
pop200_gen500_mut0.05_elite5_tour5,200,500,0.0500,5,5,3,2,9,True,0.0100,1,1,200,6375.20,0.00,0.0000
pop200_gen500_mut0.05_elite5_tour5,200,500,0.0500,5,5,3,2,10,True,0.0102,1,1,200,6375.20,0.00,0.0000
pop300_gen500_mut0.05_elite5_tour1,300,500,0.0500,5,1,3,2,1,True,0.0232,1,1,300,6375.20,0.00,0.0000
pop300_gen500_mut0.05_elite5_tour1,300,500,0.0500,5,1,3,2,2,True,0.0213,1,1,300,6375.20,0.00,0.0000
pop300_gen500_mut0.05_elite5_tour1,300,500,0.0500,5,1,3,2,3,True,0.0200,1,1,300,6375.20,0.00,0.0000
pop300_gen500_mut0.05_elite5_tour1,300,500,0.0500,5,1,3,2,4,True,0.0207,1,1,300,6379.80,0.00,0.0000
pop300_gen500_mut0.05_elite5_tour1,300,500,0.0500,5,1,3,2,5,True,0.0207,1,1,300,6375.20,0.00,0.0000
pop300_gen500_mut0.05_elite5_tour1,300,500,0.0500,5,1,3,2,6,True,0.0204,1,1,300,6375.20,0.00,0.0000
pop300_gen500_mut0.05_elite5_tour1,300,500,0.0500,5,1,3,2,7,True,0.0247,1,1,300,6375.20,0.00,0.0000
pop300_gen500_mut0.05_elite5_tour1,300,500,0.0500,5,1,3,2,8,True,0.0200,1,1,300,6375.20,0.00,0.0000
pop300_gen500_mut0.05_elite5_tour1,300,500,0.0500,5,1,3,2,9,True,0.0202,1,1,300,6375.20,0.00,0.0000
pop300_gen500_mut0.05_elite5_tour1,300,500,0.0500,5,1,3,2,10,True,0.0205,1,1,300,6375.20,0.00,0.0000
pop300_gen500_mut0.05_elite5_tour2,300,500,0.0500,5,2,3,2,1,True,0.0209,1,1,300,6375.20,0.00,0.0000
pop300_gen500_mut0.05_elite5_tour2,300,500,0.0500,5,2,3,2,2,True,0.0203,1,1,300,6379.80,0.00,0.0000
pop300_gen500_mut0.05_elite5_tour2,300,500,0.0500,5,2,3,2,3,True,0.0211,1,1,300,6375.20,0.00,0.0000
pop300_gen500_mut0.05_elite5_tour2,300,500,0.0500,5,2,3,2,4,True,0.0198,1,1,300,6375.20,0.00,0.0000
pop300_gen500_mut0.05_elite5_tour2,300,500,0.0500,5,2,3,2,5,True,0.0203,1,1,300,6375.20,0.00,0.0000
pop300_gen500_mut0.05_elite5_tour2,300,500,0.0500,5,2,3,2,6,True,0.0229,1,1,300,6375.20,0.00,0.0000
pop300_gen500_mut0.05_elite5_tour2,300,500,0.0500,5,2,3,2,7,True,0.0205,1,1,300,6379.80,0.00,0.0000
pop300_gen500_mut0.05_elite5_tour2,300,500,0.0500,5,2,3,2,8,True,0.0198,1,1,300,6375.20,0.00,0.0000
pop300_gen500_mut0.05_elite5_tour2,300,500,0.0500,5,2,3,2,9,True,0.0203,1,1,300,6375.20,0.00,0.0000
pop300_gen500_mut0.05_elite5_tour2,300,500,0.0500,5,2,3,2,10,True,0.0446,2,2,600,6380.20,4683.40,-0.0180
pop300_gen500_mut0.05_elite5_tour3,300,500,0.0500,5,3,3,2,1,True,0.0202,1,1,300,6375.20,0.00,0.0000
pop300_gen500_mut0.05_elite5_tour3,300,500,0.0500,5,3,3,2,2,True,0.0199,1,1,300,6375.20,0.00,0.0000
pop300_gen500_mut0.05_elite5_tour3,300,500,0.0500,5,3,3,2,3,True,0.0209,1,1,300,6379.80,0.00,0.0000
pop300_gen500_mut0.05_elite5_tour3,300,500,0.0500,5,3,3,2,4,True,0.0208,1,1,300,6379.80,0.00,0.0000
pop300_gen500_mut0.05_elite5_tour3,300,500,0.0500,5,3,3,2,5,True,0.0203,1,1,300,6379.80,0.00,0.0000
pop300_gen500_mut0.05_elite5_tour3,300,500,0.0500,5,3,3,2,6,True,0.0219,1,1,300,6375.20,0.00,0.0000
pop300_gen500_mut0.05_elite5_tour3,300,500,0.0500,5,3,3,2,7,True,0.0203,1,1,300,6375.20,0.00,0.0000
pop300_gen500_mut0.05_elite5_tour3,300,500,0.0500,5,3,3,2,8,True,0.0210,1,1,300,6375.20,0.00,0.0000
pop300_gen500_mut0.05_elite5_tour3,300,500,0.0500,5,3,3,2,9,True,0.0422,2,2,600,6380.20,4683.40,-0.0200
pop300_gen500_mut0.05_elite5_tour3,300,500,0.0500,5,3,3,2,10,True,0.0206,1,1,300,6379.80,0.00,0.0000
pop300_gen500_mut0.05_elite5_tour5,300,500,0.0500,5,5,3,2,1,True,0.0200,1,1,300,6375.20,0.00,0.0000
pop300_gen500_mut0.05_elite5_tour5,300,500,0.0500,5,5,3,2,2,True,0.0263,1,1,300,6375.20,0.00,0.0000
pop300_gen500_mut0.05_elite5_tour5,300,500,0.0500,5,5,3,2,3,True,0.0449,2,2,600,6380.20,4683.40,-0.0090
pop300_gen500_mut0.05_elite5_tour5,300,500,0.0500,5,5,3,2,4,True,0.0205,1,1,300,6375.20,0.00,0.0000
pop300_gen500_mut0.05_elite5_tour5,300,500,0.0500,5,5,3,2,5,True,0.0222,1,1,300,6379.80,0.00,0.0000
pop300_gen500_mut0.05_elite5_tour5,300,500,0.0500,5,5,3,2,6,True,0.0216,1,1,300,6375.20,0.00,0.0000
pop300_gen500_mut0.05_elite5_tour5,300,500,0.0500,5,5,3,2,7,True,0.0244,1,1,300,6375.20,0.00,0.0000
pop300_gen500_mut0.05_elite5_tour5,300,500,0.0500,5,5,3,2,8,True,0.0467,2,2,600,6380.20,4683.40,-0.0130
pop300_gen500_mut0.05_elite5_tour5,300,500,0.0500,5,5,3,2,9,True,0.0206,1,1,300,6375.20,0.00,0.0000
pop300_gen500_mut0.05_elite5_tour5,300,500,0.0500,5,5,3,2,10,True,0.0422,2,2,600,6384.80,4688.00,-0.0160
pop500_gen500_mut0.05_elite5_tour1,500,500,0.0500,5,1,3,2,1,True,0.0528,1,1,500,6375.20,0.00,0.0000
pop500_gen500_mut0.05_elite5_tour1,500,500,0.0500,5,1,3,2,2,True,0.0548,1,1,500,6375.20,0.00,0.0000
pop500_gen500_mut0.05_elite5_tour1,500,500,0.0500,5,1,3,2,3,True,0.0514,1,1,500,6375.20,0.00,0.0000
pop500_gen500_mut0.05_elite5_tour1,500,500,0.0500,5,1,3,2,4,True,0.0553,1,1,500,6379.80,0.00,0.0000
pop500_gen500_mut0.05_elite5_tour1,500,500,0.0500,5,1,3,2,5,True,0.0561,1,1,500,6375.20,0.00,0.0000
pop500_gen500_mut0.05_elite5_tour1,500,500,0.0500,5,1,3,2,6,True,0.0557,1,1,500,6375.20,0.00,0.0000
pop500_gen500_mut0.05_elite5_tour1,500,500,0.0500,5,1,3,2,7,True,0.1158,2,2,1000,6380.20,4683.40,-0.0170
pop500_gen500_mut0.05_elite5_tour1,500,500,0.0500,5,1,3,2,8,True,0.0567,1,1,500,6379.80,0.00,0.0000
pop500_gen500_mut0.05_elite5_tour1,500,500,0.0500,5,1,3,2,9,True,0.0521,1,1,500,6375.20,0.00,0.0000
pop500_gen500_mut0.05_elite5_tour1,500,500,0.0500,5,1,3,2,10,True,0.0537,1,1,500,6379.80,0.00,0.0000
pop500_gen500_mut0.05_elite5_tour2,500,500,0.0500,5,2,3,2,1,True,0.0541,1,1,500,6375.20,0.00,0.0000
pop500_gen500_mut0.05_elite5_tour2,500,500,0.0500,5,2,3,2,2,True,0.0510,1,1,500,6375.20,0.00,0.0000
pop500_gen500_mut0.05_elite5_tour2,500,500,0.0500,5,2,3,2,3,True,0.0509,1,1,500,6375.20,0.00,0.0000
pop500_gen500_mut0.05_elite5_tour2,500,500,0.0500,5,2,3,2,4,True,0.0516,1,1,500,6379.80,0.00,0.0000
pop500_gen500_mut0.05_elite5_tour2,500,500,0.0500,5,2,3,2,5,True,0.0502,1,1,500,6375.20,0.00,0.0000
pop500_gen500_mut0.05_elite5_tour2,500,500,0.0500,5,2,3,2,6,True,0.0524,1,1,500,6375.20,0.00,0.0000
pop500_gen500_mut0.05_elite5_tour2,500,500,0.0500,5,2,3,2,7,True,0.0519,1,1,500,6379.80,0.00,0.0000
pop500_gen500_mut0.05_elite5_tour2,500,500,0.0500,5,2,3,2,8,True,0.0515,1,1,500,6375.20,0.00,0.0000
pop500_gen500_mut0.05_elite5_tour2,500,500,0.0500,5,2,3,2,9,True,0.0517,1,1,500,6375.20,0.00,0.0000
pop500_gen500_mut0.05_elite5_tour2,500,500,0.0500,5,2,3,2,10,True,0.0544,1,1,500,6375.20,0.00,0.0000
pop500_gen500_mut0.05_elite5_tour3,500,500,0.0500,5,3,3,2,1,True,0.0509,1,1,500,6375.20,0.00,0.0000
pop500_gen500_mut0.05_elite5_tour3,500,500,0.0500,5,3,3,2,2,True,0.0515,1,1,500,6375.20,0.00,0.0000
pop500_gen500_mut0.05_elite5_tour3,500,500,0.0500,5,3,3,2,3,True,0.1187,2,2,1000,6380.20,4683.40,-0.0130
pop500_gen500_mut0.05_elite5_tour3,500,500,0.0500,5,3,3,2,4,True,0.0506,1,1,500,6375.20,0.00,0.0000
pop500_gen500_mut0.05_elite5_tour3,500,500,0.0500,5,3,3,2,5,True,0.0545,1,1,500,6375.20,0.00,0.0000
pop500_gen500_mut0.05_elite5_tour3,500,500,0.0500,5,3,3,2,6,True,0.0514,1,1,500,6375.20,0.00,0.0000
pop500_gen500_mut0.05_elite5_tour3,500,500,0.0500,5,3,3,2,7,True,0.0545,1,1,500,6379.80,0.00,0.0000
pop500_gen500_mut0.05_elite5_tour3,500,500,0.0500,5,3,3,2,8,True,0.0529,1,1,500,6375.20,0.00,0.0000
pop500_gen500_mut0.05_elite5_tour3,500,500,0.0500,5,3,3,2,9,True,0.0543,1,1,500,6375.20,0.00,0.0000
pop500_gen500_mut0.05_elite5_tour3,500,500,0.0500,5,3,3,2,10,True,0.1111,2,2,1000,6380.20,4683.40,-0.0160
pop500_gen500_mut0.05_elite5_tour5,500,500,0.0500,5,5,3,2,1,True,0.0538,1,1,500,6375.20,0.00,0.0000
pop500_gen500_mut0.05_elite5_tour5,500,500,0.0500,5,5,3,2,2,True,0.0525,1,1,500,6379.80,0.00,0.0000
pop500_gen500_mut0.05_elite5_tour5,500,500,0.0500,5,5,3,2,3,True,0.0516,1,1,500,6375.20,0.00,0.0000
pop500_gen500_mut0.05_elite5_tour5,500,500,0.0500,5,5,3,2,4,True,0.0507,1,1,500,6375.20,0.00,0.0000
pop500_gen500_mut0.05_elite5_tour5,500,500,0.0500,5,5,3,2,5,True,0.0505,1,1,500,6375.20,0.00,0.0000
pop500_gen500_mut0.05_elite5_tour5,500,500,0.0500,5,5,3,2,6,True,0.1053,2,2,1000,6380.20,4683.40,-0.0110
pop500_gen500_mut0.05_elite5_tour5,500,500,0.0500,5,5,3,2,7,True,0.0531,1,1,500,6375.20,0.00,0.0000
pop500_gen500_mut0.05_elite5_tour5,500,500,0.0500,5,5,3,2,8,True,0.0555,1,1,500,6375.20,0.00,0.0000
pop500_gen500_mut0.05_elite5_tour5,500,500,0.0500,5,5,3,2,9,True,0.0533,1,1,500,6375.20,0.00,0.0000
pop500_gen500_mut0.05_elite5_tour5,500,500,0.0500,5,5,3,2,10,True,0.0535,1,1,500,6379.80,0.00,0.0000
pop100_gen500_mut0.1_elite5_tour1,100,500,0.1000,5,1,3,2,1,True,0.0032,1,1,100,6375.20,0.00,0.0000
pop100_gen500_mut0.1_elite5_tour1,100,500,0.1000,5,1,3,2,2,True,0.0037,1,1,100,6379.80,0.00,0.0000
pop100_gen500_mut0.1_elite5_tour1,100,500,0.1000,5,1,3,2,3,True,0.0033,1,1,100,6375.20,0.00,0.0000
pop100_gen500_mut0.1_elite5_tour1,100,500,0.1000,5,1,3,2,4,True,0.0067,2,2,200,6384.80,4688.00,-0.0420
pop100_gen500_mut0.1_elite5_tour1,100,500,0.1000,5,1,3,2,5,True,0.0035,1,1,100,6379.80,0.00,0.0000
pop100_gen500_mut0.1_elite5_tour1,100,500,0.1000,5,1,3,2,6,True,0.0032,1,1,100,6375.20,0.00,0.0000
pop100_gen500_mut0.1_elite5_tour1,100,500,0.1000,5,1,3,2,7,True,0.0066,2,2,200,6380.20,4683.40,-0.0280
pop100_gen500_mut0.1_elite5_tour1,100,500,0.1000,5,1,3,2,8,True,0.0035,1,1,100,6375.20,0.00,0.0000
pop100_gen500_mut0.1_elite5_tour1,100,500,0.1000,5,1,3,2,9,True,0.0034,1,1,100,6375.20,0.00,0.0000
pop100_gen500_mut0.1_elite5_tour1,100,500,0.1000,5,1,3,2,10,True,0.0032,1,1,100,6375.20,0.00,0.0000
pop100_gen500_mut0.1_elite5_tour2,100,500,0.1000,5,2,3,2,1,True,0.0034,1,1,100,6379.80,0.00,0.0000
pop100_gen500_mut0.1_elite5_tour2,100,500,0.1000,5,2,3,2,2,True,0.0034,1,1,100,6375.20,0.00,0.0000
pop100_gen500_mut0.1_elite5_tour2,100,500,0.1000,5,2,3,2,3,True,0.0034,1,1,100,6379.80,0.00,0.0000
pop100_gen500_mut0.1_elite5_tour2,100,500,0.1000,5,2,3,2,4,True,0.0068,2,2,200,6380.20,4683.40,-0.0360
pop100_gen500_mut0.1_elite5_tour2,100,500,0.1000,5,2,3,2,5,True,0.0032,1,1,100,6375.20,0.00,0.0000
pop100_gen500_mut0.1_elite5_tour2,100,500,0.1000,5,2,3,2,6,True,0.0032,1,1,100,6375.20,0.00,0.0000
pop100_gen500_mut0.1_elite5_tour2,100,500,0.1000,5,2,3,2,7,True,0.0035,1,1,100,6379.80,0.00,0.0000
pop100_gen500_mut0.1_elite5_tour2,100,500,0.1000,5,2,3,2,8,True,0.0038,1,1,100,6375.20,0.00,0.0000
pop100_gen500_mut0.1_elite5_tour2,100,500,0.1000,5,2,3,2,9,True,0.0034,1,1,100,6375.20,0.00,0.0000
pop100_gen500_mut0.1_elite5_tour2,100,500,0.1000,5,2,3,2,10,True,0.0038,1,1,100,6375.20,0.00,0.0000
pop100_gen500_mut0.1_elite5_tour3,100,500,0.1000,5,3,3,2,1,True,0.0033,1,1,100,6375.20,0.00,0.0000
pop100_gen500_mut0.1_elite5_tour3,100,500,0.1000,5,3,3,2,2,True,0.0070,2,2,200,6380.20,4683.40,-0.0320
pop100_gen500_mut0.1_elite5_tour3,100,500,0.1000,5,3,3,2,3,True,0.0033,1,1,100,6375.20,0.00,0.0000
pop100_gen500_mut0.1_elite5_tour3,100,500,0.1000,5,3,3,2,4,True,0.0034,1,1,100,6375.20,0.00,0.0000
pop100_gen500_mut0.1_elite5_tour3,100,500,0.1000,5,3,3,2,5,True,0.0032,1,1,100,6375.20,0.00,0.0000
pop100_gen500_mut0.1_elite5_tour3,100,500,0.1000,5,3,3,2,6,True,0.0039,1,1,100,6375.20,0.00,0.0000
pop100_gen500_mut0.1_elite5_tour3,100,500,0.1000,5,3,3,2,7,True,0.0033,1,1,100,6375.20,0.00,0.0000
pop100_gen500_mut0.1_elite5_tour3,100,500,0.1000,5,3,3,2,8,True,0.0034,1,1,100,6379.80,0.00,0.0000
pop100_gen500_mut0.1_elite5_tour3,100,500,0.1000,5,3,3,2,9,True,0.0033,1,1,100,6375.20,0.00,0.0000
pop100_gen500_mut0.1_elite5_tour3,100,500,0.1000,5,3,3,2,10,True,0.0037,1,1,100,6375.20,0.00,0.0000
pop100_gen500_mut0.1_elite5_tour5,100,500,0.1000,5,5,3,2,1,True,0.0032,1,1,100,6375.20,0.00,0.0000
pop100_gen500_mut0.1_elite5_tour5,100,500,0.1000,5,5,3,2,2,True,0.0068,2,2,200,6380.20,4683.40,-0.0240
pop100_gen500_mut0.1_elite5_tour5,100,500,0.1000,5,5,3,2,3,True,0.0070,2,2,200,6380.20,4683.40,-0.0290
pop100_gen500_mut0.1_elite5_tour5,100,500,0.1000,5,5,3,2,4,True,0.0073,2,2,200,6380.20,4683.40,-0.0200
pop100_gen500_mut0.1_elite5_tour5,100,500,0.1000,5,5,3,2,5,True,0.0033,1,1,100,6375.20,0.00,0.0000
pop100_gen500_mut0.1_elite5_tour5,100,500,0.1000,5,5,3,2,6,True,0.0035,1,1,100,6379.80,0.00,0.0000
pop100_gen500_mut0.1_elite5_tour5,100,500,0.1000,5,5,3,2,7,True,0.0033,1,1,100,6375.20,0.00,0.0000
pop100_gen500_mut0.1_elite5_tour5,100,500,0.1000,5,5,3,2,8,True,0.0034,1,1,100,6375.20,0.00,0.0000
pop100_gen500_mut0.1_elite5_tour5,100,500,0.1000,5,5,3,2,9,True,0.0072,2,2,200,6380.20,4683.40,-0.0320
pop100_gen500_mut0.1_elite5_tour5,100,500,0.1000,5,5,3,2,10,True,0.0069,2,2,200,6380.20,4683.40,-0.0300
pop200_gen500_mut0.1_elite5_tour1,200,500,0.1000,5,1,3,2,1,True,0.0103,1,1,200,6375.20,0.00,0.0000
pop200_gen500_mut0.1_elite5_tour1,200,500,0.1000,5,1,3,2,2,True,0.0100,1,1,200,6375.20,0.00,0.0000
pop200_gen500_mut0.1_elite5_tour1,200,500,0.1000,5,1,3,2,3,True,0.0100,1,1,200,6375.20,0.00,0.0000
pop200_gen500_mut0.1_elite5_tour1,200,500,0.1000,5,1,3,2,4,True,0.0107,1,1,200,6375.20,0.00,0.0000
pop200_gen500_mut0.1_elite5_tour1,200,500,0.1000,5,1,3,2,5,True,0.0097,1,1,200,6375.20,0.00,0.0000
pop200_gen500_mut0.1_elite5_tour1,200,500,0.1000,5,1,3,2,6,True,0.0100,1,1,200,6375.20,0.00,0.0000
pop200_gen500_mut0.1_elite5_tour1,200,500,0.1000,5,1,3,2,7,True,0.0103,1,1,200,6375.20,0.00,0.0000
pop200_gen500_mut0.1_elite5_tour1,200,500,0.1000,5,1,3,2,8,True,0.0322,2,2,400,6380.20,4683.40,-0.0320
pop200_gen500_mut0.1_elite5_tour1,200,500,0.1000,5,1,3,2,9,True,0.0108,1,1,200,6375.20,0.00,0.0000
pop200_gen500_mut0.1_elite5_tour1,200,500,0.1000,5,1,3,2,10,True,0.0103,1,1,200,6375.20,0.00,0.0000
pop200_gen500_mut0.1_elite5_tour2,200,500,0.1000,5,2,3,2,1,True,0.0101,1,1,200,6375.20,0.00,0.0000
pop200_gen500_mut0.1_elite5_tour2,200,500,0.1000,5,2,3,2,2,True,0.0205,2,2,400,6384.80,4688.00,-0.0300
pop200_gen500_mut0.1_elite5_tour2,200,500,0.1000,5,2,3,2,3,True,0.0099,1,1,200,6375.20,0.00,0.0000
pop200_gen500_mut0.1_elite5_tour2,200,500,0.1000,5,2,3,2,4,True,0.0100,1,1,200,6375.20,0.00,0.0000
pop200_gen500_mut0.1_elite5_tour2,200,500,0.1000,5,2,3,2,5,True,0.0099,1,1,200,6375.20,0.00,0.0000
pop200_gen500_mut0.1_elite5_tour2,200,500,0.1000,5,2,3,2,6,True,0.0224,2,2,400,6380.20,4683.40,-0.0280
pop200_gen500_mut0.1_elite5_tour2,200,500,0.1000,5,2,3,2,7,True,0.0101,1,1,200,6375.20,0.00,0.0000
pop200_gen500_mut0.1_elite5_tour2,200,500,0.1000,5,2,3,2,8,True,0.0105,1,1,200,6375.20,0.00,0.0000
pop200_gen500_mut0.1_elite5_tour2,200,500,0.1000,5,2,3,2,9,True,0.0100,1,1,200,6375.20,0.00,0.0000
pop200_gen500_mut0.1_elite5_tour2,200,500,0.1000,5,2,3,2,10,True,0.0211,2,2,400,6380.20,4683.40,-0.0230
pop200_gen500_mut0.1_elite5_tour3,200,500,0.1000,5,3,3,2,1,True,0.0100,1,1,200,6375.20,0.00,0.0000
pop200_gen500_mut0.1_elite5_tour3,200,500,0.1000,5,3,3,2,2,True,0.0102,1,1,200,6375.20,0.00,0.0000
pop200_gen500_mut0.1_elite5_tour3,200,500,0.1000,5,3,3,2,3,True,0.0101,1,1,200,6375.20,0.00,0.0000
pop200_gen500_mut0.1_elite5_tour3,200,500,0.1000,5,3,3,2,4,True,0.0131,1,1,200,6375.20,0.00,0.0000
pop200_gen500_mut0.1_elite5_tour3,200,500,0.1000,5,3,3,2,5,True,0.0102,1,1,200,6379.80,0.00,0.0000
pop200_gen500_mut0.1_elite5_tour3,200,500,0.1000,5,3,3,2,6,True,0.0112,1,1,200,6375.20,0.00,0.0000
pop200_gen500_mut0.1_elite5_tour3,200,500,0.1000,5,3,3,2,7,True,0.0208,2,2,400,6384.80,4688.00,-0.0300
pop200_gen500_mut0.1_elite5_tour3,200,500,0.1000,5,3,3,2,8,True,0.0099,1,1,200,6375.20,0.00,0.0000
pop200_gen500_mut0.1_elite5_tour3,200,500,0.1000,5,3,3,2,9,True,0.0101,1,1,200,6375.20,0.00,0.0000
pop200_gen500_mut0.1_elite5_tour3,200,500,0.1000,5,3,3,2,10,True,0.0104,1,1,200,6375.20,0.00,0.0000
pop200_gen500_mut0.1_elite5_tour5,200,500,0.1000,5,5,3,2,1,True,0.0101,1,1,200,6375.20,0.00,0.0000
pop200_gen500_mut0.1_elite5_tour5,200,500,0.1000,5,5,3,2,2,True,0.0104,1,1,200,6379.80,0.00,0.0000
pop200_gen500_mut0.1_elite5_tour5,200,500,0.1000,5,5,3,2,3,True,0.0107,1,1,200,6375.20,0.00,0.0000
pop200_gen500_mut0.1_elite5_tour5,200,500,0.1000,5,5,3,2,4,True,0.0100,1,1,200,6375.20,0.00,0.0000
pop200_gen500_mut0.1_elite5_tour5,200,500,0.1000,5,5,3,2,5,True,0.0102,1,1,200,6379.80,0.00,0.0000
pop200_gen500_mut0.1_elite5_tour5,200,500,0.1000,5,5,3,2,6,True,0.0102,1,1,200,6375.20,0.00,0.0000
pop200_gen500_mut0.1_elite5_tour5,200,500,0.1000,5,5,3,2,7,True,0.0100,1,1,200,6375.20,0.00,0.0000
pop200_gen500_mut0.1_elite5_tour5,200,500,0.1000,5,5,3,2,8,True,0.0099,1,1,200,6375.20,0.00,0.0000
pop200_gen500_mut0.1_elite5_tour5,200,500,0.1000,5,5,3,2,9,True,0.0102,1,1,200,6375.20,0.00,0.0000
pop200_gen500_mut0.1_elite5_tour5,200,500,0.1000,5,5,3,2,10,True,0.0100,1,1,200,6375.20,0.00,0.0000
pop300_gen500_mut0.1_elite5_tour1,300,500,0.1000,5,1,3,2,1,True,0.0212,1,1,300,6375.20,0.00,0.0000
pop300_gen500_mut0.1_elite5_tour1,300,500,0.1000,5,1,3,2,2,True,0.0201,1,1,300,6375.20,0.00,0.0000
pop300_gen500_mut0.1_elite5_tour1,300,500,0.1000,5,1,3,2,3,True,0.0205,1,1,300,6375.20,0.00,0.0000
pop300_gen500_mut0.1_elite5_tour1,300,500,0.1000,5,1,3,2,4,True,0.0199,1,1,300,6375.20,0.00,0.0000
pop300_gen500_mut0.1_elite5_tour1,300,500,0.1000,5,1,3,2,5,True,0.0415,2,2,600,6384.80,4688.00,-0.0350
pop300_gen500_mut0.1_elite5_tour1,300,500,0.1000,5,1,3,2,6,True,0.0201,1,1,300,6375.20,0.00,0.0000
pop300_gen500_mut0.1_elite5_tour1,300,500,0.1000,5,1,3,2,7,True,0.0210,1,1,300,6375.20,0.00,0.0000
pop300_gen500_mut0.1_elite5_tour1,300,500,0.1000,5,1,3,2,8,True,0.0413,2,2,600,6384.80,4688.00,-0.0380
pop300_gen500_mut0.1_elite5_tour1,300,500,0.1000,5,1,3,2,9,True,0.0205,1,1,300,6375.20,0.00,0.0000
pop300_gen500_mut0.1_elite5_tour1,300,500,0.1000,5,1,3,2,10,True,0.0220,1,1,300,6375.20,0.00,0.0000
pop300_gen500_mut0.1_elite5_tour2,300,500,0.1000,5,2,3,2,1,True,0.0218,1,1,300,6379.80,0.00,0.0000
pop300_gen500_mut0.1_elite5_tour2,300,500,0.1000,5,2,3,2,2,True,0.0251,1,1,300,6375.20,0.00,0.0000
pop300_gen500_mut0.1_elite5_tour2,300,500,0.1000,5,2,3,2,3,True,0.0218,1,1,300,6375.20,0.00,0.0000
pop300_gen500_mut0.1_elite5_tour2,300,500,0.1000,5,2,3,2,4,True,0.0202,1,1,300,6379.80,0.00,0.0000
pop300_gen500_mut0.1_elite5_tour2,300,500,0.1000,5,2,3,2,5,True,0.0213,1,1,300,6379.80,0.00,0.0000
pop300_gen500_mut0.1_elite5_tour2,300,500,0.1000,5,2,3,2,6,True,0.0203,1,1,300,6375.20,0.00,0.0000
pop300_gen500_mut0.1_elite5_tour2,300,500,0.1000,5,2,3,2,7,True,0.0204,1,1,300,6375.20,0.00,0.0000
pop300_gen500_mut0.1_elite5_tour2,300,500,0.1000,5,2,3,2,8,True,0.0205,1,1,300,6375.20,0.00,0.0000
pop300_gen500_mut0.1_elite5_tour2,300,500,0.1000,5,2,3,2,9,True,0.0479,2,2,600,6380.20,4683.40,-0.0270
pop300_gen500_mut0.1_elite5_tour2,300,500,0.1000,5,2,3,2,10,True,0.0206,1,1,300,6375.20,0.00,0.0000
pop300_gen500_mut0.1_elite5_tour3,300,500,0.1000,5,3,3,2,1,True,0.0210,1,1,300,6375.20,0.00,0.0000
pop300_gen500_mut0.1_elite5_tour3,300,500,0.1000,5,3,3,2,2,True,0.0199,1,1,300,6375.20,0.00,0.0000
pop300_gen500_mut0.1_elite5_tour3,300,500,0.1000,5,3,3,2,3,True,0.0212,1,1,300,6375.20,0.00,0.0000
pop300_gen500_mut0.1_elite5_tour3,300,500,0.1000,5,3,3,2,4,True,0.0419,2,2,600,6384.80,4688.00,-0.0320
pop300_gen500_mut0.1_elite5_tour3,300,500,0.1000,5,3,3,2,5,True,0.0447,2,2,600,6384.80,4688.00,-0.0330
pop300_gen500_mut0.1_elite5_tour3,300,500,0.1000,5,3,3,2,6,True,0.0215,1,1,300,6375.20,0.00,0.0000
pop300_gen500_mut0.1_elite5_tour3,300,500,0.1000,5,3,3,2,7,True,0.0201,1,1,300,6375.20,0.00,0.0000
pop300_gen500_mut0.1_elite5_tour3,300,500,0.1000,5,3,3,2,8,True,0.0205,1,1,300,6375.20,0.00,0.0000
pop300_gen500_mut0.1_elite5_tour3,300,500,0.1000,5,3,3,2,9,True,0.0199,1,1,300,6375.20,0.00,0.0000
pop300_gen500_mut0.1_elite5_tour3,300,500,0.1000,5,3,3,2,10,True,0.0199,1,1,300,6375.20,0.00,0.0000
pop300_gen500_mut0.1_elite5_tour5,300,500,0.1000,5,5,3,2,1,True,0.0202,1,1,300,6375.20,0.00,0.0000
pop300_gen500_mut0.1_elite5_tour5,300,500,0.1000,5,5,3,2,2,True,0.0200,1,1,300,6375.20,0.00,0.0000
pop300_gen500_mut0.1_elite5_tour5,300,500,0.1000,5,5,3,2,3,True,0.0199,1,1,300,6375.20,0.00,0.0000
pop300_gen500_mut0.1_elite5_tour5,300,500,0.1000,5,5,3,2,4,True,0.0202,1,1,300,6375.20,0.00,0.0000
pop300_gen500_mut0.1_elite5_tour5,300,500,0.1000,5,5,3,2,5,True,0.0224,1,1,300,6379.80,0.00,0.0000
pop300_gen500_mut0.1_elite5_tour5,300,500,0.1000,5,5,3,2,6,True,0.0197,1,1,300,6375.20,0.00,0.0000
pop300_gen500_mut0.1_elite5_tour5,300,500,0.1000,5,5,3,2,7,True,0.0204,1,1,300,6379.80,0.00,0.0000
pop300_gen500_mut0.1_elite5_tour5,300,500,0.1000,5,5,3,2,8,True,0.0425,2,2,600,6384.80,4688.00,-0.0410
pop300_gen500_mut0.1_elite5_tour5,300,500,0.1000,5,5,3,2,9,True,0.0411,2,2,600,6380.20,4683.40,-0.0240
pop300_gen500_mut0.1_elite5_tour5,300,500,0.1000,5,5,3,2,10,True,0.0422,2,2,600,6384.80,4688.00,-0.0290
pop500_gen500_mut0.1_elite5_tour1,500,500,0.1000,5,1,3,2,1,True,0.0544,1,1,500,6375.20,0.00,0.0000
pop500_gen500_mut0.1_elite5_tour1,500,500,0.1000,5,1,3,2,2,True,0.0590,1,1,500,6375.20,0.00,0.0000
pop500_gen500_mut0.1_elite5_tour1,500,500,0.1000,5,1,3,2,3,True,0.0515,1,1,500,6379.80,0.00,0.0000
pop500_gen500_mut0.1_elite5_tour1,500,500,0.1000,5,1,3,2,4,True,0.0629,1,1,500,6379.80,0.00,0.0000
pop500_gen500_mut0.1_elite5_tour1,500,500,0.1000,5,1,3,2,5,True,0.0511,1,1,500,6375.20,0.00,0.0000
pop500_gen500_mut0.1_elite5_tour1,500,500,0.1000,5,1,3,2,6,True,0.0505,1,1,500,6375.20,0.00,0.0000
pop500_gen500_mut0.1_elite5_tour1,500,500,0.1000,5,1,3,2,7,True,0.0500,1,1,500,6375.20,0.00,0.0000
pop500_gen500_mut0.1_elite5_tour1,500,500,0.1000,5,1,3,2,8,True,0.0508,1,1,500,6375.20,0.00,0.0000
pop500_gen500_mut0.1_elite5_tour1,500,500,0.1000,5,1,3,2,9,True,0.0531,1,1,500,6375.20,0.00,0.0000
pop500_gen500_mut0.1_elite5_tour1,500,500,0.1000,5,1,3,2,10,True,0.0503,1,1,500,6375.20,0.00,0.0000
pop500_gen500_mut0.1_elite5_tour2,500,500,0.1000,5,2,3,2,1,True,0.0548,1,1,500,6375.20,0.00,0.0000
pop500_gen500_mut0.1_elite5_tour2,500,500,0.1000,5,2,3,2,2,True,0.0530,1,1,500,6375.20,0.00,0.0000
pop500_gen500_mut0.1_elite5_tour2,500,500,0.1000,5,2,3,2,3,True,0.1204,2,2,1000,6384.80,4688.00,-0.0320
pop500_gen500_mut0.1_elite5_tour2,500,500,0.1000,5,2,3,2,4,True,0.0522,1,1,500,6375.20,0.00,0.0000
pop500_gen500_mut0.1_elite5_tour2,500,500,0.1000,5,2,3,2,5,True,0.0726,1,1,500,6379.80,0.00,0.0000
pop500_gen500_mut0.1_elite5_tour2,500,500,0.1000,5,2,3,2,6,True,0.0534,1,1,500,6375.20,0.00,0.0000
pop500_gen500_mut0.1_elite5_tour2,500,500,0.1000,5,2,3,2,7,True,0.0528,1,1,500,6375.20,0.00,0.0000
pop500_gen500_mut0.1_elite5_tour2,500,500,0.1000,5,2,3,2,8,True,0.0594,1,1,500,6375.20,0.00,0.0000
pop500_gen500_mut0.1_elite5_tour2,500,500,0.1000,5,2,3,2,9,True,0.0528,1,1,500,6379.80,0.00,0.0000
pop500_gen500_mut0.1_elite5_tour2,500,500,0.1000,5,2,3,2,10,True,0.0515,1,1,500,6375.20,0.00,0.0000
pop500_gen500_mut0.1_elite5_tour3,500,500,0.1000,5,3,3,2,1,True,0.0524,1,1,500,6375.20,0.00,0.0000
pop500_gen500_mut0.1_elite5_tour3,500,500,0.1000,5,3,3,2,2,True,0.0574,1,1,500,6375.20,0.00,0.0000
pop500_gen500_mut0.1_elite5_tour3,500,500,0.1000,5,3,3,2,3,True,0.1179,2,2,1000,6384.80,4688.00,-0.0280
pop500_gen500_mut0.1_elite5_tour3,500,500,0.1000,5,3,3,2,4,True,0.0530,1,1,500,6375.20,0.00,0.0000
pop500_gen500_mut0.1_elite5_tour3,500,500,0.1000,5,3,3,2,5,True,0.0556,1,1,500,6375.20,0.00,0.0000
pop500_gen500_mut0.1_elite5_tour3,500,500,0.1000,5,3,3,2,6,True,0.0506,1,1,500,6375.20,0.00,0.0000
pop500_gen500_mut0.1_elite5_tour3,500,500,0.1000,5,3,3,2,7,True,0.0516,1,1,500,6375.20,0.00,0.0000
pop500_gen500_mut0.1_elite5_tour3,500,500,0.1000,5,3,3,2,8,True,0.0512,1,1,500,6375.20,0.00,0.0000
pop500_gen500_mut0.1_elite5_tour3,500,500,0.1000,5,3,3,2,9,True,0.0509,1,1,500,6379.80,0.00,0.0000
pop500_gen500_mut0.1_elite5_tour3,500,500,0.1000,5,3,3,2,10,True,0.0518,1,1,500,6379.80,0.00,0.0000
pop500_gen500_mut0.1_elite5_tour5,500,500,0.1000,5,5,3,2,1,True,0.0537,1,1,500,6375.20,0.00,0.0000
pop500_gen500_mut0.1_elite5_tour5,500,500,0.1000,5,5,3,2,2,True,0.0506,1,1,500,6375.20,0.00,0.0000
pop500_gen500_mut0.1_elite5_tour5,500,500,0.1000,5,5,3,2,3,True,0.0514,1,1,500,6375.20,0.00,0.0000
pop500_gen500_mut0.1_elite5_tour5,500,500,0.1000,5,5,3,2,4,True,0.0516,1,1,500,6375.20,0.00,0.0000
pop500_gen500_mut0.1_elite5_tour5,500,500,0.1000,5,5,3,2,5,True,0.0526,1,1,500,6375.20,0.00,0.0000
pop500_gen500_mut0.1_elite5_tour5,500,500,0.1000,5,5,3,2,6,True,0.0521,1,1,500,6375.20,0.00,0.0000
pop500_gen500_mut0.1_elite5_tour5,500,500,0.1000,5,5,3,2,7,True,0.0540,1,1,500,6375.20,0.00,0.0000
pop500_gen500_mut0.1_elite5_tour5,500,500,0.1000,5,5,3,2,8,True,0.0541,1,1,500,6375.20,0.00,0.0000
pop500_gen500_mut0.1_elite5_tour5,500,500,0.1000,5,5,3,2,9,True,0.0530,1,1,500,6375.20,0.00,0.0000
pop500_gen500_mut0.1_elite5_tour5,500,500,0.1000,5,5,3,2,10,True,0.0514,1,1,500,6375.20,0.00,0.0000
pop100_gen500_mut0.1_elite5_tour1,100,500,0.1000,5,1,3,2,1,True,0.0033,1,1,100,6375.20,0.00,0.0000
pop100_gen500_mut0.1_elite5_tour1,100,500,0.1000,5,1,3,2,2,True,0.0038,1,1,100,6375.20,0.00,0.0000
pop100_gen500_mut0.1_elite5_tour1,100,500,0.1000,5,1,3,2,3,True,0.0037,1,1,100,6375.20,0.00,0.0000
pop100_gen500_mut0.1_elite5_tour1,100,500,0.1000,5,1,3,2,4,True,0.0070,2,2,200,6380.20,4683.40,-0.0330
pop100_gen500_mut0.1_elite5_tour1,100,500,0.1000,5,1,3,2,5,True,0.0031,1,1,100,6375.20,0.00,0.0000
pop100_gen500_mut0.1_elite5_tour1,100,500,0.1000,5,1,3,2,6,True,0.0031,1,1,100,6375.20,0.00,0.0000
pop100_gen500_mut0.1_elite5_tour1,100,500,0.1000,5,1,3,2,7,True,0.0034,1,1,100,6379.80,0.00,0.0000
pop100_gen500_mut0.1_elite5_tour1,100,500,0.1000,5,1,3,2,8,True,0.0069,2,2,200,6380.20,4683.40,-0.0300
pop100_gen500_mut0.1_elite5_tour1,100,500,0.1000,5,1,3,2,9,True,0.0042,1,1,100,6375.20,0.00,0.0000
pop100_gen500_mut0.1_elite5_tour1,100,500,0.1000,5,1,3,2,10,True,0.0036,1,1,100,6379.80,0.00,0.0000
pop100_gen500_mut0.1_elite5_tour2,100,500,0.1000,5,2,3,2,1,True,0.0038,1,1,100,6375.20,0.00,0.0000
pop100_gen500_mut0.1_elite5_tour2,100,500,0.1000,5,2,3,2,2,True,0.0032,1,1,100,6375.20,0.00,0.0000
pop100_gen500_mut0.1_elite5_tour2,100,500,0.1000,5,2,3,2,3,True,0.0033,1,1,100,6375.20,0.00,0.0000
pop100_gen500_mut0.1_elite5_tour2,100,500,0.1000,5,2,3,2,4,True,0.0034,1,1,100,6379.80,0.00,0.0000
pop100_gen500_mut0.1_elite5_tour2,100,500,0.1000,5,2,3,2,5,True,0.0032,1,1,100,6375.20,0.00,0.0000
pop100_gen500_mut0.1_elite5_tour2,100,500,0.1000,5,2,3,2,6,True,0.0038,1,1,100,6375.20,0.00,0.0000
pop100_gen500_mut0.1_elite5_tour2,100,500,0.1000,5,2,3,2,7,True,0.0074,2,2,200,6384.80,4688.00,-0.0340
pop100_gen500_mut0.1_elite5_tour2,100,500,0.1000,5,2,3,2,8,True,0.0032,1,1,100,6375.20,0.00,0.0000
pop100_gen500_mut0.1_elite5_tour2,100,500,0.1000,5,2,3,2,9,True,0.0037,1,1,100,6379.80,0.00,0.0000
pop100_gen500_mut0.1_elite5_tour2,100,500,0.1000,5,2,3,2,10,True,0.0033,1,1,100,6375.20,0.00,0.0000
pop100_gen500_mut0.1_elite5_tour3,100,500,0.1000,5,3,3,2,1,True,0.0033,1,1,100,6375.20,0.00,0.0000
pop100_gen500_mut0.1_elite5_tour3,100,500,0.1000,5,3,3,2,2,True,0.0032,1,1,100,6375.20,0.00,0.0000
pop100_gen500_mut0.1_elite5_tour3,100,500,0.1000,5,3,3,2,3,True,0.0104,2,2,200,6384.80,4688.00,-0.0300
pop100_gen500_mut0.1_elite5_tour3,100,500,0.1000,5,3,3,2,4,True,0.0033,1,1,100,6375.20,0.00,0.0000
pop100_gen500_mut0.1_elite5_tour3,100,500,0.1000,5,3,3,2,5,True,0.0034,1,1,100,6379.80,0.00,0.0000
pop100_gen500_mut0.1_elite5_tour3,100,500,0.1000,5,3,3,2,6,True,0.0072,2,2,200,6380.20,4683.40,-0.0380
pop100_gen500_mut0.1_elite5_tour3,100,500,0.1000,5,3,3,2,7,True,0.0033,1,1,100,6375.20,0.00,0.0000
pop100_gen500_mut0.1_elite5_tour3,100,500,0.1000,5,3,3,2,8,True,0.0033,1,1,100,6375.20,0.00,0.0000
pop100_gen500_mut0.1_elite5_tour3,100,500,0.1000,5,3,3,2,9,True,0.0035,1,1,100,6375.20,0.00,0.0000
pop100_gen500_mut0.1_elite5_tour3,100,500,0.1000,5,3,3,2,10,True,0.0036,1,1,100,6375.20,0.00,0.0000
pop100_gen500_mut0.1_elite5_tour5,100,500,0.1000,5,5,3,2,1,True,0.0033,1,1,100,6375.20,0.00,0.0000
pop100_gen500_mut0.1_elite5_tour5,100,500,0.1000,5,5,3,2,2,True,0.0069,2,2,200,6384.80,4688.00,-0.0320
pop100_gen500_mut0.1_elite5_tour5,100,500,0.1000,5,5,3,2,3,True,0.0033,1,1,100,6375.20,0.00,0.0000
pop100_gen500_mut0.1_elite5_tour5,100,500,0.1000,5,5,3,2,4,True,0.0037,1,1,100,6375.20,0.00,0.0000
pop100_gen500_mut0.1_elite5_tour5,100,500,0.1000,5,5,3,2,5,True,0.0034,1,1,100,6379.80,0.00,0.0000
pop100_gen500_mut0.1_elite5_tour5,100,500,0.1000,5,5,3,2,6,True,0.0032,1,1,100,6375.20,0.00,0.0000
pop100_gen500_mut0.1_elite5_tour5,100,500,0.1000,5,5,3,2,7,True,0.0034,1,1,100,6375.20,0.00,0.0000
pop100_gen500_mut0.1_elite5_tour5,100,500,0.1000,5,5,3,2,8,True,0.0034,1,1,100,6375.20,0.00,0.0000
pop100_gen500_mut0.1_elite5_tour5,100,500,0.1000,5,5,3,2,9,True,0.0032,1,1,100,6375.20,0.00,0.0000
pop100_gen500_mut0.1_elite5_tour5,100,500,0.1000,5,5,3,2,10,True,0.0032,1,1,100,6375.20,0.00,0.0000
pop200_gen500_mut0.1_elite5_tour1,200,500,0.1000,5,1,3,2,1,True,0.0103,1,1,200,6375.20,0.00,0.0000
pop200_gen500_mut0.1_elite5_tour1,200,500,0.1000,5,1,3,2,2,True,0.0103,1,1,200,6375.20,0.00,0.0000
pop200_gen500_mut0.1_elite5_tour1,200,500,0.1000,5,1,3,2,3,True,0.0100,1,1,200,6375.20,0.00,0.0000
pop200_gen500_mut0.1_elite5_tour1,200,500,0.1000,5,1,3,2,4,True,0.0110,1,1,200,6379.80,0.00,0.0000
pop200_gen500_mut0.1_elite5_tour1,200,500,0.1000,5,1,3,2,5,True,0.0102,1,1,200,6379.80,0.00,0.0000
pop200_gen500_mut0.1_elite5_tour1,200,500,0.1000,5,1,3,2,6,True,0.0211,2,2,400,6384.80,4688.00,-0.0340
pop200_gen500_mut0.1_elite5_tour1,200,500,0.1000,5,1,3,2,7,True,0.0110,1,1,200,6375.20,0.00,0.0000
pop200_gen500_mut0.1_elite5_tour1,200,500,0.1000,5,1,3,2,8,True,0.0207,2,2,400,6380.20,4683.40,-0.0240
pop200_gen500_mut0.1_elite5_tour1,200,500,0.1000,5,1,3,2,9,True,0.0098,1,1,200,6375.20,0.00,0.0000
pop200_gen500_mut0.1_elite5_tour1,200,500,0.1000,5,1,3,2,10,True,0.0102,1,1,200,6379.80,0.00,0.0000
pop200_gen500_mut0.1_elite5_tour2,200,500,0.1000,5,2,3,2,1,True,0.0110,1,1,200,6375.20,0.00,0.0000
pop200_gen500_mut0.1_elite5_tour2,200,500,0.1000,5,2,3,2,2,True,0.0098,1,1,200,6375.20,0.00,0.0000
pop200_gen500_mut0.1_elite5_tour2,200,500,0.1000,5,2,3,2,3,True,0.0112,1,1,200,6375.20,0.00,0.0000
pop200_gen500_mut0.1_elite5_tour2,200,500,0.1000,5,2,3,2,4,True,0.0205,2,2,400,6380.20,4683.40,-0.0320
pop200_gen500_mut0.1_elite5_tour2,200,500,0.1000,5,2,3,2,5,True,0.0098,1,1,200,6375.20,0.00,0.0000
pop200_gen500_mut0.1_elite5_tour2,200,500,0.1000,5,2,3,2,6,True,0.0101,1,1,200,6379.80,0.00,0.0000
pop200_gen500_mut0.1_elite5_tour2,200,500,0.1000,5,2,3,2,7,True,0.0103,1,1,200,6375.20,0.00,0.0000
pop200_gen500_mut0.1_elite5_tour2,200,500,0.1000,5,2,3,2,8,True,0.0210,2,2,400,6380.20,4683.40,-0.0310
pop200_gen500_mut0.1_elite5_tour2,200,500,0.1000,5,2,3,2,9,True,0.0099,1,1,200,6375.20,0.00,0.0000
pop200_gen500_mut0.1_elite5_tour2,200,500,0.1000,5,2,3,2,10,True,0.0100,1,1,200,6375.20,0.00,0.0000
pop200_gen500_mut0.1_elite5_tour3,200,500,0.1000,5,3,3,2,1,True,0.0101,1,1,200,6375.20,0.00,0.0000
pop200_gen500_mut0.1_elite5_tour3,200,500,0.1000,5,3,3,2,2,True,0.0143,1,1,200,6375.20,0.00,0.0000
pop200_gen500_mut0.1_elite5_tour3,200,500,0.1000,5,3,3,2,3,True,0.0105,1,1,200,6375.20,0.00,0.0000
pop200_gen500_mut0.1_elite5_tour3,200,500,0.1000,5,3,3,2,4,True,0.0105,1,1,200,6375.20,0.00,0.0000
pop200_gen500_mut0.1_elite5_tour3,200,500,0.1000,5,3,3,2,5,True,0.0103,1,1,200,6379.80,0.00,0.0000
pop200_gen500_mut0.1_elite5_tour3,200,500,0.1000,5,3,3,2,6,True,0.0142,1,1,200,6379.80,0.00,0.0000
pop200_gen500_mut0.1_elite5_tour3,200,500,0.1000,5,3,3,2,7,True,0.0102,1,1,200,6375.20,0.00,0.0000
pop200_gen500_mut0.1_elite5_tour3,200,500,0.1000,5,3,3,2,8,True,0.0099,1,1,200,6375.20,0.00,0.0000
pop200_gen500_mut0.1_elite5_tour3,200,500,0.1000,5,3,3,2,9,True,0.0101,1,1,200,6375.20,0.00,0.0000
pop200_gen500_mut0.1_elite5_tour3,200,500,0.1000,5,3,3,2,10,True,0.0098,1,1,200,6375.20,0.00,0.0000
pop200_gen500_mut0.1_elite5_tour5,200,500,0.1000,5,5,3,2,1,True,0.0103,1,1,200,6375.20,0.00,0.0000
pop200_gen500_mut0.1_elite5_tour5,200,500,0.1000,5,5,3,2,2,True,0.0208,2,2,400,6380.20,4683.40,-0.0350
pop200_gen500_mut0.1_elite5_tour5,200,500,0.1000,5,5,3,2,3,True,0.0099,1,1,200,6375.20,0.00,0.0000
pop200_gen500_mut0.1_elite5_tour5,200,500,0.1000,5,5,3,2,4,True,0.0102,1,1,200,6375.20,0.00,0.0000
pop200_gen500_mut0.1_elite5_tour5,200,500,0.1000,5,5,3,2,5,True,0.0101,1,1,200,6375.20,0.00,0.0000
pop200_gen500_mut0.1_elite5_tour5,200,500,0.1000,5,5,3,2,6,True,0.0272,2,2,400,6380.20,4683.40,-0.0310
pop200_gen500_mut0.1_elite5_tour5,200,500,0.1000,5,5,3,2,7,True,0.0110,1,1,200,6375.20,0.00,0.0000
pop200_gen500_mut0.1_elite5_tour5,200,500,0.1000,5,5,3,2,8,True,0.0102,1,1,200,6375.20,0.00,0.0000
pop200_gen500_mut0.1_elite5_tour5,200,500,0.1000,5,5,3,2,9,True,0.0111,1,1,200,6379.80,0.00,0.0000
pop200_gen500_mut0.1_elite5_tour5,200,500,0.1000,5,5,3,2,10,True,0.0207,2,2,400,6380.20,4683.40,-0.0380
pop300_gen500_mut0.1_elite5_tour1,300,500,0.1000,5,1,3,2,1,True,0.0276,1,1,300,6375.20,0.00,0.0000
pop300_gen500_mut0.1_elite5_tour1,300,500,0.1000,5,1,3,2,2,True,0.0201,1,1,300,6375.20,0.00,0.0000
pop300_gen500_mut0.1_elite5_tour1,300,500,0.1000,5,1,3,2,3,True,0.0205,1,1,300,6375.20,0.00,0.0000
pop300_gen500_mut0.1_elite5_tour1,300,500,0.1000,5,1,3,2,4,True,0.0200,1,1,300,6375.20,0.00,0.0000
pop300_gen500_mut0.1_elite5_tour1,300,500,0.1000,5,1,3,2,5,True,0.0197,1,1,300,6375.20,0.00,0.0000
pop300_gen500_mut0.1_elite5_tour1,300,500,0.1000,5,1,3,2,6,True,0.0203,1,1,300,6379.80,0.00,0.0000
pop300_gen500_mut0.1_elite5_tour1,300,500,0.1000,5,1,3,2,7,True,0.0421,2,2,600,6380.20,4683.40,-0.0310
pop300_gen500_mut0.1_elite5_tour1,300,500,0.1000,5,1,3,2,8,True,0.0203,1,1,300,6375.20,0.00,0.0000
pop300_gen500_mut0.1_elite5_tour1,300,500,0.1000,5,1,3,2,9,True,0.0201,1,1,300,6375.20,0.00,0.0000
pop300_gen500_mut0.1_elite5_tour1,300,500,0.1000,5,1,3,2,10,True,0.0420,2,2,600,6380.20,4683.40,-0.0260
pop300_gen500_mut0.1_elite5_tour2,300,500,0.1000,5,2,3,2,1,True,0.0215,1,1,300,6375.20,0.00,0.0000
pop300_gen500_mut0.1_elite5_tour2,300,500,0.1000,5,2,3,2,2,True,0.0200,1,1,300,6375.20,0.00,0.0000
pop300_gen500_mut0.1_elite5_tour2,300,500,0.1000,5,2,3,2,3,True,0.0413,2,2,600,6380.20,4683.40,-0.0300
pop300_gen500_mut0.1_elite5_tour2,300,500,0.1000,5,2,3,2,4,True,0.0209,1,1,300,6375.20,0.00,0.0000
pop300_gen500_mut0.1_elite5_tour2,300,500,0.1000,5,2,3,2,5,True,0.0234,1,1,300,6375.20,0.00,0.0000
pop300_gen500_mut0.1_elite5_tour2,300,500,0.1000,5,2,3,2,6,True,0.0223,1,1,300,6379.80,0.00,0.0000
pop300_gen500_mut0.1_elite5_tour2,300,500,0.1000,5,2,3,2,7,True,0.0214,1,1,300,6375.20,0.00,0.0000
pop300_gen500_mut0.1_elite5_tour2,300,500,0.1000,5,2,3,2,8,True,0.0198,1,1,300,6375.20,0.00,0.0000
pop300_gen500_mut0.1_elite5_tour2,300,500,0.1000,5,2,3,2,9,True,0.0201,1,1,300,6375.20,0.00,0.0000
pop300_gen500_mut0.1_elite5_tour2,300,500,0.1000,5,2,3,2,10,True,0.0276,1,1,300,6375.20,0.00,0.0000
pop300_gen500_mut0.1_elite5_tour3,300,500,0.1000,5,3,3,2,1,True,0.0457,2,2,600,6380.20,4683.40,-0.0250
pop300_gen500_mut0.1_elite5_tour3,300,500,0.1000,5,3,3,2,2,True,0.0201,1,1,300,6375.20,0.00,0.0000
pop300_gen500_mut0.1_elite5_tour3,300,500,0.1000,5,3,3,2,3,True,0.0202,1,1,300,6375.20,0.00,0.0000
pop300_gen500_mut0.1_elite5_tour3,300,500,0.1000,5,3,3,2,4,True,0.0203,1,1,300,6379.80,0.00,0.0000
pop300_gen500_mut0.1_elite5_tour3,300,500,0.1000,5,3,3,2,5,True,0.0206,1,1,300,6375.20,0.00,0.0000
pop300_gen500_mut0.1_elite5_tour3,300,500,0.1000,5,3,3,2,6,True,0.0198,1,1,300,6375.20,0.00,0.0000
pop300_gen500_mut0.1_elite5_tour3,300,500,0.1000,5,3,3,2,7,True,0.0424,2,2,600,6380.20,4683.40,-0.0270
pop300_gen500_mut0.1_elite5_tour3,300,500,0.1000,5,3,3,2,8,True,0.0209,1,1,300,6375.20,0.00,0.0000
pop300_gen500_mut0.1_elite5_tour3,300,500,0.1000,5,3,3,2,9,True,0.0418,2,2,600,6380.20,4683.40,-0.0290
pop300_gen500_mut0.1_elite5_tour3,300,500,0.1000,5,3,3,2,10,True,0.0214,1,1,300,6375.20,0.00,0.0000
pop300_gen500_mut0.1_elite5_tour5,300,500,0.1000,5,5,3,2,1,True,0.0210,1,1,300,6379.80,0.00,0.0000
pop300_gen500_mut0.1_elite5_tour5,300,500,0.1000,5,5,3,2,2,True,0.0202,1,1,300,6379.80,0.00,0.0000
pop300_gen500_mut0.1_elite5_tour5,300,500,0.1000,5,5,3,2,3,True,0.0205,1,1,300,6375.20,0.00,0.0000
pop300_gen500_mut0.1_elite5_tour5,300,500,0.1000,5,5,3,2,4,True,0.0411,2,2,600,6384.80,4688.00,-0.0260
pop300_gen500_mut0.1_elite5_tour5,300,500,0.1000,5,5,3,2,5,True,0.0422,2,2,600,6380.20,4683.40,-0.0380
pop300_gen500_mut0.1_elite5_tour5,300,500,0.1000,5,5,3,2,6,True,0.0213,1,1,300,6375.20,0.00,0.0000
pop300_gen500_mut0.1_elite5_tour5,300,500,0.1000,5,5,3,2,7,True,0.0202,1,1,300,6375.20,0.00,0.0000
pop300_gen500_mut0.1_elite5_tour5,300,500,0.1000,5,5,3,2,8,True,0.0199,1,1,300,6375.20,0.00,0.0000
pop300_gen500_mut0.1_elite5_tour5,300,500,0.1000,5,5,3,2,9,True,0.0209,1,1,300,6375.20,0.00,0.0000
pop300_gen500_mut0.1_elite5_tour5,300,500,0.1000,5,5,3,2,10,True,0.0214,1,1,300,6379.80,0.00,0.0000
pop500_gen500_mut0.1_elite5_tour1,500,500,0.1000,5,1,3,2,1,True,0.1037,2,2,1000,6380.20,4683.40,-0.0250
pop500_gen500_mut0.1_elite5_tour1,500,500,0.1000,5,1,3,2,2,True,0.0529,1,1,500,6375.20,0.00,0.0000
pop500_gen500_mut0.1_elite5_tour1,500,500,0.1000,5,1,3,2,3,True,0.0513,1,1,500,6375.20,0.00,0.0000
pop500_gen500_mut0.1_elite5_tour1,500,500,0.1000,5,1,3,2,4,True,0.0533,1,1,500,6379.80,0.00,0.0000
pop500_gen500_mut0.1_elite5_tour1,500,500,0.1000,5,1,3,2,5,True,0.0514,1,1,500,6375.20,0.00,0.0000
pop500_gen500_mut0.1_elite5_tour1,500,500,0.1000,5,1,3,2,6,True,0.0514,1,1,500,6375.20,0.00,0.0000
pop500_gen500_mut0.1_elite5_tour1,500,500,0.1000,5,1,3,2,7,True,0.0523,1,1,500,6379.80,0.00,0.0000
pop500_gen500_mut0.1_elite5_tour1,500,500,0.1000,5,1,3,2,8,True,0.0531,1,1,500,6375.20,0.00,0.0000
pop500_gen500_mut0.1_elite5_tour1,500,500,0.1000,5,1,3,2,9,True,0.0507,1,1,500,6375.20,0.00,0.0000
pop500_gen500_mut0.1_elite5_tour1,500,500,0.1000,5,1,3,2,10,True,0.0622,1,1,500,6375.20,0.00,0.0000
pop500_gen500_mut0.1_elite5_tour2,500,500,0.1000,5,2,3,2,1,True,0.1168,2,2,1000,6384.80,4688.00,-0.0340
pop500_gen500_mut0.1_elite5_tour2,500,500,0.1000,5,2,3,2,2,True,0.0548,1,1,500,6375.20,0.00,0.0000
pop500_gen500_mut0.1_elite5_tour2,500,500,0.1000,5,2,3,2,3,True,0.0516,1,1,500,6375.20,0.00,0.0000
pop500_gen500_mut0.1_elite5_tour2,500,500,0.1000,5,2,3,2,4,True,0.0508,1,1,500,6375.20,0.00,0.0000
pop500_gen500_mut0.1_elite5_tour2,500,500,0.1000,5,2,3,2,5,True,0.0506,1,1,500,6375.20,0.00,0.0000
pop500_gen500_mut0.1_elite5_tour2,500,500,0.1000,5,2,3,2,6,True,0.0615,1,1,500,6379.80,0.00,0.0000
pop500_gen500_mut0.1_elite5_tour2,500,500,0.1000,5,2,3,2,7,True,0.0524,1,1,500,6379.80,0.00,0.0000
pop500_gen500_mut0.1_elite5_tour2,500,500,0.1000,5,2,3,2,8,True,0.0505,1,1,500,6375.20,0.00,0.0000
pop500_gen500_mut0.1_elite5_tour2,500,500,0.1000,5,2,3,2,9,True,0.0578,1,1,500,6375.20,0.00,0.0000
pop500_gen500_mut0.1_elite5_tour2,500,500,0.1000,5,2,3,2,10,True,0.0665,1,1,500,6379.80,0.00,0.0000
pop500_gen500_mut0.1_elite5_tour3,500,500,0.1000,5,3,3,2,1,True,0.1066,2,2,1000,6384.80,4688.00,-0.0300
pop500_gen500_mut0.1_elite5_tour3,500,500,0.1000,5,3,3,2,2,True,0.1145,2,2,1000,6380.20,4683.40,-0.0270
pop500_gen500_mut0.1_elite5_tour3,500,500,0.1000,5,3,3,2,3,True,0.0532,1,1,500,6375.20,0.00,0.0000
pop500_gen500_mut0.1_elite5_tour3,500,500,0.1000,5,3,3,2,4,True,0.0520,1,1,500,6379.80,0.00,0.0000
pop500_gen500_mut0.1_elite5_tour3,500,500,0.1000,5,3,3,2,5,True,0.0504,1,1,500,6375.20,0.00,0.0000
pop500_gen500_mut0.1_elite5_tour3,500,500,0.1000,5,3,3,2,6,True,0.0522,1,1,500,6375.20,0.00,0.0000
pop500_gen500_mut0.1_elite5_tour3,500,500,0.1000,5,3,3,2,7,True,0.0526,1,1,500,6379.80,0.00,0.0000
pop500_gen500_mut0.1_elite5_tour3,500,500,0.1000,5,3,3,2,8,True,0.0519,1,1,500,6379.80,0.00,0.0000
pop500_gen500_mut0.1_elite5_tour3,500,500,0.1000,5,3,3,2,9,True,0.0586,1,1,500,6375.20,0.00,0.0000
pop500_gen500_mut0.1_elite5_tour3,500,500,0.1000,5,3,3,2,10,True,0.0522,1,1,500,6379.80,0.00,0.0000
pop500_gen500_mut0.1_elite5_tour5,500,500,0.1000,5,5,3,2,1,True,0.0512,1,1,500,6375.20,0.00,0.0000
pop500_gen500_mut0.1_elite5_tour5,500,500,0.1000,5,5,3,2,2,True,0.1240,2,2,1000,6384.80,4688.00,-0.0330
pop500_gen500_mut0.1_elite5_tour5,500,500,0.1000,5,5,3,2,3,True,0.0523,1,1,500,6379.80,0.00,0.0000
pop500_gen500_mut0.1_elite5_tour5,500,500,0.1000,5,5,3,2,4,True,0.0517,1,1,500,6375.20,0.00,0.0000
pop500_gen500_mut0.1_elite5_tour5,500,500,0.1000,5,5,3,2,5,True,0.0579,1,1,500,6375.20,0.00,0.0000
pop500_gen500_mut0.1_elite5_tour5,500,500,0.1000,5,5,3,2,6,True,0.1201,2,2,1000,6384.80,4688.00,-0.0330
pop500_gen500_mut0.1_elite5_tour5,500,500,0.1000,5,5,3,2,7,True,0.0663,1,1,500,6375.20,0.00,0.0000
pop500_gen500_mut0.1_elite5_tour5,500,500,0.1000,5,5,3,2,8,True,0.0532,1,1,500,6379.80,0.00,0.0000
pop500_gen500_mut0.1_elite5_tour5,500,500,0.1000,5,5,3,2,9,True,0.0523,1,1,500,6375.20,0.00,0.0000
pop500_gen500_mut0.1_elite5_tour5,500,500,0.1000,5,5,3,2,10,True,0.0520,1,1,500,6375.20,0.00,0.0000
pop100_gen1000_mut0.01_elite5_tour1,100,1000,0.0100,5,1,3,2,1,True,0.0037,1,1,100,6379.80,0.00,0.0000
pop100_gen1000_mut0.01_elite5_tour1,100,1000,0.0100,5,1,3,2,2,True,0.0033,1,1,100,6375.20,0.00,0.0000
pop100_gen1000_mut0.01_elite5_tour1,100,1000,0.0100,5,1,3,2,3,True,0.0034,1,1,100,6375.20,0.00,0.0000
pop100_gen1000_mut0.01_elite5_tour1,100,1000,0.0100,5,1,3,2,4,True,0.0034,1,1,100,6375.20,0.00,0.0000
pop100_gen1000_mut0.01_elite5_tour1,100,1000,0.0100,5,1,3,2,5,True,0.0067,2,2,200,6380.20,4683.40,-0.0020
pop100_gen1000_mut0.01_elite5_tour1,100,1000,0.0100,5,1,3,2,6,True,0.0038,1,1,100,6375.20,0.00,0.0000
pop100_gen1000_mut0.01_elite5_tour1,100,1000,0.0100,5,1,3,2,7,True,0.0033,1,1,100,6375.20,0.00,0.0000
pop100_gen1000_mut0.01_elite5_tour1,100,1000,0.0100,5,1,3,2,8,True,0.0075,2,2,200,6380.20,4683.40,-0.0040
pop100_gen1000_mut0.01_elite5_tour1,100,1000,0.0100,5,1,3,2,9,True,0.0033,1,1,100,6375.20,0.00,0.0000
pop100_gen1000_mut0.01_elite5_tour1,100,1000,0.0100,5,1,3,2,10,True,0.0033,1,1,100,6375.20,0.00,0.0000
pop100_gen1000_mut0.01_elite5_tour2,100,1000,0.0100,5,2,3,2,1,True,0.0104,3,3,300,6380.20,4683.40,-0.0110
pop100_gen1000_mut0.01_elite5_tour2,100,1000,0.0100,5,2,3,2,2,True,0.0033,1,1,100,6375.20,0.00,0.0000
pop100_gen1000_mut0.01_elite5_tour2,100,1000,0.0100,5,2,3,2,3,True,0.0033,1,1,100,6375.20,0.00,0.0000
pop100_gen1000_mut0.01_elite5_tour2,100,1000,0.0100,5,2,3,2,4,True,0.0036,1,1,100,6379.80,0.00,0.0000
pop100_gen1000_mut0.01_elite5_tour2,100,1000,0.0100,5,2,3,2,5,True,0.0033,1,1,100,6375.20,0.00,0.0000
pop100_gen1000_mut0.01_elite5_tour2,100,1000,0.0100,5,2,3,2,6,True,0.0033,1,1,100,6375.20,0.00,0.0000
pop100_gen1000_mut0.01_elite5_tour2,100,1000,0.0100,5,2,3,2,7,True,0.0032,1,1,100,6375.20,0.00,0.0000
pop100_gen1000_mut0.01_elite5_tour2,100,1000,0.0100,5,2,3,2,8,True,0.0032,1,1,100,6375.20,0.00,0.0000
pop100_gen1000_mut0.01_elite5_tour2,100,1000,0.0100,5,2,3,2,9,True,0.0054,1,1,100,6379.80,0.00,0.0000
pop100_gen1000_mut0.01_elite5_tour2,100,1000,0.0100,5,2,3,2,10,True,0.0135,4,4,400,6380.20,4683.40,-0.0040
pop100_gen1000_mut0.01_elite5_tour3,100,1000,0.0100,5,3,3,2,1,True,0.0032,1,1,100,6375.20,0.00,0.0000
pop100_gen1000_mut0.01_elite5_tour3,100,1000,0.0100,5,3,3,2,2,True,0.0037,1,1,100,6375.20,0.00,0.0000
pop100_gen1000_mut0.01_elite5_tour3,100,1000,0.0100,5,3,3,2,3,True,0.0033,1,1,100,6379.80,0.00,0.0000
pop100_gen1000_mut0.01_elite5_tour3,100,1000,0.0100,5,3,3,2,4,True,0.0139,4,4,400,6380.20,4683.40,-0.0020
pop100_gen1000_mut0.01_elite5_tour3,100,1000,0.0100,5,3,3,2,5,True,0.0034,1,1,100,6375.20,0.00,0.0000
pop100_gen1000_mut0.01_elite5_tour3,100,1000,0.0100,5,3,3,2,6,True,0.0034,1,1,100,6379.80,0.00,0.0000
pop100_gen1000_mut0.01_elite5_tour3,100,1000,0.0100,5,3,3,2,7,True,0.0032,1,1,100,6375.20,0.00,0.0000
pop100_gen1000_mut0.01_elite5_tour3,100,1000,0.0100,5,3,3,2,8,True,0.0034,1,1,100,6375.20,0.00,0.0000
pop100_gen1000_mut0.01_elite5_tour3,100,1000,0.0100,5,3,3,2,9,True,0.0138,4,4,400,6380.20,4683.40,-0.0020
pop100_gen1000_mut0.01_elite5_tour3,100,1000,0.0100,5,3,3,2,10,True,0.0035,1,1,100,6379.80,0.00,0.0000
pop100_gen1000_mut0.01_elite5_tour5,100,1000,0.0100,5,5,3,2,1,True,0.0033,1,1,100,6375.20,0.00,0.0000
pop100_gen1000_mut0.01_elite5_tour5,100,1000,0.0100,5,5,3,2,2,True,0.0037,1,1,100,6375.20,0.00,0.0000
pop100_gen1000_mut0.01_elite5_tour5,100,1000,0.0100,5,5,3,2,3,True,0.0034,1,1,100,6375.20,0.00,0.0000
pop100_gen1000_mut0.01_elite5_tour5,100,1000,0.0100,5,5,3,2,4,True,0.0034,1,1,100,6375.20,0.00,0.0000
pop100_gen1000_mut0.01_elite5_tour5,100,1000,0.0100,5,5,3,2,5,True,0.0033,1,1,100,6375.20,0.00,0.0000
pop100_gen1000_mut0.01_elite5_tour5,100,1000,0.0100,5,5,3,2,6,True,0.0034,1,1,100,6379.80,0.00,0.0000
pop100_gen1000_mut0.01_elite5_tour5,100,1000,0.0100,5,5,3,2,7,True,0.0033,1,1,100,6375.20,0.00,0.0000
pop100_gen1000_mut0.01_elite5_tour5,100,1000,0.0100,5,5,3,2,8,True,0.0033,1,1,100,6375.20,0.00,0.0000
pop100_gen1000_mut0.01_elite5_tour5,100,1000,0.0100,5,5,3,2,9,True,0.0032,1,1,100,6375.20,0.00,0.0000
pop100_gen1000_mut0.01_elite5_tour5,100,1000,0.0100,5,5,3,2,10,True,0.0052,1,1,100,6375.20,0.00,0.0000
pop200_gen1000_mut0.01_elite5_tour1,200,1000,0.0100,5,1,3,2,1,True,0.0103,1,1,200,6375.20,0.00,0.0000
pop200_gen1000_mut0.01_elite5_tour1,200,1000,0.0100,5,1,3,2,2,True,0.0101,1,1,200,6375.20,0.00,0.0000
pop200_gen1000_mut0.01_elite5_tour1,200,1000,0.0100,5,1,3,2,3,True,0.0106,1,1,200,6375.20,0.00,0.0000
pop200_gen1000_mut0.01_elite5_tour1,200,1000,0.0100,5,1,3,2,4,True,0.0106,1,1,200,6375.20,0.00,0.0000
pop200_gen1000_mut0.01_elite5_tour1,200,1000,0.0100,5,1,3,2,5,True,0.0207,2,2,400,6380.20,4683.40,-0.0040
pop200_gen1000_mut0.01_elite5_tour1,200,1000,0.0100,5,1,3,2,6,True,0.0213,2,2,400,6380.20,4683.40,-0.0030
pop200_gen1000_mut0.01_elite5_tour1,200,1000,0.0100,5,1,3,2,7,True,0.0099,1,1,200,6375.20,0.00,0.0000
pop200_gen1000_mut0.01_elite5_tour1,200,1000,0.0100,5,1,3,2,8,True,0.0109,1,1,200,6379.80,0.00,0.0000
pop200_gen1000_mut0.01_elite5_tour1,200,1000,0.0100,5,1,3,2,9,True,0.0101,1,1,200,6375.20,0.00,0.0000
pop200_gen1000_mut0.01_elite5_tour1,200,1000,0.0100,5,1,3,2,10,True,0.0098,1,1,200,6375.20,0.00,0.0000
pop200_gen1000_mut0.01_elite5_tour2,200,1000,0.0100,5,2,3,2,1,True,0.0102,1,1,200,6375.20,0.00,0.0000
pop200_gen1000_mut0.01_elite5_tour2,200,1000,0.0100,5,2,3,2,2,True,0.0097,1,1,200,6375.20,0.00,0.0000
pop200_gen1000_mut0.01_elite5_tour2,200,1000,0.0100,5,2,3,2,3,True,0.0102,1,1,200,6379.80,0.00,0.0000
pop200_gen1000_mut0.01_elite5_tour2,200,1000,0.0100,5,2,3,2,4,True,0.0205,2,2,400,6380.20,4683.40,-0.0040
pop200_gen1000_mut0.01_elite5_tour2,200,1000,0.0100,5,2,3,2,5,True,0.0097,1,1,200,6375.20,0.00,0.0000
pop200_gen1000_mut0.01_elite5_tour2,200,1000,0.0100,5,2,3,2,6,True,0.0580,5,5,1000,6380.20,4683.40,-0.0070
pop200_gen1000_mut0.01_elite5_tour2,200,1000,0.0100,5,2,3,2,7,True,0.0105,1,1,200,6375.20,0.00,0.0000
pop200_gen1000_mut0.01_elite5_tour2,200,1000,0.0100,5,2,3,2,8,True,0.0109,1,1,200,6375.20,0.00,0.0000
pop200_gen1000_mut0.01_elite5_tour2,200,1000,0.0100,5,2,3,2,9,True,0.0129,1,1,200,6375.20,0.00,0.0000
pop200_gen1000_mut0.01_elite5_tour2,200,1000,0.0100,5,2,3,2,10,True,0.0118,1,1,200,6379.80,0.00,0.0000
pop200_gen1000_mut0.01_elite5_tour3,200,1000,0.0100,5,3,3,2,1,True,0.0100,1,1,200,6375.20,0.00,0.0000
pop200_gen1000_mut0.01_elite5_tour3,200,1000,0.0100,5,3,3,2,2,True,0.0115,1,1,200,6379.80,0.00,0.0000
pop200_gen1000_mut0.01_elite5_tour3,200,1000,0.0100,5,3,3,2,3,True,0.0128,1,1,200,6375.20,0.00,0.0000
pop200_gen1000_mut0.01_elite5_tour3,200,1000,0.0100,5,3,3,2,4,True,0.0206,2,2,400,6380.20,4683.40,-0.0020
pop200_gen1000_mut0.01_elite5_tour3,200,1000,0.0100,5,3,3,2,5,True,0.0129,1,1,200,6375.20,0.00,0.0000
pop200_gen1000_mut0.01_elite5_tour3,200,1000,0.0100,5,3,3,2,6,True,0.0122,1,1,200,6379.80,0.00,0.0000
pop200_gen1000_mut0.01_elite5_tour3,200,1000,0.0100,5,3,3,2,7,True,0.0208,2,2,400,6380.20,4683.40,-0.0070
pop200_gen1000_mut0.01_elite5_tour3,200,1000,0.0100,5,3,3,2,8,True,0.0101,1,1,200,6375.20,0.00,0.0000
pop200_gen1000_mut0.01_elite5_tour3,200,1000,0.0100,5,3,3,2,9,True,0.0239,2,2,400,6380.20,4683.40,-0.0070
pop200_gen1000_mut0.01_elite5_tour3,200,1000,0.0100,5,3,3,2,10,True,0.0106,1,1,200,6379.80,0.00,0.0000
pop200_gen1000_mut0.01_elite5_tour5,200,1000,0.0100,5,5,3,2,1,True,0.0120,1,1,200,6375.20,0.00,0.0000
pop200_gen1000_mut0.01_elite5_tour5,200,1000,0.0100,5,5,3,2,2,True,0.0104,1,1,200,6375.20,0.00,0.0000
pop200_gen1000_mut0.01_elite5_tour5,200,1000,0.0100,5,5,3,2,3,True,0.0414,4,4,800,6380.20,4683.40,-0.0030
pop200_gen1000_mut0.01_elite5_tour5,200,1000,0.0100,5,5,3,2,4,True,0.0101,1,1,200,6375.20,0.00,0.0000
pop200_gen1000_mut0.01_elite5_tour5,200,1000,0.0100,5,5,3,2,5,True,0.0105,1,1,200,6375.20,0.00,0.0000
pop200_gen1000_mut0.01_elite5_tour5,200,1000,0.0100,5,5,3,2,6,True,0.0104,1,1,200,6379.80,0.00,0.0000
pop200_gen1000_mut0.01_elite5_tour5,200,1000,0.0100,5,5,3,2,7,True,0.0100,1,1,200,6375.20,0.00,0.0000
pop200_gen1000_mut0.01_elite5_tour5,200,1000,0.0100,5,5,3,2,8,True,0.0106,1,1,200,6375.20,0.00,0.0000
pop200_gen1000_mut0.01_elite5_tour5,200,1000,0.0100,5,5,3,2,9,True,0.0107,1,1,200,6375.20,0.00,0.0000
pop200_gen1000_mut0.01_elite5_tour5,200,1000,0.0100,5,5,3,2,10,True,0.0097,1,1,200,6375.20,0.00,0.0000
pop300_gen1000_mut0.01_elite5_tour1,300,1000,0.0100,5,1,3,2,1,True,0.0205,1,1,300,6379.80,0.00,0.0000
pop300_gen1000_mut0.01_elite5_tour1,300,1000,0.0100,5,1,3,2,2,True,0.0208,1,1,300,6379.80,0.00,0.0000
pop300_gen1000_mut0.01_elite5_tour1,300,1000,0.0100,5,1,3,2,3,True,0.0208,1,1,300,6375.20,0.00,0.0000
pop300_gen1000_mut0.01_elite5_tour1,300,1000,0.0100,5,1,3,2,4,True,0.0212,1,1,300,6375.20,0.00,0.0000
pop300_gen1000_mut0.01_elite5_tour1,300,1000,0.0100,5,1,3,2,5,True,0.0214,1,1,300,6379.80,0.00,0.0000
pop300_gen1000_mut0.01_elite5_tour1,300,1000,0.0100,5,1,3,2,6,True,0.0200,1,1,300,6375.20,0.00,0.0000
pop300_gen1000_mut0.01_elite5_tour1,300,1000,0.0100,5,1,3,2,7,True,0.0208,1,1,300,6379.80,0.00,0.0000
pop300_gen1000_mut0.01_elite5_tour1,300,1000,0.0100,5,1,3,2,8,True,0.0206,1,1,300,6375.20,0.00,0.0000
pop300_gen1000_mut0.01_elite5_tour1,300,1000,0.0100,5,1,3,2,9,True,0.0219,1,1,300,6375.20,0.00,0.0000
pop300_gen1000_mut0.01_elite5_tour1,300,1000,0.0100,5,1,3,2,10,True,0.0230,1,1,300,6375.20,0.00,0.0000
pop300_gen1000_mut0.01_elite5_tour2,300,1000,0.0100,5,2,3,2,1,True,0.0431,2,2,600,6380.20,4683.40,-0.0020
pop300_gen1000_mut0.01_elite5_tour2,300,1000,0.0100,5,2,3,2,2,True,0.0205,1,1,300,6375.20,0.00,0.0000
pop300_gen1000_mut0.01_elite5_tour2,300,1000,0.0100,5,2,3,2,3,True,0.0215,1,1,300,6375.20,0.00,0.0000
pop300_gen1000_mut0.01_elite5_tour2,300,1000,0.0100,5,2,3,2,4,True,0.0204,1,1,300,6375.20,0.00,0.0000
pop300_gen1000_mut0.01_elite5_tour2,300,1000,0.0100,5,2,3,2,5,True,0.0219,1,1,300,6375.20,0.00,0.0000
pop300_gen1000_mut0.01_elite5_tour2,300,1000,0.0100,5,2,3,2,6,True,0.0252,1,1,300,6375.20,0.00,0.0000
pop300_gen1000_mut0.01_elite5_tour2,300,1000,0.0100,5,2,3,2,7,True,0.0202,1,1,300,6375.20,0.00,0.0000
pop300_gen1000_mut0.01_elite5_tour2,300,1000,0.0100,5,2,3,2,8,True,0.0204,1,1,300,6375.20,0.00,0.0000
pop300_gen1000_mut0.01_elite5_tour2,300,1000,0.0100,5,2,3,2,9,True,0.0205,1,1,300,6375.20,0.00,0.0000
pop300_gen1000_mut0.01_elite5_tour2,300,1000,0.0100,5,2,3,2,10,True,0.0210,1,1,300,6375.20,0.00,0.0000
pop300_gen1000_mut0.01_elite5_tour3,300,1000,0.0100,5,3,3,2,1,True,0.0206,1,1,300,6375.20,0.00,0.0000
pop300_gen1000_mut0.01_elite5_tour3,300,1000,0.0100,5,3,3,2,2,True,0.0293,1,1,300,6379.80,0.00,0.0000
pop300_gen1000_mut0.01_elite5_tour3,300,1000,0.0100,5,3,3,2,3,True,0.0230,1,1,300,6379.80,0.00,0.0000
pop300_gen1000_mut0.01_elite5_tour3,300,1000,0.0100,5,3,3,2,4,True,0.0438,2,2,600,6380.20,4683.40,-0.0040
pop300_gen1000_mut0.01_elite5_tour3,300,1000,0.0100,5,3,3,2,5,True,0.0220,1,1,300,6375.20,0.00,0.0000
pop300_gen1000_mut0.01_elite5_tour3,300,1000,0.0100,5,3,3,2,6,True,0.0208,1,1,300,6375.20,0.00,0.0000
pop300_gen1000_mut0.01_elite5_tour3,300,1000,0.0100,5,3,3,2,7,True,0.0452,2,2,600,6380.20,4683.40,-0.0030
pop300_gen1000_mut0.01_elite5_tour3,300,1000,0.0100,5,3,3,2,8,True,0.0206,1,1,300,6375.20,0.00,0.0000
pop300_gen1000_mut0.01_elite5_tour3,300,1000,0.0100,5,3,3,2,9,True,0.0425,2,2,600,6380.20,4683.40,-0.0010
pop300_gen1000_mut0.01_elite5_tour3,300,1000,0.0100,5,3,3,2,10,True,0.0315,1,1,300,6375.20,0.00,0.0000
pop300_gen1000_mut0.01_elite5_tour5,300,1000,0.0100,5,5,3,2,1,True,0.0424,2,2,600,6380.20,4683.40,-0.0040
pop300_gen1000_mut0.01_elite5_tour5,300,1000,0.0100,5,5,3,2,2,True,0.0203,1,1,300,6375.20,0.00,0.0000
pop300_gen1000_mut0.01_elite5_tour5,300,1000,0.0100,5,5,3,2,3,True,0.0214,1,1,300,6379.80,0.00,0.0000
pop300_gen1000_mut0.01_elite5_tour5,300,1000,0.0100,5,5,3,2,4,True,0.0430,2,2,600,6380.20,4683.40,-0.0070
pop300_gen1000_mut0.01_elite5_tour5,300,1000,0.0100,5,5,3,2,5,True,0.0207,1,1,300,6375.20,0.00,0.0000
pop300_gen1000_mut0.01_elite5_tour5,300,1000,0.0100,5,5,3,2,6,True,0.0200,1,1,300,6375.20,0.00,0.0000
pop300_gen1000_mut0.01_elite5_tour5,300,1000,0.0100,5,5,3,2,7,True,0.0206,1,1,300,6379.80,0.00,0.0000
pop300_gen1000_mut0.01_elite5_tour5,300,1000,0.0100,5,5,3,2,8,True,0.0213,1,1,300,6375.20,0.00,0.0000
pop300_gen1000_mut0.01_elite5_tour5,300,1000,0.0100,5,5,3,2,9,True,0.0426,2,2,600,6380.20,4683.40,-0.0050
pop300_gen1000_mut0.01_elite5_tour5,300,1000,0.0100,5,5,3,2,10,True,0.1006,4,4,1200,5886.40,4189.60,-0.0300
pop500_gen1000_mut0.01_elite5_tour1,500,1000,0.0100,5,1,3,2,1,True,0.0629,1,1,500,6375.20,0.00,0.0000
pop500_gen1000_mut0.01_elite5_tour1,500,1000,0.0100,5,1,3,2,2,True,0.1167,2,2,1000,6380.20,4683.40,-0.0040
pop500_gen1000_mut0.01_elite5_tour1,500,1000,0.0100,5,1,3,2,3,True,0.1043,2,2,1000,6380.20,4683.40,-0.0010
pop500_gen1000_mut0.01_elite5_tour1,500,1000,0.0100,5,1,3,2,4,True,0.0511,1,1,500,6375.20,0.00,0.0000
pop500_gen1000_mut0.01_elite5_tour1,500,1000,0.0100,5,1,3,2,5,True,0.0548,1,1,500,6375.20,0.00,0.0000
pop500_gen1000_mut0.01_elite5_tour1,500,1000,0.0100,5,1,3,2,6,True,0.0513,1,1,500,6375.20,0.00,0.0000
pop500_gen1000_mut0.01_elite5_tour1,500,1000,0.0100,5,1,3,2,7,True,0.0659,1,1,500,6375.20,0.00,0.0000
pop500_gen1000_mut0.01_elite5_tour1,500,1000,0.0100,5,1,3,2,8,True,0.1154,2,2,1000,6380.20,4683.40,-0.0020
pop500_gen1000_mut0.01_elite5_tour1,500,1000,0.0100,5,1,3,2,9,True,0.0519,1,1,500,6375.20,0.00,0.0000
pop500_gen1000_mut0.01_elite5_tour1,500,1000,0.0100,5,1,3,2,10,True,0.0538,1,1,500,6375.20,0.00,0.0000
pop500_gen1000_mut0.01_elite5_tour2,500,1000,0.0100,5,2,3,2,1,True,0.0578,1,1,500,6375.20,0.00,0.0000
pop500_gen1000_mut0.01_elite5_tour2,500,1000,0.0100,5,2,3,2,2,True,0.0525,1,1,500,6375.20,0.00,0.0000
pop500_gen1000_mut0.01_elite5_tour2,500,1000,0.0100,5,2,3,2,3,True,0.0538,1,1,500,6375.20,0.00,0.0000
pop500_gen1000_mut0.01_elite5_tour2,500,1000,0.0100,5,2,3,2,4,True,0.0593,1,1,500,6375.20,0.00,0.0000
pop500_gen1000_mut0.01_elite5_tour2,500,1000,0.0100,5,2,3,2,5,True,0.0526,1,1,500,6379.80,0.00,0.0000
pop500_gen1000_mut0.01_elite5_tour2,500,1000,0.0100,5,2,3,2,6,True,0.0519,1,1,500,6375.20,0.00,0.0000
pop500_gen1000_mut0.01_elite5_tour2,500,1000,0.0100,5,2,3,2,7,True,0.0564,1,1,500,6379.80,0.00,0.0000
pop500_gen1000_mut0.01_elite5_tour2,500,1000,0.0100,5,2,3,2,8,True,0.0598,1,1,500,6375.20,0.00,0.0000
pop500_gen1000_mut0.01_elite5_tour2,500,1000,0.0100,5,2,3,2,9,True,0.1102,2,2,1000,6380.20,4683.40,-0.0020
pop500_gen1000_mut0.01_elite5_tour2,500,1000,0.0100,5,2,3,2,10,True,0.0539,1,1,500,6375.20,0.00,0.0000
pop500_gen1000_mut0.01_elite5_tour3,500,1000,0.0100,5,3,3,2,1,True,0.0515,1,1,500,6375.20,0.00,0.0000
pop500_gen1000_mut0.01_elite5_tour3,500,1000,0.0100,5,3,3,2,2,True,0.0514,1,1,500,6375.20,0.00,0.0000
pop500_gen1000_mut0.01_elite5_tour3,500,1000,0.0100,5,3,3,2,3,True,0.0515,1,1,500,6375.20,0.00,0.0000
pop500_gen1000_mut0.01_elite5_tour3,500,1000,0.0100,5,3,3,2,4,True,0.1049,2,2,1000,6380.20,4683.40,-0.0050
pop500_gen1000_mut0.01_elite5_tour3,500,1000,0.0100,5,3,3,2,5,True,0.0515,1,1,500,6375.20,0.00,0.0000
pop500_gen1000_mut0.01_elite5_tour3,500,1000,0.0100,5,3,3,2,6,True,0.1095,2,2,1000,6380.20,4683.40,-0.0030
pop500_gen1000_mut0.01_elite5_tour3,500,1000,0.0100,5,3,3,2,7,True,0.0515,1,1,500,6375.20,0.00,0.0000
pop500_gen1000_mut0.01_elite5_tour3,500,1000,0.0100,5,3,3,2,8,True,0.0528,1,1,500,6375.20,0.00,0.0000
pop500_gen1000_mut0.01_elite5_tour3,500,1000,0.0100,5,3,3,2,9,True,0.0505,1,1,500,6375.20,0.00,0.0000
pop500_gen1000_mut0.01_elite5_tour3,500,1000,0.0100,5,3,3,2,10,True,0.1042,2,2,1000,6380.20,4683.40,-0.0040
pop500_gen1000_mut0.01_elite5_tour5,500,1000,0.0100,5,5,3,2,1,True,0.0541,1,1,500,6375.20,0.00,0.0000
pop500_gen1000_mut0.01_elite5_tour5,500,1000,0.0100,5,5,3,2,2,True,0.0520,1,1,500,6375.20,0.00,0.0000
pop500_gen1000_mut0.01_elite5_tour5,500,1000,0.0100,5,5,3,2,3,True,0.1137,2,2,1000,6380.20,4683.40,-0.0040
pop500_gen1000_mut0.01_elite5_tour5,500,1000,0.0100,5,5,3,2,4,True,0.1034,2,2,1000,6380.20,4683.40,-0.0030
pop500_gen1000_mut0.01_elite5_tour5,500,1000,0.0100,5,5,3,2,5,True,0.1056,2,2,1000,6380.20,4683.40,-0.0050
pop500_gen1000_mut0.01_elite5_tour5,500,1000,0.0100,5,5,3,2,6,True,0.0552,1,1,500,6375.20,0.00,0.0000
pop500_gen1000_mut0.01_elite5_tour5,500,1000,0.0100,5,5,3,2,7,True,0.0534,1,1,500,6375.20,0.00,0.0000
pop500_gen1000_mut0.01_elite5_tour5,500,1000,0.0100,5,5,3,2,8,True,0.0539,1,1,500,6375.20,0.00,0.0000
pop500_gen1000_mut0.01_elite5_tour5,500,1000,0.0100,5,5,3,2,9,True,0.0518,1,1,500,6375.20,0.00,0.0000
pop500_gen1000_mut0.01_elite5_tour5,500,1000,0.0100,5,5,3,2,10,True,0.0508,1,1,500,6375.20,0.00,0.0000
pop100_gen1000_mut0.03_elite5_tour1,100,1000,0.0300,5,1,3,2,1,True,0.0068,2,2,200,6380.20,4683.40,-0.0090
pop100_gen1000_mut0.03_elite5_tour1,100,1000,0.0300,5,1,3,2,2,True,0.0068,2,2,200,6380.20,4683.40,-0.0150
pop100_gen1000_mut0.03_elite5_tour1,100,1000,0.0300,5,1,3,2,3,True,0.0034,1,1,100,6379.80,0.00,0.0000
pop100_gen1000_mut0.03_elite5_tour1,100,1000,0.0300,5,1,3,2,4,True,0.0032,1,1,100,6375.20,0.00,0.0000
pop100_gen1000_mut0.03_elite5_tour1,100,1000,0.0300,5,1,3,2,5,True,0.0033,1,1,100,6375.20,0.00,0.0000
pop100_gen1000_mut0.03_elite5_tour1,100,1000,0.0300,5,1,3,2,6,True,0.0032,1,1,100,6375.20,0.00,0.0000
pop100_gen1000_mut0.03_elite5_tour1,100,1000,0.0300,5,1,3,2,7,True,0.0043,1,1,100,6375.20,0.00,0.0000
pop100_gen1000_mut0.03_elite5_tour1,100,1000,0.0300,5,1,3,2,8,True,0.0033,1,1,100,6375.20,0.00,0.0000
pop100_gen1000_mut0.03_elite5_tour1,100,1000,0.0300,5,1,3,2,9,True,0.0135,4,4,400,6380.20,4683.40,-0.0340
pop100_gen1000_mut0.03_elite5_tour1,100,1000,0.0300,5,1,3,2,10,True,0.0034,1,1,100,6379.80,0.00,0.0000
pop100_gen1000_mut0.03_elite5_tour2,100,1000,0.0300,5,2,3,2,1,True,0.0066,2,2,200,6380.20,4683.40,-0.0110
pop100_gen1000_mut0.03_elite5_tour2,100,1000,0.0300,5,2,3,2,2,True,0.0033,1,1,100,6375.20,0.00,0.0000
pop100_gen1000_mut0.03_elite5_tour2,100,1000,0.0300,5,2,3,2,3,True,0.0034,1,1,100,6375.20,0.00,0.0000
pop100_gen1000_mut0.03_elite5_tour2,100,1000,0.0300,5,2,3,2,4,True,0.0033,1,1,100,6375.20,0.00,0.0000
pop100_gen1000_mut0.03_elite5_tour2,100,1000,0.0300,5,2,3,2,5,True,0.0035,1,1,100,6379.80,0.00,0.0000
pop100_gen1000_mut0.03_elite5_tour2,100,1000,0.0300,5,2,3,2,6,True,0.0068,2,2,200,6380.20,4683.40,-0.0040
pop100_gen1000_mut0.03_elite5_tour2,100,1000,0.0300,5,2,3,2,7,True,0.0034,1,1,100,6379.80,0.00,0.0000
pop100_gen1000_mut0.03_elite5_tour2,100,1000,0.0300,5,2,3,2,8,True,0.0032,1,1,100,6375.20,0.00,0.0000
pop100_gen1000_mut0.03_elite5_tour2,100,1000,0.0300,5,2,3,2,9,True,0.0102,3,3,300,6380.20,4683.40,-0.0150
pop100_gen1000_mut0.03_elite5_tour2,100,1000,0.0300,5,2,3,2,10,True,0.0066,2,2,200,6380.20,4683.40,-0.0070
pop100_gen1000_mut0.03_elite5_tour3,100,1000,0.0300,5,3,3,2,1,True,0.0036,1,1,100,6375.20,0.00,0.0000
pop100_gen1000_mut0.03_elite5_tour3,100,1000,0.0300,5,3,3,2,2,True,0.0034,1,1,100,6375.20,0.00,0.0000
pop100_gen1000_mut0.03_elite5_tour3,100,1000,0.0300,5,3,3,2,3,True,0.0034,1,1,100,6379.80,0.00,0.0000
pop100_gen1000_mut0.03_elite5_tour3,100,1000,0.0300,5,3,3,2,4,True,0.0044,1,1,100,6379.80,0.00,0.0000
pop100_gen1000_mut0.03_elite5_tour3,100,1000,0.0300,5,3,3,2,5,True,0.0032,1,1,100,6375.20,0.00,0.0000
pop100_gen1000_mut0.03_elite5_tour3,100,1000,0.0300,5,3,3,2,6,True,0.0035,1,1,100,6375.20,0.00,0.0000
pop100_gen1000_mut0.03_elite5_tour3,100,1000,0.0300,5,3,3,2,7,True,0.0034,1,1,100,6375.20,0.00,0.0000
pop100_gen1000_mut0.03_elite5_tour3,100,1000,0.0300,5,3,3,2,8,True,0.0034,1,1,100,6379.80,0.00,0.0000
pop100_gen1000_mut0.03_elite5_tour3,100,1000,0.0300,5,3,3,2,9,True,0.0034,1,1,100,6379.80,0.00,0.0000
pop100_gen1000_mut0.03_elite5_tour3,100,1000,0.0300,5,3,3,2,10,True,0.0037,1,1,100,6375.20,0.00,0.0000
pop100_gen1000_mut0.03_elite5_tour5,100,1000,0.0300,5,5,3,2,1,True,0.0031,1,1,100,6375.20,0.00,0.0000
pop100_gen1000_mut0.03_elite5_tour5,100,1000,0.0300,5,5,3,2,2,True,0.0034,1,1,100,6375.20,0.00,0.0000
pop100_gen1000_mut0.03_elite5_tour5,100,1000,0.0300,5,5,3,2,3,True,0.0085,2,2,200,6380.20,4683.40,-0.0020
pop100_gen1000_mut0.03_elite5_tour5,100,1000,0.0300,5,5,3,2,4,True,0.0033,1,1,100,6375.20,0.00,0.0000
pop100_gen1000_mut0.03_elite5_tour5,100,1000,0.0300,5,5,3,2,5,True,0.0034,1,1,100,6379.80,0.00,0.0000
pop100_gen1000_mut0.03_elite5_tour5,100,1000,0.0300,5,5,3,2,6,True,0.0034,1,1,100,6379.80,0.00,0.0000
pop100_gen1000_mut0.03_elite5_tour5,100,1000,0.0300,5,5,3,2,7,True,0.0034,1,1,100,6375.20,0.00,0.0000
pop100_gen1000_mut0.03_elite5_tour5,100,1000,0.0300,5,5,3,2,8,True,0.0035,1,1,100,6375.20,0.00,0.0000
pop100_gen1000_mut0.03_elite5_tour5,100,1000,0.0300,5,5,3,2,9,True,0.0034,1,1,100,6375.20,0.00,0.0000
pop100_gen1000_mut0.03_elite5_tour5,100,1000,0.0300,5,5,3,2,10,True,0.0033,1,1,100,6375.20,0.00,0.0000
pop200_gen1000_mut0.03_elite5_tour1,200,1000,0.0300,5,1,3,2,1,True,0.0104,1,1,200,6379.80,0.00,0.0000
pop200_gen1000_mut0.03_elite5_tour1,200,1000,0.0300,5,1,3,2,2,True,0.0118,1,1,200,6375.20,0.00,0.0000
pop200_gen1000_mut0.03_elite5_tour1,200,1000,0.0300,5,1,3,2,3,True,0.0258,2,2,400,6380.20,4683.40,-0.0070
pop200_gen1000_mut0.03_elite5_tour1,200,1000,0.0300,5,1,3,2,4,True,0.0104,1,1,200,6379.80,0.00,0.0000
pop200_gen1000_mut0.03_elite5_tour1,200,1000,0.0300,5,1,3,2,5,True,0.0101,1,1,200,6375.20,0.00,0.0000
pop200_gen1000_mut0.03_elite5_tour1,200,1000,0.0300,5,1,3,2,6,True,0.0099,1,1,200,6375.20,0.00,0.0000
pop200_gen1000_mut0.03_elite5_tour1,200,1000,0.0300,5,1,3,2,7,True,0.0108,1,1,200,6375.20,0.00,0.0000
pop200_gen1000_mut0.03_elite5_tour1,200,1000,0.0300,5,1,3,2,8,True,0.0099,1,1,200,6375.20,0.00,0.0000
pop200_gen1000_mut0.03_elite5_tour1,200,1000,0.0300,5,1,3,2,9,True,0.0217,2,2,400,6380.20,4683.40,-0.0090
pop200_gen1000_mut0.03_elite5_tour1,200,1000,0.0300,5,1,3,2,10,True,0.0111,1,1,200,6375.20,0.00,0.0000
pop200_gen1000_mut0.03_elite5_tour2,200,1000,0.0300,5,2,3,2,1,True,0.0098,1,1,200,6375.20,0.00,0.0000
pop200_gen1000_mut0.03_elite5_tour2,200,1000,0.0300,5,2,3,2,2,True,0.0103,1,1,200,6375.20,0.00,0.0000
pop200_gen1000_mut0.03_elite5_tour2,200,1000,0.0300,5,2,3,2,3,True,0.0125,1,1,200,6375.20,0.00,0.0000
pop200_gen1000_mut0.03_elite5_tour2,200,1000,0.0300,5,2,3,2,4,True,0.0101,1,1,200,6375.20,0.00,0.0000
pop200_gen1000_mut0.03_elite5_tour2,200,1000,0.0300,5,2,3,2,5,True,0.0102,1,1,200,6379.80,0.00,0.0000
pop200_gen1000_mut0.03_elite5_tour2,200,1000,0.0300,5,2,3,2,6,True,0.0225,2,2,400,6380.20,4683.40,-0.0080
pop200_gen1000_mut0.03_elite5_tour2,200,1000,0.0300,5,2,3,2,7,True,0.0099,1,1,200,6375.20,0.00,0.0000
pop200_gen1000_mut0.03_elite5_tour2,200,1000,0.0300,5,2,3,2,8,True,0.0102,1,1,200,6379.80,0.00,0.0000
pop200_gen1000_mut0.03_elite5_tour2,200,1000,0.0300,5,2,3,2,9,True,0.0115,1,1,200,6375.20,0.00,0.0000
pop200_gen1000_mut0.03_elite5_tour2,200,1000,0.0300,5,2,3,2,10,True,0.0205,2,2,400,6380.20,4683.40,-0.0160
pop200_gen1000_mut0.03_elite5_tour3,200,1000,0.0300,5,3,3,2,1,True,0.0100,1,1,200,6375.20,0.00,0.0000
pop200_gen1000_mut0.03_elite5_tour3,200,1000,0.0300,5,3,3,2,2,True,0.0104,1,1,200,6375.20,0.00,0.0000
pop200_gen1000_mut0.03_elite5_tour3,200,1000,0.0300,5,3,3,2,3,True,0.0101,1,1,200,6375.20,0.00,0.0000
pop200_gen1000_mut0.03_elite5_tour3,200,1000,0.0300,5,3,3,2,4,True,0.0116,1,1,200,6379.80,0.00,0.0000
pop200_gen1000_mut0.03_elite5_tour3,200,1000,0.0300,5,3,3,2,5,True,0.0111,1,1,200,6375.20,0.00,0.0000
pop200_gen1000_mut0.03_elite5_tour3,200,1000,0.0300,5,3,3,2,6,True,0.0098,1,1,200,6375.20,0.00,0.0000
pop200_gen1000_mut0.03_elite5_tour3,200,1000,0.0300,5,3,3,2,7,True,0.0100,1,1,200,6375.20,0.00,0.0000
pop200_gen1000_mut0.03_elite5_tour3,200,1000,0.0300,5,3,3,2,8,True,0.0101,1,1,200,6375.20,0.00,0.0000
pop200_gen1000_mut0.03_elite5_tour3,200,1000,0.0300,5,3,3,2,9,True,0.0100,1,1,200,6375.20,0.00,0.0000
pop200_gen1000_mut0.03_elite5_tour3,200,1000,0.0300,5,3,3,2,10,True,0.0107,1,1,200,6379.80,0.00,0.0000
pop200_gen1000_mut0.03_elite5_tour5,200,1000,0.0300,5,5,3,2,1,True,0.0104,1,1,200,6375.20,0.00,0.0000
pop200_gen1000_mut0.03_elite5_tour5,200,1000,0.0300,5,5,3,2,2,True,0.0102,1,1,200,6379.80,0.00,0.0000
pop200_gen1000_mut0.03_elite5_tour5,200,1000,0.0300,5,5,3,2,3,True,0.0238,2,2,400,6380.20,4683.40,-0.0100
pop200_gen1000_mut0.03_elite5_tour5,200,1000,0.0300,5,5,3,2,4,True,0.0229,2,2,400,6380.20,4683.40,-0.0090
pop200_gen1000_mut0.03_elite5_tour5,200,1000,0.0300,5,5,3,2,5,True,0.0202,2,2,400,6380.20,4683.40,-0.0080
pop200_gen1000_mut0.03_elite5_tour5,200,1000,0.0300,5,5,3,2,6,True,0.0100,1,1,200,6375.20,0.00,0.0000
pop200_gen1000_mut0.03_elite5_tour5,200,1000,0.0300,5,5,3,2,7,True,0.0105,1,1,200,6379.80,0.00,0.0000
pop200_gen1000_mut0.03_elite5_tour5,200,1000,0.0300,5,5,3,2,8,True,0.0210,2,2,400,6380.20,4683.40,-0.0100
pop200_gen1000_mut0.03_elite5_tour5,200,1000,0.0300,5,5,3,2,9,True,0.0105,1,1,200,6375.20,0.00,0.0000
pop200_gen1000_mut0.03_elite5_tour5,200,1000,0.0300,5,5,3,2,10,True,0.0098,1,1,200,6375.20,0.00,0.0000
pop300_gen1000_mut0.03_elite5_tour1,300,1000,0.0300,5,1,3,2,1,True,0.0238,1,1,300,6379.80,0.00,0.0000
pop300_gen1000_mut0.03_elite5_tour1,300,1000,0.0300,5,1,3,2,2,True,0.0425,2,2,600,6380.20,4683.40,-0.0120
pop300_gen1000_mut0.03_elite5_tour1,300,1000,0.0300,5,1,3,2,3,True,0.0459,2,2,600,6380.20,4683.40,-0.0100
pop300_gen1000_mut0.03_elite5_tour1,300,1000,0.0300,5,1,3,2,4,True,0.0218,1,1,300,6375.20,0.00,0.0000
pop300_gen1000_mut0.03_elite5_tour1,300,1000,0.0300,5,1,3,2,5,True,0.0203,1,1,300,6375.20,0.00,0.0000
pop300_gen1000_mut0.03_elite5_tour1,300,1000,0.0300,5,1,3,2,6,True,0.0204,1,1,300,6379.80,0.00,0.0000
pop300_gen1000_mut0.03_elite5_tour1,300,1000,0.0300,5,1,3,2,7,True,0.0207,1,1,300,6375.20,0.00,0.0000
pop300_gen1000_mut0.03_elite5_tour1,300,1000,0.0300,5,1,3,2,8,True,0.0209,1,1,300,6379.80,0.00,0.0000
pop300_gen1000_mut0.03_elite5_tour1,300,1000,0.0300,5,1,3,2,9,True,0.0240,1,1,300,6375.20,0.00,0.0000
pop300_gen1000_mut0.03_elite5_tour1,300,1000,0.0300,5,1,3,2,10,True,0.0420,2,2,600,6380.20,4683.40,-0.0140
pop300_gen1000_mut0.03_elite5_tour2,300,1000,0.0300,5,2,3,2,1,True,0.0206,1,1,300,6379.80,0.00,0.0000
pop300_gen1000_mut0.03_elite5_tour2,300,1000,0.0300,5,2,3,2,2,True,0.0452,2,2,600,6380.20,4683.40,-0.0100
pop300_gen1000_mut0.03_elite5_tour2,300,1000,0.0300,5,2,3,2,3,True,0.0197,1,1,300,6375.20,0.00,0.0000
pop300_gen1000_mut0.03_elite5_tour2,300,1000,0.0300,5,2,3,2,4,True,0.0208,1,1,300,6379.80,0.00,0.0000
pop300_gen1000_mut0.03_elite5_tour2,300,1000,0.0300,5,2,3,2,5,True,0.0200,1,1,300,6375.20,0.00,0.0000
pop300_gen1000_mut0.03_elite5_tour2,300,1000,0.0300,5,2,3,2,6,True,0.0205,1,1,300,6379.80,0.00,0.0000
pop300_gen1000_mut0.03_elite5_tour2,300,1000,0.0300,5,2,3,2,7,True,0.0203,1,1,300,6375.20,0.00,0.0000
pop300_gen1000_mut0.03_elite5_tour2,300,1000,0.0300,5,2,3,2,8,True,0.0218,1,1,300,6379.80,0.00,0.0000
pop300_gen1000_mut0.03_elite5_tour2,300,1000,0.0300,5,2,3,2,9,True,0.0208,1,1,300,6375.20,0.00,0.0000
pop300_gen1000_mut0.03_elite5_tour2,300,1000,0.0300,5,2,3,2,10,True,0.0212,1,1,300,6375.20,0.00,0.0000
pop300_gen1000_mut0.03_elite5_tour3,300,1000,0.0300,5,3,3,2,1,True,0.0199,1,1,300,6375.20,0.00,0.0000
pop300_gen1000_mut0.03_elite5_tour3,300,1000,0.0300,5,3,3,2,2,True,0.0201,1,1,300,6375.20,0.00,0.0000
pop300_gen1000_mut0.03_elite5_tour3,300,1000,0.0300,5,3,3,2,3,True,0.0207,1,1,300,6375.20,0.00,0.0000
pop300_gen1000_mut0.03_elite5_tour3,300,1000,0.0300,5,3,3,2,4,True,0.0201,1,1,300,6375.20,0.00,0.0000
pop300_gen1000_mut0.03_elite5_tour3,300,1000,0.0300,5,3,3,2,5,True,0.0209,1,1,300,6375.20,0.00,0.0000
pop300_gen1000_mut0.03_elite5_tour3,300,1000,0.0300,5,3,3,2,6,True,0.0202,1,1,300,6375.20,0.00,0.0000
pop300_gen1000_mut0.03_elite5_tour3,300,1000,0.0300,5,3,3,2,7,True,0.0202,1,1,300,6375.20,0.00,0.0000
pop300_gen1000_mut0.03_elite5_tour3,300,1000,0.0300,5,3,3,2,8,True,0.0209,1,1,300,6375.20,0.00,0.0000
pop300_gen1000_mut0.03_elite5_tour3,300,1000,0.0300,5,3,3,2,9,True,0.0215,1,1,300,6375.20,0.00,0.0000
pop300_gen1000_mut0.03_elite5_tour3,300,1000,0.0300,5,3,3,2,10,True,0.0252,1,1,300,6375.20,0.00,0.0000
pop300_gen1000_mut0.03_elite5_tour5,300,1000,0.0300,5,5,3,2,1,True,0.0213,1,1,300,6375.20,0.00,0.0000
pop300_gen1000_mut0.03_elite5_tour5,300,1000,0.0300,5,5,3,2,2,True,0.0204,1,1,300,6375.20,0.00,0.0000
pop300_gen1000_mut0.03_elite5_tour5,300,1000,0.0300,5,5,3,2,3,True,0.0202,1,1,300,6375.20,0.00,0.0000
pop300_gen1000_mut0.03_elite5_tour5,300,1000,0.0300,5,5,3,2,4,True,0.0241,1,1,300,6379.80,0.00,0.0000
pop300_gen1000_mut0.03_elite5_tour5,300,1000,0.0300,5,5,3,2,5,True,0.0225,1,1,300,6379.80,0.00,0.0000
pop300_gen1000_mut0.03_elite5_tour5,300,1000,0.0300,5,5,3,2,6,True,0.0221,1,1,300,6375.20,0.00,0.0000
pop300_gen1000_mut0.03_elite5_tour5,300,1000,0.0300,5,5,3,2,7,True,0.0204,1,1,300,6375.20,0.00,0.0000
pop300_gen1000_mut0.03_elite5_tour5,300,1000,0.0300,5,5,3,2,8,True,0.0224,1,1,300,6375.20,0.00,0.0000
pop300_gen1000_mut0.03_elite5_tour5,300,1000,0.0300,5,5,3,2,9,True,0.0218,1,1,300,6375.20,0.00,0.0000
pop300_gen1000_mut0.03_elite5_tour5,300,1000,0.0300,5,5,3,2,10,True,0.0203,1,1,300,6379.80,0.00,0.0000
pop500_gen1000_mut0.03_elite5_tour1,500,1000,0.0300,5,1,3,2,1,True,0.1034,2,2,1000,6380.20,4683.40,-0.0060
pop500_gen1000_mut0.03_elite5_tour1,500,1000,0.0300,5,1,3,2,2,True,0.0528,1,1,500,6375.20,0.00,0.0000
pop500_gen1000_mut0.03_elite5_tour1,500,1000,0.0300,5,1,3,2,3,True,0.0509,1,1,500,6375.20,0.00,0.0000
pop500_gen1000_mut0.03_elite5_tour1,500,1000,0.0300,5,1,3,2,4,True,0.0661,1,1,500,6375.20,0.00,0.0000
pop500_gen1000_mut0.03_elite5_tour1,500,1000,0.0300,5,1,3,2,5,True,0.0515,1,1,500,6375.20,0.00,0.0000
pop500_gen1000_mut0.03_elite5_tour1,500,1000,0.0300,5,1,3,2,6,True,0.0608,1,1,500,6375.20,0.00,0.0000
pop500_gen1000_mut0.03_elite5_tour1,500,1000,0.0300,5,1,3,2,7,True,0.0516,1,1,500,6375.20,0.00,0.0000
pop500_gen1000_mut0.03_elite5_tour1,500,1000,0.0300,5,1,3,2,8,True,0.0512,1,1,500,6375.20,0.00,0.0000
pop500_gen1000_mut0.03_elite5_tour1,500,1000,0.0300,5,1,3,2,9,True,0.0522,1,1,500,6375.20,0.00,0.0000
pop500_gen1000_mut0.03_elite5_tour1,500,1000,0.0300,5,1,3,2,10,True,0.0512,1,1,500,6375.20,0.00,0.0000
pop500_gen1000_mut0.03_elite5_tour2,500,1000,0.0300,5,2,3,2,1,True,0.1024,2,2,1000,6380.20,4683.40,-0.0110
pop500_gen1000_mut0.03_elite5_tour2,500,1000,0.0300,5,2,3,2,2,True,0.1047,2,2,1000,6380.20,4683.40,-0.0100
pop500_gen1000_mut0.03_elite5_tour2,500,1000,0.0300,5,2,3,2,3,True,0.0523,1,1,500,6375.20,0.00,0.0000
pop500_gen1000_mut0.03_elite5_tour2,500,1000,0.0300,5,2,3,2,4,True,0.0511,1,1,500,6375.20,0.00,0.0000
pop500_gen1000_mut0.03_elite5_tour2,500,1000,0.0300,5,2,3,2,5,True,0.0531,1,1,500,6375.20,0.00,0.0000
pop500_gen1000_mut0.03_elite5_tour2,500,1000,0.0300,5,2,3,2,6,True,0.0523,1,1,500,6379.80,0.00,0.0000
pop500_gen1000_mut0.03_elite5_tour2,500,1000,0.0300,5,2,3,2,7,True,0.0520,1,1,500,6375.20,0.00,0.0000
pop500_gen1000_mut0.03_elite5_tour2,500,1000,0.0300,5,2,3,2,8,True,0.0526,1,1,500,6379.80,0.00,0.0000
pop500_gen1000_mut0.03_elite5_tour2,500,1000,0.0300,5,2,3,2,9,True,0.0503,1,1,500,6375.20,0.00,0.0000
pop500_gen1000_mut0.03_elite5_tour2,500,1000,0.0300,5,2,3,2,10,True,0.0527,1,1,500,6375.20,0.00,0.0000
pop500_gen1000_mut0.03_elite5_tour3,500,1000,0.0300,5,3,3,2,1,True,0.0511,1,1,500,6375.20,0.00,0.0000
pop500_gen1000_mut0.03_elite5_tour3,500,1000,0.0300,5,3,3,2,2,True,0.1032,2,2,1000,6380.20,4683.40,-0.0080
pop500_gen1000_mut0.03_elite5_tour3,500,1000,0.0300,5,3,3,2,3,True,0.1116,2,2,1000,6380.20,4683.40,-0.0130
pop500_gen1000_mut0.03_elite5_tour3,500,1000,0.0300,5,3,3,2,4,True,0.0515,1,1,500,6375.20,0.00,0.0000
pop500_gen1000_mut0.03_elite5_tour3,500,1000,0.0300,5,3,3,2,5,True,0.0505,1,1,500,6375.20,0.00,0.0000
pop500_gen1000_mut0.03_elite5_tour3,500,1000,0.0300,5,3,3,2,6,True,0.0572,1,1,500,6375.20,0.00,0.0000
pop500_gen1000_mut0.03_elite5_tour3,500,1000,0.0300,5,3,3,2,7,True,0.0545,1,1,500,6375.20,0.00,0.0000
pop500_gen1000_mut0.03_elite5_tour3,500,1000,0.0300,5,3,3,2,8,True,0.0520,1,1,500,6375.20,0.00,0.0000
pop500_gen1000_mut0.03_elite5_tour3,500,1000,0.0300,5,3,3,2,9,True,0.0504,1,1,500,6375.20,0.00,0.0000
pop500_gen1000_mut0.03_elite5_tour3,500,1000,0.0300,5,3,3,2,10,True,0.0517,1,1,500,6379.80,0.00,0.0000
pop500_gen1000_mut0.03_elite5_tour5,500,1000,0.0300,5,5,3,2,1,True,0.0529,1,1,500,6375.20,0.00,0.0000
pop500_gen1000_mut0.03_elite5_tour5,500,1000,0.0300,5,5,3,2,2,True,0.0607,1,1,500,6375.20,0.00,0.0000
pop500_gen1000_mut0.03_elite5_tour5,500,1000,0.0300,5,5,3,2,3,True,0.0520,1,1,500,6379.80,0.00,0.0000
pop500_gen1000_mut0.03_elite5_tour5,500,1000,0.0300,5,5,3,2,4,True,0.0515,1,1,500,6375.20,0.00,0.0000
pop500_gen1000_mut0.03_elite5_tour5,500,1000,0.0300,5,5,3,2,5,True,0.0513,1,1,500,6375.20,0.00,0.0000
pop500_gen1000_mut0.03_elite5_tour5,500,1000,0.0300,5,5,3,2,6,True,0.0515,1,1,500,6375.20,0.00,0.0000
pop500_gen1000_mut0.03_elite5_tour5,500,1000,0.0300,5,5,3,2,7,True,0.0521,1,1,500,6375.20,0.00,0.0000
pop500_gen1000_mut0.03_elite5_tour5,500,1000,0.0300,5,5,3,2,8,True,0.0523,1,1,500,6375.20,0.00,0.0000
pop500_gen1000_mut0.03_elite5_tour5,500,1000,0.0300,5,5,3,2,9,True,0.0523,1,1,500,6375.20,0.00,0.0000
pop500_gen1000_mut0.03_elite5_tour5,500,1000,0.0300,5,5,3,2,10,True,0.0514,1,1,500,6375.20,0.00,0.0000
pop100_gen1000_mut0.05_elite5_tour1,100,1000,0.0500,5,1,3,2,1,True,0.0033,1,1,100,6375.20,0.00,0.0000
pop100_gen1000_mut0.05_elite5_tour1,100,1000,0.0500,5,1,3,2,2,True,0.0037,1,1,100,6379.80,0.00,0.0000
pop100_gen1000_mut0.05_elite5_tour1,100,1000,0.0500,5,1,3,2,3,True,0.0035,1,1,100,6379.80,0.00,0.0000
pop100_gen1000_mut0.05_elite5_tour1,100,1000,0.0500,5,1,3,2,4,True,0.0038,1,1,100,6379.80,0.00,0.0000
pop100_gen1000_mut0.05_elite5_tour1,100,1000,0.0500,5,1,3,2,5,True,0.0033,1,1,100,6375.20,0.00,0.0000
pop100_gen1000_mut0.05_elite5_tour1,100,1000,0.0500,5,1,3,2,6,True,0.0034,1,1,100,6375.20,0.00,0.0000
pop100_gen1000_mut0.05_elite5_tour1,100,1000,0.0500,5,1,3,2,7,True,0.0032,1,1,100,6375.20,0.00,0.0000
pop100_gen1000_mut0.05_elite5_tour1,100,1000,0.0500,5,1,3,2,8,True,0.0034,1,1,100,6379.80,0.00,0.0000
pop100_gen1000_mut0.05_elite5_tour1,100,1000,0.0500,5,1,3,2,9,True,0.0033,1,1,100,6375.20,0.00,0.0000
pop100_gen1000_mut0.05_elite5_tour1,100,1000,0.0500,5,1,3,2,10,True,0.0033,1,1,100,6375.20,0.00,0.0000
pop100_gen1000_mut0.05_elite5_tour2,100,1000,0.0500,5,2,3,2,1,True,0.0037,1,1,100,6375.20,0.00,0.0000
pop100_gen1000_mut0.05_elite5_tour2,100,1000,0.0500,5,2,3,2,2,True,0.0072,2,2,200,6380.20,4683.40,-0.0130
pop100_gen1000_mut0.05_elite5_tour2,100,1000,0.0500,5,2,3,2,3,True,0.0034,1,1,100,6375.20,0.00,0.0000
pop100_gen1000_mut0.05_elite5_tour2,100,1000,0.0500,5,2,3,2,4,True,0.0071,2,2,200,6380.20,4683.40,-0.0190
pop100_gen1000_mut0.05_elite5_tour2,100,1000,0.0500,5,2,3,2,5,True,0.0067,2,2,200,6380.20,4683.40,-0.0170
pop100_gen1000_mut0.05_elite5_tour2,100,1000,0.0500,5,2,3,2,6,True,0.0033,1,1,100,6375.20,0.00,0.0000
pop100_gen1000_mut0.05_elite5_tour2,100,1000,0.0500,5,2,3,2,7,True,0.0033,1,1,100,6375.20,0.00,0.0000
pop100_gen1000_mut0.05_elite5_tour2,100,1000,0.0500,5,2,3,2,8,True,0.0037,1,1,100,6379.80,0.00,0.0000
pop100_gen1000_mut0.05_elite5_tour2,100,1000,0.0500,5,2,3,2,9,True,0.0034,1,1,100,6375.20,0.00,0.0000
pop100_gen1000_mut0.05_elite5_tour2,100,1000,0.0500,5,2,3,2,10,True,0.0033,1,1,100,6375.20,0.00,0.0000
pop100_gen1000_mut0.05_elite5_tour3,100,1000,0.0500,5,3,3,2,1,True,0.0032,1,1,100,6375.20,0.00,0.0000
pop100_gen1000_mut0.05_elite5_tour3,100,1000,0.0500,5,3,3,2,2,True,0.0033,1,1,100,6375.20,0.00,0.0000
pop100_gen1000_mut0.05_elite5_tour3,100,1000,0.0500,5,3,3,2,3,True,0.0034,1,1,100,6375.20,0.00,0.0000
pop100_gen1000_mut0.05_elite5_tour3,100,1000,0.0500,5,3,3,2,4,True,0.0037,1,1,100,6375.20,0.00,0.0000
pop100_gen1000_mut0.05_elite5_tour3,100,1000,0.0500,5,3,3,2,5,True,0.0032,1,1,100,6375.20,0.00,0.0000
pop100_gen1000_mut0.05_elite5_tour3,100,1000,0.0500,5,3,3,2,6,True,0.0071,2,2,200,6380.20,4683.40,-0.0210
pop100_gen1000_mut0.05_elite5_tour3,100,1000,0.0500,5,3,3,2,7,True,0.0032,1,1,100,6375.20,0.00,0.0000
pop100_gen1000_mut0.05_elite5_tour3,100,1000,0.0500,5,3,3,2,8,True,0.0034,1,1,100,6379.80,0.00,0.0000
pop100_gen1000_mut0.05_elite5_tour3,100,1000,0.0500,5,3,3,2,9,True,0.0032,1,1,100,6375.20,0.00,0.0000
pop100_gen1000_mut0.05_elite5_tour3,100,1000,0.0500,5,3,3,2,10,True,0.0034,1,1,100,6375.20,0.00,0.0000
pop100_gen1000_mut0.05_elite5_tour5,100,1000,0.0500,5,5,3,2,1,True,0.0070,2,2,200,6384.80,4688.00,-0.0210
pop100_gen1000_mut0.05_elite5_tour5,100,1000,0.0500,5,5,3,2,2,True,0.0034,1,1,100,6375.20,0.00,0.0000
pop100_gen1000_mut0.05_elite5_tour5,100,1000,0.0500,5,5,3,2,3,True,0.0033,1,1,100,6375.20,0.00,0.0000
pop100_gen1000_mut0.05_elite5_tour5,100,1000,0.0500,5,5,3,2,4,True,0.0032,1,1,100,6375.20,0.00,0.0000
pop100_gen1000_mut0.05_elite5_tour5,100,1000,0.0500,5,5,3,2,5,True,0.0069,2,2,200,6380.20,4683.40,-0.0170
pop100_gen1000_mut0.05_elite5_tour5,100,1000,0.0500,5,5,3,2,6,True,0.0033,1,1,100,6375.20,0.00,0.0000
pop100_gen1000_mut0.05_elite5_tour5,100,1000,0.0500,5,5,3,2,7,True,0.0036,1,1,100,6375.20,0.00,0.0000
pop100_gen1000_mut0.05_elite5_tour5,100,1000,0.0500,5,5,3,2,8,True,0.0069,2,2,200,6380.20,4683.40,-0.0130
pop100_gen1000_mut0.05_elite5_tour5,100,1000,0.0500,5,5,3,2,9,True,0.0034,1,1,100,6379.80,0.00,0.0000
pop100_gen1000_mut0.05_elite5_tour5,100,1000,0.0500,5,5,3,2,10,True,0.0036,1,1,100,6375.20,0.00,0.0000
pop200_gen1000_mut0.05_elite5_tour1,200,1000,0.0500,5,1,3,2,1,True,0.0100,1,1,200,6375.20,0.00,0.0000
pop200_gen1000_mut0.05_elite5_tour1,200,1000,0.0500,5,1,3,2,2,True,0.0206,2,2,400,6384.80,4688.00,-0.0140
pop200_gen1000_mut0.05_elite5_tour1,200,1000,0.0500,5,1,3,2,3,True,0.0104,1,1,200,6379.80,0.00,0.0000
pop200_gen1000_mut0.05_elite5_tour1,200,1000,0.0500,5,1,3,2,4,True,0.0100,1,1,200,6375.20,0.00,0.0000
pop200_gen1000_mut0.05_elite5_tour1,200,1000,0.0500,5,1,3,2,5,True,0.0209,2,2,400,6380.20,4683.40,-0.0220
pop200_gen1000_mut0.05_elite5_tour1,200,1000,0.0500,5,1,3,2,6,True,0.0104,1,1,200,6375.20,0.00,0.0000
pop200_gen1000_mut0.05_elite5_tour1,200,1000,0.0500,5,1,3,2,7,True,0.0102,1,1,200,6375.20,0.00,0.0000
pop200_gen1000_mut0.05_elite5_tour1,200,1000,0.0500,5,1,3,2,8,True,0.0100,1,1,200,6375.20,0.00,0.0000
pop200_gen1000_mut0.05_elite5_tour1,200,1000,0.0500,5,1,3,2,9,True,0.0101,1,1,200,6375.20,0.00,0.0000
pop200_gen1000_mut0.05_elite5_tour1,200,1000,0.0500,5,1,3,2,10,True,0.0100,1,1,200,6375.20,0.00,0.0000
pop200_gen1000_mut0.05_elite5_tour2,200,1000,0.0500,5,2,3,2,1,True,0.0107,1,1,200,6379.80,0.00,0.0000
pop200_gen1000_mut0.05_elite5_tour2,200,1000,0.0500,5,2,3,2,2,True,0.0105,1,1,200,6375.20,0.00,0.0000
pop200_gen1000_mut0.05_elite5_tour2,200,1000,0.0500,5,2,3,2,3,True,0.0207,2,2,400,6380.20,4683.40,-0.0150
pop200_gen1000_mut0.05_elite5_tour2,200,1000,0.0500,5,2,3,2,4,True,0.0101,1,1,200,6375.20,0.00,0.0000
pop200_gen1000_mut0.05_elite5_tour2,200,1000,0.0500,5,2,3,2,5,True,0.0105,1,1,200,6379.80,0.00,0.0000
pop200_gen1000_mut0.05_elite5_tour2,200,1000,0.0500,5,2,3,2,6,True,0.0107,1,1,200,6375.20,0.00,0.0000
pop200_gen1000_mut0.05_elite5_tour2,200,1000,0.0500,5,2,3,2,7,True,0.0103,1,1,200,6375.20,0.00,0.0000
pop200_gen1000_mut0.05_elite5_tour2,200,1000,0.0500,5,2,3,2,8,True,0.0153,1,1,200,6375.20,0.00,0.0000
pop200_gen1000_mut0.05_elite5_tour2,200,1000,0.0500,5,2,3,2,9,True,0.0100,1,1,200,6375.20,0.00,0.0000
pop200_gen1000_mut0.05_elite5_tour2,200,1000,0.0500,5,2,3,2,10,True,0.0099,1,1,200,6375.20,0.00,0.0000
pop200_gen1000_mut0.05_elite5_tour3,200,1000,0.0500,5,3,3,2,1,True,0.0099,1,1,200,6375.20,0.00,0.0000
pop200_gen1000_mut0.05_elite5_tour3,200,1000,0.0500,5,3,3,2,2,True,0.0100,1,1,200,6375.20,0.00,0.0000
pop200_gen1000_mut0.05_elite5_tour3,200,1000,0.0500,5,3,3,2,3,True,0.0210,2,2,400,6380.20,4683.40,-0.0160
pop200_gen1000_mut0.05_elite5_tour3,200,1000,0.0500,5,3,3,2,4,True,0.0102,1,1,200,6375.20,0.00,0.0000
pop200_gen1000_mut0.05_elite5_tour3,200,1000,0.0500,5,3,3,2,5,True,0.0109,1,1,200,6375.20,0.00,0.0000
pop200_gen1000_mut0.05_elite5_tour3,200,1000,0.0500,5,3,3,2,6,True,0.0101,1,1,200,6375.20,0.00,0.0000
pop200_gen1000_mut0.05_elite5_tour3,200,1000,0.0500,5,3,3,2,7,True,0.0211,2,2,400,6380.20,4683.40,-0.0120
pop200_gen1000_mut0.05_elite5_tour3,200,1000,0.0500,5,3,3,2,8,True,0.0207,2,2,400,6384.80,4688.00,-0.0190
pop200_gen1000_mut0.05_elite5_tour3,200,1000,0.0500,5,3,3,2,9,True,0.0098,1,1,200,6375.20,0.00,0.0000
pop200_gen1000_mut0.05_elite5_tour3,200,1000,0.0500,5,3,3,2,10,True,0.0106,1,1,200,6375.20,0.00,0.0000
pop200_gen1000_mut0.05_elite5_tour5,200,1000,0.0500,5,5,3,2,1,True,0.0099,1,1,200,6375.20,0.00,0.0000
pop200_gen1000_mut0.05_elite5_tour5,200,1000,0.0500,5,5,3,2,2,True,0.0106,1,1,200,6379.80,0.00,0.0000
pop200_gen1000_mut0.05_elite5_tour5,200,1000,0.0500,5,5,3,2,3,True,0.0100,1,1,200,6375.20,0.00,0.0000
pop200_gen1000_mut0.05_elite5_tour5,200,1000,0.0500,5,5,3,2,4,True,0.0206,2,2,400,6384.80,4688.00,-0.0130
pop200_gen1000_mut0.05_elite5_tour5,200,1000,0.0500,5,5,3,2,5,True,0.0099,1,1,200,6375.20,0.00,0.0000
pop200_gen1000_mut0.05_elite5_tour5,200,1000,0.0500,5,5,3,2,6,True,0.0103,1,1,200,6375.20,0.00,0.0000
pop200_gen1000_mut0.05_elite5_tour5,200,1000,0.0500,5,5,3,2,7,True,0.0099,1,1,200,6375.20,0.00,0.0000
pop200_gen1000_mut0.05_elite5_tour5,200,1000,0.0500,5,5,3,2,8,True,0.0205,2,2,400,6380.20,4683.40,-0.0160
pop200_gen1000_mut0.05_elite5_tour5,200,1000,0.0500,5,5,3,2,9,True,0.0102,1,1,200,6375.20,0.00,0.0000
pop200_gen1000_mut0.05_elite5_tour5,200,1000,0.0500,5,5,3,2,10,True,0.0110,1,1,200,6375.20,0.00,0.0000
pop300_gen1000_mut0.05_elite5_tour1,300,1000,0.0500,5,1,3,2,1,True,0.0214,1,1,300,6379.80,0.00,0.0000
pop300_gen1000_mut0.05_elite5_tour1,300,1000,0.0500,5,1,3,2,2,True,0.0207,1,1,300,6375.20,0.00,0.0000
pop300_gen1000_mut0.05_elite5_tour1,300,1000,0.0500,5,1,3,2,3,True,0.0210,1,1,300,6379.80,0.00,0.0000
pop300_gen1000_mut0.05_elite5_tour1,300,1000,0.0500,5,1,3,2,4,True,0.0306,1,1,300,6375.20,0.00,0.0000
pop300_gen1000_mut0.05_elite5_tour1,300,1000,0.0500,5,1,3,2,5,True,0.0339,1,1,300,6375.20,0.00,0.0000
pop300_gen1000_mut0.05_elite5_tour1,300,1000,0.0500,5,1,3,2,6,True,0.0414,2,2,600,6384.80,4688.00,-0.0190
pop300_gen1000_mut0.05_elite5_tour1,300,1000,0.0500,5,1,3,2,7,True,0.0414,2,2,600,6380.20,4683.40,-0.0160
pop300_gen1000_mut0.05_elite5_tour1,300,1000,0.0500,5,1,3,2,8,True,0.0205,1,1,300,6379.80,0.00,0.0000
pop300_gen1000_mut0.05_elite5_tour1,300,1000,0.0500,5,1,3,2,9,True,0.0203,1,1,300,6375.20,0.00,0.0000
pop300_gen1000_mut0.05_elite5_tour1,300,1000,0.0500,5,1,3,2,10,True,0.0198,1,1,300,6375.20,0.00,0.0000
pop300_gen1000_mut0.05_elite5_tour2,300,1000,0.0500,5,2,3,2,1,True,0.0199,1,1,300,6375.20,0.00,0.0000
pop300_gen1000_mut0.05_elite5_tour2,300,1000,0.0500,5,2,3,2,2,True,0.0202,1,1,300,6375.20,0.00,0.0000
pop300_gen1000_mut0.05_elite5_tour2,300,1000,0.0500,5,2,3,2,3,True,0.0409,2,2,600,6380.20,4683.40,-0.0120
pop300_gen1000_mut0.05_elite5_tour2,300,1000,0.0500,5,2,3,2,4,True,0.0201,1,1,300,6375.20,0.00,0.0000
pop300_gen1000_mut0.05_elite5_tour2,300,1000,0.0500,5,2,3,2,5,True,0.0419,2,2,600,6380.20,4683.40,-0.0200
pop300_gen1000_mut0.05_elite5_tour2,300,1000,0.0500,5,2,3,2,6,True,0.0213,1,1,300,6375.20,0.00,0.0000
pop300_gen1000_mut0.05_elite5_tour2,300,1000,0.0500,5,2,3,2,7,True,0.0223,1,1,300,6375.20,0.00,0.0000
pop300_gen1000_mut0.05_elite5_tour2,300,1000,0.0500,5,2,3,2,8,True,0.0206,1,1,300,6375.20,0.00,0.0000
pop300_gen1000_mut0.05_elite5_tour2,300,1000,0.0500,5,2,3,2,9,True,0.0273,1,1,300,6379.80,0.00,0.0000
pop300_gen1000_mut0.05_elite5_tour2,300,1000,0.0500,5,2,3,2,10,True,0.0452,2,2,600,6380.20,4683.40,-0.0140
pop300_gen1000_mut0.05_elite5_tour3,300,1000,0.0500,5,3,3,2,1,True,0.0225,1,1,300,6379.80,0.00,0.0000
pop300_gen1000_mut0.05_elite5_tour3,300,1000,0.0500,5,3,3,2,2,True,0.0211,1,1,300,6375.20,0.00,0.0000
pop300_gen1000_mut0.05_elite5_tour3,300,1000,0.0500,5,3,3,2,3,True,0.0215,1,1,300,6375.20,0.00,0.0000
pop300_gen1000_mut0.05_elite5_tour3,300,1000,0.0500,5,3,3,2,4,True,0.0228,1,1,300,6375.20,0.00,0.0000
pop300_gen1000_mut0.05_elite5_tour3,300,1000,0.0500,5,3,3,2,5,True,0.0214,1,1,300,6379.80,0.00,0.0000
pop300_gen1000_mut0.05_elite5_tour3,300,1000,0.0500,5,3,3,2,6,True,0.0212,1,1,300,6379.80,0.00,0.0000
pop300_gen1000_mut0.05_elite5_tour3,300,1000,0.0500,5,3,3,2,7,True,0.0206,1,1,300,6375.20,0.00,0.0000
pop300_gen1000_mut0.05_elite5_tour3,300,1000,0.0500,5,3,3,2,8,True,0.0415,2,2,600,6380.20,4683.40,-0.0180
pop300_gen1000_mut0.05_elite5_tour3,300,1000,0.0500,5,3,3,2,9,True,0.0207,1,1,300,6379.80,0.00,0.0000
pop300_gen1000_mut0.05_elite5_tour3,300,1000,0.0500,5,3,3,2,10,True,0.0202,1,1,300,6375.20,0.00,0.0000
pop300_gen1000_mut0.05_elite5_tour5,300,1000,0.0500,5,5,3,2,1,True,0.0519,2,2,600,6380.20,4683.40,-0.0120
pop300_gen1000_mut0.05_elite5_tour5,300,1000,0.0500,5,5,3,2,2,True,0.0226,1,1,300,6375.20,0.00,0.0000
pop300_gen1000_mut0.05_elite5_tour5,300,1000,0.0500,5,5,3,2,3,True,0.0203,1,1,300,6379.80,0.00,0.0000
pop300_gen1000_mut0.05_elite5_tour5,300,1000,0.0500,5,5,3,2,4,True,0.0208,1,1,300,6379.80,0.00,0.0000
pop300_gen1000_mut0.05_elite5_tour5,300,1000,0.0500,5,5,3,2,5,True,0.0207,1,1,300,6379.80,0.00,0.0000
pop300_gen1000_mut0.05_elite5_tour5,300,1000,0.0500,5,5,3,2,6,True,0.0255,1,1,300,6375.20,0.00,0.0000
pop300_gen1000_mut0.05_elite5_tour5,300,1000,0.0500,5,5,3,2,7,True,0.0516,2,2,600,6380.20,4683.40,-0.0210
pop300_gen1000_mut0.05_elite5_tour5,300,1000,0.0500,5,5,3,2,8,True,0.0199,1,1,300,6375.20,0.00,0.0000
pop300_gen1000_mut0.05_elite5_tour5,300,1000,0.0500,5,5,3,2,9,True,0.0229,1,1,300,6375.20,0.00,0.0000
pop300_gen1000_mut0.05_elite5_tour5,300,1000,0.0500,5,5,3,2,10,True,0.0203,1,1,300,6375.20,0.00,0.0000
pop500_gen1000_mut0.05_elite5_tour1,500,1000,0.0500,5,1,3,2,1,True,0.1087,2,2,1000,6380.20,4683.40,-0.0130
pop500_gen1000_mut0.05_elite5_tour1,500,1000,0.0500,5,1,3,2,2,True,0.1070,2,2,1000,6380.20,4683.40,-0.0150
pop500_gen1000_mut0.05_elite5_tour1,500,1000,0.0500,5,1,3,2,3,True,0.0521,1,1,500,6375.20,0.00,0.0000
pop500_gen1000_mut0.05_elite5_tour1,500,1000,0.0500,5,1,3,2,4,True,0.0521,1,1,500,6375.20,0.00,0.0000
pop500_gen1000_mut0.05_elite5_tour1,500,1000,0.0500,5,1,3,2,5,True,0.0523,1,1,500,6379.80,0.00,0.0000
pop500_gen1000_mut0.05_elite5_tour1,500,1000,0.0500,5,1,3,2,6,True,0.0534,1,1,500,6375.20,0.00,0.0000
pop500_gen1000_mut0.05_elite5_tour1,500,1000,0.0500,5,1,3,2,7,True,0.0515,1,1,500,6375.20,0.00,0.0000
pop500_gen1000_mut0.05_elite5_tour1,500,1000,0.0500,5,1,3,2,8,True,0.1085,2,2,1000,6380.20,4683.40,-0.0110
pop500_gen1000_mut0.05_elite5_tour1,500,1000,0.0500,5,1,3,2,9,True,0.0555,1,1,500,6375.20,0.00,0.0000
pop500_gen1000_mut0.05_elite5_tour1,500,1000,0.0500,5,1,3,2,10,True,0.0650,1,1,500,6379.80,0.00,0.0000
pop500_gen1000_mut0.05_elite5_tour2,500,1000,0.0500,5,2,3,2,1,True,0.0566,1,1,500,6375.20,0.00,0.0000
pop500_gen1000_mut0.05_elite5_tour2,500,1000,0.0500,5,2,3,2,2,True,0.0528,1,1,500,6375.20,0.00,0.0000
pop500_gen1000_mut0.05_elite5_tour2,500,1000,0.0500,5,2,3,2,3,True,0.0592,1,1,500,6375.20,0.00,0.0000
pop500_gen1000_mut0.05_elite5_tour2,500,1000,0.0500,5,2,3,2,4,True,0.0550,1,1,500,6375.20,0.00,0.0000
pop500_gen1000_mut0.05_elite5_tour2,500,1000,0.0500,5,2,3,2,5,True,0.1080,2,2,1000,6380.20,4683.40,-0.0170
pop500_gen1000_mut0.05_elite5_tour2,500,1000,0.0500,5,2,3,2,6,True,0.0547,1,1,500,6375.20,0.00,0.0000
pop500_gen1000_mut0.05_elite5_tour2,500,1000,0.0500,5,2,3,2,7,True,0.1037,2,2,1000,6384.80,4688.00,-0.0180
pop500_gen1000_mut0.05_elite5_tour2,500,1000,0.0500,5,2,3,2,8,True,0.0640,1,1,500,6379.80,0.00,0.0000
pop500_gen1000_mut0.05_elite5_tour2,500,1000,0.0500,5,2,3,2,9,True,0.0541,1,1,500,6375.20,0.00,0.0000
pop500_gen1000_mut0.05_elite5_tour2,500,1000,0.0500,5,2,3,2,10,True,0.0534,1,1,500,6375.20,0.00,0.0000
pop500_gen1000_mut0.05_elite5_tour3,500,1000,0.0500,5,3,3,2,1,True,0.0521,1,1,500,6375.20,0.00,0.0000
pop500_gen1000_mut0.05_elite5_tour3,500,1000,0.0500,5,3,3,2,2,True,0.0535,1,1,500,6375.20,0.00,0.0000
pop500_gen1000_mut0.05_elite5_tour3,500,1000,0.0500,5,3,3,2,3,True,0.0525,1,1,500,6375.20,0.00,0.0000
pop500_gen1000_mut0.05_elite5_tour3,500,1000,0.0500,5,3,3,2,4,True,0.0518,1,1,500,6375.20,0.00,0.0000
pop500_gen1000_mut0.05_elite5_tour3,500,1000,0.0500,5,3,3,2,5,True,0.1134,2,2,1000,6380.20,4683.40,-0.0150
pop500_gen1000_mut0.05_elite5_tour3,500,1000,0.0500,5,3,3,2,6,True,0.1072,2,2,1000,6384.80,4688.00,-0.0190
pop500_gen1000_mut0.05_elite5_tour3,500,1000,0.0500,5,3,3,2,7,True,0.0589,1,1,500,6375.20,0.00,0.0000
pop500_gen1000_mut0.05_elite5_tour3,500,1000,0.0500,5,3,3,2,8,True,0.0666,1,1,500,6375.20,0.00,0.0000
pop500_gen1000_mut0.05_elite5_tour3,500,1000,0.0500,5,3,3,2,9,True,0.0760,1,1,500,6375.20,0.00,0.0000
pop500_gen1000_mut0.05_elite5_tour3,500,1000,0.0500,5,3,3,2,10,True,0.0562,1,1,500,6375.20,0.00,0.0000
pop500_gen1000_mut0.05_elite5_tour5,500,1000,0.0500,5,5,3,2,1,True,0.1145,2,2,1000,6380.20,4683.40,-0.0170
pop500_gen1000_mut0.05_elite5_tour5,500,1000,0.0500,5,5,3,2,2,True,0.0548,1,1,500,6375.20,0.00,0.0000
pop500_gen1000_mut0.05_elite5_tour5,500,1000,0.0500,5,5,3,2,3,True,0.0601,1,1,500,6379.80,0.00,0.0000
pop500_gen1000_mut0.05_elite5_tour5,500,1000,0.0500,5,5,3,2,4,True,0.0558,1,1,500,6379.80,0.00,0.0000
pop500_gen1000_mut0.05_elite5_tour5,500,1000,0.0500,5,5,3,2,5,True,0.0532,1,1,500,6375.20,0.00,0.0000
pop500_gen1000_mut0.05_elite5_tour5,500,1000,0.0500,5,5,3,2,6,True,0.0529,1,1,500,6375.20,0.00,0.0000
pop500_gen1000_mut0.05_elite5_tour5,500,1000,0.0500,5,5,3,2,7,True,0.0628,1,1,500,6375.20,0.00,0.0000
pop500_gen1000_mut0.05_elite5_tour5,500,1000,0.0500,5,5,3,2,8,True,0.0520,1,1,500,6375.20,0.00,0.0000
pop500_gen1000_mut0.05_elite5_tour5,500,1000,0.0500,5,5,3,2,9,True,0.0539,1,1,500,6375.20,0.00,0.0000
pop500_gen1000_mut0.05_elite5_tour5,500,1000,0.0500,5,5,3,2,10,True,0.0519,1,1,500,6375.20,0.00,0.0000
pop100_gen1000_mut0.1_elite5_tour1,100,1000,0.1000,5,1,3,2,1,True,0.0035,1,1,100,6379.80,0.00,0.0000
pop100_gen1000_mut0.1_elite5_tour1,100,1000,0.1000,5,1,3,2,2,True,0.0034,1,1,100,6375.20,0.00,0.0000
pop100_gen1000_mut0.1_elite5_tour1,100,1000,0.1000,5,1,3,2,3,True,0.0069,2,2,200,6380.20,4683.40,-0.0390
pop100_gen1000_mut0.1_elite5_tour1,100,1000,0.1000,5,1,3,2,4,True,0.0033,1,1,100,6375.20,0.00,0.0000
pop100_gen1000_mut0.1_elite5_tour1,100,1000,0.1000,5,1,3,2,5,True,0.0067,2,2,200,6384.80,4688.00,-0.0360
pop100_gen1000_mut0.1_elite5_tour1,100,1000,0.1000,5,1,3,2,6,True,0.0032,1,1,100,6375.20,0.00,0.0000
pop100_gen1000_mut0.1_elite5_tour1,100,1000,0.1000,5,1,3,2,7,True,0.0033,1,1,100,6375.20,0.00,0.0000
pop100_gen1000_mut0.1_elite5_tour1,100,1000,0.1000,5,1,3,2,8,True,0.0033,1,1,100,6375.20,0.00,0.0000
pop100_gen1000_mut0.1_elite5_tour1,100,1000,0.1000,5,1,3,2,9,True,0.0034,1,1,100,6375.20,0.00,0.0000
pop100_gen1000_mut0.1_elite5_tour1,100,1000,0.1000,5,1,3,2,10,True,0.0034,1,1,100,6375.20,0.00,0.0000
pop100_gen1000_mut0.1_elite5_tour2,100,1000,0.1000,5,2,3,2,1,True,0.0035,1,1,100,6379.80,0.00,0.0000
pop100_gen1000_mut0.1_elite5_tour2,100,1000,0.1000,5,2,3,2,2,True,0.0072,2,2,200,6380.20,4683.40,-0.0270
pop100_gen1000_mut0.1_elite5_tour2,100,1000,0.1000,5,2,3,2,3,True,0.0040,1,1,100,6375.20,0.00,0.0000
pop100_gen1000_mut0.1_elite5_tour2,100,1000,0.1000,5,2,3,2,4,True,0.0034,1,1,100,6375.20,0.00,0.0000
pop100_gen1000_mut0.1_elite5_tour2,100,1000,0.1000,5,2,3,2,5,True,0.0042,1,1,100,6375.20,0.00,0.0000
pop100_gen1000_mut0.1_elite5_tour2,100,1000,0.1000,5,2,3,2,6,True,0.0033,1,1,100,6375.20,0.00,0.0000
pop100_gen1000_mut0.1_elite5_tour2,100,1000,0.1000,5,2,3,2,7,True,0.0035,1,1,100,6379.80,0.00,0.0000
pop100_gen1000_mut0.1_elite5_tour2,100,1000,0.1000,5,2,3,2,8,True,0.0033,1,1,100,6375.20,0.00,0.0000
pop100_gen1000_mut0.1_elite5_tour2,100,1000,0.1000,5,2,3,2,9,True,0.0035,1,1,100,6375.20,0.00,0.0000
pop100_gen1000_mut0.1_elite5_tour2,100,1000,0.1000,5,2,3,2,10,True,0.0038,1,1,100,6375.20,0.00,0.0000
pop100_gen1000_mut0.1_elite5_tour3,100,1000,0.1000,5,3,3,2,1,True,0.0035,1,1,100,6379.80,0.00,0.0000
pop100_gen1000_mut0.1_elite5_tour3,100,1000,0.1000,5,3,3,2,2,True,0.0040,1,1,100,6375.20,0.00,0.0000
pop100_gen1000_mut0.1_elite5_tour3,100,1000,0.1000,5,3,3,2,3,True,0.0034,1,1,100,6375.20,0.00,0.0000
pop100_gen1000_mut0.1_elite5_tour3,100,1000,0.1000,5,3,3,2,4,True,0.0036,1,1,100,6379.80,0.00,0.0000
pop100_gen1000_mut0.1_elite5_tour3,100,1000,0.1000,5,3,3,2,5,True,0.0071,2,2,200,6380.20,4683.40,-0.0190
pop100_gen1000_mut0.1_elite5_tour3,100,1000,0.1000,5,3,3,2,6,True,0.0034,1,1,100,6375.20,0.00,0.0000
pop100_gen1000_mut0.1_elite5_tour3,100,1000,0.1000,5,3,3,2,7,True,0.0057,1,1,100,6375.20,0.00,0.0000
pop100_gen1000_mut0.1_elite5_tour3,100,1000,0.1000,5,3,3,2,8,True,0.0034,1,1,100,6375.20,0.00,0.0000
pop100_gen1000_mut0.1_elite5_tour3,100,1000,0.1000,5,3,3,2,9,True,0.0034,1,1,100,6375.20,0.00,0.0000
pop100_gen1000_mut0.1_elite5_tour3,100,1000,0.1000,5,3,3,2,10,True,0.0035,1,1,100,6375.20,0.00,0.0000
pop100_gen1000_mut0.1_elite5_tour5,100,1000,0.1000,5,5,3,2,1,True,0.0034,1,1,100,6375.20,0.00,0.0000
pop100_gen1000_mut0.1_elite5_tour5,100,1000,0.1000,5,5,3,2,2,True,0.0043,1,1,100,6375.20,0.00,0.0000
pop100_gen1000_mut0.1_elite5_tour5,100,1000,0.1000,5,5,3,2,3,True,0.0041,1,1,100,6375.20,0.00,0.0000
pop100_gen1000_mut0.1_elite5_tour5,100,1000,0.1000,5,5,3,2,4,True,0.0036,1,1,100,6375.20,0.00,0.0000
pop100_gen1000_mut0.1_elite5_tour5,100,1000,0.1000,5,5,3,2,5,True,0.0070,2,2,200,6380.20,4683.40,-0.0280
pop100_gen1000_mut0.1_elite5_tour5,100,1000,0.1000,5,5,3,2,6,True,0.0035,1,1,100,6375.20,0.00,0.0000
pop100_gen1000_mut0.1_elite5_tour5,100,1000,0.1000,5,5,3,2,7,True,0.0035,1,1,100,6379.80,0.00,0.0000
pop100_gen1000_mut0.1_elite5_tour5,100,1000,0.1000,5,5,3,2,8,True,0.0034,1,1,100,6375.20,0.00,0.0000
pop100_gen1000_mut0.1_elite5_tour5,100,1000,0.1000,5,5,3,2,9,True,0.0034,1,1,100,6375.20,0.00,0.0000
pop100_gen1000_mut0.1_elite5_tour5,100,1000,0.1000,5,5,3,2,10,True,0.0033,1,1,100,6375.20,0.00,0.0000
pop200_gen1000_mut0.1_elite5_tour1,200,1000,0.1000,5,1,3,2,1,True,0.0212,2,2,400,6380.20,4683.40,-0.0360
pop200_gen1000_mut0.1_elite5_tour1,200,1000,0.1000,5,1,3,2,2,True,0.0214,2,2,400,6380.20,4683.40,-0.0280
pop200_gen1000_mut0.1_elite5_tour1,200,1000,0.1000,5,1,3,2,3,True,0.0103,1,1,200,6379.80,0.00,0.0000
pop200_gen1000_mut0.1_elite5_tour1,200,1000,0.1000,5,1,3,2,4,True,0.0097,1,1,200,6375.20,0.00,0.0000
pop200_gen1000_mut0.1_elite5_tour1,200,1000,0.1000,5,1,3,2,5,True,0.0105,1,1,200,6375.20,0.00,0.0000
pop200_gen1000_mut0.1_elite5_tour1,200,1000,0.1000,5,1,3,2,6,True,0.0238,2,2,400,6380.20,4683.40,-0.0380
pop200_gen1000_mut0.1_elite5_tour1,200,1000,0.1000,5,1,3,2,7,True,0.0103,1,1,200,6375.20,0.00,0.0000
pop200_gen1000_mut0.1_elite5_tour1,200,1000,0.1000,5,1,3,2,8,True,0.0214,2,2,400,6380.20,4683.40,-0.0320
pop200_gen1000_mut0.1_elite5_tour1,200,1000,0.1000,5,1,3,2,9,True,0.0099,1,1,200,6375.20,0.00,0.0000
pop200_gen1000_mut0.1_elite5_tour1,200,1000,0.1000,5,1,3,2,10,True,0.0104,1,1,200,6375.20,0.00,0.0000
pop200_gen1000_mut0.1_elite5_tour2,200,1000,0.1000,5,2,3,2,1,True,0.0224,2,2,400,6380.20,4683.40,-0.0380
pop200_gen1000_mut0.1_elite5_tour2,200,1000,0.1000,5,2,3,2,2,True,0.0101,1,1,200,6375.20,0.00,0.0000
pop200_gen1000_mut0.1_elite5_tour2,200,1000,0.1000,5,2,3,2,3,True,0.0104,1,1,200,6375.20,0.00,0.0000
pop200_gen1000_mut0.1_elite5_tour2,200,1000,0.1000,5,2,3,2,4,True,0.0239,2,2,400,6380.20,4683.40,-0.0220
pop200_gen1000_mut0.1_elite5_tour2,200,1000,0.1000,5,2,3,2,5,True,0.0213,2,2,400,6384.80,4688.00,-0.0280
pop200_gen1000_mut0.1_elite5_tour2,200,1000,0.1000,5,2,3,2,6,True,0.0102,1,1,200,6375.20,0.00,0.0000
pop200_gen1000_mut0.1_elite5_tour2,200,1000,0.1000,5,2,3,2,7,True,0.0106,1,1,200,6379.80,0.00,0.0000
pop200_gen1000_mut0.1_elite5_tour2,200,1000,0.1000,5,2,3,2,8,True,0.0100,1,1,200,6375.20,0.00,0.0000
pop200_gen1000_mut0.1_elite5_tour2,200,1000,0.1000,5,2,3,2,9,True,0.0208,2,2,400,6380.20,4683.40,-0.0200
pop200_gen1000_mut0.1_elite5_tour2,200,1000,0.1000,5,2,3,2,10,True,0.0102,1,1,200,6375.20,0.00,0.0000
pop200_gen1000_mut0.1_elite5_tour3,200,1000,0.1000,5,3,3,2,1,True,0.0123,1,1,200,6375.20,0.00,0.0000
pop200_gen1000_mut0.1_elite5_tour3,200,1000,0.1000,5,3,3,2,2,True,0.0109,1,1,200,6375.20,0.00,0.0000
pop200_gen1000_mut0.1_elite5_tour3,200,1000,0.1000,5,3,3,2,3,True,0.0253,2,2,400,6384.80,4688.00,-0.0350
pop200_gen1000_mut0.1_elite5_tour3,200,1000,0.1000,5,3,3,2,4,True,0.0117,1,1,200,6375.20,0.00,0.0000
pop200_gen1000_mut0.1_elite5_tour3,200,1000,0.1000,5,3,3,2,5,True,0.0143,1,1,200,6375.20,0.00,0.0000
pop200_gen1000_mut0.1_elite5_tour3,200,1000,0.1000,5,3,3,2,6,True,0.0268,2,2,400,6384.80,4688.00,-0.0350
pop200_gen1000_mut0.1_elite5_tour3,200,1000,0.1000,5,3,3,2,7,True,0.0236,2,2,400,6384.80,4688.00,-0.0450
pop200_gen1000_mut0.1_elite5_tour3,200,1000,0.1000,5,3,3,2,8,True,0.0120,1,1,200,6375.20,0.00,0.0000
pop200_gen1000_mut0.1_elite5_tour3,200,1000,0.1000,5,3,3,2,9,True,0.0105,1,1,200,6375.20,0.00,0.0000
pop200_gen1000_mut0.1_elite5_tour3,200,1000,0.1000,5,3,3,2,10,True,0.0110,1,1,200,6375.20,0.00,0.0000
pop200_gen1000_mut0.1_elite5_tour5,200,1000,0.1000,5,5,3,2,1,True,0.0104,1,1,200,6375.20,0.00,0.0000
pop200_gen1000_mut0.1_elite5_tour5,200,1000,0.1000,5,5,3,2,2,True,0.0103,1,1,200,6375.20,0.00,0.0000
pop200_gen1000_mut0.1_elite5_tour5,200,1000,0.1000,5,5,3,2,3,True,0.0101,1,1,200,6375.20,0.00,0.0000
pop200_gen1000_mut0.1_elite5_tour5,200,1000,0.1000,5,5,3,2,4,True,0.0102,1,1,200,6375.20,0.00,0.0000
pop200_gen1000_mut0.1_elite5_tour5,200,1000,0.1000,5,5,3,2,5,True,0.0212,2,2,400,6380.20,4683.40,-0.0310
pop200_gen1000_mut0.1_elite5_tour5,200,1000,0.1000,5,5,3,2,6,True,0.0120,1,1,200,6375.20,0.00,0.0000
pop200_gen1000_mut0.1_elite5_tour5,200,1000,0.1000,5,5,3,2,7,True,0.0208,2,2,400,6380.20,4683.40,-0.0240
pop200_gen1000_mut0.1_elite5_tour5,200,1000,0.1000,5,5,3,2,8,True,0.0120,1,1,200,6375.20,0.00,0.0000
pop200_gen1000_mut0.1_elite5_tour5,200,1000,0.1000,5,5,3,2,9,True,0.0119,1,1,200,6375.20,0.00,0.0000
pop200_gen1000_mut0.1_elite5_tour5,200,1000,0.1000,5,5,3,2,10,True,0.0116,1,1,200,6375.20,0.00,0.0000
pop300_gen1000_mut0.1_elite5_tour1,300,1000,0.1000,5,1,3,2,1,True,0.0209,1,1,300,6375.20,0.00,0.0000
pop300_gen1000_mut0.1_elite5_tour1,300,1000,0.1000,5,1,3,2,2,True,0.0471,2,2,600,6380.20,4683.40,-0.0300
pop300_gen1000_mut0.1_elite5_tour1,300,1000,0.1000,5,1,3,2,3,True,0.0414,2,2,600,6380.20,4683.40,-0.0330
pop300_gen1000_mut0.1_elite5_tour1,300,1000,0.1000,5,1,3,2,4,True,0.0425,2,2,600,6384.80,4688.00,-0.0380
pop300_gen1000_mut0.1_elite5_tour1,300,1000,0.1000,5,1,3,2,5,True,0.0427,2,2,600,6380.20,4683.40,-0.0340
pop300_gen1000_mut0.1_elite5_tour1,300,1000,0.1000,5,1,3,2,6,True,0.0206,1,1,300,6375.20,0.00,0.0000
pop300_gen1000_mut0.1_elite5_tour1,300,1000,0.1000,5,1,3,2,7,True,0.0208,1,1,300,6379.80,0.00,0.0000
pop300_gen1000_mut0.1_elite5_tour1,300,1000,0.1000,5,1,3,2,8,True,0.0410,2,2,600,6384.80,4688.00,-0.0260
pop300_gen1000_mut0.1_elite5_tour1,300,1000,0.1000,5,1,3,2,9,True,0.0226,1,1,300,6379.80,0.00,0.0000
pop300_gen1000_mut0.1_elite5_tour1,300,1000,0.1000,5,1,3,2,10,True,0.0279,1,1,300,6379.80,0.00,0.0000
pop300_gen1000_mut0.1_elite5_tour2,300,1000,0.1000,5,2,3,2,1,True,0.0418,2,2,600,6384.80,4688.00,-0.0290
pop300_gen1000_mut0.1_elite5_tour2,300,1000,0.1000,5,2,3,2,2,True,0.0208,1,1,300,6375.20,0.00,0.0000
pop300_gen1000_mut0.1_elite5_tour2,300,1000,0.1000,5,2,3,2,3,True,0.0206,1,1,300,6379.80,0.00,0.0000
pop300_gen1000_mut0.1_elite5_tour2,300,1000,0.1000,5,2,3,2,4,True,0.0204,1,1,300,6379.80,0.00,0.0000
pop300_gen1000_mut0.1_elite5_tour2,300,1000,0.1000,5,2,3,2,5,True,0.0212,1,1,300,6375.20,0.00,0.0000
pop300_gen1000_mut0.1_elite5_tour2,300,1000,0.1000,5,2,3,2,6,True,0.0248,1,1,300,6375.20,0.00,0.0000
pop300_gen1000_mut0.1_elite5_tour2,300,1000,0.1000,5,2,3,2,7,True,0.0207,1,1,300,6375.20,0.00,0.0000
pop300_gen1000_mut0.1_elite5_tour2,300,1000,0.1000,5,2,3,2,8,True,0.0211,1,1,300,6379.80,0.00,0.0000
pop300_gen1000_mut0.1_elite5_tour2,300,1000,0.1000,5,2,3,2,9,True,0.0221,1,1,300,6375.20,0.00,0.0000
pop300_gen1000_mut0.1_elite5_tour2,300,1000,0.1000,5,2,3,2,10,True,0.0225,1,1,300,6375.20,0.00,0.0000
pop300_gen1000_mut0.1_elite5_tour3,300,1000,0.1000,5,3,3,2,1,True,0.0214,1,1,300,6379.80,0.00,0.0000
pop300_gen1000_mut0.1_elite5_tour3,300,1000,0.1000,5,3,3,2,2,True,0.0267,1,1,300,6375.20,0.00,0.0000
pop300_gen1000_mut0.1_elite5_tour3,300,1000,0.1000,5,3,3,2,3,True,0.0215,1,1,300,6379.80,0.00,0.0000
pop300_gen1000_mut0.1_elite5_tour3,300,1000,0.1000,5,3,3,2,4,True,0.0216,1,1,300,6379.80,0.00,0.0000
pop300_gen1000_mut0.1_elite5_tour3,300,1000,0.1000,5,3,3,2,5,True,0.0202,1,1,300,6375.20,0.00,0.0000
pop300_gen1000_mut0.1_elite5_tour3,300,1000,0.1000,5,3,3,2,6,True,0.0201,1,1,300,6375.20,0.00,0.0000
pop300_gen1000_mut0.1_elite5_tour3,300,1000,0.1000,5,3,3,2,7,True,0.0206,1,1,300,6375.20,0.00,0.0000
pop300_gen1000_mut0.1_elite5_tour3,300,1000,0.1000,5,3,3,2,8,True,0.0412,2,2,600,6384.80,4688.00,-0.0330
pop300_gen1000_mut0.1_elite5_tour3,300,1000,0.1000,5,3,3,2,9,True,0.0253,1,1,300,6375.20,0.00,0.0000
pop300_gen1000_mut0.1_elite5_tour3,300,1000,0.1000,5,3,3,2,10,True,0.0225,1,1,300,6375.20,0.00,0.0000
pop300_gen1000_mut0.1_elite5_tour5,300,1000,0.1000,5,5,3,2,1,True,0.0413,2,2,600,6384.80,4688.00,-0.0310
pop300_gen1000_mut0.1_elite5_tour5,300,1000,0.1000,5,5,3,2,2,True,0.0199,1,1,300,6375.20,0.00,0.0000
pop300_gen1000_mut0.1_elite5_tour5,300,1000,0.1000,5,5,3,2,3,True,0.0208,1,1,300,6375.20,0.00,0.0000
pop300_gen1000_mut0.1_elite5_tour5,300,1000,0.1000,5,5,3,2,4,True,0.0211,1,1,300,6379.80,0.00,0.0000
pop300_gen1000_mut0.1_elite5_tour5,300,1000,0.1000,5,5,3,2,5,True,0.0210,1,1,300,6379.80,0.00,0.0000
pop300_gen1000_mut0.1_elite5_tour5,300,1000,0.1000,5,5,3,2,6,True,0.0234,1,1,300,6375.20,0.00,0.0000
pop300_gen1000_mut0.1_elite5_tour5,300,1000,0.1000,5,5,3,2,7,True,0.0210,1,1,300,6375.20,0.00,0.0000
pop300_gen1000_mut0.1_elite5_tour5,300,1000,0.1000,5,5,3,2,8,True,0.0211,1,1,300,6375.20,0.00,0.0000
pop300_gen1000_mut0.1_elite5_tour5,300,1000,0.1000,5,5,3,2,9,True,0.0223,1,1,300,6375.20,0.00,0.0000
pop300_gen1000_mut0.1_elite5_tour5,300,1000,0.1000,5,5,3,2,10,True,0.0205,1,1,300,6375.20,0.00,0.0000
pop500_gen1000_mut0.1_elite5_tour1,500,1000,0.1000,5,1,3,2,1,True,0.0552,1,1,500,6375.20,0.00,0.0000
pop500_gen1000_mut0.1_elite5_tour1,500,1000,0.1000,5,1,3,2,2,True,0.1091,2,2,1000,6384.80,4688.00,-0.0360
pop500_gen1000_mut0.1_elite5_tour1,500,1000,0.1000,5,1,3,2,3,True,0.0542,1,1,500,6379.80,0.00,0.0000
pop500_gen1000_mut0.1_elite5_tour1,500,1000,0.1000,5,1,3,2,4,True,0.0563,1,1,500,6379.80,0.00,0.0000
pop500_gen1000_mut0.1_elite5_tour1,500,1000,0.1000,5,1,3,2,5,True,0.0507,1,1,500,6375.20,0.00,0.0000
pop500_gen1000_mut0.1_elite5_tour1,500,1000,0.1000,5,1,3,2,6,True,0.0516,1,1,500,6375.20,0.00,0.0000
pop500_gen1000_mut0.1_elite5_tour1,500,1000,0.1000,5,1,3,2,7,True,0.0510,1,1,500,6375.20,0.00,0.0000
pop500_gen1000_mut0.1_elite5_tour1,500,1000,0.1000,5,1,3,2,8,True,0.0523,1,1,500,6379.80,0.00,0.0000
pop500_gen1000_mut0.1_elite5_tour1,500,1000,0.1000,5,1,3,2,9,True,0.0595,1,1,500,6375.20,0.00,0.0000
pop500_gen1000_mut0.1_elite5_tour1,500,1000,0.1000,5,1,3,2,10,True,0.1122,2,2,1000,6384.80,4688.00,-0.0230
pop500_gen1000_mut0.1_elite5_tour2,500,1000,0.1000,5,2,3,2,1,True,0.1065,2,2,1000,6384.80,4688.00,-0.0250
pop500_gen1000_mut0.1_elite5_tour2,500,1000,0.1000,5,2,3,2,2,True,0.0549,1,1,500,6379.80,0.00,0.0000
pop500_gen1000_mut0.1_elite5_tour2,500,1000,0.1000,5,2,3,2,3,True,0.0541,1,1,500,6379.80,0.00,0.0000
pop500_gen1000_mut0.1_elite5_tour2,500,1000,0.1000,5,2,3,2,4,True,0.1134,2,2,1000,6384.80,4688.00,-0.0290
pop500_gen1000_mut0.1_elite5_tour2,500,1000,0.1000,5,2,3,2,5,True,0.0510,1,1,500,6375.20,0.00,0.0000
pop500_gen1000_mut0.1_elite5_tour2,500,1000,0.1000,5,2,3,2,6,True,0.0510,1,1,500,6375.20,0.00,0.0000
pop500_gen1000_mut0.1_elite5_tour2,500,1000,0.1000,5,2,3,2,7,True,0.0529,1,1,500,6375.20,0.00,0.0000
pop500_gen1000_mut0.1_elite5_tour2,500,1000,0.1000,5,2,3,2,8,True,0.0547,1,1,500,6375.20,0.00,0.0000
pop500_gen1000_mut0.1_elite5_tour2,500,1000,0.1000,5,2,3,2,9,True,0.0521,1,1,500,6375.20,0.00,0.0000
pop500_gen1000_mut0.1_elite5_tour2,500,1000,0.1000,5,2,3,2,10,True,0.1051,2,2,1000,6380.20,4683.40,-0.0330
pop500_gen1000_mut0.1_elite5_tour3,500,1000,0.1000,5,3,3,2,1,True,0.0557,1,1,500,6375.20,0.00,0.0000
pop500_gen1000_mut0.1_elite5_tour3,500,1000,0.1000,5,3,3,2,2,True,0.0539,1,1,500,6375.20,0.00,0.0000
pop500_gen1000_mut0.1_elite5_tour3,500,1000,0.1000,5,3,3,2,3,True,0.0522,1,1,500,6379.80,0.00,0.0000
pop500_gen1000_mut0.1_elite5_tour3,500,1000,0.1000,5,3,3,2,4,True,0.0559,1,1,500,6379.80,0.00,0.0000
pop500_gen1000_mut0.1_elite5_tour3,500,1000,0.1000,5,3,3,2,5,True,0.1095,2,2,1000,6384.80,4688.00,-0.0320
pop500_gen1000_mut0.1_elite5_tour3,500,1000,0.1000,5,3,3,2,6,True,0.0522,1,1,500,6375.20,0.00,0.0000
pop500_gen1000_mut0.1_elite5_tour3,500,1000,0.1000,5,3,3,2,7,True,0.1162,2,2,1000,6384.80,4688.00,-0.0350
pop500_gen1000_mut0.1_elite5_tour3,500,1000,0.1000,5,3,3,2,8,True,0.0540,1,1,500,6375.20,0.00,0.0000
pop500_gen1000_mut0.1_elite5_tour3,500,1000,0.1000,5,3,3,2,9,True,0.0530,1,1,500,6379.80,0.00,0.0000
pop500_gen1000_mut0.1_elite5_tour3,500,1000,0.1000,5,3,3,2,10,True,0.0513,1,1,500,6379.80,0.00,0.0000
pop500_gen1000_mut0.1_elite5_tour5,500,1000,0.1000,5,5,3,2,1,True,0.0513,1,1,500,6375.20,0.00,0.0000
pop500_gen1000_mut0.1_elite5_tour5,500,1000,0.1000,5,5,3,2,2,True,0.0517,1,1,500,6375.20,0.00,0.0000
pop500_gen1000_mut0.1_elite5_tour5,500,1000,0.1000,5,5,3,2,3,True,0.1228,2,2,1000,6380.20,4683.40,-0.0320
pop500_gen1000_mut0.1_elite5_tour5,500,1000,0.1000,5,5,3,2,4,True,0.0842,1,1,500,6375.20,0.00,0.0000
pop500_gen1000_mut0.1_elite5_tour5,500,1000,0.1000,5,5,3,2,5,True,0.0540,1,1,500,6375.20,0.00,0.0000
pop500_gen1000_mut0.1_elite5_tour5,500,1000,0.1000,5,5,3,2,6,True,0.0599,1,1,500,6379.80,0.00,0.0000
pop500_gen1000_mut0.1_elite5_tour5,500,1000,0.1000,5,5,3,2,7,True,0.0583,1,1,500,6375.20,0.00,0.0000
pop500_gen1000_mut0.1_elite5_tour5,500,1000,0.1000,5,5,3,2,8,True,0.0535,1,1,500,6379.80,0.00,0.0000
pop500_gen1000_mut0.1_elite5_tour5,500,1000,0.1000,5,5,3,2,9,True,0.0523,1,1,500,6375.20,0.00,0.0000
pop500_gen1000_mut0.1_elite5_tour5,500,1000,0.1000,5,5,3,2,10,True,0.0568,1,1,500,6375.20,0.00,0.0000
pop100_gen1000_mut0.1_elite5_tour1,100,1000,0.1000,5,1,3,2,1,True,0.0052,1,1,100,6375.20,0.00,0.0000
pop100_gen1000_mut0.1_elite5_tour1,100,1000,0.1000,5,1,3,2,2,True,0.0038,1,1,100,6379.80,0.00,0.0000
pop100_gen1000_mut0.1_elite5_tour1,100,1000,0.1000,5,1,3,2,3,True,0.0033,1,1,100,6375.20,0.00,0.0000
pop100_gen1000_mut0.1_elite5_tour1,100,1000,0.1000,5,1,3,2,4,True,0.0035,1,1,100,6375.20,0.00,0.0000
pop100_gen1000_mut0.1_elite5_tour1,100,1000,0.1000,5,1,3,2,5,True,0.0036,1,1,100,6375.20,0.00,0.0000
pop100_gen1000_mut0.1_elite5_tour1,100,1000,0.1000,5,1,3,2,6,True,0.0118,2,2,200,6380.20,4683.40,-0.0280
pop100_gen1000_mut0.1_elite5_tour1,100,1000,0.1000,5,1,3,2,7,True,0.0035,1,1,100,6375.20,0.00,0.0000
pop100_gen1000_mut0.1_elite5_tour1,100,1000,0.1000,5,1,3,2,8,True,0.0036,1,1,100,6379.80,0.00,0.0000
pop100_gen1000_mut0.1_elite5_tour1,100,1000,0.1000,5,1,3,2,9,True,0.0081,2,2,200,6384.80,4688.00,-0.0370
pop100_gen1000_mut0.1_elite5_tour1,100,1000,0.1000,5,1,3,2,10,True,0.0043,1,1,100,6379.80,0.00,0.0000
pop100_gen1000_mut0.1_elite5_tour2,100,1000,0.1000,5,2,3,2,1,True,0.0070,2,2,200,6380.20,4683.40,-0.0380
pop100_gen1000_mut0.1_elite5_tour2,100,1000,0.1000,5,2,3,2,2,True,0.0037,1,1,100,6379.80,0.00,0.0000
pop100_gen1000_mut0.1_elite5_tour2,100,1000,0.1000,5,2,3,2,3,True,0.0034,1,1,100,6379.80,0.00,0.0000
pop100_gen1000_mut0.1_elite5_tour2,100,1000,0.1000,5,2,3,2,4,True,0.0034,1,1,100,6375.20,0.00,0.0000
pop100_gen1000_mut0.1_elite5_tour2,100,1000,0.1000,5,2,3,2,5,True,0.0074,2,2,200,6380.20,4683.40,-0.0240
pop100_gen1000_mut0.1_elite5_tour2,100,1000,0.1000,5,2,3,2,6,True,0.0073,2,2,200,6380.20,4683.40,-0.0210
pop100_gen1000_mut0.1_elite5_tour2,100,1000,0.1000,5,2,3,2,7,True,0.0033,1,1,100,6375.20,0.00,0.0000
pop100_gen1000_mut0.1_elite5_tour2,100,1000,0.1000,5,2,3,2,8,True,0.0047,1,1,100,6375.20,0.00,0.0000
pop100_gen1000_mut0.1_elite5_tour2,100,1000,0.1000,5,2,3,2,9,True,0.0078,2,2,200,6380.20,4683.40,-0.0380
pop100_gen1000_mut0.1_elite5_tour2,100,1000,0.1000,5,2,3,2,10,True,0.0036,1,1,100,6375.20,0.00,0.0000
pop100_gen1000_mut0.1_elite5_tour3,100,1000,0.1000,5,3,3,2,1,True,0.0035,1,1,100,6379.80,0.00,0.0000
pop100_gen1000_mut0.1_elite5_tour3,100,1000,0.1000,5,3,3,2,2,True,0.0072,2,2,200,6384.80,4688.00,-0.0310
pop100_gen1000_mut0.1_elite5_tour3,100,1000,0.1000,5,3,3,2,3,True,0.0035,1,1,100,6375.20,0.00,0.0000
pop100_gen1000_mut0.1_elite5_tour3,100,1000,0.1000,5,3,3,2,4,True,0.0044,1,1,100,6375.20,0.00,0.0000
pop100_gen1000_mut0.1_elite5_tour3,100,1000,0.1000,5,3,3,2,5,True,0.0070,2,2,200,6380.20,4683.40,-0.0170
pop100_gen1000_mut0.1_elite5_tour3,100,1000,0.1000,5,3,3,2,6,True,0.0034,1,1,100,6379.80,0.00,0.0000
pop100_gen1000_mut0.1_elite5_tour3,100,1000,0.1000,5,3,3,2,7,True,0.0037,1,1,100,6379.80,0.00,0.0000
pop100_gen1000_mut0.1_elite5_tour3,100,1000,0.1000,5,3,3,2,8,True,0.0033,1,1,100,6375.20,0.00,0.0000
pop100_gen1000_mut0.1_elite5_tour3,100,1000,0.1000,5,3,3,2,9,True,0.0041,1,1,100,6379.80,0.00,0.0000
pop100_gen1000_mut0.1_elite5_tour3,100,1000,0.1000,5,3,3,2,10,True,0.0073,2,2,200,6384.80,4688.00,-0.0270
pop100_gen1000_mut0.1_elite5_tour5,100,1000,0.1000,5,5,3,2,1,True,0.0060,1,1,100,6375.20,0.00,0.0000
pop100_gen1000_mut0.1_elite5_tour5,100,1000,0.1000,5,5,3,2,2,True,0.0043,1,1,100,6379.80,0.00,0.0000
pop100_gen1000_mut0.1_elite5_tour5,100,1000,0.1000,5,5,3,2,3,True,0.0035,1,1,100,6379.80,0.00,0.0000
pop100_gen1000_mut0.1_elite5_tour5,100,1000,0.1000,5,5,3,2,4,True,0.0070,2,2,200,6380.20,4683.40,-0.0260
pop100_gen1000_mut0.1_elite5_tour5,100,1000,0.1000,5,5,3,2,5,True,0.0080,2,2,200,6380.20,4683.40,-0.0320
pop100_gen1000_mut0.1_elite5_tour5,100,1000,0.1000,5,5,3,2,6,True,0.0074,2,2,200,6380.20,4683.40,-0.0250
pop100_gen1000_mut0.1_elite5_tour5,100,1000,0.1000,5,5,3,2,7,True,0.0095,2,2,200,6380.20,4683.40,-0.0360
pop100_gen1000_mut0.1_elite5_tour5,100,1000,0.1000,5,5,3,2,8,True,0.0033,1,1,100,6375.20,0.00,0.0000
pop100_gen1000_mut0.1_elite5_tour5,100,1000,0.1000,5,5,3,2,9,True,0.0041,1,1,100,6375.20,0.00,0.0000
pop100_gen1000_mut0.1_elite5_tour5,100,1000,0.1000,5,5,3,2,10,True,0.0036,1,1,100,6375.20,0.00,0.0000
pop200_gen1000_mut0.1_elite5_tour1,200,1000,0.1000,5,1,3,2,1,True,0.0108,1,1,200,6375.20,0.00,0.0000
pop200_gen1000_mut0.1_elite5_tour1,200,1000,0.1000,5,1,3,2,2,True,0.0132,1,1,200,6379.80,0.00,0.0000
pop200_gen1000_mut0.1_elite5_tour1,200,1000,0.1000,5,1,3,2,3,True,0.0102,1,1,200,6375.20,0.00,0.0000
pop200_gen1000_mut0.1_elite5_tour1,200,1000,0.1000,5,1,3,2,4,True,0.0222,2,2,400,6380.20,4683.40,-0.0290
pop200_gen1000_mut0.1_elite5_tour1,200,1000,0.1000,5,1,3,2,5,True,0.0208,2,2,400,6380.20,4683.40,-0.0270
pop200_gen1000_mut0.1_elite5_tour1,200,1000,0.1000,5,1,3,2,6,True,0.0100,1,1,200,6375.20,0.00,0.0000
pop200_gen1000_mut0.1_elite5_tour1,200,1000,0.1000,5,1,3,2,7,True,0.0110,1,1,200,6375.20,0.00,0.0000
pop200_gen1000_mut0.1_elite5_tour1,200,1000,0.1000,5,1,3,2,8,True,0.0221,2,2,400,6380.20,4683.40,-0.0390
pop200_gen1000_mut0.1_elite5_tour1,200,1000,0.1000,5,1,3,2,9,True,0.0101,1,1,200,6375.20,0.00,0.0000
pop200_gen1000_mut0.1_elite5_tour1,200,1000,0.1000,5,1,3,2,10,True,0.0220,2,2,400,6384.80,4688.00,-0.0440
pop200_gen1000_mut0.1_elite5_tour2,200,1000,0.1000,5,2,3,2,1,True,0.0102,1,1,200,6375.20,0.00,0.0000
pop200_gen1000_mut0.1_elite5_tour2,200,1000,0.1000,5,2,3,2,2,True,0.0116,1,1,200,6379.80,0.00,0.0000
pop200_gen1000_mut0.1_elite5_tour2,200,1000,0.1000,5,2,3,2,3,True,0.0099,1,1,200,6375.20,0.00,0.0000
pop200_gen1000_mut0.1_elite5_tour2,200,1000,0.1000,5,2,3,2,4,True,0.0108,1,1,200,6375.20,0.00,0.0000
pop200_gen1000_mut0.1_elite5_tour2,200,1000,0.1000,5,2,3,2,5,True,0.0106,1,1,200,6375.20,0.00,0.0000
pop200_gen1000_mut0.1_elite5_tour2,200,1000,0.1000,5,2,3,2,6,True,0.0115,1,1,200,6379.80,0.00,0.0000
pop200_gen1000_mut0.1_elite5_tour2,200,1000,0.1000,5,2,3,2,7,True,0.0118,1,1,200,6379.80,0.00,0.0000
pop200_gen1000_mut0.1_elite5_tour2,200,1000,0.1000,5,2,3,2,8,True,0.0232,2,2,400,6384.80,4688.00,-0.0340
pop200_gen1000_mut0.1_elite5_tour2,200,1000,0.1000,5,2,3,2,9,True,0.0118,1,1,200,6375.20,0.00,0.0000
pop200_gen1000_mut0.1_elite5_tour2,200,1000,0.1000,5,2,3,2,10,True,0.0117,1,1,200,6375.20,0.00,0.0000
pop200_gen1000_mut0.1_elite5_tour3,200,1000,0.1000,5,3,3,2,1,True,0.0139,1,1,200,6375.20,0.00,0.0000
pop200_gen1000_mut0.1_elite5_tour3,200,1000,0.1000,5,3,3,2,2,True,0.0143,1,1,200,6379.80,0.00,0.0000
pop200_gen1000_mut0.1_elite5_tour3,200,1000,0.1000,5,3,3,2,3,True,0.0149,1,1,200,6379.80,0.00,0.0000
pop200_gen1000_mut0.1_elite5_tour3,200,1000,0.1000,5,3,3,2,4,True,0.0105,1,1,200,6375.20,0.00,0.0000
pop200_gen1000_mut0.1_elite5_tour3,200,1000,0.1000,5,3,3,2,5,True,0.0110,1,1,200,6379.80,0.00,0.0000
pop200_gen1000_mut0.1_elite5_tour3,200,1000,0.1000,5,3,3,2,6,True,0.0108,1,1,200,6375.20,0.00,0.0000
pop200_gen1000_mut0.1_elite5_tour3,200,1000,0.1000,5,3,3,2,7,True,0.0267,2,2,400,6380.20,4683.40,-0.0300
pop200_gen1000_mut0.1_elite5_tour3,200,1000,0.1000,5,3,3,2,8,True,0.0114,1,1,200,6375.20,0.00,0.0000
pop200_gen1000_mut0.1_elite5_tour3,200,1000,0.1000,5,3,3,2,9,True,0.0244,2,2,400,6380.20,4683.40,-0.0270
pop200_gen1000_mut0.1_elite5_tour3,200,1000,0.1000,5,3,3,2,10,True,0.0118,1,1,200,6379.80,0.00,0.0000
pop200_gen1000_mut0.1_elite5_tour5,200,1000,0.1000,5,5,3,2,1,True,0.0101,1,1,200,6375.20,0.00,0.0000
pop200_gen1000_mut0.1_elite5_tour5,200,1000,0.1000,5,5,3,2,2,True,0.0104,1,1,200,6375.20,0.00,0.0000
pop200_gen1000_mut0.1_elite5_tour5,200,1000,0.1000,5,5,3,2,3,True,0.0210,2,2,400,6380.20,4683.40,-0.0360
pop200_gen1000_mut0.1_elite5_tour5,200,1000,0.1000,5,5,3,2,4,True,0.0098,1,1,200,6375.20,0.00,0.0000
pop200_gen1000_mut0.1_elite5_tour5,200,1000,0.1000,5,5,3,2,5,True,0.0108,1,1,200,6379.80,0.00,0.0000
pop200_gen1000_mut0.1_elite5_tour5,200,1000,0.1000,5,5,3,2,6,True,0.0102,1,1,200,6375.20,0.00,0.0000
pop200_gen1000_mut0.1_elite5_tour5,200,1000,0.1000,5,5,3,2,7,True,0.0209,2,2,400,6384.80,4688.00,-0.0300
pop200_gen1000_mut0.1_elite5_tour5,200,1000,0.1000,5,5,3,2,8,True,0.0106,1,1,200,6375.20,0.00,0.0000
pop200_gen1000_mut0.1_elite5_tour5,200,1000,0.1000,5,5,3,2,9,True,0.0104,1,1,200,6379.80,0.00,0.0000
pop200_gen1000_mut0.1_elite5_tour5,200,1000,0.1000,5,5,3,2,10,True,0.0218,2,2,400,6380.20,4683.40,-0.0270
pop300_gen1000_mut0.1_elite5_tour1,300,1000,0.1000,5,1,3,2,1,True,0.0226,1,1,300,6375.20,0.00,0.0000
pop300_gen1000_mut0.1_elite5_tour1,300,1000,0.1000,5,1,3,2,2,True,0.0253,1,1,300,6375.20,0.00,0.0000
pop300_gen1000_mut0.1_elite5_tour1,300,1000,0.1000,5,1,3,2,3,True,0.0216,1,1,300,6375.20,0.00,0.0000
pop300_gen1000_mut0.1_elite5_tour1,300,1000,0.1000,5,1,3,2,4,True,0.0494,2,2,600,6384.80,4688.00,-0.0280
pop300_gen1000_mut0.1_elite5_tour1,300,1000,0.1000,5,1,3,2,5,True,0.0255,1,1,300,6379.80,0.00,0.0000
pop300_gen1000_mut0.1_elite5_tour1,300,1000,0.1000,5,1,3,2,6,True,0.0449,2,2,600,6380.20,4683.40,-0.0280
pop300_gen1000_mut0.1_elite5_tour1,300,1000,0.1000,5,1,3,2,7,True,0.0216,1,1,300,6375.20,0.00,0.0000
pop300_gen1000_mut0.1_elite5_tour1,300,1000,0.1000,5,1,3,2,8,True,0.0206,1,1,300,6375.20,0.00,0.0000
pop300_gen1000_mut0.1_elite5_tour1,300,1000,0.1000,5,1,3,2,9,True,0.0207,1,1,300,6375.20,0.00,0.0000
pop300_gen1000_mut0.1_elite5_tour1,300,1000,0.1000,5,1,3,2,10,True,0.0225,1,1,300,6375.20,0.00,0.0000
pop300_gen1000_mut0.1_elite5_tour2,300,1000,0.1000,5,2,3,2,1,True,0.0232,1,1,300,6375.20,0.00,0.0000
pop300_gen1000_mut0.1_elite5_tour2,300,1000,0.1000,5,2,3,2,2,True,0.0204,1,1,300,6375.20,0.00,0.0000
pop300_gen1000_mut0.1_elite5_tour2,300,1000,0.1000,5,2,3,2,3,True,0.0210,1,1,300,6379.80,0.00,0.0000
pop300_gen1000_mut0.1_elite5_tour2,300,1000,0.1000,5,2,3,2,4,True,0.0203,1,1,300,6375.20,0.00,0.0000
pop300_gen1000_mut0.1_elite5_tour2,300,1000,0.1000,5,2,3,2,5,True,0.0206,1,1,300,6379.80,0.00,0.0000
pop300_gen1000_mut0.1_elite5_tour2,300,1000,0.1000,5,2,3,2,6,True,0.0204,1,1,300,6375.20,0.00,0.0000
pop300_gen1000_mut0.1_elite5_tour2,300,1000,0.1000,5,2,3,2,7,True,0.0209,1,1,300,6375.20,0.00,0.0000
pop300_gen1000_mut0.1_elite5_tour2,300,1000,0.1000,5,2,3,2,8,True,0.0209,1,1,300,6379.80,0.00,0.0000
pop300_gen1000_mut0.1_elite5_tour2,300,1000,0.1000,5,2,3,2,9,True,0.0219,1,1,300,6379.80,0.00,0.0000
pop300_gen1000_mut0.1_elite5_tour2,300,1000,0.1000,5,2,3,2,10,True,0.0259,1,1,300,6375.20,0.00,0.0000
pop300_gen1000_mut0.1_elite5_tour3,300,1000,0.1000,5,3,3,2,1,True,0.0207,1,1,300,6375.20,0.00,0.0000
pop300_gen1000_mut0.1_elite5_tour3,300,1000,0.1000,5,3,3,2,2,True,0.0204,1,1,300,6375.20,0.00,0.0000
pop300_gen1000_mut0.1_elite5_tour3,300,1000,0.1000,5,3,3,2,3,True,0.0217,1,1,300,6375.20,0.00,0.0000
pop300_gen1000_mut0.1_elite5_tour3,300,1000,0.1000,5,3,3,2,4,True,0.0424,2,2,600,6380.20,4683.40,-0.0300
pop300_gen1000_mut0.1_elite5_tour3,300,1000,0.1000,5,3,3,2,5,True,0.0205,1,1,300,6375.20,0.00,0.0000
pop300_gen1000_mut0.1_elite5_tour3,300,1000,0.1000,5,3,3,2,6,True,0.0208,1,1,300,6375.20,0.00,0.0000
pop300_gen1000_mut0.1_elite5_tour3,300,1000,0.1000,5,3,3,2,7,True,0.0202,1,1,300,6375.20,0.00,0.0000
pop300_gen1000_mut0.1_elite5_tour3,300,1000,0.1000,5,3,3,2,8,True,0.0423,2,2,600,6380.20,4683.40,-0.0360
pop300_gen1000_mut0.1_elite5_tour3,300,1000,0.1000,5,3,3,2,9,True,0.0203,1,1,300,6375.20,0.00,0.0000
pop300_gen1000_mut0.1_elite5_tour3,300,1000,0.1000,5,3,3,2,10,True,0.0415,2,2,600,6380.20,4683.40,-0.0320
pop300_gen1000_mut0.1_elite5_tour5,300,1000,0.1000,5,5,3,2,1,True,0.0197,1,1,300,6375.20,0.00,0.0000
pop300_gen1000_mut0.1_elite5_tour5,300,1000,0.1000,5,5,3,2,2,True,0.0203,1,1,300,6375.20,0.00,0.0000
pop300_gen1000_mut0.1_elite5_tour5,300,1000,0.1000,5,5,3,2,3,True,0.0247,1,1,300,6375.20,0.00,0.0000
pop300_gen1000_mut0.1_elite5_tour5,300,1000,0.1000,5,5,3,2,4,True,0.0421,2,2,600,6384.80,4688.00,-0.0300
pop300_gen1000_mut0.1_elite5_tour5,300,1000,0.1000,5,5,3,2,5,True,0.0202,1,1,300,6375.20,0.00,0.0000
pop300_gen1000_mut0.1_elite5_tour5,300,1000,0.1000,5,5,3,2,6,True,0.0204,1,1,300,6375.20,0.00,0.0000
pop300_gen1000_mut0.1_elite5_tour5,300,1000,0.1000,5,5,3,2,7,True,0.0418,2,2,600,6384.80,4688.00,-0.0220
pop300_gen1000_mut0.1_elite5_tour5,300,1000,0.1000,5,5,3,2,8,True,0.0430,2,2,600,6384.80,4688.00,-0.0330
pop300_gen1000_mut0.1_elite5_tour5,300,1000,0.1000,5,5,3,2,9,True,0.0208,1,1,300,6375.20,0.00,0.0000
pop300_gen1000_mut0.1_elite5_tour5,300,1000,0.1000,5,5,3,2,10,True,0.0215,1,1,300,6379.80,0.00,0.0000
pop500_gen1000_mut0.1_elite5_tour1,500,1000,0.1000,5,1,3,2,1,True,0.1076,2,2,1000,6380.20,4683.40,-0.0310
pop500_gen1000_mut0.1_elite5_tour1,500,1000,0.1000,5,1,3,2,2,True,0.0534,1,1,500,6379.80,0.00,0.0000
pop500_gen1000_mut0.1_elite5_tour1,500,1000,0.1000,5,1,3,2,3,True,0.0570,1,1,500,6379.80,0.00,0.0000
pop500_gen1000_mut0.1_elite5_tour1,500,1000,0.1000,5,1,3,2,4,True,0.1066,2,2,1000,6380.20,4683.40,-0.0260
pop500_gen1000_mut0.1_elite5_tour1,500,1000,0.1000,5,1,3,2,5,True,0.0617,1,1,500,6375.20,0.00,0.0000
pop500_gen1000_mut0.1_elite5_tour1,500,1000,0.1000,5,1,3,2,6,True,0.0553,1,1,500,6375.20,0.00,0.0000
pop500_gen1000_mut0.1_elite5_tour1,500,1000,0.1000,5,1,3,2,7,True,0.1090,2,2,1000,6384.80,4688.00,-0.0350
pop500_gen1000_mut0.1_elite5_tour1,500,1000,0.1000,5,1,3,2,8,True,0.0660,1,1,500,6375.20,0.00,0.0000
pop500_gen1000_mut0.1_elite5_tour1,500,1000,0.1000,5,1,3,2,9,True,0.0638,1,1,500,6375.20,0.00,0.0000
pop500_gen1000_mut0.1_elite5_tour1,500,1000,0.1000,5,1,3,2,10,True,0.0534,1,1,500,6375.20,0.00,0.0000
pop500_gen1000_mut0.1_elite5_tour2,500,1000,0.1000,5,2,3,2,1,True,0.0525,1,1,500,6375.20,0.00,0.0000
pop500_gen1000_mut0.1_elite5_tour2,500,1000,0.1000,5,2,3,2,2,True,0.0536,1,1,500,6379.80,0.00,0.0000
pop500_gen1000_mut0.1_elite5_tour2,500,1000,0.1000,5,2,3,2,3,True,0.1093,2,2,1000,6384.80,4688.00,-0.0260
pop500_gen1000_mut0.1_elite5_tour2,500,1000,0.1000,5,2,3,2,4,True,0.0590,1,1,500,6375.20,0.00,0.0000
pop500_gen1000_mut0.1_elite5_tour2,500,1000,0.1000,5,2,3,2,5,True,0.0579,1,1,500,6375.20,0.00,0.0000
pop500_gen1000_mut0.1_elite5_tour2,500,1000,0.1000,5,2,3,2,6,True,0.0546,1,1,500,6379.80,0.00,0.0000
pop500_gen1000_mut0.1_elite5_tour2,500,1000,0.1000,5,2,3,2,7,True,0.0598,1,1,500,6375.20,0.00,0.0000
pop500_gen1000_mut0.1_elite5_tour2,500,1000,0.1000,5,2,3,2,8,True,0.0566,1,1,500,6375.20,0.00,0.0000
pop500_gen1000_mut0.1_elite5_tour2,500,1000,0.1000,5,2,3,2,9,True,0.0539,1,1,500,6375.20,0.00,0.0000
pop500_gen1000_mut0.1_elite5_tour2,500,1000,0.1000,5,2,3,2,10,True,0.0523,1,1,500,6375.20,0.00,0.0000
pop500_gen1000_mut0.1_elite5_tour3,500,1000,0.1000,5,3,3,2,1,True,0.0578,1,1,500,6375.20,0.00,0.0000
pop500_gen1000_mut0.1_elite5_tour3,500,1000,0.1000,5,3,3,2,2,True,0.0545,1,1,500,6375.20,0.00,0.0000
pop500_gen1000_mut0.1_elite5_tour3,500,1000,0.1000,5,3,3,2,3,True,0.0523,1,1,500,6379.80,0.00,0.0000
pop500_gen1000_mut0.1_elite5_tour3,500,1000,0.1000,5,3,3,2,4,True,0.0530,1,1,500,6375.20,0.00,0.0000
pop500_gen1000_mut0.1_elite5_tour3,500,1000,0.1000,5,3,3,2,5,True,0.1142,2,2,1000,6380.20,4683.40,-0.0310
pop500_gen1000_mut0.1_elite5_tour3,500,1000,0.1000,5,3,3,2,6,True,0.0531,1,1,500,6375.20,0.00,0.0000
pop500_gen1000_mut0.1_elite5_tour3,500,1000,0.1000,5,3,3,2,7,True,0.0534,1,1,500,6375.20,0.00,0.0000
pop500_gen1000_mut0.1_elite5_tour3,500,1000,0.1000,5,3,3,2,8,True,0.0551,1,1,500,6375.20,0.00,0.0000
pop500_gen1000_mut0.1_elite5_tour3,500,1000,0.1000,5,3,3,2,9,True,0.0527,1,1,500,6375.20,0.00,0.0000
pop500_gen1000_mut0.1_elite5_tour3,500,1000,0.1000,5,3,3,2,10,True,0.1091,2,2,1000,6384.80,4688.00,-0.0310
pop500_gen1000_mut0.1_elite5_tour5,500,1000,0.1000,5,5,3,2,1,True,0.0539,1,1,500,6375.20,0.00,0.0000
pop500_gen1000_mut0.1_elite5_tour5,500,1000,0.1000,5,5,3,2,2,True,0.0528,1,1,500,6375.20,0.00,0.0000
pop500_gen1000_mut0.1_elite5_tour5,500,1000,0.1000,5,5,3,2,3,True,0.0565,1,1,500,6379.80,0.00,0.0000
pop500_gen1000_mut0.1_elite5_tour5,500,1000,0.1000,5,5,3,2,4,True,0.0515,1,1,500,6375.20,0.00,0.0000
pop500_gen1000_mut0.1_elite5_tour5,500,1000,0.1000,5,5,3,2,5,True,0.0522,1,1,500,6375.20,0.00,0.0000
pop500_gen1000_mut0.1_elite5_tour5,500,1000,0.1000,5,5,3,2,6,True,0.0510,1,1,500,6375.20,0.00,0.0000
pop500_gen1000_mut0.1_elite5_tour5,500,1000,0.1000,5,5,3,2,7,True,0.0555,1,1,500,6375.20,0.00,0.0000
pop500_gen1000_mut0.1_elite5_tour5,500,1000,0.1000,5,5,3,2,8,True,0.0542,1,1,500,6375.20,0.00,0.0000
pop500_gen1000_mut0.1_elite5_tour5,500,1000,0.1000,5,5,3,2,9,True,0.0542,1,1,500,6375.20,0.00,0.0000
pop500_gen1000_mut0.1_elite5_tour5,500,1000,0.1000,5,5,3,2,10,True,0.0502,1,1,500,6375.20,0.00,0.0000
